jurisdiction,zone,lots,acres,status,verified_fields,total_fields,missing_required,untrusted_fields,blocking
or/multnomah/portland,R5,73726,15665.67,partial,0,27,,corner_access_street;coverage_curve;driveway_min_width_one_way_ft;driveway_min_width_two_way_ft;front_lot_line_corner;front_lot_line_through;land_division_parent_standards;max_height_ft;min_density_trigger_lot_sqft;min_lot_sqft;min_units_at_trigger;open_space_min_dimension_ft;open_space_min_sqft;parking_aisle_one_way_ft;parking_aisle_two_way_ft;parking_alley_access_required;parking_alley_backout_ft;parking_front_prohibited;parking_front_yard_max_pct;parking_stall_depth_ft;parking_stall_width_ft;parking_street_setback_ft;quadplex_allowed;setback_front_ft;setback_garage_entrance_ft;setback_rear_ft;setback_side_ft,73726
or/multnomah/portland,R7,32630,9758.66,partial,0,27,,corner_access_street;coverage_curve;driveway_min_width_one_way_ft;driveway_min_width_two_way_ft;front_lot_line_corner;front_lot_line_through;land_division_parent_standards;max_height_ft;min_density_trigger_lot_sqft;min_lot_sqft;min_units_at_trigger;open_space_min_dimension_ft;open_space_min_sqft;parking_aisle_one_way_ft;parking_aisle_two_way_ft;parking_alley_access_required;parking_alley_backout_ft;parking_front_prohibited;parking_front_yard_max_pct;parking_stall_depth_ft;parking_stall_width_ft;parking_street_setback_ft;quadplex_allowed;setback_front_ft;setback_garage_entrance_ft;setback_rear_ft;setback_side_ft,32630
or/washington/_unincorporated,R-5,27982,9188.94,partial,0,19,,corner_access_street;driveway_approach_max_width_ft;front_lot_line_corner;land_division_parent_standards;max_height_ft;max_units;min_building_separation_ft;min_lot_sqft;parking_aisle_one_way_ft;parking_aisle_two_way_ft;parking_min_per_unit;parking_stall_depth_ft;parking_stall_width_ft;quadplex_allowed;setback_front_ft;setback_garage_entrance_ft;setback_rear_ft;setback_side_ft;setback_street_side_ft,27982
or/multnomah/portland,R2.5,26797,4602.68,partial,0,27,,corner_access_street;coverage_curve;driveway_min_width_one_way_ft;driveway_min_width_two_way_ft;front_lot_line_corner;front_lot_line_through;land_division_parent_standards;max_height_ft;min_density_trigger_lot_sqft;min_lot_sqft;min_units_at_trigger;open_space_min_dimension_ft;open_space_min_sqft;parking_aisle_one_way_ft;parking_aisle_two_way_ft;parking_alley_access_required;parking_alley_backout_ft;parking_front_prohibited;parking_front_yard_max_pct;parking_stall_depth_ft;parking_stall_width_ft;parking_street_setback_ft;quadplex_allowed;setback_front_ft;setback_garage_entrance_ft;setback_rear_ft;setback_side_ft,26797
UNMAPPED/tigard,(unzoned in parcel data),18953,8156.99,jurisdiction_missing,0,0,,,18953
or/washington/_unincorporated,R-6,16205,4897.0,partial,0,19,,corner_access_street;driveway_approach_max_width_ft;front_lot_line_corner;land_division_parent_standards;max_height_ft;max_units;min_building_separation_ft;min_lot_sqft;parking_aisle_one_way_ft;parking_aisle_two_way_ft;parking_min_per_unit;parking_stall_depth_ft;parking_stall_width_ft;quadplex_allowed;setback_front_ft;setback_garage_entrance_ft;setback_rear_ft;setback_side_ft;setback_street_side_ft,16205
or/multnomah/portland,RM1,14442,3746.86,partial,0,29,,corner_access_street;driveway_min_width_one_way_ft;driveway_min_width_two_way_ft;front_lot_line_corner;front_lot_line_through;land_division_parent_standards;max_coverage_pct;max_far;max_height_ft;min_density_du_per_acre;min_landscaped_pct;min_lot_sqft;min_lot_width_ft;open_space_min_sqft;parking_aisle_one_way_ft;parking_aisle_two_way_ft;parking_alley_access_required;parking_alley_backout_ft;parking_front_prohibited;parking_front_yard_max_pct;parking_max_per_unit;parking_stall_depth_ft;parking_stall_width_ft;parking_street_setback_ft;quadplex_allowed;setback_front_ft;setback_garage_entrance_ft;setback_rear_ft;setback_side_ft,14442
or/clackamas/lake-oswego,(unzoned in parcel data),14276,7354.44,zone_missing,0,0,,,14276
or/multnomah/gresham,LDR-5,12856,5257.23,partial,0,26,,corner_access_street;driveway_approach_max_width_ft;driveway_approach_min_width_ft;front_lot_line_corner;front_lot_line_through;land_division_parent_standards;max_height_ft;min_density_du_per_acre;min_frontage_ft;min_lot_depth_ft;min_lot_sqft;min_lot_width_ft;open_space_min_pct;parking_aisle_one_way_ft;parking_aisle_two_way_ft;parking_alley_access_required;parking_alley_backout_ft;parking_min_per_unit;parking_stall_depth_ft;parking_stall_width_ft;quadplex_allowed;setback_front_ft;setback_garage_entrance_ft;setback_rear_ft;setback_side_ft;setback_street_side_ft,12856
or/multnomah/portland,R10,12669,5404.31,partial,0,25,,corner_access_street;coverage_curve;driveway_min_width_one_way_ft;driveway_min_width_two_way_ft;front_lot_line_corner;front_lot_line_through;land_division_parent_standards;max_height_ft;min_lot_sqft;open_space_min_dimension_ft;open_space_min_sqft;parking_aisle_one_way_ft;parking_aisle_two_way_ft;parking_alley_access_required;parking_alley_backout_ft;parking_front_prohibited;parking_front_yard_max_pct;parking_stall_depth_ft;parking_stall_width_ft;parking_street_setback_ft;quadplex_allowed;setback_front_ft;setback_garage_entrance_ft;setback_rear_ft;setback_side_ft,12669
or/washington/hillsboro,R-7,12453,4413.8,partial,0,20,,corner_access_street;driveway_approach_max_width_ft;front_lot_line_corner;land_division_parent_standards;max_coverage_pct;max_height_ft;min_density_du_per_acre;min_frontage_ft;min_lot_depth_ft;min_lot_sqft;min_lot_width_ft;parking_alley_access_required;parking_area_max_frontage_pct;parking_max_per_unit;parking_min_per_unit;quadplex_allowed;setback_front_ft;setback_rear_ft;setback_side_ft;setback_side_total_ft,12453
or/clackamas/_unincorporated,R10,12006,5099.88,partial,0,19,,corner_access_street;driveway_approach_max_width_ft;front_lot_line_corner;front_lot_line_through;land_division_parent_standards;max_coverage_pct;max_height_ft;min_lot_sqft;parking_aisle_one_way_ft;parking_aisle_two_way_ft;parking_area_max_frontage_pct;parking_min_per_unit;parking_stall_depth_ft;parking_stall_width_ft;quadplex_allowed;setback_front_ft;setback_garage_entrance_ft;setback_rear_ft;setback_side_ft,12006
or/washington/beaverton,RMC,11347,4232.15,partial,0,20,,corner_access_street;driveway_approach_max_width_ft;front_lot_line_corner;land_division_parent_standards;max_far;max_height_ft;min_density_du_per_acre;min_lot_sqft;min_lot_width_ft;open_space_min_sqft;parking_aisle_one_way_ft;parking_aisle_two_way_ft;parking_area_max_frontage_pct;parking_min_per_unit;parking_stall_depth_ft;parking_stall_width_ft;quadplex_allowed;setback_front_ft;setback_rear_ft;setback_side_ft,11347
or/washington/_unincorporated,R-9,9093,2693.5,partial,0,19,,corner_access_street;driveway_approach_max_width_ft;front_lot_line_corner;land_division_parent_standards;max_height_ft;max_units;min_building_separation_ft;min_lot_sqft;parking_aisle_one_way_ft;parking_aisle_two_way_ft;parking_min_per_unit;parking_stall_depth_ft;parking_stall_width_ft;quadplex_allowed;setback_front_ft;setback_garage_entrance_ft;setback_rear_ft;setback_side_ft;setback_street_side_ft,9093
or/multnomah/gresham,LDR-7,8650,2902.58,partial,0,26,,corner_access_street;driveway_approach_max_width_ft;driveway_approach_min_width_ft;front_lot_line_corner;front_lot_line_through;land_division_parent_standards;max_height_ft;min_density_du_per_acre;min_frontage_ft;min_lot_depth_ft;min_lot_sqft;min_lot_width_ft;open_space_min_pct;parking_aisle_one_way_ft;parking_aisle_two_way_ft;parking_alley_access_required;parking_alley_backout_ft;parking_min_per_unit;parking_stall_depth_ft;parking_stall_width_ft;quadplex_allowed;setback_front_ft;setback_garage_entrance_ft;setback_rear_ft;setback_side_ft;setback_street_side_ft,8650
or/multnomah/portland,RM2,8256,1962.05,partial,0,29,,corner_access_street;driveway_min_width_one_way_ft;driveway_min_width_two_way_ft;front_lot_line_corner;front_lot_line_through;land_division_parent_standards;max_coverage_pct;max_far;max_height_ft;min_density_du_per_acre;min_landscaped_pct;min_lot_sqft;min_lot_width_ft;open_space_min_sqft;parking_aisle_one_way_ft;parking_aisle_two_way_ft;parking_alley_access_required;parking_alley_backout_ft;parking_front_prohibited;parking_front_yard_max_pct;parking_max_per_unit;parking_stall_depth_ft;parking_stall_width_ft;parking_street_setback_ft;quadplex_allowed;setback_front_ft;setback_garage_entrance_ft;setback_rear_ft;setback_side_ft,8256
UNMAPPED/forest-grove,(unzoned in parcel data),7713,3868.29,jurisdiction_missing,0,0,,,7713
or/washington/beaverton,RMB,7480,2333.8,partial,0,20,,corner_access_street;driveway_approach_max_width_ft;front_lot_line_corner;land_division_parent_standards;max_far;max_height_ft;min_density_du_per_acre;min_lot_sqft;min_lot_width_ft;open_space_min_sqft;parking_aisle_one_way_ft;parking_aisle_two_way_ft;parking_area_max_frontage_pct;parking_min_per_unit;parking_stall_depth_ft;parking_stall_width_ft;quadplex_allowed;setback_front_ft;setback_rear_ft;setback_side_ft,7480
or/multnomah/portland,CM2,6729,2047.9,partial,0,30,,corner_access_street;driveway_min_width_one_way_ft;driveway_min_width_two_way_ft;front_lot_line_corner;front_lot_line_through;land_division_parent_standards;max_coverage_pct;max_far;max_height_ft;min_density_du_per_acre;min_landscaped_pct;open_space_min_sqft;orientation_constraint;parking_aisle_one_way_ft;parking_aisle_two_way_ft;parking_alley_access_required;parking_alley_backout_ft;parking_front_prohibited;parking_front_yard_max_pct;parking_max_per_unit;parking_stall_depth_ft;parking_stall_width_ft;parking_street_setback_ft;quadplex_allowed;setback_front_ft;setback_front_max_ft;setback_rear_ft;setback_side_ft;setback_street_across_nonresidential_ft;setback_street_off_corridor_ft,6729
or/clackamas/milwaukie,R-MD,6440,2047.84,partial,0,25,,corner_access_street;driveway_approach_max_width_ft;driveway_approach_min_width_ft;front_lot_line_corner;front_lot_line_through;land_division_parent_standards;max_coverage_pct;max_height_ft;min_frontage_ft;min_lot_depth_ft;min_lot_sqft;min_lot_width_ft;open_space_min_sqft;parking_front_prohibited;parking_front_yard_max_pct;parking_max_per_unit;parking_min_per_unit;parking_stall_depth_ft;parking_stall_width_ft;private_open_space_min_dimension_ft;quadplex_allowed;setback_front_ft;setback_rear_ft;setback_side_ft;setback_street_side_ft,6440
or/clackamas/west-linn,R-10,6146,3022.54,partial,0,26,,corner_access_street;driveway_approach_max_width_ft;driveway_approach_min_width_ft;driveway_min_width_one_way_ft;driveway_min_width_two_way_ft;front_lot_line_corner;front_lot_line_through;land_division_parent_standards;max_coverage_pct;max_far;max_height_ft;min_average_lot_width_ft;min_lot_sqft;min_lot_width_ft;parking_aisle_one_way_ft;parking_aisle_two_way_ft;parking_alley_access_required;parking_max_per_unit;parking_min_per_unit;parking_stall_depth_ft;parking_stall_width_ft;quadplex_allowed;setback_front_ft;setback_rear_ft;setback_side_ft;setback_street_side_ft,6146
or/washington/_unincorporated,R-15,5649,1547.54,partial,0,19,,corner_access_street;driveway_approach_max_width_ft;front_lot_line_corner;land_division_parent_standards;max_height_ft;max_units;min_building_separation_ft;min_lot_sqft;parking_aisle_one_way_ft;parking_aisle_two_way_ft;parking_min_per_unit;parking_stall_depth_ft;parking_stall_width_ft;quadplex_allowed;setback_front_ft;setback_garage_entrance_ft;setback_rear_ft;setback_side_ft;setback_street_side_ft,5649
or/clackamas/_unincorporated,R7,5476,1593.53,partial,0,19,,corner_access_street;driveway_approach_max_width_ft;front_lot_line_corner;front_lot_line_through;land_division_parent_standards;max_coverage_pct;max_height_ft;min_lot_sqft;parking_aisle_one_way_ft;parking_aisle_two_way_ft;parking_area_max_frontage_pct;parking_min_per_unit;parking_stall_depth_ft;parking_stall_width_ft;quadplex_allowed;setback_front_ft;setback_garage_entrance_ft;setback_rear_ft;setback_side_ft,5476
or/clackamas/tualatin,RL,5411,2045.06,partial,0,22,,corner_access_street;driveway_approach_max_width_ft;driveway_approach_min_width_ft;driveway_min_width_one_way_ft;driveway_min_width_two_way_ft;front_lot_line_corner;land_division_parent_standards;max_coverage_pct;max_height_ft;min_lot_sqft;min_lot_width_ft;parking_aisle_one_way_ft;parking_aisle_two_way_ft;parking_min_per_unit;parking_stall_depth_ft;parking_stall_width_ft;quadplex_allowed;setback_front_ft;setback_garage_entrance_ft;setback_rear_ft;setback_side_ft;setback_street_side_ft,5411
or/washington/hillsboro,MR-1,4762,1144.75,partial,0,20,,corner_access_street;driveway_approach_max_width_ft;front_lot_line_corner;land_division_parent_standards;max_coverage_pct;max_height_ft;min_density_du_per_acre;min_frontage_ft;min_lot_depth_ft;min_lot_sqft;min_lot_width_ft;parking_alley_access_required;parking_area_max_frontage_pct;parking_max_per_unit;parking_min_per_unit;quadplex_allowed;setback_front_ft;setback_garage_entrance_ft;setback_rear_ft;setback_side_ft,4762
UNMAPPED/cornelius,(unzoned in parcel data),4256,1491.1,jurisdiction_missing,0,0,,,4256
or/clackamas/_unincorporated,R8.5,3705,1157.52,partial,0,19,,corner_access_street;driveway_approach_max_width_ft;front_lot_line_corner;front_lot_line_through;land_division_parent_standards;max_coverage_pct;max_height_ft;min_lot_sqft;parking_aisle_one_way_ft;parking_aisle_two_way_ft;parking_area_max_frontage_pct;parking_min_per_unit;parking_stall_depth_ft;parking_stall_width_ft;quadplex_allowed;setback_front_ft;setback_garage_entrance_ft;setback_rear_ft;setback_side_ft,3705
or/clackamas/oregon-city,R-8,3405,1141.23,partial,0,24,,corner_access_street;driveway_approach_max_width_ft;driveway_approach_min_width_ft;front_lot_line_corner;front_lot_line_through;land_division_parent_standards;max_coverage_pct;max_height_ft;min_density_du_per_acre;min_lot_sqft;min_lot_width_ft;parking_aisle_one_way_ft;parking_aisle_two_way_ft;parking_area_max_frontage_pct;parking_area_max_width_ft;parking_min_per_unit;parking_stall_depth_ft;parking_stall_width_ft;quadplex_allowed;setback_front_ft;setback_garage_entrance_ft;setback_rear_ft;setback_side_ft;setback_street_side_ft,3405
or/clackamas/oregon-city,R-10,3372,1548.26,partial,0,24,,corner_access_street;driveway_approach_max_width_ft;driveway_approach_min_width_ft;front_lot_line_corner;front_lot_line_through;land_division_parent_standards;max_coverage_pct;max_height_ft;min_density_du_per_acre;min_lot_sqft;min_lot_width_ft;parking_aisle_one_way_ft;parking_aisle_two_way_ft;parking_area_max_frontage_pct;parking_area_max_width_ft;parking_min_per_unit;parking_stall_depth_ft;parking_stall_width_ft;quadplex_allowed;setback_front_ft;setback_garage_entrance_ft;setback_rear_ft;setback_side_ft;setback_street_side_ft,3372
or/washington/beaverton,RMA,2967,911.89,partial,0,20,,corner_access_street;driveway_approach_max_width_ft;front_lot_line_corner;land_division_parent_standards;max_far;max_height_ft;min_density_du_per_acre;min_lot_sqft;min_lot_width_ft;open_space_min_sqft;parking_aisle_one_way_ft;parking_aisle_two_way_ft;parking_area_max_frontage_pct;parking_min_per_unit;parking_stall_depth_ft;parking_stall_width_ft;quadplex_allowed;setback_front_ft;setback_rear_ft;setback_side_ft,2967
or/clackamas/oregon-city,R-6,2914,931.17,partial,0,24,,corner_access_street;driveway_approach_max_width_ft;driveway_approach_min_width_ft;front_lot_line_corner;front_lot_line_through;land_division_parent_standards;max_coverage_pct;max_height_ft;min_density_du_per_acre;min_lot_sqft;min_lot_width_ft;parking_aisle_one_way_ft;parking_aisle_two_way_ft;parking_area_max_frontage_pct;parking_area_max_width_ft;parking_min_per_unit;parking_stall_depth_ft;parking_stall_width_ft;quadplex_allowed;setback_front_ft;setback_garage_entrance_ft;setback_rear_ft;setback_side_ft;setback_street_side_ft,2914
or/multnomah/portland,OS,2727,17472.83,partial,0,16,,corner_access_street;driveway_min_width_one_way_ft;driveway_min_width_two_way_ft;front_lot_line_corner;front_lot_line_through;land_division_parent_standards;parking_aisle_one_way_ft;parking_aisle_two_way_ft;parking_alley_access_required;parking_alley_backout_ft;parking_front_prohibited;parking_front_yard_max_pct;parking_stall_depth_ft;parking_stall_width_ft;parking_street_setback_ft;quadplex_allowed,2727
or/washington/hillsboro,R-6,2645,616.88,partial,0,20,,corner_access_street;driveway_approach_max_width_ft;front_lot_line_corner;land_division_parent_standards;max_coverage_pct;max_height_ft;min_density_du_per_acre;min_frontage_ft;min_lot_depth_ft;min_lot_sqft;min_lot_width_ft;parking_alley_access_required;parking_area_max_frontage_pct;parking_max_per_unit;parking_min_per_unit;quadplex_allowed;setback_front_ft;setback_garage_entrance_ft;setback_rear_ft;setback_side_ft,2645
or/clackamas/wilsonville,V,2370,459.21,partial,0,21,,corner_access_street;driveway_approach_max_width_ft;front_lot_line_corner;front_lot_line_through;land_division_parent_standards;max_coverage_pct;max_height_ft;min_landscaped_pct;min_lot_depth_ft;min_lot_sqft;min_lot_width_ft;parking_alley_access_required;parking_area_max_frontage_pct;parking_stall_depth_ft;parking_stall_width_ft;quadplex_allowed;setback_front_ft;setback_front_max_ft;setback_rear_ft;setback_side_ft;setback_street_side_ft,2370
or/clackamas/happy-valley,R10,2281,1005.79,partial,0,24,,corner_access_street;driveway_min_width_one_way_ft;driveway_min_width_two_way_ft;front_lot_line_corner;front_lot_line_through;land_division_parent_standards;max_coverage_pct;max_height_ft;min_frontage_ft;min_landscaped_pct;min_lot_depth_ft;min_lot_sqft;min_lot_width_ft;parking_aisle_one_way_ft;parking_aisle_two_way_ft;parking_min_per_unit;parking_stall_depth_ft;parking_stall_width_ft;parking_street_setback_ft;quadplex_allowed;setback_front_ft;setback_rear_ft;setback_side_ft;setback_street_side_ft,2281
or/multnomah/troutdale,LDR-1,2176,693.32,partial,0,24,,corner_access_street;driveway_approach_max_width_ft;driveway_min_width_one_way_ft;driveway_min_width_two_way_ft;front_lot_line_corner;front_lot_line_through;land_division_parent_standards;max_height_ft;min_frontage_ft;min_lot_depth_ft;min_lot_sqft;min_lot_width_ft;parking_aisle_one_way_ft;parking_aisle_two_way_ft;parking_area_max_frontage_pct;parking_min_per_unit;parking_stall_depth_ft;parking_stall_width_ft;parking_street_setback_ft;quadplex_allowed;setback_front_ft;setback_rear_ft;setback_side_ft;setback_street_side_ft,2176
or/multnomah/portland,IG2,2160,8697.17,partial,0,16,,corner_access_street;driveway_min_width_one_way_ft;driveway_min_width_two_way_ft;front_lot_line_corner;front_lot_line_through;land_division_parent_standards;parking_aisle_one_way_ft;parking_aisle_two_way_ft;parking_alley_access_required;parking_alley_backout_ft;parking_front_prohibited;parking_front_yard_max_pct;parking_stall_depth_ft;parking_stall_width_ft;parking_street_setback_ft;quadplex_allowed,2160
or/clackamas/gladstone,R7.2,2113,722.41,partial,0,18,,corner_access_street;front_lot_line_corner;front_lot_line_through;land_division_parent_standards;max_height_ft;max_units;min_lot_sqft;parking_aisle_one_way_ft;parking_aisle_two_way_ft;parking_min_per_unit;parking_stall_depth_ft;parking_stall_width_ft;parking_street_setback_ft;quadplex_allowed;setback_front_ft;setback_rear_ft;setback_side_ft;setback_street_side_ft,2113
or/clackamas/_unincorporated,RRFF5,2081,4564.63,partial,0,12,,corner_access_street;driveway_approach_max_width_ft;front_lot_line_corner;front_lot_line_through;land_division_parent_standards;parking_aisle_one_way_ft;parking_aisle_two_way_ft;parking_area_max_frontage_pct;parking_min_per_unit;parking_stall_depth_ft;parking_stall_width_ft;quadplex_allowed,2081
or/washington/sherwood,LDR_PUD,1912,458.13,partial,0,21,,LDR_PUD.like;corner_access_street;driveway_approach_max_width_ft;driveway_max_frontage_pct;front_lot_line_corner;land_division_parent_standards;max_far;max_height_ft;max_height_stories;min_frontage_ft;min_lot_depth_ft;min_lot_sqft;min_lot_width_ft;parking_alley_access_required;parking_front_prohibited;parking_min_per_unit;quadplex_allowed;setback_front_ft;setback_garage_entrance_ft;setback_rear_ft;setback_side_ft;setback_street_side_ft,1912
or/clackamas/happy-valley,MURS,1810,472.72,partial,0,21,,corner_access_street;driveway_min_width_one_way_ft;driveway_min_width_two_way_ft;front_lot_line_corner;front_lot_line_through;land_division_parent_standards;max_height_ft;min_density_du_per_acre;min_landscaped_pct;min_lot_sqft;parking_aisle_one_way_ft;parking_aisle_two_way_ft;parking_min_per_unit;parking_stall_depth_ft;parking_stall_width_ft;parking_street_setback_ft;quadplex_allowed;setback_front_ft;setback_rear_ft;setback_side_ft;setback_street_side_ft,1810
or/multnomah/portland,CX,1792,1624.72,partial,0,28,,corner_access_street;driveway_min_width_one_way_ft;driveway_min_width_two_way_ft;front_lot_line_corner;front_lot_line_through;land_division_parent_standards;max_coverage_pct;max_far;max_height_ft;min_landscaped_pct;orientation_constraint;parking_aisle_one_way_ft;parking_aisle_two_way_ft;parking_alley_access_required;parking_alley_backout_ft;parking_front_prohibited;parking_front_yard_max_pct;parking_max_per_unit;parking_stall_depth_ft;parking_stall_width_ft;parking_street_setback_ft;quadplex_allowed;setback_front_ft;setback_front_max_ft;setback_rear_ft;setback_side_ft;setback_street_across_nonresidential_ft;setback_street_off_corridor_ft,1792
or/washington/_unincorporated,R-24,1780,623.2,partial,0,19,,corner_access_street;driveway_approach_max_width_ft;front_lot_line_corner;land_division_parent_standards;max_height_ft;max_units;min_building_separation_ft;min_lot_sqft;parking_aisle_one_way_ft;parking_aisle_two_way_ft;parking_min_per_unit;parking_stall_depth_ft;parking_stall_width_ft;quadplex_allowed;setback_front_ft;setback_garage_entrance_ft;setback_rear_ft;setback_side_ft;setback_street_side_ft,1780
or/multnomah/portland,CM3,1651,751.97,partial,0,30,,corner_access_street;driveway_min_width_one_way_ft;driveway_min_width_two_way_ft;front_lot_line_corner;front_lot_line_through;land_division_parent_standards;max_coverage_pct;max_far;max_height_ft;min_density_du_per_acre;min_landscaped_pct;open_space_min_sqft;orientation_constraint;parking_aisle_one_way_ft;parking_aisle_two_way_ft;parking_alley_access_required;parking_alley_backout_ft;parking_front_prohibited;parking_front_yard_max_pct;parking_max_per_unit;parking_stall_depth_ft;parking_stall_width_ft;parking_street_setback_ft;quadplex_allowed;setback_front_ft;setback_front_max_ft;setback_rear_ft;setback_side_ft;setback_street_across_nonresidential_ft;setback_street_off_corridor_ft,1651
or/clackamas/wilsonville,PDR3,1630,641.96,partial,0,20,,corner_access_street;driveway_approach_max_width_ft;front_lot_line_corner;front_lot_line_through;land_division_parent_standards;max_coverage_pct;max_height_ft;min_frontage_ft;min_landscaped_pct;min_lot_sqft;parking_alley_access_required;parking_area_max_frontage_pct;parking_stall_depth_ft;parking_stall_width_ft;quadplex_allowed;setback_front_ft;setback_garage_entrance_ft;setback_rear_ft;setback_side_ft;setback_street_side_ft,1630
or/multnomah/portland,CM1,1626,390.67,partial,0,28,,corner_access_street;driveway_min_width_one_way_ft;driveway_min_width_two_way_ft;front_lot_line_corner;front_lot_line_through;land_division_parent_standards;max_coverage_pct;max_far;max_height_ft;min_landscaped_pct;open_space_min_sqft;orientation_constraint;parking_aisle_one_way_ft;parking_aisle_two_way_ft;parking_alley_access_required;parking_alley_backout_ft;parking_front_prohibited;parking_front_yard_max_pct;parking_max_per_unit;parking_stall_depth_ft;parking_stall_width_ft;parking_street_setback_ft;quadplex_allowed;setback_front_ft;setback_front_max_ft;setback_rear_ft;setback_side_ft;setback_street_off_corridor_ft,1626
or/washington/hillsboro,R-10,1626,716.0,partial,0,19,,corner_access_street;driveway_approach_max_width_ft;front_lot_line_corner;land_division_parent_standards;max_coverage_pct;max_height_ft;min_density_du_per_acre;min_frontage_ft;min_lot_depth_ft;min_lot_sqft;min_lot_width_ft;parking_alley_access_required;parking_area_max_frontage_pct;parking_max_per_unit;parking_min_per_unit;quadplex_allowed;setback_front_ft;setback_rear_ft;setback_side_ft,1626
or/washington/_unincorporated,R-6 NB,1572,324.89,partial,0,19,,R-6 NB.like;corner_access_street;driveway_approach_max_width_ft;front_lot_line_corner;land_division_parent_standards;max_height_ft;max_units;min_building_separation_ft;min_lot_sqft;parking_aisle_one_way_ft;parking_aisle_two_way_ft;parking_min_per_unit;parking_stall_depth_ft;parking_stall_width_ft;quadplex_allowed;setback_front_ft;setback_garage_entrance_ft;setback_rear_ft;setback_side_ft;setback_street_side_ft,1572
or/clackamas/happy-valley,R20,1555,1464.15,partial,0,24,,corner_access_street;driveway_min_width_one_way_ft;driveway_min_width_two_way_ft;front_lot_line_corner;front_lot_line_through;land_division_parent_standards;max_coverage_pct;max_height_ft;min_frontage_ft;min_landscaped_pct;min_lot_depth_ft;min_lot_sqft;min_lot_width_ft;parking_aisle_one_way_ft;parking_aisle_two_way_ft;parking_min_per_unit;parking_stall_depth_ft;parking_stall_width_ft;parking_street_setback_ft;quadplex_allowed;setback_front_ft;setback_rear_ft;setback_side_ft;setback_street_side_ft,1555
or/washington/sherwood,LDR,1465,419.49,partial,0,21,,corner_access_street;driveway_approach_max_width_ft;driveway_max_frontage_pct;front_lot_line_corner;land_division_parent_standards;max_far;max_height_ft;max_height_stories;min_frontage_ft;min_lot_depth_ft;min_lot_sqft;min_lot_width_ft;parking_alley_access_required;parking_front_prohibited;parking_min_per_unit;quadplex_allowed;setback_front_ft;setback_garage_entrance_ft;setback_rear_ft;setback_side_ft;setback_street_side_ft,1465
or/multnomah/portland,CE,1446,1272.04,partial,0,29,,corner_access_street;driveway_min_width_one_way_ft;driveway_min_width_two_way_ft;front_lot_line_corner;front_lot_line_through;land_division_parent_standards;max_coverage_pct;max_far;max_height_ft;min_landscaped_pct;open_space_min_sqft;orientation_constraint;parking_aisle_one_way_ft;parking_aisle_two_way_ft;parking_alley_access_required;parking_alley_backout_ft;parking_front_prohibited;parking_front_yard_max_pct;parking_max_per_unit;parking_stall_depth_ft;parking_stall_width_ft;parking_street_setback_ft;quadplex_allowed;setback_front_ft;setback_front_max_ft;setback_rear_ft;setback_side_ft;setback_street_across_nonresidential_ft;setback_street_off_corridor_ft,1446
or/multnomah/portland,R20,1445,1365.77,partial,0,25,,corner_access_street;coverage_curve;driveway_min_width_one_way_ft;driveway_min_width_two_way_ft;front_lot_line_corner;front_lot_line_through;land_division_parent_standards;max_height_ft;min_lot_sqft;open_space_min_dimension_ft;open_space_min_sqft;parking_aisle_one_way_ft;parking_aisle_two_way_ft;parking_alley_access_required;parking_alley_backout_ft;parking_front_prohibited;parking_front_yard_max_pct;parking_stall_depth_ft;parking_stall_width_ft;parking_street_setback_ft;quadplex_allowed;setback_front_ft;setback_garage_entrance_ft;setback_rear_ft;setback_side_ft,1445
or/multnomah/portland,RM3,1442,426.51,partial,0,30,,corner_access_street;driveway_min_width_one_way_ft;driveway_min_width_two_way_ft;front_lot_line_corner;front_lot_line_through;land_division_parent_standards;max_coverage_pct;max_far;max_height_ft;min_density_du_per_acre;min_landscaped_pct;min_lot_sqft;min_lot_width_ft;open_space_min_sqft;parking_aisle_one_way_ft;parking_aisle_two_way_ft;parking_alley_access_required;parking_alley_backout_ft;parking_front_prohibited;parking_front_yard_max_pct;parking_max_per_unit;parking_stall_depth_ft;parking_stall_width_ft;parking_street_setback_ft;quadplex_allowed;setback_front_ft;setback_garage_entrance_ft;setback_rear_ft;setback_side_ft;setback_street_side_ft,1442
or/washington/hillsboro,SCR-MD,1437,402.09,partial,0,20,,corner_access_street;driveway_approach_max_width_ft;front_lot_line_corner;land_division_parent_standards;max_height_stories;min_building_height_stories;min_density_du_per_acre;min_frontage_ft;min_lot_sqft;min_lot_width_ft;parking_alley_access_required;parking_area_max_frontage_pct;parking_max_per_unit;parking_min_per_unit;quadplex_allowed;setback_front_ft;setback_front_max_ft;setback_garage_entrance_ft;setback_rear_ft;setback_side_ft,1437
or/multnomah/portland,IH,1385,7841.44,partial,0,16,,corner_access_street;driveway_min_width_one_way_ft;driveway_min_width_two_way_ft;front_lot_line_corner;front_lot_line_through;land_division_parent_standards;parking_aisle_one_way_ft;parking_aisle_two_way_ft;parking_alley_access_required;parking_alley_backout_ft;parking_front_prohibited;parking_front_yard_max_pct;parking_stall_depth_ft;parking_stall_width_ft;parking_street_setback_ft;quadplex_allowed,1385
or/washington/hillsboro,SCR-V,1298,387.24,partial,0,17,,corner_access_street;driveway_approach_max_width_ft;front_lot_line_corner;land_division_parent_standards;max_height_stories;min_building_height_stories;min_density_du_per_acre;min_lot_width_ft;parking_alley_access_required;parking_area_max_frontage_pct;parking_max_per_unit;parking_min_per_unit;quadplex_allowed;setback_front_ft;setback_front_max_ft;setback_rear_ft;setback_side_ft,1298
or/multnomah/portland,IG1,1294,966.93,partial,0,16,,corner_access_street;driveway_min_width_one_way_ft;driveway_min_width_two_way_ft;front_lot_line_corner;front_lot_line_through;land_division_parent_standards;parking_aisle_one_way_ft;parking_aisle_two_way_ft;parking_alley_access_required;parking_alley_backout_ft;parking_front_prohibited;parking_front_yard_max_pct;parking_stall_depth_ft;parking_stall_width_ft;parking_street_setback_ft;quadplex_allowed,1294
or/multnomah/_unincorporated,R20,1289,1284.45,partial,0,19,,corner_access_street;coverage_curve;driveway_min_width_two_way_ft;front_lot_line_corner;front_lot_line_through;land_division_parent_standards;max_height_ft;min_lot_sqft;parking_aisle_one_way_ft;parking_aisle_two_way_ft;parking_min_per_unit;parking_stall_depth_ft;parking_stall_width_ft;parking_street_setback_ft;quadplex_allowed;setback_front_ft;setback_garage_entrance_ft;setback_rear_ft;setback_side_ft,1289
or/clackamas/oregon-city,R-3.5,1251,418.14,partial,0,24,,corner_access_street;driveway_approach_max_width_ft;driveway_approach_min_width_ft;front_lot_line_corner;front_lot_line_through;land_division_parent_standards;max_coverage_pct;max_height_ft;min_density_du_per_acre;min_lot_sqft;min_lot_width_ft;parking_aisle_one_way_ft;parking_aisle_two_way_ft;parking_area_max_frontage_pct;parking_area_max_width_ft;parking_min_per_unit;parking_stall_depth_ft;parking_stall_width_ft;quadplex_allowed;setback_front_ft;setback_garage_entrance_ft;setback_rear_ft;setback_side_ft;setback_street_side_ft,1251
or/multnomah/troutdale,LDR-2,1243,430.32,partial,0,24,,corner_access_street;driveway_approach_max_width_ft;driveway_min_width_one_way_ft;driveway_min_width_two_way_ft;front_lot_line_corner;front_lot_line_through;land_division_parent_standards;max_height_ft;min_frontage_ft;min_lot_depth_ft;min_lot_sqft;min_lot_width_ft;parking_aisle_one_way_ft;parking_aisle_two_way_ft;parking_area_max_frontage_pct;parking_min_per_unit;parking_stall_depth_ft;parking_stall_width_ft;parking_street_setback_ft;quadplex_allowed;setback_front_ft;setback_rear_ft;setback_side_ft;setback_street_side_ft,1243
or/clackamas/west-linn,R-7,1238,332.47,partial,0,26,,corner_access_street;driveway_approach_max_width_ft;driveway_approach_min_width_ft;driveway_min_width_one_way_ft;driveway_min_width_two_way_ft;front_lot_line_corner;front_lot_line_through;land_division_parent_standards;max_coverage_pct;max_far;max_height_ft;min_average_lot_width_ft;min_lot_sqft;min_lot_width_ft;parking_aisle_one_way_ft;parking_aisle_two_way_ft;parking_alley_access_required;parking_max_per_unit;parking_min_per_unit;parking_stall_depth_ft;parking_stall_width_ft;quadplex_allowed;setback_front_ft;setback_rear_ft;setback_side_ft;setback_street_side_ft,1238
or/washington/hillsboro,MR-2,1229,320.29,partial,0,21,,corner_access_street;driveway_approach_max_width_ft;front_lot_line_corner;land_division_parent_standards;max_coverage_pct;max_height_ft;max_height_stories;min_density_du_per_acre;min_frontage_ft;min_lot_depth_ft;min_lot_sqft;min_lot_width_ft;parking_alley_access_required;parking_area_max_frontage_pct;parking_max_per_unit;parking_min_per_unit;quadplex_allowed;setback_front_ft;setback_garage_entrance_ft;setback_rear_ft;setback_side_ft,1229
or/washington/_unincorporated,FD-20,1210,5166.34,partial,0,10,,corner_access_street;driveway_approach_max_width_ft;front_lot_line_corner;land_division_parent_standards;parking_aisle_one_way_ft;parking_aisle_two_way_ft;parking_min_per_unit;parking_stall_depth_ft;parking_stall_width_ft;quadplex_allowed,1210
or/clackamas/gladstone,R5,1148,265.19,partial,0,17,,corner_access_street;front_lot_line_corner;front_lot_line_through;land_division_parent_standards;max_height_ft;min_lot_sqft;parking_aisle_one_way_ft;parking_aisle_two_way_ft;parking_min_per_unit;parking_stall_depth_ft;parking_stall_width_ft;parking_street_setback_ft;quadplex_allowed;setback_front_ft;setback_rear_ft;setback_side_ft;setback_street_side_ft,1148
or/washington/sherwood,MDRL,1139,337.93,partial,0,21,,corner_access_street;driveway_approach_max_width_ft;driveway_max_frontage_pct;front_lot_line_corner;land_division_parent_standards;max_far;max_height_ft;max_height_stories;min_frontage_ft;min_lot_depth_ft;min_lot_sqft;min_lot_width_ft;parking_alley_access_required;parking_front_prohibited;parking_min_per_unit;quadplex_allowed;setback_front_ft;setback_garage_entrance_ft;setback_rear_ft;setback_side_ft;setback_street_side_ft,1139
or/clackamas/tualatin,RML,1084,306.7,partial,0,23,,corner_access_street;driveway_approach_max_width_ft;driveway_approach_min_width_ft;driveway_min_width_one_way_ft;driveway_min_width_two_way_ft;front_lot_line_corner;land_division_parent_standards;max_coverage_pct;max_height_ft;min_lot_sqft;min_lot_width_ft;parking_aisle_one_way_ft;parking_aisle_two_way_ft;parking_min_per_unit;parking_stall_depth_ft;parking_stall_width_ft;parking_street_setback_ft;quadplex_allowed;setback_front_ft;setback_garage_entrance_ft;setback_rear_ft;setback_side_ft;setback_street_side_ft,1084
or/multnomah/portland,EX,1044,763.49,partial,0,25,,corner_access_street;driveway_min_width_one_way_ft;driveway_min_width_two_way_ft;front_lot_line_corner;front_lot_line_through;land_division_parent_standards;max_coverage_pct;max_far;max_height_ft;min_landscaped_pct;parking_aisle_one_way_ft;parking_aisle_two_way_ft;parking_alley_access_required;parking_alley_backout_ft;parking_front_prohibited;parking_front_yard_max_pct;parking_max_per_unit;parking_stall_depth_ft;parking_stall_width_ft;parking_street_setback_ft;quadplex_allowed;setback_front_ft;setback_front_max_ft;setback_rear_ft;setback_side_ft,1044
or/multnomah/gresham,TLDR,1024,383.74,partial,0,24,,corner_access_street;driveway_approach_max_width_ft;driveway_approach_min_width_ft;front_lot_line_corner;front_lot_line_through;land_division_parent_standards;max_height_ft;min_density_du_per_acre;min_frontage_ft;min_lot_width_ft;open_space_min_pct;parking_aisle_one_way_ft;parking_aisle_two_way_ft;parking_alley_access_required;parking_alley_backout_ft;parking_min_per_unit;parking_stall_depth_ft;parking_stall_width_ft;quadplex_allowed;setback_front_ft;setback_garage_entrance_ft;setback_rear_ft;setback_side_ft;setback_street_side_ft,1024
or/clackamas/_unincorporated,VR57,977,187.53,partial,0,20,,corner_access_street;driveway_approach_max_width_ft;front_lot_line_corner;front_lot_line_through;land_division_parent_standards;max_coverage_pct;max_height_ft;min_lot_sqft;parking_aisle_one_way_ft;parking_aisle_two_way_ft;parking_area_max_frontage_pct;parking_min_per_unit;parking_stall_depth_ft;parking_stall_width_ft;quadplex_allowed;setback_front_ft;setback_front_max_ft;setback_garage_entrance_ft;setback_rear_ft;setback_side_ft,977
or/clackamas/_unincorporated,R15,935,469.48,partial,0,19,,corner_access_street;driveway_approach_max_width_ft;front_lot_line_corner;front_lot_line_through;land_division_parent_standards;max_coverage_pct;max_height_ft;min_lot_sqft;parking_aisle_one_way_ft;parking_aisle_two_way_ft;parking_area_max_frontage_pct;parking_min_per_unit;parking_stall_depth_ft;parking_stall_width_ft;quadplex_allowed;setback_front_ft;setback_garage_entrance_ft;setback_rear_ft;setback_side_ft,935
or/washington/hillsboro,R-4.5,850,189.39,partial,0,20,,corner_access_street;driveway_approach_max_width_ft;front_lot_line_corner;land_division_parent_standards;max_coverage_pct;max_height_ft;min_density_du_per_acre;min_frontage_ft;min_lot_depth_ft;min_lot_sqft;min_lot_width_ft;parking_alley_access_required;parking_area_max_frontage_pct;parking_max_per_unit;parking_min_per_unit;quadplex_allowed;setback_front_ft;setback_garage_entrance_ft;setback_rear_ft;setback_side_ft,850
or/clackamas/_unincorporated,MR1,839,610.09,partial,0,18,,corner_access_street;driveway_approach_max_width_ft;front_lot_line_corner;front_lot_line_through;land_division_parent_standards;min_lot_sqft;orientation_constraint;parking_aisle_one_way_ft;parking_aisle_two_way_ft;parking_area_max_frontage_pct;parking_min_per_unit;parking_stall_depth_ft;parking_stall_width_ft;quadplex_allowed;setback_front_ft;setback_garage_entrance_ft;setback_rear_ft;setback_side_ft,839
or/clackamas/happy-valley,R7,836,428.1,partial,0,24,,corner_access_street;driveway_min_width_one_way_ft;driveway_min_width_two_way_ft;front_lot_line_corner;front_lot_line_through;land_division_parent_standards;max_coverage_pct;max_height_ft;min_frontage_ft;min_landscaped_pct;min_lot_depth_ft;min_lot_sqft;min_lot_width_ft;parking_aisle_one_way_ft;parking_aisle_two_way_ft;parking_min_per_unit;parking_stall_depth_ft;parking_stall_width_ft;parking_street_setback_ft;quadplex_allowed;setback_front_ft;setback_rear_ft;setback_side_ft;setback_street_side_ft,836
or/washington/_unincorporated,TO:R24-40,816,202.29,partial,0,13,setback_front_ft;setback_rear_ft;setback_side_ft,corner_access_street;driveway_approach_max_width_ft;front_lot_line_corner;land_division_parent_standards;max_height_ft;min_density_du_per_acre;parking_aisle_one_way_ft;parking_aisle_two_way_ft;parking_min_per_unit;parking_stall_depth_ft;parking_stall_width_ft;quadplex_allowed;setback_front_max_ft,816
or/multnomah/troutdale,MDR,801,299.94,partial,0,24,,corner_access_street;driveway_approach_max_width_ft;driveway_min_width_one_way_ft;driveway_min_width_two_way_ft;front_lot_line_corner;front_lot_line_through;land_division_parent_standards;max_height_ft;min_frontage_ft;min_lot_depth_ft;min_lot_sqft;min_lot_width_ft;parking_aisle_one_way_ft;parking_aisle_two_way_ft;parking_area_max_frontage_pct;parking_min_per_unit;parking_stall_depth_ft;parking_stall_width_ft;parking_street_setback_ft;quadplex_allowed;setback_front_ft;setback_rear_ft;setback_side_ft;setback_street_side_ft,801
or/washington/beaverton,SC-HDR,800,240.98,partial,0,19,,front_lot_line_corner;land_division_parent_standards;max_far;min_density_du_per_acre;open_space_min_pct;parking_aisle_one_way_ft;parking_aisle_two_way_ft;parking_area_max_frontage_pct;parking_front_prohibited;parking_max_per_unit;parking_min_per_unit;parking_stall_depth_ft;parking_stall_width_ft;parking_street_setback_ft;quadplex_allowed;setback_front_ft;setback_front_max_ft;setback_rear_ft;setback_side_ft,800
or/clackamas/wilsonville,PDR4,795,285.19,partial,0,20,,corner_access_street;driveway_approach_max_width_ft;front_lot_line_corner;front_lot_line_through;land_division_parent_standards;max_coverage_pct;max_height_ft;min_frontage_ft;min_landscaped_pct;min_lot_sqft;parking_alley_access_required;parking_area_max_frontage_pct;parking_stall_depth_ft;parking_stall_width_ft;quadplex_allowed;setback_front_ft;setback_garage_entrance_ft;setback_rear_ft;setback_side_ft;setback_street_side_ft,795
or/clackamas/happy-valley,R15,771,451.0,partial,0,24,,corner_access_street;driveway_min_width_one_way_ft;driveway_min_width_two_way_ft;front_lot_line_corner;front_lot_line_through;land_division_parent_standards;max_coverage_pct;max_height_ft;min_frontage_ft;min_landscaped_pct;min_lot_depth_ft;min_lot_sqft;min_lot_width_ft;parking_aisle_one_way_ft;parking_aisle_two_way_ft;parking_min_per_unit;parking_stall_depth_ft;parking_stall_width_ft;parking_street_setback_ft;quadplex_allowed;setback_front_ft;setback_rear_ft;setback_side_ft;setback_street_side_ft,771
or/clackamas/west-linn,R-5,717,190.93,partial,0,24,,corner_access_street;driveway_approach_max_width_ft;driveway_approach_min_width_ft;driveway_min_width_one_way_ft;driveway_min_width_two_way_ft;front_lot_line_corner;front_lot_line_through;land_division_parent_standards;max_height_ft;min_average_lot_width_ft;min_lot_sqft;min_lot_width_ft;parking_aisle_one_way_ft;parking_aisle_two_way_ft;parking_alley_access_required;parking_max_per_unit;parking_min_per_unit;parking_stall_depth_ft;parking_stall_width_ft;quadplex_allowed;setback_front_ft;setback_rear_ft;setback_side_ft;setback_street_side_ft,717
or/washington/_unincorporated,TO:R18-24,697,223.5,partial,0,16,,TO:R18-24.like;corner_access_street;driveway_approach_max_width_ft;front_lot_line_corner;land_division_parent_standards;max_height_ft;max_units;min_building_separation_ft;min_lot_sqft;parking_aisle_one_way_ft;parking_aisle_two_way_ft;parking_min_per_unit;parking_stall_depth_ft;parking_stall_width_ft;quadplex_allowed;setback_front_ft;setback_front_max_ft,697
or/multnomah/gresham,LDR-PV,694,397.61,partial,0,25,,corner_access_street;driveway_approach_max_width_ft;driveway_approach_min_width_ft;front_lot_line_corner;front_lot_line_through;land_division_parent_standards;max_far;max_height_ft;min_density_du_per_acre;min_frontage_ft;min_lot_sqft;open_space_min_pct;parking_aisle_one_way_ft;parking_aisle_two_way_ft;parking_alley_access_required;parking_alley_backout_ft;parking_min_per_unit;parking_stall_depth_ft;parking_stall_width_ft;quadplex_allowed;setback_front_ft;setback_garage_entrance_ft;setback_rear_ft;setback_side_ft;setback_street_side_ft,694
or/multnomah/portland,EG2,691,1466.22,partial,0,16,,corner_access_street;driveway_min_width_one_way_ft;driveway_min_width_two_way_ft;front_lot_line_corner;front_lot_line_through;land_division_parent_standards;parking_aisle_one_way_ft;parking_aisle_two_way_ft;parking_alley_access_required;parking_alley_backout_ft;parking_front_prohibited;parking_front_yard_max_pct;parking_stall_depth_ft;parking_stall_width_ft;parking_street_setback_ft;quadplex_allowed,691
or/clackamas/_unincorporated,FU10,690,894.3,partial,0,12,,corner_access_street;driveway_approach_max_width_ft;front_lot_line_corner;front_lot_line_through;land_division_parent_standards;parking_aisle_one_way_ft;parking_aisle_two_way_ft;parking_area_max_frontage_pct;parking_min_per_unit;parking_stall_depth_ft;parking_stall_width_ft;quadplex_allowed,690
or/washington/sherwood,MDRH,685,251.17,partial,0,20,,corner_access_street;driveway_approach_max_width_ft;driveway_max_frontage_pct;front_lot_line_corner;land_division_parent_standards;max_far;max_height_ft;min_frontage_ft;min_lot_depth_ft;min_lot_sqft;min_lot_width_ft;parking_alley_access_required;parking_front_prohibited;parking_min_per_unit;quadplex_allowed;setback_front_ft;setback_garage_entrance_ft;setback_rear_ft;setback_side_ft;setback_street_side_ft,685
or/multnomah/gresham,CMF,671,614.03,partial,0,25,,corner_access_street;driveway_approach_max_width_ft;driveway_approach_min_width_ft;front_lot_line_corner;front_lot_line_through;land_division_parent_standards;max_height_ft;min_density_du_per_acre;min_frontage_ft;min_lot_sqft;open_space_min_pct;orientation_constraint;parking_aisle_one_way_ft;parking_aisle_two_way_ft;parking_alley_access_required;parking_alley_backout_ft;parking_min_per_unit;parking_stall_depth_ft;parking_stall_width_ft;quadplex_allowed;setback_front_ft;setback_front_max_ft;setback_rear_ft;setback_side_ft;setback_street_side_ft,671
or/washington/king-city,SF,649,99.22,partial,0,9,,front_lot_line_corner;land_division_parent_standards;parking_aisle_one_way_ft;parking_aisle_two_way_ft;parking_front_prohibited;parking_min_per_unit;parking_stall_depth_ft;parking_stall_width_ft;quadplex_allowed,649
or/washington/_unincorporated,R-15 NB,629,87.02,partial,0,19,,R-15 NB.like;corner_access_street;driveway_approach_max_width_ft;front_lot_line_corner;land_division_parent_standards;max_height_ft;max_units;min_building_separation_ft;min_lot_sqft;parking_aisle_one_way_ft;parking_aisle_two_way_ft;parking_min_per_unit;parking_stall_depth_ft;parking_stall_width_ft;quadplex_allowed;setback_front_ft;setback_garage_entrance_ft;setback_rear_ft;setback_side_ft;setback_street_side_ft,629
or/clackamas/oregon-city,R-2,624,260.78,partial,0,26,,corner_access_street;driveway_approach_max_width_ft;driveway_approach_min_width_ft;front_lot_line_corner;front_lot_line_through;land_division_parent_standards;max_coverage_pct;max_height_ft;min_density_du_per_acre;min_landscaped_pct;min_lot_depth_ft;min_lot_sqft;min_lot_width_ft;parking_aisle_one_way_ft;parking_aisle_two_way_ft;parking_area_max_frontage_pct;parking_area_max_width_ft;parking_min_per_unit;parking_stall_depth_ft;parking_stall_width_ft;quadplex_allowed;setback_front_ft;setback_front_max_ft;setback_rear_ft;setback_side_ft;setback_street_side_ft,624
or/multnomah/gresham,TR,613,131.04,partial,0,26,,corner_access_street;driveway_approach_max_width_ft;driveway_approach_min_width_ft;front_lot_line_corner;front_lot_line_through;land_division_parent_standards;max_height_ft;min_density_du_per_acre;min_frontage_ft;min_lot_depth_ft;min_lot_sqft;min_lot_width_ft;open_space_min_pct;parking_aisle_one_way_ft;parking_aisle_two_way_ft;parking_alley_access_required;parking_alley_backout_ft;parking_min_per_unit;parking_stall_depth_ft;parking_stall_width_ft;quadplex_allowed;setback_front_ft;setback_garage_entrance_ft;setback_rear_ft;setback_side_ft;setback_street_side_ft,613
or/washington/hillsboro,I-G,597,1532.48,partial,0,9,,corner_access_street;driveway_approach_max_width_ft;front_lot_line_corner;land_division_parent_standards;parking_alley_access_required;parking_area_max_frontage_pct;parking_max_per_unit;parking_min_per_unit;quadplex_allowed,597
or/washington/hillsboro,I-P,590,3099.03,partial,0,9,,corner_access_street;driveway_approach_max_width_ft;front_lot_line_corner;land_division_parent_standards;parking_alley_access_required;parking_area_max_frontage_pct;parking_max_per_unit;parking_min_per_unit;quadplex_allowed,590
or/clackamas/wilsonville,PDR5,585,320.62,partial,0,20,,corner_access_street;driveway_approach_max_width_ft;front_lot_line_corner;front_lot_line_through;land_division_parent_standards;max_coverage_pct;max_height_ft;min_frontage_ft;min_landscaped_pct;min_lot_sqft;parking_alley_access_required;parking_area_max_frontage_pct;parking_stall_depth_ft;parking_stall_width_ft;quadplex_allowed;setback_front_ft;setback_garage_entrance_ft;setback_rear_ft;setback_side_ft;setback_street_side_ft,585
or/multnomah/portland,RF,585,1258.46,partial,0,24,,corner_access_street;driveway_min_width_one_way_ft;driveway_min_width_two_way_ft;front_lot_line_corner;front_lot_line_through;land_division_parent_standards;max_height_ft;min_lot_sqft;open_space_min_dimension_ft;open_space_min_sqft;parking_aisle_one_way_ft;parking_aisle_two_way_ft;parking_alley_access_required;parking_alley_backout_ft;parking_front_prohibited;parking_front_yard_max_pct;parking_stall_depth_ft;parking_stall_width_ft;parking_street_setback_ft;quadplex_allowed;setback_front_ft;setback_garage_entrance_ft;setback_rear_ft;setback_side_ft,585
or/clackamas/wilsonville,RN,580,142.29,partial,0,21,,corner_access_street;driveway_approach_max_width_ft;front_lot_line_corner;front_lot_line_through;land_division_parent_standards;max_coverage_pct;min_frontage_ft;min_landscaped_pct;min_lot_depth_ft;min_lot_sqft;min_lot_width_ft;parking_alley_access_required;parking_area_max_frontage_pct;parking_stall_depth_ft;parking_stall_width_ft;quadplex_allowed;setback_front_ft;setback_garage_entrance_ft;setback_rear_ft;setback_side_ft;setback_street_side_ft,580
or/multnomah/fairview,R-6,580,198.55,partial,0,28,,corner_access_street;driveway_approach_max_width_ft;driveway_approach_min_width_ft;front_lot_line_corner;land_division_parent_standards;max_coverage_pct;max_far;max_height_ft;max_lot_depth_ratio;min_building_separation_ft;min_density_du_per_acre;min_landscaped_pct;min_lot_sqft;min_lot_width_ft;orientation_constraint;parking_aisle_one_way_ft;parking_aisle_two_way_ft;parking_area_max_frontage_pct;parking_building_buffer_ft;parking_min_per_unit;parking_stall_depth_ft;parking_stall_width_ft;quadplex_allowed;setback_front_ft;setback_front_max_ft;setback_rear_ft;setback_side_ft;setback_street_side_ft,580
or/multnomah/portland,EG1,580,207.61,partial,0,16,,corner_access_street;driveway_min_width_one_way_ft;driveway_min_width_two_way_ft;front_lot_line_corner;front_lot_line_through;land_division_parent_standards;parking_aisle_one_way_ft;parking_aisle_two_way_ft;parking_alley_access_required;parking_alley_backout_ft;parking_front_prohibited;parking_front_yard_max_pct;parking_stall_depth_ft;parking_stall_width_ft;parking_street_setback_ft;quadplex_allowed,580
or/clackamas/west-linn,R-4.5,576,161.76,partial,0,24,,corner_access_street;driveway_approach_max_width_ft;driveway_approach_min_width_ft;driveway_min_width_one_way_ft;driveway_min_width_two_way_ft;front_lot_line_corner;front_lot_line_through;land_division_parent_standards;max_height_ft;min_average_lot_width_ft;min_lot_sqft;min_lot_width_ft;parking_aisle_one_way_ft;parking_aisle_two_way_ft;parking_alley_access_required;parking_max_per_unit;parking_min_per_unit;parking_stall_depth_ft;parking_stall_width_ft;quadplex_allowed;setback_front_ft;setback_rear_ft;setback_side_ft;setback_street_side_ft,576
or/clackamas/milwaukie,R-HD,564,357.74,partial,0,25,,corner_access_street;driveway_approach_max_width_ft;driveway_approach_min_width_ft;front_lot_line_corner;front_lot_line_through;land_division_parent_standards;max_coverage_pct;max_height_ft;min_frontage_ft;min_lot_depth_ft;min_lot_sqft;min_lot_width_ft;open_space_min_sqft;parking_front_prohibited;parking_front_yard_max_pct;parking_max_per_unit;parking_min_per_unit;parking_stall_depth_ft;parking_stall_width_ft;private_open_space_min_dimension_ft;quadplex_allowed;setback_front_ft;setback_rear_ft;setback_side_ft;setback_street_side_ft,564
or/multnomah/_unincorporated,R10,564,551.3,partial,0,19,,corner_access_street;coverage_curve;driveway_min_width_two_way_ft;front_lot_line_corner;front_lot_line_through;land_division_parent_standards;max_height_ft;min_lot_sqft;parking_aisle_one_way_ft;parking_aisle_two_way_ft;parking_min_per_unit;parking_stall_depth_ft;parking_stall_width_ft;parking_street_setback_ft;quadplex_allowed;setback_front_ft;setback_garage_entrance_ft;setback_rear_ft;setback_side_ft,564
or/multnomah/fairview,R-7.5,546,170.14,partial,0,28,,corner_access_street;driveway_approach_max_width_ft;driveway_approach_min_width_ft;front_lot_line_corner;land_division_parent_standards;max_coverage_pct;max_far;max_height_ft;max_lot_depth_ratio;min_building_separation_ft;min_density_du_per_acre;min_landscaped_pct;min_lot_sqft;min_lot_width_ft;orientation_constraint;parking_aisle_one_way_ft;parking_aisle_two_way_ft;parking_area_max_frontage_pct;parking_building_buffer_ft;parking_min_per_unit;parking_stall_depth_ft;parking_stall_width_ft;quadplex_allowed;setback_front_ft;setback_front_max_ft;setback_rear_ft;setback_side_ft;setback_street_side_ft,546
or/washington/hillsboro,SCC-DT,541,270.53,partial,0,14,,corner_access_street;driveway_approach_max_width_ft;front_lot_line_corner;land_division_parent_standards;min_building_height_stories;min_density_du_per_acre;parking_alley_access_required;parking_area_max_frontage_pct;parking_front_prohibited;parking_max_per_unit;parking_min_per_unit;quadplex_allowed;setback_rear_ft;setback_side_ft,541
or/washington/king-city,R-9,524,81.1,partial,0,9,,front_lot_line_corner;land_division_parent_standards;parking_aisle_one_way_ft;parking_aisle_two_way_ft;parking_front_prohibited;parking_min_per_unit;parking_stall_depth_ft;parking_stall_width_ft;quadplex_allowed,524
or/washington/_unincorporated,R-9 NB,509,79.17,partial,0,17,min_lot_sqft,corner_access_street;driveway_approach_max_width_ft;front_lot_line_corner;land_division_parent_standards;max_height_ft;min_density_du_per_acre;parking_aisle_one_way_ft;parking_aisle_two_way_ft;parking_min_per_unit;parking_stall_depth_ft;parking_stall_width_ft;quadplex_allowed;setback_front_ft;setback_garage_entrance_ft;setback_rear_ft;setback_side_ft;setback_street_side_ft,509
or/washington/hillsboro,MR-3,503,217.34,partial,0,20,,corner_access_street;driveway_approach_max_width_ft;front_lot_line_corner;land_division_parent_standards;max_coverage_pct;max_height_stories;min_density_du_per_acre;min_frontage_ft;min_lot_depth_ft;min_lot_sqft;min_lot_width_ft;parking_alley_access_required;parking_area_max_frontage_pct;parking_max_per_unit;parking_min_per_unit;quadplex_allowed;setback_front_ft;setback_garage_entrance_ft;setback_rear_ft;setback_side_ft,503
or/multnomah/portland,RM4,498,165.49,partial,0,30,,corner_access_street;driveway_min_width_one_way_ft;driveway_min_width_two_way_ft;front_lot_line_corner;front_lot_line_through;land_division_parent_standards;max_coverage_pct;max_far;max_height_ft;min_density_du_per_acre;min_landscaped_pct;min_lot_sqft;min_lot_width_ft;open_space_min_sqft;parking_aisle_one_way_ft;parking_aisle_two_way_ft;parking_alley_access_required;parking_alley_backout_ft;parking_front_prohibited;parking_front_yard_max_pct;parking_max_per_unit;parking_stall_depth_ft;parking_stall_width_ft;parking_street_setback_ft;quadplex_allowed;setback_front_ft;setback_garage_entrance_ft;setback_rear_ft;setback_side_ft;setback_street_side_ft,498
or/washington/beaverton,TC-HDR,492,281.62,partial,0,19,,front_lot_line_corner;land_division_parent_standards;max_far;min_density_du_per_acre;open_space_min_pct;parking_aisle_one_way_ft;parking_aisle_two_way_ft;parking_area_max_frontage_pct;parking_front_prohibited;parking_max_per_unit;parking_min_per_unit;parking_stall_depth_ft;parking_stall_width_ft;parking_street_setback_ft;quadplex_allowed;setback_front_ft;setback_front_max_ft;setback_rear_ft;setback_side_ft,492
or/clackamas/_unincorporated,RA2,491,625.4,partial,0,12,,corner_access_street;driveway_approach_max_width_ft;front_lot_line_corner;front_lot_line_through;land_division_parent_standards;parking_aisle_one_way_ft;parking_aisle_two_way_ft;parking_area_max_frontage_pct;parking_min_per_unit;parking_stall_depth_ft;parking_stall_width_ft;quadplex_allowed,491
or/clackamas/happy-valley,MURM,486,243.79,partial,0,13,min_lot_sqft;setback_front_ft;setback_rear_ft;setback_side_ft,corner_access_street;driveway_min_width_one_way_ft;driveway_min_width_two_way_ft;front_lot_line_corner;front_lot_line_through;land_division_parent_standards;max_height_ft;parking_aisle_one_way_ft;parking_aisle_two_way_ft;parking_min_per_unit;parking_stall_depth_ft;parking_stall_width_ft;quadplex_allowed,486
or/washington/_unincorporated,TO:R9-12,484,72.67,partial,0,16,,corner_access_street;driveway_approach_max_width_ft;front_lot_line_corner;land_division_parent_standards;max_height_ft;max_units;min_building_separation_ft;min_lot_sqft;parking_aisle_one_way_ft;parking_aisle_two_way_ft;parking_min_per_unit;parking_stall_depth_ft;parking_stall_width_ft;quadplex_allowed;setback_front_ft;setback_front_max_ft,484
or/clackamas/happy-valley,R40,481,392.1,partial,0,24,,corner_access_street;driveway_min_width_one_way_ft;driveway_min_width_two_way_ft;front_lot_line_corner;front_lot_line_through;land_division_parent_standards;max_coverage_pct;max_height_ft;min_frontage_ft;min_landscaped_pct;min_lot_depth_ft;min_lot_sqft;min_lot_width_ft;parking_aisle_one_way_ft;parking_aisle_two_way_ft;parking_min_per_unit;parking_stall_depth_ft;parking_stall_width_ft;parking_street_setback_ft;quadplex_allowed;setback_front_ft;setback_rear_ft;setback_side_ft;setback_street_side_ft,481
or/clackamas/_unincorporated,LI,474,1073.34,partial,0,12,,corner_access_street;driveway_approach_max_width_ft;front_lot_line_corner;front_lot_line_through;land_division_parent_standards;parking_aisle_one_way_ft;parking_aisle_two_way_ft;parking_area_max_frontage_pct;parking_min_per_unit;parking_stall_depth_ft;parking_stall_width_ft;quadplex_allowed,474
or/washington/sherwood,HDR,473,136.96,partial,0,21,,corner_access_street;driveway_approach_max_width_ft;driveway_max_frontage_pct;front_lot_line_corner;land_division_parent_standards;max_far;max_height_ft;max_height_stories;min_frontage_ft;min_lot_depth_ft;min_lot_sqft;min_lot_width_ft;parking_alley_access_required;parking_front_prohibited;parking_min_per_unit;quadplex_allowed;setback_front_ft;setback_garage_entrance_ft;setback_rear_ft;setback_side_ft;setback_street_side_ft,473
or/clackamas/_unincorporated,C3,469,585.6,zone_missing,0,0,,,469
or/clackamas/_unincorporated,R20,466,568.84,partial,0,19,,corner_access_street;driveway_approach_max_width_ft;front_lot_line_corner;front_lot_line_through;land_division_parent_standards;max_coverage_pct;max_height_ft;min_lot_sqft;parking_aisle_one_way_ft;parking_aisle_two_way_ft;parking_area_max_frontage_pct;parking_min_per_unit;parking_stall_depth_ft;parking_stall_width_ft;quadplex_allowed;setback_front_ft;setback_garage_entrance_ft;setback_rear_ft;setback_side_ft,466
or/clackamas/happy-valley,R8.5,434,196.62,partial,0,24,,corner_access_street;driveway_min_width_one_way_ft;driveway_min_width_two_way_ft;front_lot_line_corner;front_lot_line_through;land_division_parent_standards;max_coverage_pct;max_height_ft;min_frontage_ft;min_landscaped_pct;min_lot_depth_ft;min_lot_sqft;min_lot_width_ft;parking_aisle_one_way_ft;parking_aisle_two_way_ft;parking_min_per_unit;parking_stall_depth_ft;parking_stall_width_ft;parking_street_setback_ft;quadplex_allowed;setback_front_ft;setback_rear_ft;setback_side_ft;setback_street_side_ft,434
or/washington/hillsboro,SCR-LD,414,96.79,partial,0,19,,corner_access_street;driveway_approach_max_width_ft;front_lot_line_corner;land_division_parent_standards;max_height_ft;min_density_du_per_acre;min_frontage_ft;min_lot_sqft;min_lot_width_ft;parking_alley_access_required;parking_area_max_frontage_pct;parking_max_per_unit;parking_min_per_unit;quadplex_allowed;setback_front_ft;setback_front_max_ft;setback_garage_entrance_ft;setback_rear_ft;setback_side_ft,414
or/multnomah/gresham,MDR-12,408,221.06,partial,0,26,,corner_access_street;driveway_approach_max_width_ft;driveway_approach_min_width_ft;front_lot_line_corner;front_lot_line_through;land_division_parent_standards;max_height_ft;min_density_du_per_acre;min_frontage_ft;min_lot_sqft;min_lot_width_ft;open_space_min_pct;parking_aisle_one_way_ft;parking_aisle_two_way_ft;parking_alley_access_required;parking_alley_backout_ft;parking_min_per_unit;parking_stall_depth_ft;parking_stall_width_ft;quadplex_allowed;setback_front_ft;setback_front_max_ft;setback_garage_entrance_ft;setback_rear_ft;setback_side_ft;setback_street_side_ft,408
or/washington/durham,SDR,407,124.03,partial,0,18,,corner_access_street;driveway_approach_max_width_ft;driveway_min_width_one_way_ft;driveway_min_width_two_way_ft;driveway_walkway_ft;front_lot_line_corner;land_division_parent_standards;max_height_ft;min_density_du_per_acre;min_frontage_ft;min_lot_sqft;open_space_min_pct;parking_min_per_unit;quadplex_allowed;setback_front_ft;setback_rear_ft;setback_side_ft;setback_street_side_ft,407
or/clackamas/oregon-city,MUC-1,402,134.33,partial,0,22,,corner_access_street;driveway_approach_max_width_ft;driveway_approach_min_width_ft;front_lot_line_corner;front_lot_line_through;land_division_parent_standards;max_coverage_pct;max_height_ft;max_height_stories;min_landscaped_pct;parking_aisle_one_way_ft;parking_aisle_two_way_ft;parking_area_max_frontage_pct;parking_area_max_width_ft;parking_front_prohibited;parking_min_per_unit;parking_stall_depth_ft;parking_stall_width_ft;quadplex_allowed;setback_front_ft;setback_rear_ft;setback_side_ft,402
or/washington/king-city,KTTC,389,165.74,partial,0,20,,front_lot_line_corner;land_division_parent_standards;max_impervious_pct;min_density_du_per_acre;min_lot_depth_ft;min_lot_sqft;min_lot_width_ft;parking_aisle_one_way_ft;parking_aisle_two_way_ft;parking_front_prohibited;parking_min_per_unit;parking_stall_depth_ft;parking_stall_width_ft;quadplex_allowed;setback_front_ft;setback_front_max_ft;setback_garage_entrance_ft;setback_rear_ft;setback_side_ft;setback_street_side_ft,389
or/clackamas/happy-valley,MURA,383,82.38,partial,0,23,,corner_access_street;driveway_min_width_one_way_ft;driveway_min_width_two_way_ft;front_lot_line_corner;front_lot_line_through;land_division_parent_standards;max_coverage_pct;max_height_ft;min_building_separation_ft;min_landscaped_pct;min_lot_sqft;parking_aisle_one_way_ft;parking_aisle_two_way_ft;parking_min_per_unit;parking_stall_depth_ft;parking_stall_width_ft;parking_street_setback_ft;quadplex_allowed;setback_front_ft;setback_garage_entrance_ft;setback_rear_ft;setback_side_ft;setback_street_side_ft,383
or/clackamas/wilsonville,PDI,371,1228.23,partial,0,11,,corner_access_street;driveway_approach_max_width_ft;front_lot_line_corner;front_lot_line_through;land_division_parent_standards;min_landscaped_pct;parking_alley_access_required;parking_area_max_frontage_pct;parking_stall_depth_ft;parking_stall_width_ft;quadplex_allowed,371
or/washington/hillsboro,C-G,360,802.57,partial,0,9,,corner_access_street;driveway_approach_max_width_ft;front_lot_line_corner;land_division_parent_standards;parking_alley_access_required;parking_area_max_frontage_pct;parking_max_per_unit;parking_min_per_unit;quadplex_allowed,360
or/clackamas/happy-valley,R5,352,376.9,partial,0,24,,corner_access_street;driveway_min_width_one_way_ft;driveway_min_width_two_way_ft;front_lot_line_corner;front_lot_line_through;land_division_parent_standards;max_coverage_pct;max_height_ft;min_frontage_ft;min_landscaped_pct;min_lot_depth_ft;min_lot_sqft;min_lot_width_ft;parking_aisle_one_way_ft;parking_aisle_two_way_ft;parking_min_per_unit;parking_stall_depth_ft;parking_stall_width_ft;parking_street_setback_ft;quadplex_allowed;setback_front_ft;setback_rear_ft;setback_side_ft;setback_street_side_ft,352
or/multnomah/troutdale,HDR,347,139.9,partial,0,19,,corner_access_street;driveway_approach_max_width_ft;driveway_min_width_one_way_ft;driveway_min_width_two_way_ft;front_lot_line_corner;front_lot_line_through;land_division_parent_standards;max_height_ft;min_frontage_ft;parking_aisle_one_way_ft;parking_aisle_two_way_ft;parking_area_max_frontage_pct;parking_min_per_unit;parking_stall_depth_ft;parking_stall_width_ft;parking_street_setback_ft;quadplex_allowed;setback_front_ft;setback_side_ft,347
or/clackamas/west-linn,R-3,340,89.93,partial,0,23,,corner_access_street;driveway_approach_max_width_ft;driveway_approach_min_width_ft;driveway_min_width_one_way_ft;driveway_min_width_two_way_ft;front_lot_line_corner;front_lot_line_through;land_division_parent_standards;max_height_ft;min_lot_sqft;min_lot_width_ft;parking_aisle_one_way_ft;parking_aisle_two_way_ft;parking_alley_access_required;parking_max_per_unit;parking_min_per_unit;parking_stall_depth_ft;parking_stall_width_ft;quadplex_allowed;setback_front_ft;setback_rear_ft;setback_side_ft;setback_street_side_ft,340
or/multnomah/gresham,MDR-PV,340,81.53,partial,0,24,,corner_access_street;driveway_approach_max_width_ft;driveway_approach_min_width_ft;front_lot_line_corner;front_lot_line_through;land_division_parent_standards;max_height_ft;min_density_du_per_acre;min_frontage_ft;min_lot_sqft;open_space_min_pct;parking_aisle_one_way_ft;parking_aisle_two_way_ft;parking_alley_access_required;parking_alley_backout_ft;parking_min_per_unit;parking_stall_depth_ft;parking_stall_width_ft;quadplex_allowed;setback_front_ft;setback_garage_entrance_ft;setback_rear_ft;setback_side_ft;setback_street_side_ft,340
or/clackamas/tualatin,MG,334,1205.19,partial,0,13,,corner_access_street;driveway_approach_max_width_ft;driveway_approach_min_width_ft;driveway_min_width_one_way_ft;driveway_min_width_two_way_ft;front_lot_line_corner;land_division_parent_standards;parking_aisle_one_way_ft;parking_aisle_two_way_ft;parking_min_per_unit;parking_stall_depth_ft;parking_stall_width_ft;quadplex_allowed,334
or/multnomah/gresham,SC,331,149.07,partial,0,24,,corner_access_street;driveway_approach_max_width_ft;driveway_approach_min_width_ft;front_lot_line_corner;front_lot_line_through;land_division_parent_standards;max_height_stories;min_frontage_ft;min_lot_sqft;open_space_min_pct;orientation_constraint;parking_aisle_one_way_ft;parking_aisle_two_way_ft;parking_alley_access_required;parking_alley_backout_ft;parking_min_per_unit;parking_stall_depth_ft;parking_stall_width_ft;quadplex_allowed;setback_front_ft;setback_front_max_ft;setback_rear_ft;setback_side_ft;setback_street_side_ft,331
or/clackamas/_unincorporated,RA1,329,454.59,partial,0,12,,corner_access_street;driveway_approach_max_width_ft;front_lot_line_corner;front_lot_line_through;land_division_parent_standards;parking_aisle_one_way_ft;parking_aisle_two_way_ft;parking_area_max_frontage_pct;parking_min_per_unit;parking_stall_depth_ft;parking_stall_width_ft;quadplex_allowed,329
or/multnomah/maywood-park,(unzoned in parcel data),327,94.38,zone_missing,0,0,,,327
or/washington/sherwood,HDR_PUD,323,49.55,partial,0,21,,HDR_PUD.like;corner_access_street;driveway_approach_max_width_ft;driveway_max_frontage_pct;front_lot_line_corner;land_division_parent_standards;max_far;max_height_ft;max_height_stories;min_frontage_ft;min_lot_depth_ft;min_lot_sqft;min_lot_width_ft;parking_alley_access_required;parking_front_prohibited;parking_min_per_unit;quadplex_allowed;setback_front_ft;setback_garage_entrance_ft;setback_rear_ft;setback_side_ft;setback_street_side_ft,323
or/clackamas/west-linn,R-15,321,183.23,partial,0,25,,corner_access_street;driveway_approach_max_width_ft;driveway_approach_min_width_ft;driveway_min_width_one_way_ft;driveway_min_width_two_way_ft;front_lot_line_corner;front_lot_line_through;land_division_parent_standards;max_coverage_pct;max_height_ft;min_average_lot_width_ft;min_lot_sqft;min_lot_width_ft;parking_aisle_one_way_ft;parking_aisle_two_way_ft;parking_alley_access_required;parking_max_per_unit;parking_min_per_unit;parking_stall_depth_ft;parking_stall_width_ft;quadplex_allowed;setback_front_ft;setback_rear_ft;setback_side_ft;setback_street_side_ft,321
or/clackamas/wilsonville,PDR2,308,108.08,partial,0,20,,corner_access_street;driveway_approach_max_width_ft;front_lot_line_corner;front_lot_line_through;land_division_parent_standards;max_coverage_pct;max_height_ft;min_frontage_ft;min_landscaped_pct;min_lot_sqft;parking_alley_access_required;parking_area_max_frontage_pct;parking_stall_depth_ft;parking_stall_width_ft;quadplex_allowed;setback_front_ft;setback_garage_entrance_ft;setback_rear_ft;setback_side_ft;setback_street_side_ft,308
or/clackamas/wilsonville,R,306,145.9,partial,0,22,,corner_access_street;driveway_approach_max_width_ft;front_lot_line_corner;front_lot_line_through;land_division_parent_standards;max_coverage_pct;max_height_ft;min_frontage_ft;min_landscaped_pct;min_lot_depth_ft;min_lot_sqft;min_lot_width_ft;parking_alley_access_required;parking_area_max_frontage_pct;parking_stall_depth_ft;parking_stall_width_ft;quadplex_allowed;setback_front_ft;setback_garage_entrance_ft;setback_rear_ft;setback_side_ft;setback_street_side_ft,306
or/washington/hillsboro,SCR-DNC,305,75.58,partial,0,20,,corner_access_street;driveway_approach_max_width_ft;front_lot_line_corner;land_division_parent_standards;max_height_ft;min_density_du_per_acre;min_frontage_ft;min_lot_depth_ft;min_lot_sqft;min_lot_width_ft;parking_alley_access_required;parking_area_max_frontage_pct;parking_max_per_unit;parking_min_per_unit;quadplex_allowed;setback_front_ft;setback_front_max_ft;setback_garage_entrance_ft;setback_rear_ft;setback_side_ft,305
or/clackamas/west-linn,R-2.1,301,117.46,partial,0,24,,corner_access_street;driveway_approach_max_width_ft;driveway_approach_min_width_ft;driveway_min_width_one_way_ft;driveway_min_width_two_way_ft;front_lot_line_corner;front_lot_line_through;land_division_parent_standards;max_height_ft;min_average_lot_width_ft;min_lot_sqft;min_lot_width_ft;parking_aisle_one_way_ft;parking_aisle_two_way_ft;parking_alley_access_required;parking_max_per_unit;parking_min_per_unit;parking_stall_depth_ft;parking_stall_width_ft;quadplex_allowed;setback_front_ft;setback_rear_ft;setback_side_ft;setback_street_side_ft,301
or/multnomah/gresham,CMU,301,171.01,partial,0,25,,corner_access_street;driveway_approach_max_width_ft;driveway_approach_min_width_ft;front_lot_line_corner;front_lot_line_through;land_division_parent_standards;max_height_ft;min_density_du_per_acre;min_frontage_ft;min_lot_sqft;open_space_min_pct;orientation_constraint;parking_aisle_one_way_ft;parking_aisle_two_way_ft;parking_alley_access_required;parking_alley_backout_ft;parking_min_per_unit;parking_stall_depth_ft;parking_stall_width_ft;quadplex_allowed;setback_front_ft;setback_front_max_ft;setback_rear_ft;setback_side_ft;setback_street_side_ft,301
or/multnomah/gresham,DCC,300,134.2,partial,0,28,,corner_access_street;driveway_approach_max_width_ft;driveway_approach_min_width_ft;front_lot_line_corner;front_lot_line_through;land_division_parent_standards;max_far;max_height_ft;min_density_du_per_acre;min_frontage_ft;min_lot_depth_ft;min_lot_sqft;min_lot_width_ft;open_space_min_pct;orientation_constraint;parking_aisle_one_way_ft;parking_aisle_two_way_ft;parking_alley_access_required;parking_alley_backout_ft;parking_min_per_unit;parking_stall_depth_ft;parking_stall_width_ft;quadplex_allowed;setback_front_ft;setback_garage_entrance_ft;setback_rear_ft;setback_side_ft;setback_street_side_ft,300
or/multnomah/fairview,RM/TOZ,290,84.69,partial,0,28,,RM/TOZ.like;corner_access_street;driveway_approach_max_width_ft;driveway_approach_min_width_ft;front_lot_line_corner;land_division_parent_standards;max_coverage_pct;max_far;max_height_ft;min_building_separation_ft;min_density_du_per_acre;min_landscaped_pct;min_lot_sqft;min_lot_width_ft;open_space_min_pct;orientation_constraint;parking_aisle_one_way_ft;parking_aisle_two_way_ft;parking_area_max_frontage_pct;parking_building_buffer_ft;parking_min_per_unit;parking_stall_depth_ft;parking_stall_width_ft;quadplex_allowed;setback_front_ft;setback_front_max_ft;setback_rear_ft;setback_side_ft;setback_street_side_ft,290
or/multnomah/gresham,GI,284,2064.58,partial,0,15,,corner_access_street;driveway_approach_max_width_ft;driveway_approach_min_width_ft;front_lot_line_corner;front_lot_line_through;land_division_parent_standards;open_space_min_pct;parking_aisle_one_way_ft;parking_aisle_two_way_ft;parking_alley_access_required;parking_alley_backout_ft;parking_min_per_unit;parking_stall_depth_ft;parking_stall_width_ft;quadplex_allowed,284
or/clackamas/happy-valley,SFA,282,186.4,partial,0,23,,corner_access_street;driveway_min_width_one_way_ft;driveway_min_width_two_way_ft;front_lot_line_corner;front_lot_line_through;land_division_parent_standards;max_coverage_pct;max_height_ft;min_building_separation_ft;min_landscaped_pct;min_lot_sqft;parking_aisle_one_way_ft;parking_aisle_two_way_ft;parking_min_per_unit;parking_stall_depth_ft;parking_stall_width_ft;parking_street_setback_ft;quadplex_allowed;setback_front_ft;setback_garage_entrance_ft;setback_rear_ft;setback_side_ft;setback_street_side_ft,282
or/washington/_unincorporated,R-24 NB,281,65.18,partial,0,17,min_lot_sqft,corner_access_street;driveway_approach_max_width_ft;front_lot_line_corner;land_division_parent_standards;max_height_ft;min_density_du_per_acre;parking_aisle_one_way_ft;parking_aisle_two_way_ft;parking_min_per_unit;parking_stall_depth_ft;parking_stall_width_ft;quadplex_allowed;setback_front_ft;setback_garage_entrance_ft;setback_rear_ft;setback_side_ft;setback_street_side_ft,281
or/clackamas/oregon-city,MUD,278,566.2,partial,0,23,,corner_access_street;driveway_approach_max_width_ft;driveway_approach_min_width_ft;front_lot_line_corner;front_lot_line_through;land_division_parent_standards;max_coverage_pct;max_height_ft;min_building_height_ft;min_density_du_per_acre;min_landscaped_pct;parking_aisle_one_way_ft;parking_aisle_two_way_ft;parking_area_max_frontage_pct;parking_area_max_width_ft;parking_front_prohibited;parking_min_per_unit;parking_stall_depth_ft;parking_stall_width_ft;quadplex_allowed;setback_front_ft;setback_rear_ft;setback_side_ft,278
or/washington/beaverton,CS,273,550.07,partial,0,19,,front_lot_line_corner;land_division_parent_standards;max_far;min_density_du_per_acre;open_space_min_pct;parking_aisle_one_way_ft;parking_aisle_two_way_ft;parking_area_max_frontage_pct;parking_front_prohibited;parking_max_per_unit;parking_min_per_unit;parking_stall_depth_ft;parking_stall_width_ft;parking_street_setback_ft;quadplex_allowed;setback_front_ft;setback_front_max_ft;setback_rear_ft;setback_side_ft,273
or/washington/beaverton,MR,272,604.68,partial,0,19,,front_lot_line_corner;land_division_parent_standards;max_far;min_density_du_per_acre;min_lot_width_ft;open_space_min_pct;parking_aisle_one_way_ft;parking_aisle_two_way_ft;parking_front_prohibited;parking_max_per_unit;parking_min_per_unit;parking_stall_depth_ft;parking_stall_width_ft;parking_street_setback_ft;quadplex_allowed;setback_front_ft;setback_front_max_ft;setback_rear_ft;setback_side_ft,272
or/clackamas/_unincorporated,R5,269,122.87,partial,0,19,,corner_access_street;driveway_approach_max_width_ft;front_lot_line_corner;front_lot_line_through;land_division_parent_standards;max_coverage_pct;max_height_ft;min_lot_sqft;parking_aisle_one_way_ft;parking_aisle_two_way_ft;parking_area_max_frontage_pct;parking_min_per_unit;parking_stall_depth_ft;parking_stall_width_ft;quadplex_allowed;setback_front_ft;setback_garage_entrance_ft;setback_rear_ft;setback_side_ft,269
or/clackamas/_unincorporated,HDR,255,255.27,zone_missing,0,0,,,255
or/multnomah/gresham,RTC,254,188.64,partial,0,23,,corner_access_street;driveway_approach_max_width_ft;driveway_approach_min_width_ft;front_lot_line_corner;front_lot_line_through;land_division_parent_standards;max_height_stories;min_frontage_ft;min_lot_sqft;open_space_min_pct;parking_aisle_one_way_ft;parking_aisle_two_way_ft;parking_alley_access_required;parking_alley_backout_ft;parking_min_per_unit;parking_stall_depth_ft;parking_stall_width_ft;quadplex_allowed;setback_front_ft;setback_front_max_ft;setback_rear_ft;setback_side_ft;setback_street_side_ft,254
or/multnomah/portland,RX,253,199.47,partial,0,27,,corner_access_street;driveway_min_width_one_way_ft;driveway_min_width_two_way_ft;front_lot_line_corner;front_lot_line_through;land_division_parent_standards;max_coverage_pct;max_far;max_height_ft;min_density_du_per_acre;min_frontage_ft;min_landscaped_pct;parking_aisle_one_way_ft;parking_aisle_two_way_ft;parking_alley_access_required;parking_alley_backout_ft;parking_front_prohibited;parking_front_yard_max_pct;parking_max_per_unit;parking_stall_depth_ft;parking_stall_width_ft;parking_street_setback_ft;quadplex_allowed;setback_front_ft;setback_garage_entrance_ft;setback_rear_ft;setback_side_ft,253
or/multnomah/_unincorporated,MUA20,251,830.2,partial,0,11,,corner_access_street;driveway_min_width_two_way_ft;front_lot_line_corner;front_lot_line_through;land_division_parent_standards;parking_aisle_one_way_ft;parking_aisle_two_way_ft;parking_min_per_unit;parking_stall_depth_ft;parking_stall_width_ft;quadplex_allowed,251
or/washington/king-city,AT,249,63.46,partial,0,9,,front_lot_line_corner;land_division_parent_standards;parking_aisle_one_way_ft;parking_aisle_two_way_ft;parking_front_prohibited;parking_min_per_unit;parking_stall_depth_ft;parking_stall_width_ft;quadplex_allowed,249
or/multnomah/gresham,MC,248,324.54,partial,0,22,,corner_access_street;driveway_approach_max_width_ft;driveway_approach_min_width_ft;front_lot_line_corner;front_lot_line_through;land_division_parent_standards;max_height_ft;min_density_du_per_acre;open_space_min_pct;parking_aisle_one_way_ft;parking_aisle_two_way_ft;parking_alley_access_required;parking_alley_backout_ft;parking_min_per_unit;parking_stall_depth_ft;parking_stall_width_ft;quadplex_allowed;setback_front_ft;setback_front_max_ft;setback_rear_ft;setback_side_ft;setback_street_side_ft,248
or/multnomah/fairview,R/SFLD,247,49.57,partial,0,28,,R/SFLD.like;corner_access_street;driveway_approach_max_width_ft;driveway_approach_min_width_ft;front_lot_line_corner;land_division_parent_standards;max_coverage_pct;max_far;max_height_ft;max_lot_depth_ratio;min_building_separation_ft;min_density_du_per_acre;min_landscaped_pct;min_lot_sqft;min_lot_width_ft;orientation_constraint;parking_aisle_one_way_ft;parking_aisle_two_way_ft;parking_area_max_frontage_pct;parking_building_buffer_ft;parking_min_per_unit;parking_stall_depth_ft;parking_stall_width_ft;quadplex_allowed;setback_front_ft;setback_front_max_ft;setback_rear_ft;setback_side_ft;setback_street_side_ft,247
or/multnomah/portland,CI2,245,348.77,partial,0,24,,corner_access_street;driveway_min_width_one_way_ft;driveway_min_width_two_way_ft;front_lot_line_corner;front_lot_line_through;land_division_parent_standards;max_coverage_pct;max_far;max_height_ft;min_landscaped_pct;parking_aisle_one_way_ft;parking_aisle_two_way_ft;parking_alley_access_required;parking_alley_backout_ft;parking_front_prohibited;parking_front_yard_max_pct;parking_stall_depth_ft;parking_stall_width_ft;parking_street_setback_ft;quadplex_allowed;setback_front_ft;setback_front_max_ft;setback_rear_ft;setback_side_ft,245
or/washington/hillsboro,R-8.5,241,63.98,partial,0,19,,corner_access_street;driveway_approach_max_width_ft;front_lot_line_corner;land_division_parent_standards;max_coverage_pct;max_height_ft;min_density_du_per_acre;min_frontage_ft;min_lot_depth_ft;min_lot_sqft;min_lot_width_ft;parking_alley_access_required;parking_area_max_frontage_pct;parking_max_per_unit;parking_min_per_unit;quadplex_allowed;setback_front_ft;setback_rear_ft;setback_side_ft,241
or/clackamas/rivergrove,(unzoned in parcel data),238,104.11,zone_missing,0,0,,,238
or/washington/beaverton,RC-OT,236,97.65,partial,0,19,,front_lot_line_corner;land_division_parent_standards;max_height_ft;min_density_du_per_acre;open_space_min_sqft;parking_aisle_one_way_ft;parking_aisle_two_way_ft;parking_front_prohibited;parking_max_per_unit;parking_min_per_unit;parking_stall_depth_ft;parking_stall_width_ft;parking_street_setback_ft;quadplex_allowed;setback_front_ft;setback_front_max_ft;setback_rear_ft;setback_side_ft;setback_street_side_ft,236
or/washington/_unincorporated,CBD,235,265.36,partial,0,11,max_height_ft;min_lot_sqft;setback_front_ft;setback_rear_ft;setback_side_ft,corner_access_street;driveway_approach_max_width_ft;front_lot_line_corner;land_division_parent_standards;min_density_du_per_acre;parking_aisle_one_way_ft;parking_aisle_two_way_ft;parking_min_per_unit;parking_stall_depth_ft;parking_stall_width_ft;quadplex_allowed,235
or/multnomah/_unincorporated,RF,232,521.7,partial,0,17,min_lot_sqft,corner_access_street;driveway_min_width_two_way_ft;front_lot_line_corner;front_lot_line_through;land_division_parent_standards;max_height_ft;parking_aisle_one_way_ft;parking_aisle_two_way_ft;parking_min_per_unit;parking_stall_depth_ft;parking_stall_width_ft;parking_street_setback_ft;quadplex_allowed;setback_front_ft;setback_garage_entrance_ft;setback_rear_ft;setback_side_ft,232
or/clackamas/wilsonville,PDC,230,354.18,partial,0,11,,corner_access_street;driveway_approach_max_width_ft;front_lot_line_corner;front_lot_line_through;land_division_parent_standards;min_landscaped_pct;parking_alley_access_required;parking_area_max_frontage_pct;parking_stall_depth_ft;parking_stall_width_ft;quadplex_allowed,230
or/washington/_unincorporated,TO:R12-18,229,23.69,partial,0,16,,TO:R12-18.like;corner_access_street;driveway_approach_max_width_ft;front_lot_line_corner;land_division_parent_standards;max_height_ft;max_units;min_building_separation_ft;min_lot_sqft;parking_aisle_one_way_ft;parking_aisle_two_way_ft;parking_min_per_unit;parking_stall_depth_ft;parking_stall_width_ft;quadplex_allowed;setback_front_ft;setback_front_max_ft,229
or/multnomah/gresham,DTM,222,133.58,partial,0,28,,corner_access_street;driveway_approach_max_width_ft;driveway_approach_min_width_ft;front_lot_line_corner;front_lot_line_through;land_division_parent_standards;max_far;max_height_ft;min_density_du_per_acre;min_frontage_ft;min_lot_depth_ft;min_lot_sqft;min_lot_width_ft;open_space_min_pct;orientation_constraint;parking_aisle_one_way_ft;parking_aisle_two_way_ft;parking_alley_access_required;parking_alley_backout_ft;parking_min_per_unit;parking_stall_depth_ft;parking_stall_width_ft;quadplex_allowed;setback_front_ft;setback_garage_entrance_ft;setback_rear_ft;setback_side_ft;setback_street_side_ft,222
or/washington/king-city,R-12,222,28.85,partial,0,9,,front_lot_line_corner;land_division_parent_standards;parking_aisle_one_way_ft;parking_aisle_two_way_ft;parking_front_prohibited;parking_min_per_unit;parking_stall_depth_ft;parking_stall_width_ft;quadplex_allowed,222
or/washington/_unincorporated,INST,217,1653.04,partial,0,10,,corner_access_street;driveway_approach_max_width_ft;front_lot_line_corner;land_division_parent_standards;parking_aisle_one_way_ft;parking_aisle_two_way_ft;parking_min_per_unit;parking_stall_depth_ft;parking_stall_width_ft;quadplex_allowed,217
or/washington/king-city,R-9 (WC),216,46.48,zone_missing,0,0,,,216
or/clackamas/_unincorporated,VR45,215,49.25,partial,0,19,,corner_access_street;driveway_approach_max_width_ft;front_lot_line_corner;front_lot_line_through;land_division_parent_standards;max_coverage_pct;max_height_ft;min_lot_sqft;parking_aisle_one_way_ft;parking_aisle_two_way_ft;parking_area_max_frontage_pct;parking_min_per_unit;parking_stall_depth_ft;parking_stall_width_ft;quadplex_allowed;setback_front_ft;setback_front_max_ft;setback_rear_ft;setback_side_ft,215
or/washington/hillsboro,MU-VTC,211,118.54,partial,0,18,,corner_access_street;driveway_approach_max_width_ft;front_lot_line_corner;land_division_parent_standards;max_height_stories;min_building_height_stories;min_lot_sqft;min_lot_width_ft;parking_alley_access_required;parking_area_max_frontage_pct;parking_max_per_unit;parking_min_per_unit;quadplex_allowed;setback_front_ft;setback_front_max_ft;setback_garage_entrance_ft;setback_rear_ft;setback_side_ft,211
or/washington/hillsboro,SCR-OTC,211,91.29,partial,0,22,,corner_access_street;driveway_approach_max_width_ft;front_lot_line_corner;land_division_parent_standards;max_height_ft;max_height_stories;min_density_du_per_acre;min_frontage_ft;min_lot_depth_ft;min_lot_sqft;min_lot_width_ft;parking_alley_access_required;parking_area_max_frontage_pct;parking_max_per_unit;parking_min_per_unit;quadplex_allowed;setback_front_ft;setback_front_max_ft;setback_garage_entrance_ft;setback_rear_ft;setback_side_ft;setback_side_total_ft,211
or/multnomah/gresham,DRL-2,202,44.12,partial,0,28,,corner_access_street;driveway_approach_max_width_ft;driveway_approach_min_width_ft;front_lot_line_corner;front_lot_line_through;land_division_parent_standards;max_far;max_height_ft;min_density_du_per_acre;min_frontage_ft;min_lot_depth_ft;min_lot_sqft;min_lot_width_ft;open_space_min_pct;orientation_constraint;parking_aisle_one_way_ft;parking_aisle_two_way_ft;parking_alley_access_required;parking_alley_backout_ft;parking_min_per_unit;parking_stall_depth_ft;parking_stall_width_ft;quadplex_allowed;setback_front_ft;setback_garage_entrance_ft;setback_rear_ft;setback_side_ft;setback_street_side_ft,202
or/multnomah/gresham,THR-SW,200,34.73,partial,0,19,,corner_access_street;driveway_approach_max_width_ft;driveway_approach_min_width_ft;front_lot_line_corner;front_lot_line_through;land_division_parent_standards;max_height_ft;min_frontage_ft;min_lot_depth_ft;min_lot_width_ft;open_space_min_pct;parking_aisle_one_way_ft;parking_aisle_two_way_ft;parking_alley_access_required;parking_alley_backout_ft;parking_min_per_unit;parking_stall_depth_ft;parking_stall_width_ft;quadplex_allowed,200
or/clackamas/tualatin,RH,198,159.11,zone_missing,0,0,,,198
or/clackamas/tualatin,RMH,192,227.17,zone_missing,0,0,,,192
or/clackamas/_unincorporated,GI,191,610.68,partial,0,12,,corner_access_street;driveway_approach_max_width_ft;front_lot_line_corner;front_lot_line_through;land_division_parent_standards;parking_aisle_one_way_ft;parking_aisle_two_way_ft;parking_area_max_frontage_pct;parking_min_per_unit;parking_stall_depth_ft;parking_stall_width_ft;quadplex_allowed,191
or/multnomah/gresham,MDR-24,180,266.69,partial,0,26,,corner_access_street;driveway_approach_max_width_ft;driveway_approach_min_width_ft;front_lot_line_corner;front_lot_line_through;land_division_parent_standards;max_height_ft;min_density_du_per_acre;min_frontage_ft;min_lot_sqft;min_lot_width_ft;open_space_min_pct;parking_aisle_one_way_ft;parking_aisle_two_way_ft;parking_alley_access_required;parking_alley_backout_ft;parking_min_per_unit;parking_stall_depth_ft;parking_stall_width_ft;quadplex_allowed;setback_front_ft;setback_front_max_ft;setback_garage_entrance_ft;setback_rear_ft;setback_side_ft;setback_street_side_ft,180
or/washington/hillsboro,SCR-HD,177,59.16,partial,0,19,,corner_access_street;driveway_approach_max_width_ft;front_lot_line_corner;land_division_parent_standards;max_height_stories;min_building_height_stories;min_density_du_per_acre;min_frontage_ft;min_lot_sqft;min_lot_width_ft;parking_alley_access_required;parking_area_max_frontage_pct;parking_max_per_unit;parking_min_per_unit;quadplex_allowed;setback_front_ft;setback_garage_entrance_ft;setback_rear_ft;setback_side_ft,177
or/multnomah/wood-village,LR 7.5,175,41.74,partial,0,22,,corner_access_street;front_lot_line_corner;front_lot_line_through;land_division_parent_standards;max_coverage_pct;max_height_ft;min_density_du_per_acre;min_lot_depth_ft;min_lot_sqft;min_lot_width_ft;parking_aisle_one_way_ft;parking_aisle_two_way_ft;parking_min_per_unit;parking_stall_depth_ft;parking_stall_width_ft;parking_street_setback_ft;quadplex_allowed;setback_front_ft;setback_garage_entrance_ft;setback_rear_ft;setback_side_ft;setback_street_side_ft,175
or/washington/sherwood,VLDR_PUD,174,88.67,partial,0,20,,corner_access_street;driveway_approach_max_width_ft;driveway_max_frontage_pct;front_lot_line_corner;land_division_parent_standards;max_height_ft;max_height_stories;min_frontage_ft;min_lot_depth_ft;min_lot_sqft;min_lot_width_ft;parking_alley_access_required;parking_front_prohibited;parking_min_per_unit;quadplex_allowed;setback_front_ft;setback_garage_entrance_ft;setback_rear_ft;setback_side_ft;setback_street_side_ft,174
or/clackamas/west-linn,GC,167,121.07,partial,0,16,,corner_access_street;driveway_approach_max_width_ft;driveway_approach_min_width_ft;driveway_min_width_one_way_ft;driveway_min_width_two_way_ft;front_lot_line_corner;front_lot_line_through;land_division_parent_standards;parking_aisle_one_way_ft;parking_aisle_two_way_ft;parking_alley_access_required;parking_max_per_unit;parking_min_per_unit;parking_stall_depth_ft;parking_stall_width_ft;quadplex_allowed,167
or/multnomah/wood-village,TC,167,129.86,partial,0,21,,TC.like;corner_access_street;front_lot_line_corner;front_lot_line_through;land_division_parent_standards;max_coverage_pct;max_height_ft;min_lot_depth_ft;min_lot_sqft;min_lot_width_ft;open_space_min_pct;parking_aisle_one_way_ft;parking_aisle_two_way_ft;parking_min_per_unit;parking_stall_depth_ft;parking_stall_width_ft;parking_street_setback_ft;quadplex_allowed;setback_front_ft;setback_garage_entrance_ft;setback_rear_ft;setback_side_ft,167
or/multnomah/gresham,CC,165,227.45,partial,0,22,,corner_access_street;driveway_approach_max_width_ft;driveway_approach_min_width_ft;front_lot_line_corner;front_lot_line_through;land_division_parent_standards;max_height_ft;min_density_du_per_acre;open_space_min_pct;parking_aisle_one_way_ft;parking_aisle_two_way_ft;parking_alley_access_required;parking_alley_backout_ft;parking_min_per_unit;parking_stall_depth_ft;parking_stall_width_ft;quadplex_allowed;setback_front_ft;setback_front_max_ft;setback_rear_ft;setback_side_ft;setback_street_side_ft,165
or/multnomah/_unincorporated,LR7,163,41.67,partial,0,22,,corner_access_street;driveway_min_width_two_way_ft;front_lot_line_corner;front_lot_line_through;land_division_parent_standards;max_coverage_pct;max_height_ft;min_frontage_ft;min_lot_sqft;min_lot_width_ft;open_space_min_sqft;parking_aisle_one_way_ft;parking_aisle_two_way_ft;parking_min_per_unit;parking_stall_depth_ft;parking_stall_width_ft;parking_street_setback_ft;quadplex_allowed;setback_front_ft;setback_rear_ft;setback_side_ft;setback_street_side_ft,163
or/multnomah/fairview,VSF,161,31.82,partial,0,21,,corner_access_street;driveway_approach_max_width_ft;driveway_approach_min_width_ft;front_lot_line_corner;land_division_parent_standards;max_coverage_pct;max_height_ft;min_lot_depth_ft;min_lot_sqft;parking_aisle_one_way_ft;parking_aisle_two_way_ft;parking_area_max_frontage_pct;parking_building_buffer_ft;parking_min_per_unit;parking_stall_depth_ft;parking_stall_width_ft;quadplex_allowed;setback_front_ft;setback_rear_ft;setback_side_ft;setback_street_side_ft,161
or/multnomah/wood-village,LR 12,161,78.51,partial,0,22,,corner_access_street;front_lot_line_corner;front_lot_line_through;land_division_parent_standards;max_coverage_pct;max_height_ft;min_density_du_per_acre;min_lot_depth_ft;min_lot_sqft;min_lot_width_ft;parking_aisle_one_way_ft;parking_aisle_two_way_ft;parking_min_per_unit;parking_stall_depth_ft;parking_stall_width_ft;parking_street_setback_ft;quadplex_allowed;setback_front_ft;setback_garage_entrance_ft;setback_rear_ft;setback_side_ft;setback_street_side_ft,161
or/clackamas/west-linn,R-20,159,107.84,partial,0,26,,corner_access_street;driveway_approach_max_width_ft;driveway_approach_min_width_ft;driveway_min_width_one_way_ft;driveway_min_width_two_way_ft;front_lot_line_corner;front_lot_line_through;land_division_parent_standards;max_coverage_pct;max_far;max_height_ft;min_average_lot_width_ft;min_lot_sqft;min_lot_width_ft;parking_aisle_one_way_ft;parking_aisle_two_way_ft;parking_alley_access_required;parking_max_per_unit;parking_min_per_unit;parking_stall_depth_ft;parking_stall_width_ft;quadplex_allowed;setback_front_ft;setback_rear_ft;setback_side_ft;setback_street_side_ft,159
or/clackamas/_unincorporated,EFU,158,1621.61,partial,0,12,,corner_access_street;driveway_approach_max_width_ft;front_lot_line_corner;front_lot_line_through;land_division_parent_standards;parking_aisle_one_way_ft;parking_aisle_two_way_ft;parking_area_max_frontage_pct;parking_min_per_unit;parking_stall_depth_ft;parking_stall_width_ft;quadplex_allowed,158
or/clackamas/tualatin,ML,158,384.96,partial,0,13,,corner_access_street;driveway_approach_max_width_ft;driveway_approach_min_width_ft;driveway_min_width_one_way_ft;driveway_min_width_two_way_ft;front_lot_line_corner;land_division_parent_standards;parking_aisle_one_way_ft;parking_aisle_two_way_ft;parking_min_per_unit;parking_stall_depth_ft;parking_stall_width_ft;quadplex_allowed,158
or/washington/beaverton,RC-BC,158,118.24,partial,0,19,,front_lot_line_corner;land_division_parent_standards;max_height_ft;min_density_du_per_acre;open_space_min_sqft;parking_aisle_one_way_ft;parking_aisle_two_way_ft;parking_front_prohibited;parking_max_per_unit;parking_min_per_unit;parking_stall_depth_ft;parking_stall_width_ft;parking_street_setback_ft;quadplex_allowed;setback_front_ft;setback_front_max_ft;setback_rear_ft;setback_side_ft;setback_street_side_ft,158
or/clackamas/tualatin,CC,155,229.61,zone_missing,0,0,,,155
or/washington/beaverton,OI,154,585.66,partial,0,9,,front_lot_line_corner;land_division_parent_standards;parking_aisle_one_way_ft;parking_aisle_two_way_ft;parking_max_per_unit;parking_min_per_unit;parking_stall_depth_ft;parking_stall_width_ft;quadplex_allowed,154
or/multnomah/troutdale,GI,153,1037.1,partial,0,14,,corner_access_street;driveway_approach_max_width_ft;driveway_min_width_one_way_ft;driveway_min_width_two_way_ft;front_lot_line_corner;front_lot_line_through;land_division_parent_standards;parking_aisle_one_way_ft;parking_aisle_two_way_ft;parking_area_max_frontage_pct;parking_min_per_unit;parking_stall_depth_ft;parking_stall_width_ft;quadplex_allowed,153
or/multnomah/gresham,DCL,152,138.26,partial,0,15,,corner_access_street;driveway_approach_max_width_ft;driveway_approach_min_width_ft;front_lot_line_corner;front_lot_line_through;land_division_parent_standards;open_space_min_pct;parking_aisle_one_way_ft;parking_aisle_two_way_ft;parking_alley_access_required;parking_alley_backout_ft;parking_min_per_unit;parking_stall_depth_ft;parking_stall_width_ft;quadplex_allowed,152
or/multnomah/_unincorporated,RR,150,503.95,partial,0,18,,corner_access_street;driveway_min_width_two_way_ft;front_lot_line_corner;front_lot_line_through;land_division_parent_standards;max_height_ft;min_frontage_ft;min_lot_sqft;parking_aisle_one_way_ft;parking_aisle_two_way_ft;parking_min_per_unit;parking_stall_depth_ft;parking_stall_width_ft;quadplex_allowed;setback_front_ft;setback_rear_ft;setback_side_ft;setback_street_side_ft,150
or/clackamas/gladstone,C2,148,40.47,zone_missing,0,0,,,148
or/multnomah/fairview,RM,147,118.0,partial,0,28,,corner_access_street;driveway_approach_max_width_ft;driveway_approach_min_width_ft;front_lot_line_corner;land_division_parent_standards;max_coverage_pct;max_far;max_height_ft;min_building_separation_ft;min_density_du_per_acre;min_landscaped_pct;min_lot_sqft;min_lot_width_ft;open_space_min_pct;orientation_constraint;parking_aisle_one_way_ft;parking_aisle_two_way_ft;parking_area_max_frontage_pct;parking_building_buffer_ft;parking_min_per_unit;parking_stall_depth_ft;parking_stall_width_ft;quadplex_allowed;setback_front_ft;setback_front_max_ft;setback_rear_ft;setback_side_ft;setback_street_side_ft,147
or/washington/hillsboro,MU-C,143,33.78,partial,0,20,,corner_access_street;driveway_approach_max_width_ft;front_lot_line_corner;land_division_parent_standards;max_height_ft;min_building_height_ft;min_density_du_per_acre;min_frontage_ft;min_lot_width_ft;open_space_min_sqft;parking_alley_access_required;parking_area_max_frontage_pct;parking_max_per_unit;parking_min_per_unit;quadplex_allowed;setback_front_ft;setback_front_max_ft;setback_garage_entrance_ft;setback_rear_ft;setback_side_ft,143
or/multnomah/portland,CI1,142,507.83,partial,0,23,,corner_access_street;driveway_min_width_one_way_ft;driveway_min_width_two_way_ft;front_lot_line_corner;front_lot_line_through;land_division_parent_standards;max_coverage_pct;max_far;max_height_ft;min_landscaped_pct;parking_aisle_one_way_ft;parking_aisle_two_way_ft;parking_alley_access_required;parking_alley_backout_ft;parking_front_prohibited;parking_front_yard_max_pct;parking_stall_depth_ft;parking_stall_width_ft;parking_street_setback_ft;quadplex_allowed;setback_front_ft;setback_rear_ft;setback_side_ft,142
or/washington/beaverton,IND,136,448.78,partial,0,9,,front_lot_line_corner;land_division_parent_standards;parking_aisle_one_way_ft;parking_aisle_two_way_ft;parking_max_per_unit;parking_min_per_unit;parking_stall_depth_ft;parking_stall_width_ft;quadplex_allowed,136
or/clackamas/oregon-city,MUE,133,164.89,partial,0,14,max_height_ft;min_lot_sqft;setback_front_ft;setback_rear_ft;setback_side_ft,corner_access_street;driveway_approach_max_width_ft;driveway_approach_min_width_ft;front_lot_line_corner;front_lot_line_through;land_division_parent_standards;parking_aisle_one_way_ft;parking_aisle_two_way_ft;parking_area_max_frontage_pct;parking_area_max_width_ft;parking_min_per_unit;parking_stall_depth_ft;parking_stall_width_ft;quadplex_allowed,133
or/clackamas/gladstone,C3,131,161.46,zone_missing,0,0,,,131
or/clackamas/_unincorporated,CC,130,115.84,zone_missing,0,0,,,130
or/washington/_unincorporated,AF-5,130,472.64,partial,0,10,,corner_access_street;driveway_approach_max_width_ft;front_lot_line_corner;land_division_parent_standards;parking_aisle_one_way_ft;parking_aisle_two_way_ft;parking_min_per_unit;parking_stall_depth_ft;parking_stall_width_ft;quadplex_allowed,130
or/washington/sherwood,MDRL_PUD,123,15.12,partial,0,21,,MDRL_PUD.like;corner_access_street;driveway_approach_max_width_ft;driveway_max_frontage_pct;front_lot_line_corner;land_division_parent_standards;max_far;max_height_ft;max_height_stories;min_frontage_ft;min_lot_depth_ft;min_lot_sqft;min_lot_width_ft;parking_alley_access_required;parking_front_prohibited;parking_min_per_unit;quadplex_allowed;setback_front_ft;setback_garage_entrance_ft;setback_rear_ft;setback_side_ft;setback_street_side_ft,123
or/clackamas/happy-valley,IPU,122,899.26,partial,0,12,,corner_access_street;driveway_min_width_one_way_ft;driveway_min_width_two_way_ft;front_lot_line_corner;front_lot_line_through;land_division_parent_standards;parking_aisle_one_way_ft;parking_aisle_two_way_ft;parking_min_per_unit;parking_stall_depth_ft;parking_stall_width_ft;quadplex_allowed,122
or/clackamas/_unincorporated,MR2,120,244.55,partial,0,18,,corner_access_street;driveway_approach_max_width_ft;front_lot_line_corner;front_lot_line_through;land_division_parent_standards;min_lot_sqft;orientation_constraint;parking_aisle_one_way_ft;parking_aisle_two_way_ft;parking_area_max_frontage_pct;parking_min_per_unit;parking_stall_depth_ft;parking_stall_width_ft;quadplex_allowed;setback_front_ft;setback_garage_entrance_ft;setback_rear_ft;setback_side_ft,120
or/clackamas/milwaukie,DMU,120,66.26,zone_missing,0,0,,,120
or/clackamas/_unincorporated,TBR,118,901.92,partial,0,12,,corner_access_street;driveway_approach_max_width_ft;front_lot_line_corner;front_lot_line_through;land_division_parent_standards;parking_aisle_one_way_ft;parking_aisle_two_way_ft;parking_area_max_frontage_pct;parking_min_per_unit;parking_stall_depth_ft;parking_stall_width_ft;quadplex_allowed,118
or/washington/sherwood,Old Town,117,70.04,zone_missing,0,0,,,117
or/clackamas/_unincorporated,VTH,115,15.36,zone_missing,0,0,,,115
or/washington/beaverton,NS,113,81.75,partial,0,22,,front_lot_line_corner;land_division_parent_standards;max_far;max_height_ft;min_density_du_per_acre;min_lot_depth_ft;min_lot_width_ft;open_space_min_pct;parking_aisle_one_way_ft;parking_aisle_two_way_ft;parking_area_max_frontage_pct;parking_front_prohibited;parking_max_per_unit;parking_min_per_unit;parking_stall_depth_ft;parking_stall_width_ft;parking_street_setback_ft;quadplex_allowed;setback_front_ft;setback_front_max_ft;setback_rear_ft;setback_side_ft,113
or/washington/_unincorporated,OC,110,85.05,partial,0,10,,corner_access_street;driveway_approach_max_width_ft;front_lot_line_corner;land_division_parent_standards;parking_aisle_one_way_ft;parking_aisle_two_way_ft;parking_min_per_unit;parking_stall_depth_ft;parking_stall_width_ft;quadplex_allowed,110
or/washington/king-city,R-24,110,18.7,partial,0,9,,front_lot_line_corner;land_division_parent_standards;parking_aisle_one_way_ft;parking_aisle_two_way_ft;parking_front_prohibited;parking_min_per_unit;parking_stall_depth_ft;parking_stall_width_ft;quadplex_allowed,110
or/multnomah/gresham,CNTM,108,59.09,partial,0,15,,corner_access_street;driveway_approach_max_width_ft;driveway_approach_min_width_ft;front_lot_line_corner;front_lot_line_through;land_division_parent_standards;open_space_min_pct;parking_aisle_one_way_ft;parking_aisle_two_way_ft;parking_alley_access_required;parking_alley_backout_ft;parking_min_per_unit;parking_stall_depth_ft;parking_stall_width_ft;quadplex_allowed,108
or/clackamas/_unincorporated,RCC,107,154.87,zone_missing,0,0,,,107
or/multnomah/gresham,LDR-SW,105,99.22,partial,0,27,,corner_access_street;driveway_approach_max_width_ft;driveway_approach_min_width_ft;front_lot_line_corner;front_lot_line_through;land_division_parent_standards;max_far;max_height_ft;min_density_du_per_acre;min_frontage_ft;min_lot_depth_ft;min_lot_sqft;min_lot_width_ft;open_space_min_pct;parking_aisle_one_way_ft;parking_aisle_two_way_ft;parking_alley_access_required;parking_alley_backout_ft;parking_min_per_unit;parking_stall_depth_ft;parking_stall_width_ft;quadplex_allowed;setback_front_ft;setback_garage_entrance_ft;setback_rear_ft;setback_side_ft;setback_street_side_ft,105
or/clackamas/_unincorporated,R30,104,105.96,partial,0,19,,corner_access_street;driveway_approach_max_width_ft;front_lot_line_corner;front_lot_line_through;land_division_parent_standards;max_coverage_pct;max_height_ft;min_lot_sqft;parking_aisle_one_way_ft;parking_aisle_two_way_ft;parking_area_max_frontage_pct;parking_min_per_unit;parking_stall_depth_ft;parking_stall_width_ft;quadplex_allowed;setback_front_ft;setback_garage_entrance_ft;setback_rear_ft;setback_side_ft,104
or/clackamas/wilsonville,FDAHR,104,208.09,partial,0,11,,corner_access_street;driveway_approach_max_width_ft;front_lot_line_corner;front_lot_line_through;land_division_parent_standards;min_landscaped_pct;parking_alley_access_required;parking_area_max_frontage_pct;parking_stall_depth_ft;parking_stall_width_ft;quadplex_allowed,104
or/washington/hillsboro,SCBP,104,258.17,partial,0,9,,corner_access_street;driveway_approach_max_width_ft;front_lot_line_corner;land_division_parent_standards;parking_alley_access_required;parking_area_max_frontage_pct;parking_max_per_unit;parking_min_per_unit;quadplex_allowed,104
or/clackamas/wilsonville,OTR,103,33.1,partial,0,19,max_height_ft,corner_access_street;driveway_approach_max_width_ft;front_lot_line_corner;front_lot_line_through;land_division_parent_standards;min_frontage_ft;min_landscaped_pct;min_lot_sqft;min_lot_width_ft;parking_alley_access_required;parking_area_max_frontage_pct;parking_stall_depth_ft;parking_stall_width_ft;quadplex_allowed;setback_front_ft;setback_garage_entrance_ft;setback_rear_ft;setback_side_ft;setback_street_side_ft,103
or/washington/beaverton,GC,101,181.27,partial,0,19,,front_lot_line_corner;land_division_parent_standards;max_far;min_density_du_per_acre;open_space_min_pct;parking_aisle_one_way_ft;parking_aisle_two_way_ft;parking_area_max_frontage_pct;parking_front_prohibited;parking_max_per_unit;parking_min_per_unit;parking_stall_depth_ft;parking_stall_width_ft;parking_street_setback_ft;quadplex_allowed;setback_front_ft;setback_front_max_ft;setback_rear_ft;setback_side_ft,101
or/washington/_unincorporated,CCMU,98,66.1,partial,0,21,setback_rear_ft;setback_side_ft,corner_access_street;driveway_approach_max_width_ft;front_lot_line_corner;land_division_parent_standards;max_height_ft;min_average_lot_width_ft;min_density_du_per_acre;min_frontage_ft;min_lot_depth_ft;min_lot_sqft;parking_aisle_one_way_ft;parking_aisle_two_way_ft;parking_front_prohibited;parking_min_per_unit;parking_stall_depth_ft;parking_stall_width_ft;parking_street_setback_ft;quadplex_allowed;setback_front_ft;setback_front_max_ft;setback_street_side_ft,98
or/washington/_unincorporated,FD-10,96,303.72,partial,0,10,,corner_access_street;driveway_approach_max_width_ft;front_lot_line_corner;land_division_parent_standards;parking_aisle_one_way_ft;parking_aisle_two_way_ft;parking_min_per_unit;parking_stall_depth_ft;parking_stall_width_ft;quadplex_allowed,96
or/clackamas/happy-valley,RRFF5,95,274.7,zone_missing,0,0,,,95
or/multnomah/fairview,R-10,95,47.7,partial,0,28,,corner_access_street;driveway_approach_max_width_ft;driveway_approach_min_width_ft;front_lot_line_corner;land_division_parent_standards;max_coverage_pct;max_far;max_height_ft;max_lot_depth_ratio;min_building_separation_ft;min_density_du_per_acre;min_landscaped_pct;min_lot_sqft;min_lot_width_ft;orientation_constraint;parking_aisle_one_way_ft;parking_aisle_two_way_ft;parking_area_max_frontage_pct;parking_building_buffer_ft;parking_min_per_unit;parking_stall_depth_ft;parking_stall_width_ft;quadplex_allowed;setback_front_ft;setback_front_max_ft;setback_rear_ft;setback_side_ft;setback_street_side_ft,95
or/multnomah/troutdale,MU-1,94,36.64,partial,0,14,,corner_access_street;driveway_approach_max_width_ft;driveway_min_width_one_way_ft;driveway_min_width_two_way_ft;front_lot_line_corner;front_lot_line_through;land_division_parent_standards;parking_aisle_one_way_ft;parking_aisle_two_way_ft;parking_area_max_frontage_pct;parking_min_per_unit;parking_stall_depth_ft;parking_stall_width_ft;quadplex_allowed,94
or/clackamas/oregon-city,I,93,433.59,partial,0,14,max_height_ft;min_lot_sqft;setback_front_ft;setback_rear_ft;setback_side_ft,corner_access_street;driveway_approach_max_width_ft;driveway_approach_min_width_ft;front_lot_line_corner;front_lot_line_through;land_division_parent_standards;parking_aisle_one_way_ft;parking_aisle_two_way_ft;parking_area_max_frontage_pct;parking_area_max_width_ft;parking_min_per_unit;parking_stall_depth_ft;parking_stall_width_ft;quadplex_allowed,93
or/multnomah/fairview,VTH,93,7.14,partial,0,15,,corner_access_street;driveway_approach_max_width_ft;driveway_approach_min_width_ft;front_lot_line_corner;land_division_parent_standards;max_height_ft;min_landscaped_pct;parking_aisle_one_way_ft;parking_aisle_two_way_ft;parking_area_max_frontage_pct;parking_building_buffer_ft;parking_min_per_unit;parking_stall_depth_ft;parking_stall_width_ft;quadplex_allowed,93
or/multnomah/gresham,LDR/GB,93,98.98,partial,0,26,,LDR/GB.like;corner_access_street;driveway_approach_max_width_ft;driveway_approach_min_width_ft;front_lot_line_corner;front_lot_line_through;land_division_parent_standards;max_height_ft;min_density_du_per_acre;min_frontage_ft;min_lot_depth_ft;min_lot_sqft;min_lot_width_ft;open_space_min_pct;parking_aisle_one_way_ft;parking_aisle_two_way_ft;parking_alley_access_required;parking_alley_backout_ft;parking_min_per_unit;parking_stall_depth_ft;parking_stall_width_ft;quadplex_allowed;setback_front_ft;setback_garage_entrance_ft;setback_rear_ft;setback_side_ft;setback_street_side_ft,93
or/washington/_unincorporated,TO:RC,91,86.61,partial,0,10,,corner_access_street;driveway_approach_max_width_ft;front_lot_line_corner;land_division_parent_standards;parking_aisle_one_way_ft;parking_aisle_two_way_ft;parking_min_per_unit;parking_stall_depth_ft;parking_stall_width_ft;quadplex_allowed,91
or/multnomah/portland,RMP,87,327.4,partial,0,27,,corner_access_street;driveway_min_width_one_way_ft;driveway_min_width_two_way_ft;front_lot_line_corner;front_lot_line_through;land_division_parent_standards;max_coverage_pct;max_height_ft;min_density_du_per_acre;min_landscaped_pct;min_lot_sqft;min_lot_width_ft;parking_aisle_one_way_ft;parking_aisle_two_way_ft;parking_alley_access_required;parking_alley_backout_ft;parking_front_prohibited;parking_front_yard_max_pct;parking_max_per_unit;parking_stall_depth_ft;parking_stall_width_ft;parking_street_setback_ft;quadplex_allowed;setback_front_ft;setback_garage_entrance_ft;setback_rear_ft;setback_side_ft,87
or/washington/_unincorporated,GC,87,72.46,partial,0,10,,corner_access_street;driveway_approach_max_width_ft;front_lot_line_corner;land_division_parent_standards;parking_aisle_one_way_ft;parking_aisle_two_way_ft;parking_min_per_unit;parking_stall_depth_ft;parking_stall_width_ft;quadplex_allowed,87
or/clackamas/_unincorporated,OC,86,129.69,zone_missing,0,0,,,86
or/multnomah/wood-village,MR 2,83,87.24,partial,0,21,,corner_access_street;front_lot_line_corner;front_lot_line_through;land_division_parent_standards;max_coverage_pct;max_height_ft;min_density_du_per_acre;min_lot_depth_ft;min_lot_sqft;min_lot_width_ft;parking_aisle_one_way_ft;parking_aisle_two_way_ft;parking_min_per_unit;parking_stall_depth_ft;parking_stall_width_ft;parking_street_setback_ft;quadplex_allowed;setback_front_ft;setback_garage_entrance_ft;setback_rear_ft;setback_side_ft,83
or/washington/_unincorporated,IND,83,426.59,partial,0,10,,corner_access_street;driveway_approach_max_width_ft;front_lot_line_corner;land_division_parent_standards;parking_aisle_one_way_ft;parking_aisle_two_way_ft;parking_min_per_unit;parking_stall_depth_ft;parking_stall_width_ft;quadplex_allowed,83
or/washington/_unincorporated,R-25+,83,96.1,partial,0,19,,corner_access_street;driveway_approach_max_width_ft;front_lot_line_corner;land_division_parent_standards;max_height_ft;max_units;min_building_separation_ft;min_lot_sqft;parking_aisle_one_way_ft;parking_aisle_two_way_ft;parking_min_per_unit;parking_stall_depth_ft;parking_stall_width_ft;quadplex_allowed;setback_front_ft;setback_garage_entrance_ft;setback_rear_ft;setback_side_ft;setback_street_side_ft,83
or/washington/beaverton,RC-E,83,147.81,partial,0,19,,front_lot_line_corner;land_division_parent_standards;max_far;min_density_du_per_acre;open_space_min_pct;parking_aisle_one_way_ft;parking_aisle_two_way_ft;parking_area_max_frontage_pct;parking_front_prohibited;parking_max_per_unit;parking_min_per_unit;parking_stall_depth_ft;parking_stall_width_ft;parking_street_setback_ft;quadplex_allowed;setback_front_ft;setback_front_max_ft;setback_rear_ft;setback_side_ft,83
or/clackamas/milwaukie,MUTSA,82,42.51,partial,0,15,,corner_access_street;driveway_approach_max_width_ft;driveway_approach_min_width_ft;front_lot_line_corner;front_lot_line_through;land_division_parent_standards;open_space_min_sqft;parking_front_prohibited;parking_front_yard_max_pct;parking_max_per_unit;parking_min_per_unit;parking_stall_depth_ft;parking_stall_width_ft;private_open_space_min_dimension_ft;quadplex_allowed,82
or/multnomah/troutdale,OS,82,548.66,partial,0,14,,corner_access_street;driveway_approach_max_width_ft;driveway_min_width_one_way_ft;driveway_min_width_two_way_ft;front_lot_line_corner;front_lot_line_through;land_division_parent_standards;parking_aisle_one_way_ft;parking_aisle_two_way_ft;parking_area_max_frontage_pct;parking_min_per_unit;parking_stall_depth_ft;parking_stall_width_ft;quadplex_allowed,82
or/washington/_unincorporated,NMU,82,38.39,partial,0,21,setback_rear_ft;setback_side_ft,corner_access_street;driveway_approach_max_width_ft;front_lot_line_corner;land_division_parent_standards;max_height_ft;min_average_lot_width_ft;min_density_du_per_acre;min_frontage_ft;min_lot_depth_ft;min_lot_sqft;parking_aisle_one_way_ft;parking_aisle_two_way_ft;parking_front_prohibited;parking_min_per_unit;parking_stall_depth_ft;parking_stall_width_ft;parking_street_setback_ft;quadplex_allowed;setback_front_ft;setback_front_max_ft;setback_street_side_ft,82
or/washington/hillsboro,UC-RM,82,69.89,partial,0,20,,corner_access_street;driveway_approach_max_width_ft;front_lot_line_corner;land_division_parent_standards;max_height_ft;min_building_height_ft;min_density_du_per_acre;min_frontage_ft;min_lot_depth_ft;min_lot_width_ft;parking_alley_access_required;parking_area_max_frontage_pct;parking_max_per_unit;parking_min_per_unit;quadplex_allowed;setback_front_ft;setback_front_max_ft;setback_garage_entrance_ft;setback_rear_ft;setback_side_ft,82
or/clackamas/_unincorporated,FF10,81,256.75,partial,0,12,,corner_access_street;driveway_approach_max_width_ft;front_lot_line_corner;front_lot_line_through;land_division_parent_standards;parking_aisle_one_way_ft;parking_aisle_two_way_ft;parking_area_max_frontage_pct;parking_min_per_unit;parking_stall_depth_ft;parking_stall_width_ft;quadplex_allowed,81
or/clackamas/gladstone,MR,81,101.75,zone_missing,0,0,,,81
or/multnomah/gresham,HI,81,298.99,partial,0,15,,corner_access_street;driveway_approach_max_width_ft;driveway_approach_min_width_ft;front_lot_line_corner;front_lot_line_through;land_division_parent_standards;open_space_min_pct;parking_aisle_one_way_ft;parking_aisle_two_way_ft;parking_alley_access_required;parking_alley_backout_ft;parking_min_per_unit;parking_stall_depth_ft;parking_stall_width_ft;quadplex_allowed,81
or/clackamas/milwaukie,BI,78,227.92,partial,0,15,,corner_access_street;driveway_approach_max_width_ft;driveway_approach_min_width_ft;front_lot_line_corner;front_lot_line_through;land_division_parent_standards;open_space_min_sqft;parking_front_prohibited;parking_front_yard_max_pct;parking_max_per_unit;parking_min_per_unit;parking_stall_depth_ft;parking_stall_width_ft;private_open_space_min_dimension_ft;quadplex_allowed,78
or/clackamas/milwaukie,M,78,69.51,partial,0,15,,corner_access_street;driveway_approach_max_width_ft;driveway_approach_min_width_ft;front_lot_line_corner;front_lot_line_through;land_division_parent_standards;open_space_min_sqft;parking_front_prohibited;parking_front_yard_max_pct;parking_max_per_unit;parking_min_per_unit;parking_stall_depth_ft;parking_stall_width_ft;private_open_space_min_dimension_ft;quadplex_allowed,78
or/multnomah/gresham,DRL-1,78,21.15,partial,0,28,,corner_access_street;driveway_approach_max_width_ft;driveway_approach_min_width_ft;front_lot_line_corner;front_lot_line_through;land_division_parent_standards;max_far;max_height_ft;min_density_du_per_acre;min_frontage_ft;min_lot_depth_ft;min_lot_sqft;min_lot_width_ft;open_space_min_pct;orientation_constraint;parking_aisle_one_way_ft;parking_aisle_two_way_ft;parking_alley_access_required;parking_alley_backout_ft;parking_min_per_unit;parking_stall_depth_ft;parking_stall_width_ft;quadplex_allowed;setback_front_ft;setback_garage_entrance_ft;setback_rear_ft;setback_side_ft;setback_street_side_ft,78
or/clackamas/_unincorporated,R2.5,77,10.36,partial,0,12,,corner_access_street;driveway_approach_max_width_ft;front_lot_line_corner;front_lot_line_through;land_division_parent_standards;parking_aisle_one_way_ft;parking_aisle_two_way_ft;parking_area_max_frontage_pct;parking_min_per_unit;parking_stall_depth_ft;parking_stall_width_ft;quadplex_allowed,77
or/clackamas/tualatin,CG,76,209.07,partial,0,13,,corner_access_street;driveway_approach_max_width_ft;driveway_approach_min_width_ft;driveway_min_width_one_way_ft;driveway_min_width_two_way_ft;front_lot_line_corner;land_division_parent_standards;parking_aisle_one_way_ft;parking_aisle_two_way_ft;parking_min_per_unit;parking_stall_depth_ft;parking_stall_width_ft;quadplex_allowed,76
or/washington/beaverton,WAcnty,75,478.38,zone_missing,0,0,,,75
or/clackamas/oregon-city,C,74,162.55,partial,0,23,,corner_access_street;driveway_approach_max_width_ft;driveway_approach_min_width_ft;front_lot_line_corner;front_lot_line_through;land_division_parent_standards;max_coverage_pct;max_height_ft;min_density_du_per_acre;min_landscaped_pct;parking_aisle_one_way_ft;parking_aisle_two_way_ft;parking_area_max_frontage_pct;parking_area_max_width_ft;parking_front_prohibited;parking_min_per_unit;parking_stall_depth_ft;parking_stall_width_ft;quadplex_allowed;setback_front_ft;setback_front_max_ft;setback_rear_ft;setback_side_ft,74
or/multnomah/gresham,HDR-PV,74,15.57,partial,0,22,,corner_access_street;driveway_approach_max_width_ft;driveway_approach_min_width_ft;front_lot_line_corner;front_lot_line_through;land_division_parent_standards;max_height_ft;min_density_du_per_acre;open_space_min_pct;parking_aisle_one_way_ft;parking_aisle_two_way_ft;parking_alley_access_required;parking_alley_backout_ft;parking_min_per_unit;parking_stall_depth_ft;parking_stall_width_ft;quadplex_allowed;setback_front_ft;setback_garage_entrance_ft;setback_rear_ft;setback_side_ft;setback_street_side_ft,74
or/multnomah/troutdale,NSA,74,124.0,zone_missing,0,0,,,74
or/washington/hillsboro,I-S,73,1228.8,partial,0,9,,corner_access_street;driveway_approach_max_width_ft;front_lot_line_corner;land_division_parent_standards;parking_alley_access_required;parking_area_max_frontage_pct;parking_max_per_unit;parking_min_per_unit;quadplex_allowed,73
or/washington/sherwood,GI,73,255.34,partial,0,9,,corner_access_street;driveway_approach_max_width_ft;driveway_max_frontage_pct;front_lot_line_corner;land_division_parent_standards;parking_alley_access_required;parking_front_prohibited;parking_min_per_unit;quadplex_allowed,73
or/multnomah/troutdale,MU-2,69,54.98,partial,0,24,,corner_access_street;driveway_approach_max_width_ft;driveway_min_width_one_way_ft;driveway_min_width_two_way_ft;front_lot_line_corner;front_lot_line_through;land_division_parent_standards;max_height_ft;min_frontage_ft;min_lot_depth_ft;min_lot_width_ft;parking_aisle_one_way_ft;parking_aisle_two_way_ft;parking_area_max_frontage_pct;parking_min_per_unit;parking_stall_depth_ft;parking_stall_width_ft;parking_street_setback_ft;quadplex_allowed;setback_front_ft;setback_garage_entrance_ft;setback_rear_ft;setback_side_ft;setback_street_side_ft,69
or/clackamas/milwaukie,NME,67,251.13,partial,0,15,,corner_access_street;driveway_approach_max_width_ft;driveway_approach_min_width_ft;front_lot_line_corner;front_lot_line_through;land_division_parent_standards;open_space_min_sqft;parking_front_prohibited;parking_front_yard_max_pct;parking_max_per_unit;parking_min_per_unit;parking_stall_depth_ft;parking_stall_width_ft;private_open_space_min_dimension_ft;quadplex_allowed,67
or/clackamas/_unincorporated,RTL,65,119.58,zone_missing,0,0,,,65
or/washington/beaverton,SC-MU,65,274.33,partial,0,19,,front_lot_line_corner;land_division_parent_standards;max_far;min_density_du_per_acre;open_space_min_pct;parking_aisle_one_way_ft;parking_aisle_two_way_ft;parking_area_max_frontage_pct;parking_front_prohibited;parking_max_per_unit;parking_min_per_unit;parking_stall_depth_ft;parking_stall_width_ft;parking_street_setback_ft;quadplex_allowed;setback_front_ft;setback_front_max_ft;setback_rear_ft;setback_side_ft,65
or/multnomah/troutdale,GC,63,306.28,partial,0,14,,corner_access_street;driveway_approach_max_width_ft;driveway_min_width_one_way_ft;driveway_min_width_two_way_ft;front_lot_line_corner;front_lot_line_through;land_division_parent_standards;parking_aisle_one_way_ft;parking_aisle_two_way_ft;parking_area_max_frontage_pct;parking_min_per_unit;parking_stall_depth_ft;parking_stall_width_ft;quadplex_allowed,63
or/washington/_unincorporated,TO:BUS,62,59.78,partial,0,13,setback_front_ft;setback_rear_ft;setback_side_ft,corner_access_street;driveway_approach_max_width_ft;front_lot_line_corner;land_division_parent_standards;max_height_ft;min_building_height_ft;parking_aisle_one_way_ft;parking_aisle_two_way_ft;parking_min_per_unit;parking_stall_depth_ft;parking_stall_width_ft;quadplex_allowed;setback_front_max_ft,62
or/clackamas/happy-valley,IC,61,252.69,partial,0,12,,corner_access_street;driveway_min_width_one_way_ft;driveway_min_width_two_way_ft;front_lot_line_corner;front_lot_line_through;land_division_parent_standards;parking_aisle_one_way_ft;parking_aisle_two_way_ft;parking_min_per_unit;parking_stall_depth_ft;parking_stall_width_ft;quadplex_allowed,61
or/washington/_unincorporated,NC,61,76.95,partial,0,10,,corner_access_street;driveway_approach_max_width_ft;front_lot_line_corner;land_division_parent_standards;parking_aisle_one_way_ft;parking_aisle_two_way_ft;parking_min_per_unit;parking_stall_depth_ft;parking_stall_width_ft;quadplex_allowed,61
or/clackamas/wilsonville,TC,60,150.31,partial,0,11,,corner_access_street;driveway_approach_max_width_ft;front_lot_line_corner;front_lot_line_through;land_division_parent_standards;min_landscaped_pct;parking_alley_access_required;parking_area_max_frontage_pct;parking_stall_depth_ft;parking_stall_width_ft;quadplex_allowed,60
or/multnomah/wood-village,MR 4,60,11.37,partial,0,21,,corner_access_street;front_lot_line_corner;front_lot_line_through;land_division_parent_standards;max_coverage_pct;max_height_ft;min_density_du_per_acre;min_lot_depth_ft;min_lot_sqft;min_lot_width_ft;parking_aisle_one_way_ft;parking_aisle_two_way_ft;parking_min_per_unit;parking_stall_depth_ft;parking_stall_width_ft;parking_street_setback_ft;quadplex_allowed;setback_front_ft;setback_garage_entrance_ft;setback_rear_ft;setback_side_ft,60
or/multnomah/wood-village,NC,60,36.79,partial,0,15,,corner_access_street;front_lot_line_corner;front_lot_line_through;land_division_parent_standards;max_height_ft;min_landscaped_pct;parking_aisle_one_way_ft;parking_aisle_two_way_ft;parking_min_per_unit;parking_stall_depth_ft;parking_stall_width_ft;parking_street_setback_ft;quadplex_allowed;setback_front_ft;setback_front_max_ft,60
or/multnomah/fairview,VMU,59,12.5,partial,0,17,,corner_access_street;driveway_approach_max_width_ft;driveway_approach_min_width_ft;front_lot_line_corner;land_division_parent_standards;max_coverage_pct;max_height_ft;parking_aisle_one_way_ft;parking_aisle_two_way_ft;parking_area_max_frontage_pct;parking_building_buffer_ft;parking_min_per_unit;parking_stall_depth_ft;parking_stall_width_ft;quadplex_allowed;setback_rear_ft;setback_side_ft,59
or/clackamas/_unincorporated,RC,58,47.24,partial,0,12,,corner_access_street;driveway_approach_max_width_ft;front_lot_line_corner;front_lot_line_through;land_division_parent_standards;parking_aisle_one_way_ft;parking_aisle_two_way_ft;parking_area_max_frontage_pct;parking_min_per_unit;parking_stall_depth_ft;parking_stall_width_ft;quadplex_allowed,58
or/multnomah/portland,IR,58,159.37,partial,0,23,,corner_access_street;driveway_min_width_one_way_ft;driveway_min_width_two_way_ft;front_lot_line_corner;front_lot_line_through;land_division_parent_standards;max_coverage_pct;max_far;max_height_ft;min_landscaped_pct;parking_aisle_one_way_ft;parking_aisle_two_way_ft;parking_alley_access_required;parking_alley_backout_ft;parking_front_prohibited;parking_front_yard_max_pct;parking_stall_depth_ft;parking_stall_width_ft;parking_street_setback_ft;quadplex_allowed;setback_front_ft;setback_rear_ft;setback_side_ft,58
or/clackamas/oregon-city,GI,57,224.92,partial,0,14,max_height_ft;min_lot_sqft;setback_front_ft;setback_rear_ft;setback_side_ft,corner_access_street;driveway_approach_max_width_ft;driveway_approach_min_width_ft;front_lot_line_corner;front_lot_line_through;land_division_parent_standards;parking_aisle_one_way_ft;parking_aisle_two_way_ft;parking_area_max_frontage_pct;parking_area_max_width_ft;parking_min_per_unit;parking_stall_depth_ft;parking_stall_width_ft;quadplex_allowed,57
or/washington/beaverton,RC-MU,56,75.35,partial,0,19,,front_lot_line_corner;land_division_parent_standards;max_height_ft;min_density_du_per_acre;open_space_min_sqft;parking_aisle_one_way_ft;parking_aisle_two_way_ft;parking_front_prohibited;parking_max_per_unit;parking_min_per_unit;parking_stall_depth_ft;parking_stall_width_ft;parking_street_setback_ft;quadplex_allowed;setback_front_ft;setback_front_max_ft;setback_rear_ft;setback_side_ft;setback_street_side_ft,56
or/washington/beaverton,TC-MU,56,68.65,partial,0,19,,front_lot_line_corner;land_division_parent_standards;max_far;min_density_du_per_acre;open_space_min_pct;parking_aisle_one_way_ft;parking_aisle_two_way_ft;parking_area_max_frontage_pct;parking_front_prohibited;parking_max_per_unit;parking_min_per_unit;parking_stall_depth_ft;parking_stall_width_ft;parking_street_setback_ft;quadplex_allowed;setback_front_ft;setback_front_max_ft;setback_rear_ft;setback_side_ft,56
or/multnomah/fairview,R/CSP,55,488.36,partial,0,13,,corner_access_street;driveway_approach_max_width_ft;driveway_approach_min_width_ft;front_lot_line_corner;land_division_parent_standards;parking_aisle_one_way_ft;parking_aisle_two_way_ft;parking_area_max_frontage_pct;parking_building_buffer_ft;parking_min_per_unit;parking_stall_depth_ft;parking_stall_width_ft;quadplex_allowed,55
or/multnomah/fairview,GI,54,443.41,partial,0,13,,corner_access_street;driveway_approach_max_width_ft;driveway_approach_min_width_ft;front_lot_line_corner;land_division_parent_standards;parking_aisle_one_way_ft;parking_aisle_two_way_ft;parking_area_max_frontage_pct;parking_building_buffer_ft;parking_min_per_unit;parking_stall_depth_ft;parking_stall_width_ft;quadplex_allowed,54
or/washington/beaverton,OI-WS,54,206.27,partial,0,9,,front_lot_line_corner;land_division_parent_standards;parking_aisle_one_way_ft;parking_aisle_two_way_ft;parking_max_per_unit;parking_min_per_unit;parking_stall_depth_ft;parking_stall_width_ft;quadplex_allowed,54
or/washington/sherwood,VLDR,53,29.96,partial,0,20,,corner_access_street;driveway_approach_max_width_ft;driveway_max_frontage_pct;front_lot_line_corner;land_division_parent_standards;max_height_ft;max_height_stories;min_frontage_ft;min_lot_depth_ft;min_lot_sqft;min_lot_width_ft;parking_alley_access_required;parking_front_prohibited;parking_min_per_unit;quadplex_allowed;setback_front_ft;setback_garage_entrance_ft;setback_rear_ft;setback_side_ft;setback_street_side_ft,53
or/clackamas/_unincorporated,OSM,51,679.2,partial,0,12,,corner_access_street;driveway_approach_max_width_ft;front_lot_line_corner;front_lot_line_through;land_division_parent_standards;parking_aisle_one_way_ft;parking_aisle_two_way_ft;parking_area_max_frontage_pct;parking_min_per_unit;parking_stall_depth_ft;parking_stall_width_ft;quadplex_allowed,51
or/clackamas/milwaukie,NMU,51,25.02,zone_missing,0,0,,,51
or/clackamas/wilsonville,FDAHI,51,273.34,partial,0,11,,corner_access_street;driveway_approach_max_width_ft;front_lot_line_corner;front_lot_line_through;land_division_parent_standards;min_landscaped_pct;parking_alley_access_required;parking_area_max_frontage_pct;parking_stall_depth_ft;parking_stall_width_ft;quadplex_allowed,51
or/multnomah/gresham,VLDR-SW,48,193.98,partial,0,26,,corner_access_street;driveway_approach_max_width_ft;driveway_approach_min_width_ft;front_lot_line_corner;front_lot_line_through;land_division_parent_standards;max_far;max_height_ft;min_frontage_ft;min_lot_depth_ft;min_lot_sqft;min_lot_width_ft;open_space_min_pct;parking_aisle_one_way_ft;parking_aisle_two_way_ft;parking_alley_access_required;parking_alley_backout_ft;parking_min_per_unit;parking_stall_depth_ft;parking_stall_width_ft;quadplex_allowed;setback_front_ft;setback_garage_entrance_ft;setback_rear_ft;setback_side_ft;setback_street_side_ft,48
or/clackamas/_unincorporated,C2,47,45.17,partial,0,12,,corner_access_street;driveway_approach_max_width_ft;front_lot_line_corner;front_lot_line_through;land_division_parent_standards;parking_aisle_one_way_ft;parking_aisle_two_way_ft;parking_area_max_frontage_pct;parking_min_per_unit;parking_stall_depth_ft;parking_stall_width_ft;quadplex_allowed,47
or/multnomah/fairview,TCC,47,72.9,partial,0,20,,corner_access_street;driveway_approach_max_width_ft;driveway_approach_min_width_ft;front_lot_line_corner;front_lot_line_through;land_division_parent_standards;max_height_ft;min_landscaped_pct;parking_aisle_one_way_ft;parking_aisle_two_way_ft;parking_area_max_frontage_pct;parking_building_buffer_ft;parking_min_per_unit;parking_stall_depth_ft;parking_stall_width_ft;quadplex_allowed;setback_front_ft;setback_front_max_ft;setback_rear_ft;setback_side_ft,47
or/washington/_unincorporated,AF-20,47,586.14,partial,0,10,,corner_access_street;driveway_approach_max_width_ft;front_lot_line_corner;land_division_parent_standards;parking_aisle_one_way_ft;parking_aisle_two_way_ft;parking_min_per_unit;parking_stall_depth_ft;parking_stall_width_ft;quadplex_allowed,47
or/washington/hillsboro,MU-N,47,11.89,partial,0,20,,corner_access_street;driveway_approach_max_width_ft;front_lot_line_corner;land_division_parent_standards;max_height_ft;min_density_du_per_acre;min_frontage_ft;min_lot_sqft;min_lot_width_ft;open_space_min_sqft;parking_alley_access_required;parking_area_max_frontage_pct;parking_max_per_unit;parking_min_per_unit;quadplex_allowed;setback_front_ft;setback_front_max_ft;setback_garage_entrance_ft;setback_rear_ft;setback_side_ft,47
or/clackamas/milwaukie,GMU,46,47.82,zone_missing,0,0,,,46
or/clackamas/tualatin,CO,46,112.15,partial,0,13,,corner_access_street;driveway_approach_max_width_ft;driveway_approach_min_width_ft;driveway_min_width_one_way_ft;driveway_min_width_two_way_ft;front_lot_line_corner;land_division_parent_standards;parking_aisle_one_way_ft;parking_aisle_two_way_ft;parking_min_per_unit;parking_stall_depth_ft;parking_stall_width_ft;quadplex_allowed,46
or/clackamas/_unincorporated,BP,44,213.25,partial,0,12,,corner_access_street;driveway_approach_max_width_ft;front_lot_line_corner;front_lot_line_through;land_division_parent_standards;parking_aisle_one_way_ft;parking_aisle_two_way_ft;parking_area_max_frontage_pct;parking_min_per_unit;parking_stall_depth_ft;parking_stall_width_ft;quadplex_allowed,44
or/washington/sherwood,RC,43,94.29,partial,0,9,,corner_access_street;driveway_approach_max_width_ft;driveway_max_frontage_pct;front_lot_line_corner;land_division_parent_standards;parking_alley_access_required;parking_front_prohibited;parking_min_per_unit;quadplex_allowed,43
or/multnomah/gresham,DMU,42,43.66,partial,0,15,,corner_access_street;driveway_approach_max_width_ft;driveway_approach_min_width_ft;front_lot_line_corner;front_lot_line_through;land_division_parent_standards;open_space_min_pct;parking_aisle_one_way_ft;parking_aisle_two_way_ft;parking_alley_access_required;parking_alley_backout_ft;parking_min_per_unit;parking_stall_depth_ft;parking_stall_width_ft;quadplex_allowed,42
or/washington/hillsboro,UC-MU,42,220.01,partial,0,17,,corner_access_street;driveway_approach_max_width_ft;front_lot_line_corner;land_division_parent_standards;max_height_ft;min_building_height_ft;min_density_du_per_acre;min_lot_depth_ft;parking_alley_access_required;parking_area_max_frontage_pct;parking_max_per_unit;parking_min_per_unit;quadplex_allowed;setback_front_ft;setback_front_max_ft;setback_rear_ft;setback_side_ft,42
or/clackamas/oregon-city,MUC-2,41,99.73,partial,0,24,,corner_access_street;driveway_approach_max_width_ft;driveway_approach_min_width_ft;front_lot_line_corner;front_lot_line_through;land_division_parent_standards;max_coverage_pct;max_height_ft;min_building_height_ft;min_density_du_per_acre;min_landscaped_pct;parking_aisle_one_way_ft;parking_aisle_two_way_ft;parking_area_max_frontage_pct;parking_area_max_width_ft;parking_front_prohibited;parking_min_per_unit;parking_stall_depth_ft;parking_stall_width_ft;quadplex_allowed;setback_front_ft;setback_front_max_ft;setback_rear_ft;setback_side_ft,41
or/multnomah/wood-village,C/I,41,164.74,partial,0,11,,corner_access_street;front_lot_line_corner;front_lot_line_through;land_division_parent_standards;parking_aisle_one_way_ft;parking_aisle_two_way_ft;parking_min_per_unit;parking_stall_depth_ft;parking_stall_width_ft;parking_street_setback_ft;quadplex_allowed,41
or/washington/sherwood,IP,41,253.2,partial,0,9,,corner_access_street;driveway_approach_max_width_ft;driveway_max_frontage_pct;front_lot_line_corner;land_division_parent_standards;parking_alley_access_required;parking_front_prohibited;parking_min_per_unit;quadplex_allowed,41
or/clackamas/happy-valley,CCC,40,55.98,partial,0,12,,corner_access_street;driveway_min_width_one_way_ft;driveway_min_width_two_way_ft;front_lot_line_corner;front_lot_line_through;land_division_parent_standards;parking_aisle_one_way_ft;parking_aisle_two_way_ft;parking_min_per_unit;parking_stall_depth_ft;parking_stall_width_ft;quadplex_allowed,40
or/clackamas/happy-valley,VTH,40,2.23,partial,0,25,,corner_access_street;driveway_min_width_one_way_ft;driveway_min_width_two_way_ft;front_lot_line_corner;front_lot_line_through;land_division_parent_standards;max_coverage_pct;max_height_ft;min_building_separation_ft;min_density_du_per_acre;min_landscaped_pct;min_lot_sqft;parking_aisle_one_way_ft;parking_aisle_two_way_ft;parking_min_per_unit;parking_stall_depth_ft;parking_stall_width_ft;parking_street_setback_ft;quadplex_allowed;setback_front_ft;setback_front_max_ft;setback_garage_entrance_ft;setback_rear_ft;setback_side_ft;setback_street_side_ft,40
or/multnomah/fairview,CC,40,125.04,partial,0,13,,corner_access_street;driveway_approach_max_width_ft;driveway_approach_min_width_ft;front_lot_line_corner;land_division_parent_standards;parking_aisle_one_way_ft;parking_aisle_two_way_ft;parking_area_max_frontage_pct;parking_building_buffer_ft;parking_min_per_unit;parking_stall_depth_ft;parking_stall_width_ft;quadplex_allowed,40
or/washington/beaverton,SC-E,40,139.72,partial,0,9,,front_lot_line_corner;land_division_parent_standards;parking_aisle_one_way_ft;parking_aisle_two_way_ft;parking_max_per_unit;parking_min_per_unit;parking_stall_depth_ft;parking_stall_width_ft;quadplex_allowed,40
or/washington/sherwood,LI,40,191.96,partial,0,9,,corner_access_street;driveway_approach_max_width_ft;driveway_max_frontage_pct;front_lot_line_corner;land_division_parent_standards;parking_alley_access_required;parking_front_prohibited;parking_min_per_unit;quadplex_allowed,40
or/clackamas/_unincorporated,RCO,38,176.85,zone_missing,0,0,,,38
or/multnomah/portland,CR,38,5.5,partial,0,28,,corner_access_street;driveway_min_width_one_way_ft;driveway_min_width_two_way_ft;front_lot_line_corner;front_lot_line_through;land_division_parent_standards;max_coverage_pct;max_far;max_height_ft;min_landscaped_pct;open_space_min_sqft;orientation_constraint;parking_aisle_one_way_ft;parking_aisle_two_way_ft;parking_alley_access_required;parking_alley_backout_ft;parking_front_prohibited;parking_front_yard_max_pct;parking_max_per_unit;parking_stall_depth_ft;parking_stall_width_ft;parking_street_setback_ft;quadplex_allowed;setback_front_ft;setback_front_max_ft;setback_rear_ft;setback_side_ft;setback_street_off_corridor_ft,38
or/washington/hillsboro,UC-OR,38,121.2,partial,0,16,,corner_access_street;driveway_approach_max_width_ft;front_lot_line_corner;land_division_parent_standards;max_height_ft;min_building_height_ft;min_density_du_per_acre;parking_alley_access_required;parking_area_max_frontage_pct;parking_max_per_unit;parking_min_per_unit;quadplex_allowed;setback_front_ft;setback_front_max_ft;setback_rear_ft;setback_side_ft,38
or/clackamas/oregon-city,HC,37,5.25,partial,0,14,max_height_ft;min_lot_sqft;setback_front_ft;setback_rear_ft;setback_side_ft,corner_access_street;driveway_approach_max_width_ft;driveway_approach_min_width_ft;front_lot_line_corner;front_lot_line_through;land_division_parent_standards;parking_aisle_one_way_ft;parking_aisle_two_way_ft;parking_area_max_frontage_pct;parking_area_max_width_ft;parking_min_per_unit;parking_stall_depth_ft;parking_stall_width_ft;quadplex_allowed,37
or/clackamas/_unincorporated,SCMU,36,48.67,zone_missing,0,0,,,36
or/clackamas/happy-valley,MUC,36,77.26,partial,0,12,,corner_access_street;driveway_min_width_one_way_ft;driveway_min_width_two_way_ft;front_lot_line_corner;front_lot_line_through;land_division_parent_standards;parking_aisle_one_way_ft;parking_aisle_two_way_ft;parking_min_per_unit;parking_stall_depth_ft;parking_stall_width_ft;quadplex_allowed,36
or/clackamas/gladstone,OS,35,173.43,partial,0,11,,corner_access_street;front_lot_line_corner;front_lot_line_through;land_division_parent_standards;parking_aisle_one_way_ft;parking_aisle_two_way_ft;parking_min_per_unit;parking_stall_depth_ft;parking_stall_width_ft;parking_street_setback_ft;quadplex_allowed,35
or/multnomah/gresham,CNTH,33,71.01,partial,0,15,,corner_access_street;driveway_approach_max_width_ft;driveway_approach_min_width_ft;front_lot_line_corner;front_lot_line_through;land_division_parent_standards;open_space_min_pct;parking_aisle_one_way_ft;parking_aisle_two_way_ft;parking_alley_access_required;parking_alley_backout_ft;parking_min_per_unit;parking_stall_depth_ft;parking_stall_width_ft;quadplex_allowed,33
or/clackamas/_unincorporated,RCHDR,32,97.07,zone_missing,0,0,,,32
or/multnomah/_unincorporated,R7,32,9.02,partial,0,21,,corner_access_street;coverage_curve;driveway_min_width_two_way_ft;front_lot_line_corner;front_lot_line_through;land_division_parent_standards;max_height_ft;min_density_trigger_lot_sqft;min_lot_sqft;min_units_at_trigger;parking_aisle_one_way_ft;parking_aisle_two_way_ft;parking_min_per_unit;parking_stall_depth_ft;parking_stall_width_ft;parking_street_setback_ft;quadplex_allowed;setback_front_ft;setback_garage_entrance_ft;setback_rear_ft;setback_side_ft,32
or/clackamas/milwaukie,OS,31,58.23,partial,0,15,,corner_access_street;driveway_approach_max_width_ft;driveway_approach_min_width_ft;front_lot_line_corner;front_lot_line_through;land_division_parent_standards;open_space_min_sqft;parking_front_prohibited;parking_front_yard_max_pct;parking_max_per_unit;parking_min_per_unit;parking_stall_depth_ft;parking_stall_width_ft;private_open_space_min_dimension_ft;quadplex_allowed,31
or/clackamas/oregon-city,CI,31,173.99,partial,0,14,max_height_ft;min_lot_sqft;setback_front_ft;setback_rear_ft;setback_side_ft,corner_access_street;driveway_approach_max_width_ft;driveway_approach_min_width_ft;front_lot_line_corner;front_lot_line_through;land_division_parent_standards;parking_aisle_one_way_ft;parking_aisle_two_way_ft;parking_area_max_frontage_pct;parking_area_max_width_ft;parking_min_per_unit;parking_stall_depth_ft;parking_stall_width_ft;quadplex_allowed,31
or/multnomah/gresham,SC-RJ,31,27.2,partial,0,24,,corner_access_street;driveway_approach_max_width_ft;driveway_approach_min_width_ft;front_lot_line_corner;front_lot_line_through;land_division_parent_standards;max_height_stories;min_frontage_ft;min_lot_sqft;open_space_min_pct;orientation_constraint;parking_aisle_one_way_ft;parking_aisle_two_way_ft;parking_alley_access_required;parking_alley_backout_ft;parking_min_per_unit;parking_stall_depth_ft;parking_stall_width_ft;quadplex_allowed;setback_front_ft;setback_front_max_ft;setback_rear_ft;setback_side_ft;setback_street_side_ft,31
or/washington/_unincorporated,TO:EMP,31,267.86,partial,0,10,,corner_access_street;driveway_approach_max_width_ft;front_lot_line_corner;land_division_parent_standards;parking_aisle_one_way_ft;parking_aisle_two_way_ft;parking_min_per_unit;parking_stall_depth_ft;parking_stall_width_ft;quadplex_allowed,31
or/washington/sherwood,GC,31,71.06,partial,0,9,,corner_access_street;driveway_approach_max_width_ft;driveway_max_frontage_pct;front_lot_line_corner;land_division_parent_standards;parking_alley_access_required;parking_front_prohibited;parking_min_per_unit;quadplex_allowed,31
or/multnomah/gresham,DEM,30,37.17,partial,0,15,,corner_access_street;driveway_approach_max_width_ft;driveway_approach_min_width_ft;front_lot_line_corner;front_lot_line_through;land_division_parent_standards;open_space_min_pct;parking_aisle_one_way_ft;parking_aisle_two_way_ft;parking_alley_access_required;parking_alley_backout_ft;parking_min_per_unit;parking_stall_depth_ft;parking_stall_width_ft;quadplex_allowed,30
or/washington/hillsboro,SCC-MM,29,84.93,partial,0,16,,corner_access_street;driveway_approach_max_width_ft;front_lot_line_corner;land_division_parent_standards;max_height_ft;min_density_du_per_acre;min_frontage_ft;parking_alley_access_required;parking_area_max_frontage_pct;parking_max_per_unit;parking_min_per_unit;quadplex_allowed;setback_front_ft;setback_front_max_ft;setback_rear_ft;setback_side_ft,29
or/clackamas/gladstone,LI,28,33.53,zone_missing,0,0,,,28
or/clackamas/west-linn,GI,28,172.35,partial,0,16,,corner_access_street;driveway_approach_max_width_ft;driveway_approach_min_width_ft;driveway_min_width_one_way_ft;driveway_min_width_two_way_ft;front_lot_line_corner;front_lot_line_through;land_division_parent_standards;parking_aisle_one_way_ft;parking_aisle_two_way_ft;parking_alley_access_required;parking_max_per_unit;parking_min_per_unit;parking_stall_depth_ft;parking_stall_width_ft;quadplex_allowed,28
or/multnomah/_unincorporated,OS,28,42.32,partial,0,11,,corner_access_street;driveway_min_width_two_way_ft;front_lot_line_corner;front_lot_line_through;land_division_parent_standards;parking_aisle_one_way_ft;parking_aisle_two_way_ft;parking_min_per_unit;parking_stall_depth_ft;parking_stall_width_ft;quadplex_allowed,28
or/washington/_unincorporated,AF-10,28,247.72,partial,0,10,,corner_access_street;driveway_approach_max_width_ft;front_lot_line_corner;land_division_parent_standards;parking_aisle_one_way_ft;parking_aisle_two_way_ft;parking_min_per_unit;parking_stall_depth_ft;parking_stall_width_ft;quadplex_allowed,28
or/clackamas/west-linn,XX,27,621.67,zone_missing,0,0,,,27
or/multnomah/troutdale,LI,27,97.02,partial,0,14,,corner_access_street;driveway_approach_max_width_ft;driveway_min_width_one_way_ft;driveway_min_width_two_way_ft;front_lot_line_corner;front_lot_line_through;land_division_parent_standards;parking_aisle_one_way_ft;parking_aisle_two_way_ft;parking_area_max_frontage_pct;parking_min_per_unit;parking_stall_depth_ft;parking_stall_width_ft;quadplex_allowed,27
or/washington/_unincorporated,RR-5,27,15.13,partial,0,10,,corner_access_street;driveway_approach_max_width_ft;front_lot_line_corner;land_division_parent_standards;parking_aisle_one_way_ft;parking_aisle_two_way_ft;parking_min_per_unit;parking_stall_depth_ft;parking_stall_width_ft;quadplex_allowed,27
or/clackamas/_unincorporated,AGF,25,236.23,partial,0,12,,corner_access_street;driveway_approach_max_width_ft;front_lot_line_corner;front_lot_line_through;land_division_parent_standards;parking_aisle_one_way_ft;parking_aisle_two_way_ft;parking_area_max_frontage_pct;parking_min_per_unit;parking_stall_depth_ft;parking_stall_width_ft;quadplex_allowed,25
or/clackamas/happy-valley,EC,25,232.89,partial,0,12,,corner_access_street;driveway_min_width_one_way_ft;driveway_min_width_two_way_ft;front_lot_line_corner;front_lot_line_through;land_division_parent_standards;parking_aisle_one_way_ft;parking_aisle_two_way_ft;parking_min_per_unit;parking_stall_depth_ft;parking_stall_width_ft;quadplex_allowed,25
or/clackamas/west-linn,MU,25,7.33,zone_missing,0,0,,,25
or/clackamas/wilsonville,PF,25,364.33,partial,0,11,,corner_access_street;driveway_approach_max_width_ft;front_lot_line_corner;front_lot_line_through;land_division_parent_standards;min_landscaped_pct;parking_alley_access_required;parking_area_max_frontage_pct;parking_stall_depth_ft;parking_stall_width_ft;quadplex_allowed,25
or/multnomah/gresham,OFR,25,11.61,partial,0,26,,corner_access_street;driveway_approach_max_width_ft;driveway_approach_min_width_ft;front_lot_line_corner;front_lot_line_through;land_division_parent_standards;max_height_ft;min_density_du_per_acre;min_lot_depth_ft;min_lot_sqft;min_lot_width_ft;open_space_min_pct;parking_aisle_one_way_ft;parking_aisle_two_way_ft;parking_alley_access_required;parking_alley_backout_ft;parking_min_per_unit;parking_stall_depth_ft;parking_stall_width_ft;quadplex_allowed;setback_front_ft;setback_front_max_ft;setback_garage_entrance_ft;setback_rear_ft;setback_side_ft;setback_street_side_ft,25
or/washington/durham,OP,25,46.91,partial,0,9,,corner_access_street;driveway_approach_max_width_ft;driveway_min_width_one_way_ft;driveway_min_width_two_way_ft;driveway_walkway_ft;front_lot_line_corner;land_division_parent_standards;parking_min_per_unit;quadplex_allowed,25
or/washington/hillsboro,C-N,25,9.65,partial,0,9,,corner_access_street;driveway_approach_max_width_ft;front_lot_line_corner;land_division_parent_standards;parking_alley_access_required;parking_area_max_frontage_pct;parking_max_per_unit;parking_min_per_unit;quadplex_allowed,25
or/washington/beaverton,ROW,24,57.14,zone_missing,0,0,,,24
or/washington/king-city,LC,23,31.18,partial,0,9,,front_lot_line_corner;land_division_parent_standards;parking_aisle_one_way_ft;parking_aisle_two_way_ft;parking_front_prohibited;parking_min_per_unit;parking_stall_depth_ft;parking_stall_width_ft;quadplex_allowed,23
or/washington/sherwood,EI,22,241.15,partial,0,9,,corner_access_street;driveway_approach_max_width_ft;driveway_max_frontage_pct;front_lot_line_corner;land_division_parent_standards;parking_alley_access_required;parking_front_prohibited;parking_min_per_unit;quadplex_allowed,22
or/clackamas/happy-valley,RCMU,21,37.41,partial,0,12,,corner_access_street;driveway_min_width_one_way_ft;driveway_min_width_two_way_ft;front_lot_line_corner;front_lot_line_through;land_division_parent_standards;parking_aisle_one_way_ft;parking_aisle_two_way_ft;parking_min_per_unit;parking_stall_depth_ft;parking_stall_width_ft;quadplex_allowed,21
or/multnomah/_unincorporated,CFU,21,152.53,partial,0,11,,corner_access_street;driveway_min_width_two_way_ft;front_lot_line_corner;front_lot_line_through;land_division_parent_standards;parking_aisle_one_way_ft;parking_aisle_two_way_ft;parking_min_per_unit;parking_stall_depth_ft;parking_stall_width_ft;quadplex_allowed,21
or/washington/hillsboro,SCFI,21,193.64,partial,0,9,,corner_access_street;driveway_approach_max_width_ft;front_lot_line_corner;land_division_parent_standards;parking_alley_access_required;parking_area_max_frontage_pct;parking_max_per_unit;parking_min_per_unit;quadplex_allowed,21
or/clackamas/happy-valley,MCC,20,77.05,partial,0,12,,corner_access_street;driveway_min_width_one_way_ft;driveway_min_width_two_way_ft;front_lot_line_corner;front_lot_line_through;land_division_parent_standards;parking_aisle_one_way_ft;parking_aisle_two_way_ft;parking_min_per_unit;parking_stall_depth_ft;parking_stall_width_ft;quadplex_allowed,20
or/clackamas/tualatin,MP,20,232.0,zone_missing,0,0,,,20
or/multnomah/_unincorporated,MUF19,20,1221.57,partial,0,11,,corner_access_street;driveway_min_width_two_way_ft;front_lot_line_corner;front_lot_line_through;land_division_parent_standards;parking_aisle_one_way_ft;parking_aisle_two_way_ft;parking_min_per_unit;parking_stall_depth_ft;parking_stall_width_ft;quadplex_allowed,20
or/washington/_unincorporated,INST NB,20,60.47,partial,0,10,,corner_access_street;driveway_approach_max_width_ft;front_lot_line_corner;land_division_parent_standards;parking_aisle_one_way_ft;parking_aisle_two_way_ft;parking_min_per_unit;parking_stall_depth_ft;parking_stall_width_ft;quadplex_allowed,20
or/washington/beaverton,CC,20,99.96,partial,0,19,,front_lot_line_corner;land_division_parent_standards;max_far;min_density_du_per_acre;open_space_min_pct;parking_aisle_one_way_ft;parking_aisle_two_way_ft;parking_area_max_frontage_pct;parking_front_prohibited;parking_max_per_unit;parking_min_per_unit;parking_stall_depth_ft;parking_stall_width_ft;parking_street_setback_ft;quadplex_allowed;setback_front_ft;setback_front_max_ft;setback_rear_ft;setback_side_ft,20
or/washington/king-city,NMU,20,6.97,partial,0,9,,front_lot_line_corner;land_division_parent_standards;parking_aisle_one_way_ft;parking_aisle_two_way_ft;parking_front_prohibited;parking_min_per_unit;parking_stall_depth_ft;parking_stall_width_ft;quadplex_allowed,20
or/clackamas/tualatin,MUC,19,45.98,zone_missing,0,0,,,19
or/washington/beaverton,C-WS,19,70.74,partial,0,9,,front_lot_line_corner;land_division_parent_standards;parking_aisle_one_way_ft;parking_aisle_two_way_ft;parking_max_per_unit;parking_min_per_unit;parking_stall_depth_ft;parking_stall_width_ft;quadplex_allowed,19
or/clackamas/_unincorporated,RI,18,34.59,partial,0,12,,corner_access_street;driveway_approach_max_width_ft;front_lot_line_corner;front_lot_line_through;land_division_parent_standards;parking_aisle_one_way_ft;parking_aisle_two_way_ft;parking_area_max_frontage_pct;parking_min_per_unit;parking_stall_depth_ft;parking_stall_width_ft;quadplex_allowed,18
or/clackamas/oregon-city,R-5,18,247.18,partial,0,24,,corner_access_street;driveway_approach_max_width_ft;driveway_approach_min_width_ft;front_lot_line_corner;front_lot_line_through;land_division_parent_standards;max_coverage_pct;max_height_ft;min_density_du_per_acre;min_lot_sqft;min_lot_width_ft;parking_aisle_one_way_ft;parking_aisle_two_way_ft;parking_area_max_frontage_pct;parking_area_max_width_ft;parking_min_per_unit;parking_stall_depth_ft;parking_stall_width_ft;quadplex_allowed;setback_front_ft;setback_garage_entrance_ft;setback_rear_ft;setback_side_ft;setback_street_side_ft,18
or/clackamas/milwaukie,C-CS,17,20.56,partial,0,15,,corner_access_street;driveway_approach_max_width_ft;driveway_approach_min_width_ft;front_lot_line_corner;front_lot_line_through;land_division_parent_standards;open_space_min_sqft;parking_front_prohibited;parking_front_yard_max_pct;parking_max_per_unit;parking_min_per_unit;parking_stall_depth_ft;parking_stall_width_ft;private_open_space_min_dimension_ft;quadplex_allowed,17
or/multnomah/_unincorporated,OR,17,24.65,partial,0,18,,corner_access_street;driveway_min_width_two_way_ft;front_lot_line_corner;front_lot_line_through;land_division_parent_standards;max_height_ft;min_frontage_ft;min_lot_sqft;parking_aisle_one_way_ft;parking_aisle_two_way_ft;parking_min_per_unit;parking_stall_depth_ft;parking_stall_width_ft;quadplex_allowed;setback_front_ft;setback_rear_ft;setback_side_ft;setback_street_side_ft,17
or/washington/sherwood,LI_PUD,16,74.44,partial,0,9,,corner_access_street;driveway_approach_max_width_ft;driveway_max_frontage_pct;front_lot_line_corner;land_division_parent_standards;parking_alley_access_required;parking_front_prohibited;parking_min_per_unit;quadplex_allowed,16
or/clackamas/_unincorporated,NC,15,7.44,partial,0,12,,corner_access_street;driveway_approach_max_width_ft;front_lot_line_corner;front_lot_line_through;land_division_parent_standards;parking_aisle_one_way_ft;parking_aisle_two_way_ft;parking_area_max_frontage_pct;parking_min_per_unit;parking_stall_depth_ft;parking_stall_width_ft;quadplex_allowed,15
or/clackamas/_unincorporated,PMU1,15,125.39,zone_missing,0,0,,,15
or/clackamas/west-linn,OBC,15,52.21,partial,0,16,,corner_access_street;driveway_approach_max_width_ft;driveway_approach_min_width_ft;driveway_min_width_one_way_ft;driveway_min_width_two_way_ft;front_lot_line_corner;front_lot_line_through;land_division_parent_standards;parking_aisle_one_way_ft;parking_aisle_two_way_ft;parking_alley_access_required;parking_max_per_unit;parking_min_per_unit;parking_stall_depth_ft;parking_stall_width_ft;quadplex_allowed,15
or/multnomah/_unincorporated,LR10,15,5.21,partial,0,21,,corner_access_street;driveway_min_width_two_way_ft;front_lot_line_corner;front_lot_line_through;land_division_parent_standards;max_coverage_pct;max_height_ft;min_frontage_ft;min_lot_sqft;min_lot_width_ft;parking_aisle_one_way_ft;parking_aisle_two_way_ft;parking_min_per_unit;parking_stall_depth_ft;parking_stall_width_ft;parking_street_setback_ft;quadplex_allowed;setback_front_ft;setback_rear_ft;setback_side_ft;setback_street_side_ft,15
or/washington/hillsboro,SCC-SC,15,32.09,partial,0,18,,corner_access_street;driveway_approach_max_width_ft;front_lot_line_corner;land_division_parent_standards;max_height_ft;min_building_height_ft;min_density_du_per_acre;min_lot_depth_ft;min_lot_width_ft;parking_alley_access_required;parking_area_max_frontage_pct;parking_max_per_unit;parking_min_per_unit;quadplex_allowed;setback_front_ft;setback_front_max_ft;setback_rear_ft;setback_side_ft,15
or/clackamas/happy-valley,MURX,14,78.85,partial,0,12,max_height_ft;min_lot_sqft;setback_front_ft;setback_rear_ft;setback_side_ft,corner_access_street;driveway_min_width_one_way_ft;driveway_min_width_two_way_ft;front_lot_line_corner;front_lot_line_through;land_division_parent_standards;parking_aisle_one_way_ft;parking_aisle_two_way_ft;parking_min_per_unit;parking_stall_depth_ft;parking_stall_width_ft;quadplex_allowed,14
or/clackamas/oregon-city,County,14,8.65,zone_missing,0,0,,,14
or/multnomah/wood-village,GM,14,27.23,partial,0,11,,corner_access_street;front_lot_line_corner;front_lot_line_through;land_division_parent_standards;parking_aisle_one_way_ft;parking_aisle_two_way_ft;parking_min_per_unit;parking_stall_depth_ft;parking_stall_width_ft;parking_street_setback_ft;quadplex_allowed,14
or/washington/_unincorporated,NCC NB,14,2.79,partial,0,10,,corner_access_street;driveway_approach_max_width_ft;front_lot_line_corner;land_division_parent_standards;parking_aisle_one_way_ft;parking_aisle_two_way_ft;parking_min_per_unit;parking_stall_depth_ft;parking_stall_width_ft;quadplex_allowed,14
or/clackamas/happy-valley,FU10,13,28.89,partial,0,23,,corner_access_street;driveway_min_width_one_way_ft;driveway_min_width_two_way_ft;front_lot_line_corner;front_lot_line_through;land_division_parent_standards;max_coverage_pct;max_height_ft;min_landscaped_pct;min_lot_depth_ft;min_lot_sqft;min_lot_width_ft;parking_aisle_one_way_ft;parking_aisle_two_way_ft;parking_min_per_unit;parking_stall_depth_ft;parking_stall_width_ft;parking_street_setback_ft;quadplex_allowed;setback_front_ft;setback_rear_ft;setback_side_ft;setback_street_side_ft,13
or/multnomah/_unincorporated,EFU,13,164.59,partial,0,18,,corner_access_street;driveway_min_width_two_way_ft;front_lot_line_corner;front_lot_line_through;land_division_parent_standards;max_height_ft;min_frontage_ft;min_lot_sqft;parking_aisle_one_way_ft;parking_aisle_two_way_ft;parking_min_per_unit;parking_stall_depth_ft;parking_stall_width_ft;quadplex_allowed;setback_front_ft;setback_rear_ft;setback_side_ft;setback_street_side_ft,13
or/multnomah/_unincorporated,R5,13,36.77,partial,0,21,,corner_access_street;coverage_curve;driveway_min_width_two_way_ft;front_lot_line_corner;front_lot_line_through;land_division_parent_standards;max_height_ft;min_density_trigger_lot_sqft;min_lot_sqft;min_units_at_trigger;parking_aisle_one_way_ft;parking_aisle_two_way_ft;parking_min_per_unit;parking_stall_depth_ft;parking_stall_width_ft;parking_street_setback_ft;quadplex_allowed;setback_front_ft;setback_garage_entrance_ft;setback_rear_ft;setback_side_ft,13
or/multnomah/gresham,CNRM,13,17.68,partial,0,15,,corner_access_street;driveway_approach_max_width_ft;driveway_approach_min_width_ft;front_lot_line_corner;front_lot_line_through;land_division_parent_standards;open_space_min_pct;parking_aisle_one_way_ft;parking_aisle_two_way_ft;parking_alley_access_required;parking_alley_backout_ft;parking_min_per_unit;parking_stall_depth_ft;parking_stall_width_ft;quadplex_allowed,13
or/washington/_unincorporated,EFU,13,223.87,partial,0,10,,corner_access_street;driveway_approach_max_width_ft;front_lot_line_corner;land_division_parent_standards;parking_aisle_one_way_ft;parking_aisle_two_way_ft;parking_min_per_unit;parking_stall_depth_ft;parking_stall_width_ft;quadplex_allowed,13
or/clackamas/happy-valley,RC-ME,12,148.27,partial,0,12,,corner_access_street;driveway_min_width_one_way_ft;driveway_min_width_two_way_ft;front_lot_line_corner;front_lot_line_through;land_division_parent_standards;parking_aisle_one_way_ft;parking_aisle_two_way_ft;parking_min_per_unit;parking_stall_depth_ft;parking_stall_width_ft;quadplex_allowed,12
or/multnomah/gresham,NC,12,8.15,partial,0,15,,corner_access_street;driveway_approach_max_width_ft;driveway_approach_min_width_ft;front_lot_line_corner;front_lot_line_through;land_division_parent_standards;open_space_min_pct;parking_aisle_one_way_ft;parking_aisle_two_way_ft;parking_alley_access_required;parking_alley_backout_ft;parking_min_per_unit;parking_stall_depth_ft;parking_stall_width_ft;quadplex_allowed,12
or/multnomah/fairview,LI,11,17.71,partial,0,13,,corner_access_street;driveway_approach_max_width_ft;driveway_approach_min_width_ft;front_lot_line_corner;land_division_parent_standards;parking_aisle_one_way_ft;parking_aisle_two_way_ft;parking_area_max_frontage_pct;parking_building_buffer_ft;parking_min_per_unit;parking_stall_depth_ft;parking_stall_width_ft;quadplex_allowed,11
or/multnomah/gresham,IND-SW,11,113.65,partial,0,15,,corner_access_street;driveway_approach_max_width_ft;driveway_approach_min_width_ft;front_lot_line_corner;front_lot_line_through;land_division_parent_standards;open_space_min_pct;parking_aisle_one_way_ft;parking_aisle_two_way_ft;parking_alley_access_required;parking_alley_backout_ft;parking_min_per_unit;parking_stall_depth_ft;parking_stall_width_ft;quadplex_allowed,11
or/washington/_unincorporated,(unzoned in parcel data),11,35.52,zone_missing,0,0,,,11
or/washington/sherwood,OS,11,4.88,zone_missing,0,0,,,11
or/clackamas/tualatin,BCE,10,47.38,zone_missing,0,0,,,10
or/clackamas/wilsonville,PDI-RSIA,10,50.24,zone_missing,0,0,,,10
or/washington/beaverton,RC-DT,10,26.63,partial,0,19,,front_lot_line_corner;land_division_parent_standards;max_height_ft;min_density_du_per_acre;open_space_min_sqft;parking_aisle_one_way_ft;parking_aisle_two_way_ft;parking_front_prohibited;parking_max_per_unit;parking_min_per_unit;parking_stall_depth_ft;parking_stall_width_ft;parking_street_setback_ft;quadplex_allowed;setback_front_ft;setback_front_max_ft;setback_rear_ft;setback_side_ft;setback_street_side_ft,10
or/washington/hillsboro,SCI,10,43.4,partial,0,9,,corner_access_street;driveway_approach_max_width_ft;front_lot_line_corner;land_division_parent_standards;parking_alley_access_required;parking_area_max_frontage_pct;parking_max_per_unit;parking_min_per_unit;quadplex_allowed,10
or/washington/king-city,ROS,10,64.28,partial,0,9,,front_lot_line_corner;land_division_parent_standards;parking_aisle_one_way_ft;parking_aisle_two_way_ft;parking_front_prohibited;parking_min_per_unit;parking_stall_depth_ft;parking_stall_width_ft;quadplex_allowed,10
or/washington/sherwood,OC,10,42.05,partial,0,9,,corner_access_street;driveway_approach_max_width_ft;driveway_max_frontage_pct;front_lot_line_corner;land_division_parent_standards;parking_alley_access_required;parking_front_prohibited;parking_min_per_unit;quadplex_allowed,10
or/clackamas/_unincorporated,PMD,9,2.58,partial,0,19,,corner_access_street;driveway_approach_max_width_ft;front_lot_line_corner;front_lot_line_through;land_division_parent_standards;min_building_separation_ft;min_lot_sqft;orientation_constraint;parking_aisle_one_way_ft;parking_aisle_two_way_ft;parking_area_max_frontage_pct;parking_min_per_unit;parking_stall_depth_ft;parking_stall_width_ft;quadplex_allowed;setback_front_ft;setback_garage_entrance_ft;setback_rear_ft;setback_side_ft,9
or/clackamas/_unincorporated,R-MD,9,71.5,zone_missing,0,0,,,9
or/clackamas/happy-valley,MUE,9,76.6,partial,0,12,,corner_access_street;driveway_min_width_one_way_ft;driveway_min_width_two_way_ft;front_lot_line_corner;front_lot_line_through;land_division_parent_standards;parking_aisle_one_way_ft;parking_aisle_two_way_ft;parking_min_per_unit;parking_stall_depth_ft;parking_stall_width_ft;quadplex_allowed,9
or/washington/hillsboro,HSID,9,39.54,partial,0,9,,corner_access_street;driveway_approach_max_width_ft;front_lot_line_corner;land_division_parent_standards;parking_alley_access_required;parking_area_max_frontage_pct;parking_max_per_unit;parking_min_per_unit;quadplex_allowed,9
or/clackamas/happy-valley,RA2,8,12.17,zone_missing,0,0,,,8
or/clackamas/wilsonville,PDR6,8,93.17,partial,0,20,,corner_access_street;driveway_approach_max_width_ft;front_lot_line_corner;front_lot_line_through;land_division_parent_standards;max_coverage_pct;max_height_ft;min_frontage_ft;min_landscaped_pct;min_lot_sqft;parking_alley_access_required;parking_area_max_frontage_pct;parking_stall_depth_ft;parking_stall_width_ft;quadplex_allowed;setback_front_ft;setback_garage_entrance_ft;setback_rear_ft;setback_side_ft;setback_street_side_ft,8
or/multnomah/_unincorporated,UPAGI,8,78.55,zone_missing,0,0,,,8
or/multnomah/fairview,VA,8,7.03,partial,0,18,,corner_access_street;driveway_approach_max_width_ft;driveway_approach_min_width_ft;front_lot_line_corner;land_division_parent_standards;max_coverage_pct;max_height_ft;min_density_du_per_acre;min_landscaped_pct;parking_aisle_one_way_ft;parking_aisle_two_way_ft;parking_area_max_frontage_pct;parking_building_buffer_ft;parking_min_per_unit;parking_stall_depth_ft;parking_stall_width_ft;quadplex_allowed;setback_front_ft,8
or/washington/beaverton,SC-S,8,79.97,partial,0,19,,front_lot_line_corner;land_division_parent_standards;max_far;min_density_du_per_acre;open_space_min_pct;parking_aisle_one_way_ft;parking_aisle_two_way_ft;parking_area_max_frontage_pct;parking_front_prohibited;parking_max_per_unit;parking_min_per_unit;parking_stall_depth_ft;parking_stall_width_ft;parking_street_setback_ft;quadplex_allowed;setback_front_ft;setback_front_max_ft;setback_rear_ft;setback_side_ft,8
or/washington/durham,NR,8,58.0,partial,0,9,,corner_access_street;driveway_approach_max_width_ft;driveway_min_width_one_way_ft;driveway_min_width_two_way_ft;driveway_walkway_ft;front_lot_line_corner;land_division_parent_standards;parking_min_per_unit;quadplex_allowed,8
or/clackamas/johnson-city,(unzoned in parcel data),7,45.52,zone_missing,0,0,,,7
or/clackamas/tualatin,MBP,7,125.33,zone_missing,0,0,,,7
or/clackamas/wilsonville,PFC,7,112.29,zone_missing,0,0,,,7
or/washington/beaverton,OI-NC,7,42.18,partial,0,9,,front_lot_line_corner;land_division_parent_standards;parking_aisle_one_way_ft;parking_aisle_two_way_ft;parking_max_per_unit;parking_min_per_unit;parking_stall_depth_ft;parking_stall_width_ft;quadplex_allowed,7
or/washington/king-city,KTBB,7,66.56,partial,0,21,,front_lot_line_corner;land_division_parent_standards;max_height_ft;max_impervious_pct;min_density_du_per_acre;min_lot_depth_ft;min_lot_sqft;min_lot_width_ft;parking_aisle_one_way_ft;parking_aisle_two_way_ft;parking_front_prohibited;parking_min_per_unit;parking_stall_depth_ft;parking_stall_width_ft;quadplex_allowed;setback_front_ft;setback_front_max_ft;setback_garage_entrance_ft;setback_rear_ft;setback_side_ft;setback_street_side_ft,7
or/washington/sherwood,RC_PUD,7,26.52,partial,0,9,,corner_access_street;driveway_approach_max_width_ft;driveway_max_frontage_pct;front_lot_line_corner;land_division_parent_standards;parking_alley_access_required;parking_front_prohibited;parking_min_per_unit;quadplex_allowed,7
or/clackamas/gladstone,OP,6,104.15,partial,0,11,,corner_access_street;front_lot_line_corner;front_lot_line_through;land_division_parent_standards;parking_aisle_one_way_ft;parking_aisle_two_way_ft;parking_min_per_unit;parking_stall_depth_ft;parking_stall_width_ft;parking_street_setback_ft;quadplex_allowed,6
or/clackamas/happy-valley,VC,6,15.22,partial,0,12,,corner_access_street;driveway_min_width_one_way_ft;driveway_min_width_two_way_ft;front_lot_line_corner;front_lot_line_through;land_division_parent_standards;parking_aisle_one_way_ft;parking_aisle_two_way_ft;parking_min_per_unit;parking_stall_depth_ft;parking_stall_width_ft;quadplex_allowed,6
or/clackamas/tualatin,MC,6,53.27,partial,0,13,,corner_access_street;driveway_approach_max_width_ft;driveway_approach_min_width_ft;driveway_min_width_one_way_ft;driveway_min_width_two_way_ft;front_lot_line_corner;land_division_parent_standards;parking_aisle_one_way_ft;parking_aisle_two_way_ft;parking_min_per_unit;parking_stall_depth_ft;parking_stall_width_ft;quadplex_allowed,6
or/clackamas/tualatin,RH/HR,6,6.54,zone_missing,0,0,,,6
or/multnomah/_unincorporated,OCI,6,3.74,partial,0,11,,corner_access_street;driveway_min_width_two_way_ft;front_lot_line_corner;front_lot_line_through;land_division_parent_standards;parking_aisle_one_way_ft;parking_aisle_two_way_ft;parking_min_per_unit;parking_stall_depth_ft;parking_stall_width_ft;quadplex_allowed,6
or/multnomah/troutdale,CC,6,12.82,partial,0,14,,corner_access_street;driveway_approach_max_width_ft;driveway_min_width_one_way_ft;driveway_min_width_two_way_ft;front_lot_line_corner;front_lot_line_through;land_division_parent_standards;parking_aisle_one_way_ft;parking_aisle_two_way_ft;parking_area_max_frontage_pct;parking_min_per_unit;parking_stall_depth_ft;parking_stall_width_ft;quadplex_allowed,6
or/multnomah/wood-village,O,6,15.63,partial,0,11,,corner_access_street;front_lot_line_corner;front_lot_line_through;land_division_parent_standards;parking_aisle_one_way_ft;parking_aisle_two_way_ft;parking_min_per_unit;parking_stall_depth_ft;parking_stall_width_ft;parking_street_setback_ft;quadplex_allowed,6
or/washington/durham,IP,6,10.43,partial,0,9,,corner_access_street;driveway_approach_max_width_ft;driveway_min_width_one_way_ft;driveway_min_width_two_way_ft;driveway_walkway_ft;front_lot_line_corner;land_division_parent_standards;parking_min_per_unit;quadplex_allowed,6
or/clackamas/happy-valley,FF10,5,27.56,zone_missing,0,0,,,5
or/clackamas/milwaukie,C-G,5,6.36,partial,0,15,,corner_access_street;driveway_approach_max_width_ft;driveway_approach_min_width_ft;front_lot_line_corner;front_lot_line_through;land_division_parent_standards;open_space_min_sqft;parking_front_prohibited;parking_front_yard_max_pct;parking_max_per_unit;parking_min_per_unit;parking_stall_depth_ft;parking_stall_width_ft;private_open_space_min_dimension_ft;quadplex_allowed,5
or/clackamas/milwaukie,SMU,5,0.72,zone_missing,0,0,,,5
or/clackamas/wilsonville,FDAHP,5,24.02,partial,0,11,,corner_access_street;driveway_approach_max_width_ft;front_lot_line_corner;front_lot_line_through;land_division_parent_standards;min_landscaped_pct;parking_alley_access_required;parking_area_max_frontage_pct;parking_stall_depth_ft;parking_stall_width_ft;quadplex_allowed,5
or/multnomah/_unincorporated,EG2,5,9.71,partial,0,11,,corner_access_street;driveway_min_width_two_way_ft;front_lot_line_corner;front_lot_line_through;land_division_parent_standards;parking_aisle_one_way_ft;parking_aisle_two_way_ft;parking_min_per_unit;parking_stall_depth_ft;parking_stall_width_ft;quadplex_allowed,5
or/multnomah/fairview,VC,5,16.06,partial,0,19,,corner_access_street;driveway_approach_max_width_ft;driveway_approach_min_width_ft;front_lot_line_corner;land_division_parent_standards;max_coverage_pct;max_height_ft;min_landscaped_pct;parking_aisle_one_way_ft;parking_aisle_two_way_ft;parking_area_max_frontage_pct;parking_building_buffer_ft;parking_min_per_unit;parking_stall_depth_ft;parking_stall_width_ft;quadplex_allowed;setback_front_ft;setback_rear_ft;setback_side_ft,5
or/multnomah/wood-village,LM,5,19.39,partial,0,11,,corner_access_street;front_lot_line_corner;front_lot_line_through;land_division_parent_standards;parking_aisle_one_way_ft;parking_aisle_two_way_ft;parking_min_per_unit;parking_stall_depth_ft;parking_stall_width_ft;parking_street_setback_ft;quadplex_allowed,5
or/washington/_unincorporated,NCMU NB,5,13.78,partial,0,10,,corner_access_street;driveway_approach_max_width_ft;front_lot_line_corner;land_division_parent_standards;parking_aisle_one_way_ft;parking_aisle_two_way_ft;parking_min_per_unit;parking_stall_depth_ft;parking_stall_width_ft;quadplex_allowed,5
or/washington/_unincorporated,R-25+ NB,5,9.88,partial,0,10,,corner_access_street;driveway_approach_max_width_ft;front_lot_line_corner;land_division_parent_standards;parking_aisle_one_way_ft;parking_aisle_two_way_ft;parking_min_per_unit;parking_stall_depth_ft;parking_stall_width_ft;quadplex_allowed,5
or/washington/hillsboro,SSID,5,73.64,partial,0,9,,corner_access_street;driveway_approach_max_width_ft;front_lot_line_corner;land_division_parent_standards;parking_alley_access_required;parking_area_max_frontage_pct;parking_max_per_unit;parking_min_per_unit;quadplex_allowed,5
or/washington/hillsboro,UC-AC,5,9.56,partial,0,15,,corner_access_street;driveway_approach_max_width_ft;front_lot_line_corner;land_division_parent_standards;min_building_height_ft;min_density_du_per_acre;parking_alley_access_required;parking_area_max_frontage_pct;parking_max_per_unit;parking_min_per_unit;quadplex_allowed;setback_front_ft;setback_front_max_ft;setback_rear_ft;setback_side_ft,5
or/washington/hillsboro,UC-NC,5,27.94,partial,0,16,,corner_access_street;driveway_approach_max_width_ft;front_lot_line_corner;land_division_parent_standards;max_height_ft;min_building_height_ft;min_density_du_per_acre;parking_alley_access_required;parking_area_max_frontage_pct;parking_max_per_unit;parking_min_per_unit;quadplex_allowed;setback_front_ft;setback_front_max_ft;setback_rear_ft;setback_side_ft,5
or/clackamas/_unincorporated,OA,4,1.38,partial,0,12,,corner_access_street;driveway_approach_max_width_ft;front_lot_line_corner;front_lot_line_through;land_division_parent_standards;parking_aisle_one_way_ft;parking_aisle_two_way_ft;parking_area_max_frontage_pct;parking_min_per_unit;parking_stall_depth_ft;parking_stall_width_ft;quadplex_allowed,4
or/clackamas/happy-valley,(unzoned in parcel data),4,2.26,zone_missing,0,0,,,4
or/clackamas/oregon-city,WFDD,4,23.37,partial,0,23,,corner_access_street;driveway_approach_max_width_ft;driveway_approach_min_width_ft;front_lot_line_corner;front_lot_line_through;land_division_parent_standards;max_coverage_pct;max_height_ft;min_building_height_ft;min_building_height_stories;parking_aisle_one_way_ft;parking_aisle_two_way_ft;parking_area_max_frontage_pct;parking_area_max_width_ft;parking_front_prohibited;parking_min_per_unit;parking_stall_depth_ft;parking_stall_width_ft;quadplex_allowed;setback_front_ft;setback_front_max_ft;setback_rear_ft;setback_side_ft,4
or/clackamas/tualatin,CN,4,3.05,zone_missing,0,0,,,4
or/clackamas/tualatin,IN,4,49.02,zone_missing,0,0,,,4
or/clackamas/wilsonville,FDAHV,4,26.56,partial,0,11,,corner_access_street;driveway_approach_max_width_ft;front_lot_line_corner;front_lot_line_through;land_division_parent_standards;min_landscaped_pct;parking_alley_access_required;parking_area_max_frontage_pct;parking_stall_depth_ft;parking_stall_width_ft;quadplex_allowed,4
or/multnomah/_unincorporated,LR5,4,82.4,partial,0,21,,corner_access_street;driveway_min_width_two_way_ft;front_lot_line_corner;front_lot_line_through;land_division_parent_standards;max_coverage_pct;max_height_ft;min_frontage_ft;min_lot_sqft;min_lot_width_ft;parking_aisle_one_way_ft;parking_aisle_two_way_ft;parking_min_per_unit;parking_stall_depth_ft;parking_stall_width_ft;parking_street_setback_ft;quadplex_allowed;setback_front_ft;setback_rear_ft;setback_side_ft;setback_street_side_ft,4
or/multnomah/_unincorporated,UF20,4,94.36,partial,0,11,,corner_access_street;driveway_min_width_two_way_ft;front_lot_line_corner;front_lot_line_through;land_division_parent_standards;parking_aisle_one_way_ft;parking_aisle_two_way_ft;parking_min_per_unit;parking_stall_depth_ft;parking_stall_width_ft;quadplex_allowed,4
or/multnomah/_unincorporated,UPAR-10,4,46.55,zone_missing,0,0,,,4
or/multnomah/fairview,LR5,4,55.45,zone_missing,0,0,,,4
or/washington/hillsboro,UC-RP,4,186.8,partial,0,17,,corner_access_street;driveway_approach_max_width_ft;front_lot_line_corner;land_division_parent_standards;max_height_ft;min_building_height_ft;min_density_du_per_acre;min_lot_width_ft;parking_alley_access_required;parking_area_max_frontage_pct;parking_max_per_unit;parking_min_per_unit;quadplex_allowed;setback_front_ft;setback_front_max_ft;setback_rear_ft;setback_side_ft,4
or/washington/king-city,INST (WC),4,25.31,zone_missing,0,0,,,4
or/washington/sherwood,OC_PUD,4,9.62,partial,0,9,,corner_access_street;driveway_approach_max_width_ft;driveway_max_frontage_pct;front_lot_line_corner;land_division_parent_standards;parking_alley_access_required;parking_front_prohibited;parking_min_per_unit;quadplex_allowed,4
or/clackamas/happy-valley,VO,3,3.72,partial,0,12,,corner_access_street;driveway_min_width_one_way_ft;driveway_min_width_two_way_ft;front_lot_line_corner;front_lot_line_through;land_division_parent_standards;parking_aisle_one_way_ft;parking_aisle_two_way_ft;parking_min_per_unit;parking_stall_depth_ft;parking_stall_width_ft;quadplex_allowed,3
or/multnomah/_unincorporated,GGR2,3,0.93,partial,0,11,,corner_access_street;driveway_min_width_two_way_ft;front_lot_line_corner;front_lot_line_through;land_division_parent_standards;parking_aisle_one_way_ft;parking_aisle_two_way_ft;parking_min_per_unit;parking_stall_depth_ft;parking_stall_width_ft;quadplex_allowed,3
or/multnomah/_unincorporated,IG2,3,2.0,partial,0,11,,corner_access_street;driveway_min_width_two_way_ft;front_lot_line_corner;front_lot_line_through;land_division_parent_standards;parking_aisle_one_way_ft;parking_aisle_two_way_ft;parking_min_per_unit;parking_stall_depth_ft;parking_stall_width_ft;quadplex_allowed,3
or/multnomah/fairview,AH,3,14.68,partial,0,13,,corner_access_street;driveway_approach_max_width_ft;driveway_approach_min_width_ft;front_lot_line_corner;land_division_parent_standards;parking_aisle_one_way_ft;parking_aisle_two_way_ft;parking_area_max_frontage_pct;parking_building_buffer_ft;parking_min_per_unit;parking_stall_depth_ft;parking_stall_width_ft;quadplex_allowed,3
or/multnomah/fairview,R/MH,3,35.64,partial,0,13,,corner_access_street;driveway_approach_max_width_ft;driveway_approach_min_width_ft;front_lot_line_corner;land_division_parent_standards;parking_aisle_one_way_ft;parking_aisle_two_way_ft;parking_area_max_frontage_pct;parking_building_buffer_ft;parking_min_per_unit;parking_stall_depth_ft;parking_stall_width_ft;quadplex_allowed,3
or/multnomah/fairview,VO,3,1.56,partial,0,13,,corner_access_street;driveway_approach_max_width_ft;driveway_approach_min_width_ft;front_lot_line_corner;land_division_parent_standards;parking_aisle_one_way_ft;parking_aisle_two_way_ft;parking_area_max_frontage_pct;parking_building_buffer_ft;parking_min_per_unit;parking_stall_depth_ft;parking_stall_width_ft;quadplex_allowed,3
or/multnomah/troutdale,IP,3,38.45,partial,0,14,,corner_access_street;driveway_approach_max_width_ft;driveway_min_width_one_way_ft;driveway_min_width_two_way_ft;front_lot_line_corner;front_lot_line_through;land_division_parent_standards;parking_aisle_one_way_ft;parking_aisle_two_way_ft;parking_area_max_frontage_pct;parking_min_per_unit;parking_stall_depth_ft;parking_stall_width_ft;quadplex_allowed,3
or/multnomah/troutdale,MU-3,3,19.27,partial,0,24,,corner_access_street;driveway_approach_max_width_ft;driveway_min_width_one_way_ft;driveway_min_width_two_way_ft;front_lot_line_corner;front_lot_line_through;land_division_parent_standards;max_height_ft;min_building_height_ft;min_frontage_ft;min_lot_depth_ft;min_lot_width_ft;parking_aisle_one_way_ft;parking_aisle_two_way_ft;parking_area_max_frontage_pct;parking_min_per_unit;parking_stall_depth_ft;parking_stall_width_ft;parking_street_setback_ft;quadplex_allowed;setback_front_ft;setback_front_max_ft;setback_rear_ft;setback_side_ft,3
or/washington/durham,MDR,3,10.64,partial,0,9,,corner_access_street;driveway_approach_max_width_ft;driveway_min_width_one_way_ft;driveway_min_width_two_way_ft;driveway_walkway_ft;front_lot_line_corner;land_division_parent_standards;parking_min_per_unit;quadplex_allowed,3
or/washington/hillsboro,ANX,3,8.57,zone_missing,0,0,,,3
or/washington/sherwood,(unzoned in parcel data),3,5.02,zone_missing,0,0,,,3
or/clackamas/_unincorporated,PMU2,2,2.06,zone_missing,0,0,,,2
or/clackamas/_unincorporated,PMU3,2,11.45,zone_missing,0,0,,,2
or/clackamas/_unincorporated,R-15,2,4.39,zone_missing,0,0,,,2
or/clackamas/_unincorporated,R6,2,3.93,zone_missing,0,0,,,2
or/clackamas/happy-valley,PMU,2,2.95,zone_missing,0,0,,,2
or/clackamas/west-linn,CI,2,5.66,partial,0,16,,corner_access_street;driveway_approach_max_width_ft;driveway_approach_min_width_ft;driveway_min_width_one_way_ft;driveway_min_width_two_way_ft;front_lot_line_corner;front_lot_line_through;land_division_parent_standards;parking_aisle_one_way_ft;parking_aisle_two_way_ft;parking_alley_access_required;parking_max_per_unit;parking_min_per_unit;parking_stall_depth_ft;parking_stall_width_ft;quadplex_allowed,2
or/clackamas/wilsonville,(unzoned in parcel data),2,0.9,zone_missing,0,0,,,2
or/multnomah/_unincorporated,CFU2,2,2.07,partial,0,11,,CFU2.like;corner_access_street;driveway_min_width_two_way_ft;front_lot_line_corner;front_lot_line_through;land_division_parent_standards;parking_aisle_one_way_ft;parking_aisle_two_way_ft;parking_min_per_unit;parking_stall_depth_ft;parking_stall_width_ft;quadplex_allowed,2
or/multnomah/_unincorporated,LDR-5,2,16.14,zone_missing,0,0,,,2
or/multnomah/_unincorporated,MR4,2,2.71,partial,0,21,,corner_access_street;driveway_min_width_two_way_ft;front_lot_line_corner;front_lot_line_through;land_division_parent_standards;max_coverage_pct;max_height_ft;min_frontage_ft;min_lot_sqft;min_lot_width_ft;parking_aisle_one_way_ft;parking_aisle_two_way_ft;parking_min_per_unit;parking_stall_depth_ft;parking_stall_width_ft;parking_street_setback_ft;quadplex_allowed;setback_front_ft;setback_rear_ft;setback_side_ft;setback_street_side_ft,2
or/multnomah/fairview,LR7,2,9.68,zone_missing,0,0,,,2
or/washington/_unincorporated,SID,2,0.61,partial,0,10,,corner_access_street;driveway_approach_max_width_ft;front_lot_line_corner;land_division_parent_standards;parking_aisle_one_way_ft;parking_aisle_two_way_ft;parking_min_per_unit;parking_stall_depth_ft;parking_stall_width_ft;quadplex_allowed,2
or/washington/_unincorporated,TO:R40-80,2,9.1,partial,0,13,setback_front_ft;setback_rear_ft;setback_side_ft,corner_access_street;driveway_approach_max_width_ft;front_lot_line_corner;land_division_parent_standards;max_height_ft;min_density_du_per_acre;parking_aisle_one_way_ft;parking_aisle_two_way_ft;parking_min_per_unit;parking_stall_depth_ft;parking_stall_width_ft;quadplex_allowed;setback_front_max_ft,2
or/washington/king-city,CF,2,12.97,partial,0,9,,front_lot_line_corner;land_division_parent_standards;parking_aisle_one_way_ft;parking_aisle_two_way_ft;parking_front_prohibited;parking_min_per_unit;parking_stall_depth_ft;parking_stall_width_ft;quadplex_allowed,2
or/washington/sherwood,NC,2,1.04,partial,0,9,,corner_access_street;driveway_approach_max_width_ft;driveway_max_frontage_pct;front_lot_line_corner;land_division_parent_standards;parking_alley_access_required;parking_front_prohibited;parking_min_per_unit;quadplex_allowed,2
or/clackamas/_unincorporated,(unzoned in parcel data),1,0.21,zone_missing,0,0,,,1
or/clackamas/_unincorporated,IC,1,9.55,zone_missing,0,0,,,1
or/clackamas/_unincorporated,IPU,1,1.03,zone_missing,0,0,,,1
or/clackamas/_unincorporated,MG,1,0.06,zone_missing,0,0,,,1
or/clackamas/_unincorporated,MURM2,1,4.83,zone_missing,0,0,,,1
or/clackamas/_unincorporated,NMU,1,4.35,zone_missing,0,0,,,1
or/clackamas/_unincorporated,PMU6,1,7.21,zone_missing,0,0,,,1
or/clackamas/_unincorporated,R-10,1,0.95,zone_missing,0,0,,,1
or/clackamas/_unincorporated,R-7.5,1,6.83,zone_missing,0,0,,,1
or/clackamas/_unincorporated,R-HD,1,6.27,zone_missing,0,0,,,1
or/clackamas/_unincorporated,RC-ME,1,0.14,zone_missing,0,0,,,1
or/clackamas/_unincorporated,SHD,1,5.42,zone_missing,0,0,,,1
or/clackamas/_unincorporated,VA,1,6.23,partial,0,17,,corner_access_street;driveway_approach_max_width_ft;front_lot_line_corner;front_lot_line_through;land_division_parent_standards;max_height_ft;min_building_separation_ft;min_lot_sqft;parking_aisle_one_way_ft;parking_aisle_two_way_ft;parking_area_max_frontage_pct;parking_min_per_unit;parking_stall_depth_ft;parking_stall_width_ft;quadplex_allowed;setback_front_ft;setback_front_max_ft,1
or/clackamas/_unincorporated,VCS,1,9.46,partial,0,12,,corner_access_street;driveway_approach_max_width_ft;front_lot_line_corner;front_lot_line_through;land_division_parent_standards;parking_aisle_one_way_ft;parking_aisle_two_way_ft;parking_area_max_frontage_pct;parking_min_per_unit;parking_stall_depth_ft;parking_stall_width_ft;quadplex_allowed,1
or/clackamas/gladstone,(unzoned in parcel data),1,0.43,zone_missing,0,0,,,1
or/clackamas/gladstone,C1,1,0.87,zone_missing,0,0,,,1
or/clackamas/happy-valley,R20CC,1,5.72,partial,0,24,,R20CC.like;corner_access_street;driveway_min_width_one_way_ft;driveway_min_width_two_way_ft;front_lot_line_corner;front_lot_line_through;land_division_parent_standards;max_coverage_pct;max_height_ft;min_frontage_ft;min_landscaped_pct;min_lot_depth_ft;min_lot_sqft;min_lot_width_ft;parking_aisle_one_way_ft;parking_aisle_two_way_ft;parking_min_per_unit;parking_stall_depth_ft;parking_stall_width_ft;parking_street_setback_ft;quadplex_allowed;setback_front_ft;setback_rear_ft;setback_side_ft;setback_street_side_ft,1
or/clackamas/happy-valley,RA1,1,1.22,zone_missing,0,0,,,1
or/clackamas/happy-valley,RC,1,0.56,zone_missing,0,0,,,1
or/clackamas/happy-valley,VR57,1,1.67,zone_missing,0,0,,,1
or/clackamas/oregon-city,NC,1,11.72,partial,0,14,max_height_ft;min_lot_sqft;setback_front_ft;setback_rear_ft;setback_side_ft,corner_access_street;driveway_approach_max_width_ft;driveway_approach_min_width_ft;front_lot_line_corner;front_lot_line_through;land_division_parent_standards;parking_aisle_one_way_ft;parking_aisle_two_way_ft;parking_area_max_frontage_pct;parking_area_max_width_ft;parking_min_per_unit;parking_stall_depth_ft;parking_stall_width_ft;quadplex_allowed,1
or/clackamas/tualatin,CR,1,8.58,zone_missing,0,0,,,1
or/clackamas/west-linn,(unzoned in parcel data),1,11.92,zone_missing,0,0,,,1
or/clackamas/west-linn,NC,1,2.09,partial,0,16,,corner_access_street;driveway_approach_max_width_ft;driveway_approach_min_width_ft;driveway_min_width_one_way_ft;driveway_min_width_two_way_ft;front_lot_line_corner;front_lot_line_through;land_division_parent_standards;parking_aisle_one_way_ft;parking_aisle_two_way_ft;parking_alley_access_required;parking_max_per_unit;parking_min_per_unit;parking_stall_depth_ft;parking_stall_width_ft;quadplex_allowed,1
or/clackamas/west-linn,R-40,1,0.85,partial,0,26,,corner_access_street;driveway_approach_max_width_ft;driveway_approach_min_width_ft;driveway_min_width_one_way_ft;driveway_min_width_two_way_ft;front_lot_line_corner;front_lot_line_through;land_division_parent_standards;max_coverage_pct;max_far;max_height_ft;min_average_lot_width_ft;min_lot_sqft;min_lot_width_ft;parking_aisle_one_way_ft;parking_aisle_two_way_ft;parking_alley_access_required;parking_max_per_unit;parking_min_per_unit;parking_stall_depth_ft;parking_stall_width_ft;quadplex_allowed;setback_front_ft;setback_rear_ft;setback_side_ft;setback_street_side_ft,1
or/clackamas/wilsonville,FDAHC,1,0.11,partial,0,11,,corner_access_street;driveway_approach_max_width_ft;front_lot_line_corner;front_lot_line_through;land_division_parent_standards;min_landscaped_pct;parking_alley_access_required;parking_area_max_frontage_pct;parking_stall_depth_ft;parking_stall_width_ft;quadplex_allowed,1
or/clackamas/wilsonville,PDR1,1,1.33,partial,0,20,,corner_access_street;driveway_approach_max_width_ft;front_lot_line_corner;front_lot_line_through;land_division_parent_standards;max_coverage_pct;max_height_ft;min_frontage_ft;min_landscaped_pct;min_lot_sqft;parking_alley_access_required;parking_area_max_frontage_pct;parking_stall_depth_ft;parking_stall_width_ft;quadplex_allowed;setback_front_ft;setback_garage_entrance_ft;setback_rear_ft;setback_side_ft;setback_street_side_ft,1
or/multnomah/_unincorporated,C3,1,4.93,partial,0,11,,corner_access_street;driveway_min_width_two_way_ft;front_lot_line_corner;front_lot_line_through;land_division_parent_standards;parking_aisle_one_way_ft;parking_aisle_two_way_ft;parking_min_per_unit;parking_stall_depth_ft;parking_stall_width_ft;quadplex_allowed,1
or/multnomah/_unincorporated,THR,1,1.01,zone_missing,0,0,,,1
or/multnomah/_unincorporated,VLDR-SW,1,4.45,zone_missing,0,0,,,1
or/multnomah/fairview,(unzoned in parcel data),1,1.17,zone_missing,0,0,,,1
or/multnomah/fairview,LR10,1,44.85,zone_missing,0,0,,,1
or/multnomah/fairview,MR2,1,1.75,zone_missing,0,0,,,1
or/multnomah/gresham,NC-PV,1,3.41,partial,0,15,,corner_access_street;driveway_approach_max_width_ft;driveway_approach_min_width_ft;front_lot_line_corner;front_lot_line_through;land_division_parent_standards;open_space_min_pct;parking_aisle_one_way_ft;parking_aisle_two_way_ft;parking_alley_access_required;parking_alley_backout_ft;parking_min_per_unit;parking_stall_depth_ft;parking_stall_width_ft;quadplex_allowed,1
or/multnomah/gresham,PUB-PV,1,74.03,partial,0,15,,corner_access_street;driveway_approach_max_width_ft;driveway_approach_min_width_ft;front_lot_line_corner;front_lot_line_through;land_division_parent_standards;open_space_min_pct;parking_aisle_one_way_ft;parking_aisle_two_way_ft;parking_alley_access_required;parking_alley_backout_ft;parking_min_per_unit;parking_stall_depth_ft;parking_stall_width_ft;quadplex_allowed,1
or/multnomah/gresham,RTI-SW,1,8.46,partial,0,15,,corner_access_street;driveway_approach_max_width_ft;driveway_approach_min_width_ft;front_lot_line_corner;front_lot_line_through;land_division_parent_standards;open_space_min_pct;parking_aisle_one_way_ft;parking_aisle_two_way_ft;parking_alley_access_required;parking_alley_backout_ft;parking_min_per_unit;parking_stall_depth_ft;parking_stall_width_ft;quadplex_allowed,1
or/multnomah/troutdale,(unzoned in parcel data),1,26.89,zone_missing,0,0,,,1
or/multnomah/troutdale,UPAR-10,1,3.92,zone_missing,0,0,,,1
or/washington/_unincorporated,EFC,1,0.18,partial,0,10,,corner_access_street;driveway_approach_max_width_ft;front_lot_line_corner;land_division_parent_standards;parking_aisle_one_way_ft;parking_aisle_two_way_ft;parking_min_per_unit;parking_stall_depth_ft;parking_stall_width_ft;quadplex_allowed,1
or/washington/beaverton,(unzoned in parcel data),1,3.43,zone_missing,0,0,,,1
or/washington/durham,(unzoned in parcel data),1,0.04,zone_missing,0,0,,,1
or/washington/king-city,CBD (WC),1,3.26,zone_missing,0,0,,,1
or/washington/king-city,R-15 (WC),1,7.5,zone_missing,0,0,,,1
or/washington/king-city,R-6 (WC),1,26.03,zone_missing,0,0,,,1
or/washington/sherwood,MG,1,16.44,zone_missing,0,0,,,1
or/washington/sherwood,RRFF5,1,8.86,zone_missing,0,0,,,1
