layer,ref,mentions,binding,outcome,fields,slack_fields,sources,sample,ruling
or/multnomah/wood-village,450,2,1,later,max_height_ft min_landscaped_pct min_lot_depth_ft min_lot_sqft min_lot_width_ft setback_front_ft setback_front_max_ft setback_rear_ft setback_side_ft,max_height_ft min_landscaped_pct min_lot_depth_ft min_lot_sqft min_lot_width_ft setback_front_ft setback_front_max_ft setback_rear_ft setback_side_ft,230.310.txt 235.310.txt,A. Minimum Lot Size and Dimension. There is no minimum lot size or dimension for development of land or creation of new lots in commercial zones. Creation of ne,"Subdivisions and Partitions. Both mentions sit in the sentence after the one this screen reads: ""There is no minimum lot size or dimension for development of land or creation of new lots in commercial zones. Creation of new lots is subject to the regulations of Section 450."" Same split as Portland 33.613 — the development half is the test an existing lot has to pass, and the creation half is a plat that produces the lot in the first place. Parked rather than closed: no pod in flats/config/pods declares plat: unit_lots, so this screen never creates a lot. The day one does, this is a fetch."
or/clackamas/_unincorporated,1105,6,3,later,max_density_du_per_acre quadplex_allowed,max_density_du_per_acre,zdo.1012.txt zdo.315.txt,"7 Middle housing dwelling units; however, middle housing land divisions are permitted pursuant to Section 1105, Subdivisions, Partitions, Replats, Middle Housin","""Subdivisions, Partitions, Replats, Middle Housing Land Divisions."" Both mentions are ZDO Table 1012 footnotes permitting a middle housing land division as an exception to a lot standard, and the parent-lot standards this layer already encodes are the ones that govern while the pod sits on one lot. Parked rather than closed: no pod in flats/config/pods declares plat: unit_lots, so this screen never creates a lot. The day one does, this is a fetch."
or/clackamas/lake-oswego,50.06.001.5,6,2,fetch,max_density_du_per_acre quadplex_allowed,max_density_du_per_acre,50.04.dimensional.txt,"[Cross-Reference: Height Limitation: see Charter Section 46A for 50 ft. Maximum Height of Structures in Residential Areas; LOC § 50.04.003.4, General Exception ","LOC 50.06.001.5.b is cited as a Height Limitation ""for non-single-family dwellings"" in five of the dimensional table's cross-reference blocks, including the WLG and EC zones. The pod is a non-single-family dwelling and the encoded Lake Oswego heights leave two to four feet of slack over 26 ft, so a design-chapter qualifier on height is exactly the Gresham 7.0420 shape. Chapter 50.06 is not held."
or/multnomah/portland,33.613,2,2,later,min_lot_sqft,min_lot_sqft,33.130.txt 33.150.txt,"Creation of new lots is subject to the regulations of Chapter 33.613, Lots in Commercial/Mixed","Lots in Commercial/Mixed Use Zones. The sentence this screen reads -- ""There is no required minimum lot size for development of land in commercial/mixed use zones"" -- is followed by one sending lot *creation* to this chapter. Creating a lot is not a test an existing lot has to pass to be built on, and CR, CM1, CM2, CM3, CE and CX are encoded on the development half of that pair. The campus institutional zones state both halves outright, which is what shows the split is the code's and not a reading of it. Parked rather than closed: no pod in flats/config/pods declares plat: unit_lots, so this screen never creates a lot. The day one does, this is a fetch."
or/multnomah/portland,33.614,1,1,later,min_lot_sqft,min_lot_sqft,33.140.txt,Lot size regulations are in Chapters 33.614 and 33.615.,"""Lot size regulations are in Chapters 33.614 and 33.615"", the whole of what 33.140 says about lot size in the employment and industrial zones. Land-division chapters, same shape as 33.613 in the commercial chapter: how a lot may be created, not a minimum a built lot has to meet. EX is encoded exempt on that sentence. Parked with 33.613 for the same reason: no pod declares plat: unit_lots today."
or,33.248,44,0,,,,33.110.txt 33.120.txt 33.140.txt 33.266.txt 33.130.txt 33.150.txt,"with the F2 standards of Chapter 33.248, Landscaping and Screening;",
or,33.705.020,32,0,,,,33.140.txt 33.110.txt 33.120.txt 33.130.txt 33.150.txt,"site, the neighborhood contact steps of 33.705.020.A., Neighborhood contact I are",
or/multnomah/portland,33.248,31,0,,,,33.120.txt 33.110.txt 33.130.txt 33.140.txt 33.150.txt 33.266.txt,"with the F2 standards of Chapter 33.248, Landscaping and Screening;",
or/clackamas/tualatin,23,27,0,,,,71.wetlands-protection.txt,"That portion of the Northeast quarter of Section 23, T ownship 2 South, Range 1 West, Willamette",
or,33.700.060,22,0,,,,33.140.txt 33.110.txt 33.120.txt 33.130.txt 33.266.txt 33.150.txt,the requirements of 33.700.060. The covenant must ensure that the affordable,
or/multnomah/portland,33.705.020,22,0,,,,33.140.txt 33.110.txt 33.120.txt 33.130.txt 33.150.txt,"site, the neighborhood contact steps of 33.705.020.A., Neighborhood contact I are",
or/clackamas/west-linn,52,21,0,,,,02.definitions.txt 08.r-40.txt 09.r-20.txt 10.r-15.txt 11.r-10.txt 12.r-7.txt 13.r-5.txt 14.r-4.5.txt 15.r-3.txt 16.r-2.1.txt 46.parking.txt,"The following terms and phrases shall have the meanings given to them below with regard to Chapter 52 CDC, Signs:",
or,33.258,19,0,,,,33.100.txt 33.110.txt 33.140.txt 33.120.txt 33.130.txt 33.150.txt 11.50.txt,"categories listed as prohibited may be subject to the regulations of Chapter 33.258,",
or,33.279,19,0,,,,33.110.txt 33.100.txt 33.120.txt 33.150.txt,"sports are subject to the regulations of Chapter 33.279, Recreational Fields for",
or,60,19,0,,,,08.r-40.txt 09.r-20.txt 10.r-15.txt 11.r-10.txt 12.r-7.txt 13.r-5.txt 14.r-4.5.txt 15.r-3.txt 16.r-2.1.txt 41.steep-lots.txt,C. The approval of a conditional use (CDC 08.060) is discretionary with the Planning Commission. The approval process and criteria for approval are set forth in,
or,66,19,0,,,,08.r-40.txt 09.r-20.txt 10.r-15.txt 11.r-10.txt 12.r-7.txt 13.r-5.txt 14.r-4.5.txt 15.r-3.txt 16.r-2.1.txt 02.definitions.txt,"Type I and II lands shall not be counted toward lot area when determining allowable floor area ratio, except that a minimum floor area ratio of 0.30 shall be al",
or/clackamas/west-linn,60,19,0,,,,08.r-40.txt 09.r-20.txt 10.r-15.txt 11.r-10.txt 12.r-7.txt 13.r-5.txt 14.r-4.5.txt 15.r-3.txt 16.r-2.1.txt 41.steep-lots.txt,C. The approval of a conditional use (CDC 08.060) is discretionary with the Planning Commission. The approval process and criteria for approval are set forth in,
or,80,18,0,,,,08.r-40.txt 09.r-20.txt 10.r-15.txt 11.r-10.txt 12.r-7.txt 13.r-5.txt 14.r-4.5.txt 15.r-3.txt 16.r-2.1.txt,"A. A use permitted outright, CDC 08.030, is a use which requires no approval under the provisions of this code, except that some uses require design review purs",
or,9.0100,18,0,,,,4.1200.civic-neighborhood.txt 4.1400.pleasant-valley.txt 3.0100.definitions.txt 4.0300.industrial.txt 4.1100.downtown.txt 7.0500.rockwood-design.txt 4.0200.commercial.txt 4.1500.springwater.txt 9.0800.parking.txt,"screen, or separate areas. For purposes of              Section 9.0100, walls are a type of fence.",
or/clackamas/west-linn,35,18,0,,,,08.r-40.txt 09.r-20.txt 10.r-15.txt 11.r-10.txt 12.r-7.txt 13.r-5.txt 14.r-4.5.txt 15.r-3.txt 16.r-2.1.txt,3. Temporary use subject to the provisions of Chapter 35 CDC.,
or/clackamas/west-linn,80,18,0,,,,08.r-40.txt 09.r-20.txt 10.r-15.txt 11.r-10.txt 12.r-7.txt 13.r-5.txt 14.r-4.5.txt 15.r-3.txt 16.r-2.1.txt,"A. A use permitted outright, CDC 08.030, is a use which requires no approval under the provisions of this code, except that some uses require design review purs",
or/multnomah/gresham,9.0100,18,0,,,,4.1200.civic-neighborhood.txt 4.1400.pleasant-valley.txt 3.0100.definitions.txt 4.0300.industrial.txt 4.1100.downtown.txt 7.0500.rockwood-design.txt 4.0200.commercial.txt 4.1500.springwater.txt 9.0800.parking.txt,"screen, or separate areas. For purposes of              Section 9.0100, walls are a type of fence.",
or,10.0900,16,0,,,,4.1100.downtown.txt 4.1400.pleasant-valley.txt 4.1200.civic-neighborhood.txt 4.1500.springwater.txt 3.0100.definitions.txt 4.0100.residential.txt 4.0200.commercial.txt 4.0300.industrial.txt 4.0400.corridor.txt 7.0500.rockwood-design.txt,"The following definitions apply to the application of Section 10.0900, Renewable Energy and sustainability",
or,300,16,0,,,,230.200.txt 235.200.txt 240.200.txt 250.200.txt 260.200.txt 16.34.natural-resources.txt 210.310.txt 210.320.txt 220.310.txt 220.320.txt zdo.202.definitions.txt,"ZONING DISTRICT, RESIDENTIAL: A zoning district regulated by Section 300, Urban and Rural Residential Districts.",
or/multnomah/gresham,10.0900,16,0,,,,4.1100.downtown.txt 4.1400.pleasant-valley.txt 4.1200.civic-neighborhood.txt 4.1500.springwater.txt 3.0100.definitions.txt 4.0100.residential.txt 4.0200.commercial.txt 4.0300.industrial.txt 4.0400.corridor.txt 7.0500.rockwood-design.txt,"The following definitions apply to the application of Section 10.0900, Renewable Energy and sustainability",
or/clackamas/milwaukie,16.32,15,0,,,,19.400.overlays.txt 19.600.parking.txt,"The plan shall provide for the retention of existing large trees and existing native vegetation, including small trees, ground covers, and shrubs, within the ve",
or,1005.02,14,0,,,,zdo.315.txt,See Subsections 1005.02(E) and (H).,
or,55,14,0,,,,14.r-4.5.txt 15.r-3.txt 16.r-2.1.txt 08.r-40.txt 09.r-20.txt 10.r-15.txt 11.r-10.txt 12.r-7.txt 13.r-5.txt 46.parking.txt 48.access.txt,"B. The provisions of Chapter 55 CDC, Design Review, apply to all uses except attached and/or detached single-family dwellings, cottage clusters, townhouses, man",
or,75,14,0,,,,08.r-40.txt 09.r-20.txt 10.r-15.txt 11.r-10.txt 12.r-7.txt 13.r-5.txt 14.r-4.5.txt 15.r-3.txt 16.r-2.1.txt 25.willamette-historic.txt 36.400-420.lot-dimensions.txt 43.sidewall.txt 46.parking.txt 48.access.txt,right-of-way in accordance with TDC 73C and TDC Chapter 75 via permanent access,
or/clackamas/_unincorporated,1005.02,14,0,,,,zdo.315.txt,See Subsections 1005.02(E) and (H).,
or/clackamas/west-linn,55,14,0,,,,14.r-4.5.txt 15.r-3.txt 16.r-2.1.txt 08.r-40.txt 09.r-20.txt 10.r-15.txt 11.r-10.txt 12.r-7.txt 13.r-5.txt 46.parking.txt 48.access.txt,"B. The provisions of Chapter 55 CDC, Design Review, apply to all uses except attached and/or detached single-family dwellings, cottage clusters, townhouses, man",
or,33.274,13,0,,,,33.140.txt 33.100.txt 33.110.txt 33.120.txt 33.130.txt 33.150.txt,right. See Chapter 33.274.,
or,6409,13,0,,,,4.planning.txt,Section 4.813. Mandatory and Automatic Permit Conditions of Approval for Section 6409(a).,
or/clackamas/wilsonville,6409,13,0,,,,4.planning.txt,Section 4.813. Mandatory and Automatic Permit Conditions of Approval for Section 6409(a).,
or/multnomah/_unincorporated,33.248,13,0,,,,33.110.txt 33.140.txt 33.266.txt,"with the F2 standards of Chapter 33.248, Landscaping and Screening;",
or/multnomah/portland,33.258,13,0,,,,33.100.txt 33.110.txt 33.120.txt 33.130.txt 33.140.txt 33.150.txt 11.50.txt,"3 C. New development must meet City specifications and standards in Chapter 11.60 and the on-site tree density requirements in Subsection D., below. Exterior al",
or,16.44.020,12,0,,,,16.12.definitions.txt 16.22.residential.txt,"For the purposes of Section 16.44.020, the mounting or installation of antennas and/or auxiliary support equipment on an existing support tower, support structu",
or,33.930,12,0,,,,33.110.txt 33.910.definitions.txt 33.140.txt,"stated in Chapter 33.930, Measurements. In addition, the alternative height and",
or,39.8860,12,0,,,,39.cfu.txt 39.efu.txt 39.mua-20.txt 39.oci.txt 39.or.txt 39.rural-residential.txt,(5) Compliance with MCC 39.8860 is,
or,9.0900,12,0,,,,4.1500.springwater.txt 4.0100.residential.txt 4.1100.downtown.txt 4.1400.pleasant-valley.txt 4.0200.commercial.txt 4.0300.industrial.txt 4.0400.corridor.txt,such as heat pumps can project into the setbacks per Section 9.0900 Projections.,
or/clackamas/happy-valley,16.44.020,12,0,,,,16.12.definitions.txt 16.22.residential.txt,"For the purposes of Section 16.44.020, the mounting or installation of antennas and/or auxiliary support equipment on an existing support tower, support structu",
or/multnomah/gresham,4.115,12,0,,,,4.1100.downtown.txt,quality project that might not comply with all or some of the standards in Section 4.115              2. The aim is to,
or/multnomah/gresham,9.0900,12,0,,,,4.1500.springwater.txt 4.0100.residential.txt 4.1100.downtown.txt 4.1400.pleasant-valley.txt 4.0200.commercial.txt 4.0300.industrial.txt 4.0400.corridor.txt,such as heat pumps can project into the setbacks per Section 9.0900 Projections.,
or/multnomah/portland,33.279,12,0,,,,33.110.txt 33.100.txt 33.120.txt 33.150.txt,"sports are subject to the regulations of Chapter 33.279, Recreational Fields for",
or,16.32.042,11,0,,,,19.400.overlays.txt 19.600.parking.txt 19.200.definitions.txt,"means the trimming or removal of 20% or more of the live crown, or removal of or injury to roots within a radial distance from the tree of six times the tree’s ",
or,17.102.270,11,0,,,,33.110.txt 33.100.txt 33.140.txt 33.120.txt 33.130.txt 33.150.txt,"See Section 17.102.270, Businesses and Multifamily Complexes Required to Recycle, of the Portland",
or,19.245,11,0,,,,19.65.txt 19.70.txt 19.85.txt 19.13.definitions.txt 19.135.txt 19.80.txt,"“Wireless communication equipment” includes cell towers, antennas, monopoles, and related facilities used for radio signal transmission and receiving (see Chapt",
or,19.800,11,0,,,,19.300.base-zones.txt 19.400.overlays.txt 19.500.supplementary.txt 19.600.parking.txt,"Nonconforming Uses, Structures, and Development. Existing structures and uses that do not meet the standards for the commercial mixed-use zones may continue in ",
or,33.237,11,0,,,,33.110.txt 33.130.txt 33.120.txt 33.150.txt,"regulations of Chapter 33.237, Food Production and Distribution, the applicant may",
or,33.285,11,0,,,,33.140.txt 33.110.txt 33.120.txt 33.150.txt 33.130.txt,"Short term, mass, and outdoor shelters are regulated                          by Chapter 33.285, Short Term,",
or,54,11,0,,,,46.parking.txt 08.r-40.txt 09.r-20.txt 10.r-15.txt 11.r-10.txt 12.r-7.txt 13.r-5.txt 14.r-4.5.txt 15.r-3.txt 16.r-2.1.txt,"10. Chapter 54 CDC, Landscaping.",
or/clackamas/milwaukie,16.32.042,11,0,,,,19.400.overlays.txt 19.600.parking.txt 19.200.definitions.txt,"means the trimming or removal of 20% or more of the live crown, or removal of or injury to roots within a radial distance from the tree of six times the tree’s ",
or/clackamas/milwaukie,19.800,11,0,,,,19.300.base-zones.txt 19.400.overlays.txt 19.500.supplementary.txt 19.600.parking.txt,"Nonconforming Uses, Structures, and Development. Existing structures and uses that do not meet the standards for the commercial mixed-use zones may continue in ",
or/clackamas/west-linn,42,11,0,,,,08.r-40.txt 09.r-20.txt 10.r-15.txt 11.r-10.txt 12.r-7.txt 13.r-5.txt 14.r-4.5.txt 15.r-3.txt 16.r-2.1.txt 46.parking.txt 48.access.txt,"5. Chapter 42 CDC, Clear Vision Areas.",
or/clackamas/west-linn,54,11,0,,,,46.parking.txt 08.r-40.txt 09.r-20.txt 10.r-15.txt 11.r-10.txt 12.r-7.txt 13.r-5.txt 14.r-4.5.txt 15.r-3.txt 16.r-2.1.txt,"10. Chapter 54 CDC, Landscaping.",
or,17.62.070,10,0,,,,17.10.r-7.2.txt 17.12.r-5.txt,Setbacks for manufactured homes in a mobile home park are subject to the standards in GMC Section 17.62.070(4).,
or,19.911,10,0,,,,19.300.base-zones.txt 19.500.supplementary.txt 19.400.overlays.txt,"Nonconforming Uses, Structures, and Development. Existing structures and uses that do not meet the standards for the commercial mixed-use zones may continue in ",
or,33.245.040,10,0,,,,33.140.txt 33.130.txt 33.150.txt 33.120.txt,33.245.040 and 33.245.050. The amount of bonus floor area allowed is an,
or,50.03.003.3,10,0,,,,50.03.002.use-table.txt,§ 50.03.003.4.a and b; R-2 zone: § 50.03.003.3,
or,50.04.003.4,10,0,,,,50.04.dimensional.txt,[Cross-References: Height Limitation: see Charter Section 46A for 50 ft. Maximum Height of Structures in Residential Areas; Height Measure: see LOC § 50.04.003.,
or,60.090,10,0,,,,02.definitions.txt 08.r-40.txt 09.r-20.txt 10.r-15.txt 11.r-10.txt 12.r-7.txt 13.r-5.txt 14.r-4.5.txt 15.r-3.txt 16.r-2.1.txt,"2. Transportation facilities (Type II) are those which are not designated in the adopted TSP or part of an approved, active development order. Type II transport",
or,7.0112,10,0,,,,4.1400.pleasant-valley.txt 4.0400.corridor.txt 4.1500.springwater.txt 4.0100.residential.txt 7.0400.middle-housing-design.txt,Residential Design Standards. The Corridor Design District standards in Section 7.0112          shall apply to new,
or,99.240,10,0,,,,08.r-40.txt 09.r-20.txt 10.r-15.txt 11.r-10.txt 12.r-7.txt 13.r-5.txt 14.r-4.5.txt 15.r-3.txt 16.r-2.1.txt 48.access.txt,2. The decision may be appealed by the applicant to the Planning Commission as provided by CDC 99.240(A).,
or/clackamas/lake-oswego,50.03.003.3,10,0,,,,50.03.002.use-table.txt,§ 50.03.003.4.a and b; R-2 zone: § 50.03.003.3,
or/clackamas/milwaukie,19.911,10,0,,,,19.300.base-zones.txt 19.500.supplementary.txt 19.400.overlays.txt,"Nonconforming Uses, Structures, and Development. Existing structures and uses that do not meet the standards for the commercial mixed-use zones may continue in ",
or/clackamas/west-linn,37,10,0,,,,02.definitions.txt 08.r-40.txt 09.r-20.txt 10.r-15.txt 11.r-10.txt 12.r-7.txt 13.r-5.txt 14.r-4.5.txt 15.r-3.txt 16.r-2.1.txt,"Home occupation. Any activity carried out for gain by a resident and conducted as a customary, incidental, and accessory use in the resident’s dwelling unit. St",
or/clackamas/west-linn,44,10,0,,,,08.r-40.txt 09.r-20.txt 10.r-15.txt 11.r-10.txt 12.r-7.txt 13.r-5.txt 14.r-4.5.txt 15.r-3.txt 16.r-2.1.txt 25.willamette-historic.txt,"6. Chapter 44 CDC, Fences.",
or/clackamas/west-linn,99.240,10,0,,,,08.r-40.txt 09.r-20.txt 10.r-15.txt 11.r-10.txt 12.r-7.txt 13.r-5.txt 14.r-4.5.txt 15.r-3.txt 16.r-2.1.txt 48.access.txt,2. The decision may be appealed by the applicant to the Planning Commission as provided by CDC 99.240(A).,
or/multnomah/_unincorporated,33.705.020,10,0,,,,33.140.txt 33.110.txt,"site, the neighborhood contact steps of 33.705.020.A., Neighborhood contact I are",
or/multnomah/gresham,4.125,10,0,,,,4.1200.civic-neighborhood.txt,Civic Neighborhood Streets and Future Streets to identify the primary street type. Also See Section 4.125                                      2(A)(2) fo r,
or,10.0420,9,0,,,,4.1100.downtown.txt 4.1200.civic-neighborhood.txt 4.1400.pleasant-valley.txt 4.1500.springwater.txt 7.0500.rockwood-design.txt,•    Conversion of a hotel or motel to an emergency shelter or aﬀordable housing under Section 10.0420,
or,12.08,9,0,,,,17.zoning.txt 16.12.streets.txt,prescribed by OCMC 12.08. Development proposed along a col­,
or,19.1005,9,0,,,,19.500.supplementary.txt 19.400.overlays.txt 19.600.parking.txt,"Within either WQRs or HCAs, the following activities and items are subject to Type II review and approval by the Planning Manager per Section 19.1005, unless th",
or,19.490,9,0,,,,19.30.txt 19.120.txt 19.125.txt,G. Home occupations – see Chapter 19.490 FMC.,
or,33.270,9,0,,,,33.110.txt 33.120.txt 33.130.txt,"Attached Duplex                                                                    Only in Planned Developments, See Chapter 33.270.",
or,33.445,9,0,,,,33.100.txt 33.110.txt 33.140.txt 33.120.txt 33.130.txt 33.150.txt,"B.                                                Historic resources. Demolition of historic resources is regulated by Chapter 33.445, Historic",
or,39.9200,9,0,,,,39.cfu.txt 39.efu.txt 39.lr-10.txt 39.lr-5.txt 39.lr-7.txt 39.mua-20.txt 39.oci.txt 39.or.txt 39.rural-residential.txt,pursuant to MCC 39.9200.,
or,50.05.005,9,0,,,,50.04.dimensional.txt,"[Cross-References: (1) Height Limitation: See also LOC § 50.03.003.4.e.iii(3) for collocated telecommunication facilities, and LOC § 50.06.001.5.b for non-singl",
or,50.06.007.2,9,0,,,,50.04.dimensional.txt,"In any zone district, side yard setbacks may be reduced by up to 50% and/or the front or rear yard setbacks by up to 25% if the construction of a proposed struc",
or,60.070,9,0,,,,08.r-40.txt 09.r-20.txt 10.r-15.txt 11.r-10.txt 12.r-7.txt 13.r-5.txt 14.r-4.5.txt 15.r-3.txt 16.r-2.1.txt,"Except as may otherwise be established by this code, the appropriate lot or parcel size for a conditional use shall be determined by the approval authority at t",
or,65,9,0,,,,08.r-40.txt 09.r-20.txt 10.r-15.txt 11.r-10.txt 12.r-7.txt 13.r-5.txt 14.r-4.5.txt 15.r-3.txt 16.r-2.1.txt,"1. Chapter 65 CDC, Non-conforming Uses Involving a Structure.",
or,67,9,0,,,,08.r-40.txt 09.r-20.txt 10.r-15.txt 11.r-10.txt 12.r-7.txt 13.r-5.txt 14.r-4.5.txt 15.r-3.txt 16.r-2.1.txt,"3. Chapter 67 CDC, Non-conforming Uses of Land.",
or,68,9,0,,,,08.r-40.txt 09.r-20.txt 10.r-15.txt 11.r-10.txt 12.r-7.txt 13.r-5.txt 14.r-4.5.txt 15.r-3.txt 16.r-2.1.txt,"4. Chapter 68 CDC, Non-conforming Lots, Lots of Record.",
or,7.0100,9,0,,,,4.0400.corridor.txt 10.1700.affordable.txt 4.1100.downtown.txt 4.1200.civic-neighborhood.txt 4.1400.pleasant-valley.txt,Multi-Family or Residential                                           Not in a Design District                                         Section 7.0100 Corridor D,
or,7.0310,9,0,,,,4.1400.pleasant-valley.txt 4.1500.springwater.txt 4.0200.commercial.txt 4.0400.corridor.txt 4.1100.downtown.txt 4.1200.civic-neighborhood.txt 7.0500.rockwood-design.txt,"Section 7.0212 – Standards for New Solid Waste and Recycling; Section 7.0310                                     – Commercial, Institutional,",
or,7.0320,9,0,,,,4.0300.industrial.txt 4.0400.corridor.txt 4.1100.downtown.txt 4.1200.civic-neighborhood.txt 4.1500.springwater.txt,I. Pedestrian Circulation and Standards                                                     See Section 7.0320                                            See Se,
or,99.060,9,0,,,,08.r-40.txt 09.r-20.txt 10.r-15.txt 11.r-10.txt 12.r-7.txt 13.r-5.txt 14.r-4.5.txt 15.r-3.txt 16.r-2.1.txt,"1. The Planning Director shall make the decision in the manner provided by CDC 99.060(A)(2), Administrative Procedures, except that no notice shall be required;",
or/clackamas/lake-oswego,50.05.005,9,0,,,,50.04.dimensional.txt,"[Cross-References: (1) Height Limitation: See also LOC § 50.03.003.4.e.iii(3) for collocated telecommunication facilities, and LOC § 50.06.001.5.b for non-singl",
or/clackamas/lake-oswego,50.06.007.2,9,0,,,,50.04.dimensional.txt,"In any zone district, side yard setbacks may be reduced by up to 50% and/or the front or rear yard setbacks by up to 25% if the construction of a proposed struc",
or/clackamas/milwaukie,19.1005,9,0,,,,19.500.supplementary.txt 19.400.overlays.txt 19.600.parking.txt,"Within either WQRs or HCAs, the following activities and items are subject to Type II review and approval by the Planning Manager per Section 19.1005, unless th",
or/clackamas/oregon-city,12.08,9,0,,,,17.zoning.txt 16.12.streets.txt,prescribed by OCMC 12.08. Development proposed along a col­,
or/clackamas/west-linn,38,9,0,,,,08.r-40.txt 09.r-20.txt 10.r-15.txt 11.r-10.txt 12.r-7.txt 13.r-5.txt 14.r-4.5.txt 15.r-3.txt 16.r-2.1.txt,"3. Chapter 38 CDC, Additional Yard Area Required; Exceptions to Yard Requirements; Storage in Yards; Projections into Yards.",
or/clackamas/west-linn,65,9,0,,,,08.r-40.txt 09.r-20.txt 10.r-15.txt 11.r-10.txt 12.r-7.txt 13.r-5.txt 14.r-4.5.txt 15.r-3.txt 16.r-2.1.txt,"1. Chapter 65 CDC, Non-conforming Uses Involving a Structure.",
or/clackamas/west-linn,67,9,0,,,,08.r-40.txt 09.r-20.txt 10.r-15.txt 11.r-10.txt 12.r-7.txt 13.r-5.txt 14.r-4.5.txt 15.r-3.txt 16.r-2.1.txt,"3. Chapter 67 CDC, Non-conforming Uses of Land.",
or/clackamas/west-linn,68,9,0,,,,08.r-40.txt 09.r-20.txt 10.r-15.txt 11.r-10.txt 12.r-7.txt 13.r-5.txt 14.r-4.5.txt 15.r-3.txt 16.r-2.1.txt,"4. Chapter 68 CDC, Non-conforming Lots, Lots of Record.",
or/clackamas/west-linn,99.060,9,0,,,,08.r-40.txt 09.r-20.txt 10.r-15.txt 11.r-10.txt 12.r-7.txt 13.r-5.txt 14.r-4.5.txt 15.r-3.txt 16.r-2.1.txt,"1. The Planning Director shall make the decision in the manner provided by CDC 99.060(A)(2), Administrative Procedures, except that no notice shall be required;",
or/multnomah/gresham,7.0310,9,0,,,,4.1400.pleasant-valley.txt 4.1500.springwater.txt 4.0200.commercial.txt 4.0400.corridor.txt 4.1100.downtown.txt 4.1200.civic-neighborhood.txt 7.0500.rockwood-design.txt,"Section 7.0212 – Standards for New Solid Waste and Recycling; Section 7.0310                                     – Commercial, Institutional,",
or/multnomah/gresham,7.0320,9,0,,,,4.0300.industrial.txt 4.0400.corridor.txt 4.1100.downtown.txt 4.1200.civic-neighborhood.txt 4.1500.springwater.txt,I. Pedestrian Circulation and Standards                                                     See Section 7.0320                                            See Se,
or/multnomah/portland,32,9,0,,,,33.110.txt 33.120.txt 33.100.txt 33.130.txt 33.140.txt 33.150.txt 33.910.definitions.txt,"The sign regulations are stated in Title 32, Signs and Related Regulations.",
or,33.205,8,0,,,,33.110.txt 33.120.txt,(See Chapter 33.205)                                                               Yes                                  Yes                                   Ye,
or,33.815,8,0,,,,33.110.txt 33.120.txt 33.150.txt,"[5]. Most Community Service uses are regulated by Chapter 33.815, Conditional Uses.",
or,50.06.007.1,8,0,,,,50.04.dimensional.txt,"A development is exempt from the requirements of LOC § 50.06.007.1.c, Solar Design Standard, if the reviewing authority finds the applicant has shown that one o",
or/clackamas/happy-valley,92,8,0,,,,16.63.land-divisions.txt 16.12.definitions.txt,A partition or subdivision of a lot or parcel on which the development of middle housing is allowed under ORS 197.758(2) and the partition or subdivision is pro,
or/clackamas/lake-oswego,50.06.007.1,8,0,,,,50.04.dimensional.txt,"A development is exempt from the requirements of LOC § 50.06.007.1.c, Solar Design Standard, if the reviewing authority finds the applicant has shown that one o",
or/clackamas/west-linn,28,8,0,,,,02.definitions.txt 11.r-10.txt 12.r-7.txt 13.r-5.txt 14.r-4.5.txt 15.r-3.txt 16.r-2.1.txt,"Habitat conservation areas (HCA). Areas identified on the Habitat Conservation Areas Map and subject to the standards found in Chapter 28 CDC, Willamette and Tu",
or/clackamas/west-linn,57,8,0,,,,09.r-20.txt 10.r-15.txt 11.r-10.txt 12.r-7.txt 13.r-5.txt 14.r-4.5.txt 15.r-3.txt 16.r-2.1.txt,"5. Wireless communication facilities, subject to the provisions of Chapter 57 CDC. (Ord. 1298, 1991; Ord. 1308, 1991; Ord. 1408, 1998; Ord. 1565, 2008; Ord. 162",
or/multnomah/portland,33.237,8,0,,,,33.110.txt 33.130.txt 33.120.txt 33.150.txt,"regulations of Chapter 33.237, Food Production and Distribution, the applicant may",
or/multnomah/portland,33.245.040,8,0,,,,33.130.txt 33.140.txt 33.150.txt 33.120.txt,"of 33.245.040 and 33.245.050. To qualify for this bonus, the applicant must",
or/multnomah/portland,33.274,8,0,,,,33.140.txt 33.100.txt 33.110.txt 33.120.txt 33.130.txt 33.150.txt,right. See Chapter 33.274.,
or/multnomah/portland,33.930,8,0,,,,33.910.definitions.txt 33.110.txt 33.140.txt,"stated in Chapter 33.930, Measurements. In addition, the alternative height and",
or,11.60,7,0,,,,11.50.txt,"3 C. New development must meet City specifications and standards in Chapter 11.60 and the on-site tree density requirements in Subsection D., below. Exterior al",
or,13.12,7,0,,,,17.zoning.txt 16.12.streets.txt,"in accordance with the requirements of OCMC 13.12, 15.48,",
or,16.44.050,7,0,,,,16.22.residential.txt,Accessory dwelling units complying with Section 16.44.050,
or,16.50,7,0,,,,16.63.land-divisions.txt 16.12.definitions.txt,"Development of public infrastructure, as required by the City, County, Special District, or Road Authority, as applicable. See Chapter 16.50.",
or,16.50.030,7,0,,,,16.63.land-divisions.txt 16.12.definitions.txt 16.41.access.txt,A path that is utilized primarily for pedestrian access. (See Section 16.50.030(B)(8)(d).),
or,16.69.020,7,0,,,,16.22.residential.txt 16.12.definitions.txt,"A business activity that is carried out on the same site as a dwelling unit, and which is accessory to the residential use on the site, subject to the provision",
or,19.1006,7,0,,,,19.400.overlays.txt 19.300.base-zones.txt 19.600.parking.txt,"Detailed traffic report, analyzing existing traffic, traffic generation, turning movements, and impact on adjacent streets. Report shall recommend roadway impro",
or,19.480,7,0,,,,19.135.txt 19.163.txt 19.30.txt 19.65.txt 19.70.txt 19.80.txt 19.85.txt,a. Uses similar to those listed above                                                                                                                           ,
or,19.911.3,7,0,,,,19.500.supplementary.txt,"An applicant may request a variance to the Detailed Design standards in Subsection 19.505.1.C.4 through a Type II review, pursuant to Subsection 19.911.3.B. var",
or,33.299,7,0,,,,33.110.txt 33.140.txt 33.120.txt 33.130.txt 33.150.txt,"5.                                                    Small wind turbines are subject to the standards of Chapter 33.299, Wind Turbines.",
or,5.0700,7,0,,,,4.1500.springwater.txt 4.1400.pleasant-valley.txt,Section 5.0700 Natural Resource Overlay):,
or,50.02.002.2,7,0,,,,50.03.002.use-table.txt 50.04.dimensional.txt,"[3]     If lot has multiple zones, e.g., R-0/EC, see LOC § 50.02.002.2.e.",
or,8.0200,7,0,,,,4.1100.downtown.txt 4.1200.civic-neighborhood.txt 7.0500.rockwood-design.txt,"existence, subject to provisions of                             Section 8.0200 Existing and Non-Conforming Uses and Development.                          Specia",
or/clackamas/happy-valley,13,7,0,,,,16.34.natural-resources.txt,The Natural Resources Overlay Zone (NROZ) is intended to be used with any underlying base zone as shown on the City of Happy Valley Zoning Map. The purpose of t,
or/clackamas/happy-valley,16.50,7,0,,,,16.63.land-divisions.txt 16.12.definitions.txt,"Development of public infrastructure, as required by the City, County, Special District, or Road Authority, as applicable. See Chapter 16.50.",
or/clackamas/happy-valley,16.50.030,7,0,,,,16.63.land-divisions.txt 16.12.definitions.txt 16.41.access.txt,A path that is utilized primarily for pedestrian access. (See Section 16.50.030(B)(8)(d).),
or/clackamas/milwaukie,19.1006,7,0,,,,19.400.overlays.txt 19.300.base-zones.txt 19.600.parking.txt,"Detailed traffic report, analyzing existing traffic, traffic generation, turning movements, and impact on adjacent streets. Report shall recommend roadway impro",
or/clackamas/milwaukie,19.911.3,7,0,,,,19.500.supplementary.txt,"An applicant may request a variance to the Detailed Design standards in Subsection 19.505.1.C.4 through a Type II review, pursuant to Subsection 19.911.3.B. var",
or/multnomah/_unincorporated,33.279,7,0,,,,33.110.txt 33.100.txt,"sports are subject to the regulations of Chapter 33.279, Recreational Fields for",
or/multnomah/gresham,5.0700,7,0,,,,4.1500.springwater.txt 4.1400.pleasant-valley.txt,Section 5.0700 Natural Resource Overlay):,
or/multnomah/portland,11.60,7,0,,,,11.50.txt,"3 C. New development must meet City specifications and standards in Chapter 11.60 and the on-site tree density requirements in Subsection D., below. Exterior al",
or/multnomah/portland,17.102.270,7,0,,,,33.110.txt 33.100.txt 33.120.txt 33.130.txt 33.140.txt 33.150.txt,"See Section 17.102.270, Businesses and Multifamily Complexes Required to Recycle, of the Portland",
or/multnomah/portland,24,7,0,,,,33.100.txt 33.110.txt 33.120.txt 33.130.txt 33.140.txt 33.150.txt 33.910.definitions.txt,"Regulations. The use of barbed wire is regulated under Title 24, Building Regulations.",
or,1105,6,0,,,,zdo.1012.txt zdo.315.txt,"7 Middle housing dwelling units; however, middle housing land divisions are permitted pursuant to Section 1105, Subdivisions, Partitions, Replats, Middle Housin",
or,16.2,6,0,,,,16.63.land-divisions.txt,"Potential future lot division(s), consistent with the density and lot size standards of Article 16.2;",
or,16.61.030,6,0,,,,16.34.natural-resources.txt 16.63.land-divisions.txt 16.32.steep-slopes.txt,Development proposals that are subject to the provisions of Chapter 16.32 require an environmental review permit application. Environmental review permits will ,
or,19.1004,6,0,,,,19.400.overlays.txt 19.300.base-zones.txt 19.600.parking.txt,Minor modifications will be evaluated through either a Type I or Type II review per Section 19.1004 or 19.1005. The City Manager or designee will determine the ,
or,19.906,6,0,,,,19.300.base-zones.txt 19.400.overlays.txt 19.500.supplementary.txt 19.600.parking.txt,"Nonconforming Uses, Structures, and Development. Existing structures and uses that do not meet the standards for the commercial mixed-use zones may continue in ",
or,19.907,6,0,,,,19.500.supplementary.txt 19.300.base-zones.txt,"Existing structures and uses that do not meet the standards for the downtown zones may continue in existence. Alteration or expansion of a nonconforming use, st",
or,33.251,6,0,,,,33.110.txt 33.120.txt 33.266.txt,(See Chapter 33.251)                                                               Yes                                  Yes                                   Ye,
or,5.400,6,0,,,,08.r-40.txt 09.r-20.txt 10.r-15.txt 11.r-10.txt 12.r-7.txt 13.r-5.txt,"4. Agricultural or horticultural use; provided, that no retail or wholesale business sales office is maintained on the premises; and provided, that poultry or l",
or,50.06.001.5,6,0,,,,50.04.dimensional.txt,"[Cross-Reference: Height Limitation: see Charter Section 46A for 50 ft. Maximum Height of Structures in Residential Areas; LOC § 50.04.003.4, General Exception ",
or,571.3,6,0,,,,16.12.definitions.txt 33.910.definitions.txt 720.030.definitions.txt,A motor vehicle designed to carry ten persons or less including the driver. Passenger vehicles are passenger cars and multipurpose passenger vehicles as defined,
or,640,6,0,,,,240.200.txt 230.200.txt 235.200.txt 250.200.txt 260.200.txt,C. Prohibited Uses. Uses shown in Table 230-1 with the letter “N” are prohibited in the zone. Legally established uses and development which existed at the time,
or,7.0000,6,0,,,,10.1700.affordable.txt 4.1100.downtown.txt 4.1200.civic-neighborhood.txt 7.0500.rockwood-design.txt,"2.                             Section 7.0000 Design Review, unless exempted in Section 7.0002(D).",
or,7.0210,6,0,,,,4.0200.commercial.txt 4.0400.corridor.txt 4.1100.downtown.txt 4.1200.civic-neighborhood.txt 4.1500.springwater.txt 7.0500.rockwood-design.txt,applicable requirements of Section 4.0230                                                             Commercial Land Use District Standards; Section 7.0210    ,
or,9.63.090,6,0,,,,4.0200.commercial.txt 4.0300.industrial.txt 4.0400.corridor.txt 4.1200.civic-neighborhood.txt 4.1400.pleasant-valley.txt 4.1500.springwater.txt,"12.     For limitations, see GRC 9.63.090.",
or/clackamas/happy-valley,16.2,6,0,,,,16.63.land-divisions.txt,"Potential future lot division(s), consistent with the density and lot size standards of Article 16.2;",
or/clackamas/happy-valley,16.61.030,6,0,,,,16.34.natural-resources.txt 16.63.land-divisions.txt 16.32.steep-slopes.txt,Development proposals that are subject to the provisions of Chapter 16.32 require an environmental review permit application. Environmental review permits will ,
or/clackamas/milwaukie,19.1004,6,0,,,,19.400.overlays.txt 19.300.base-zones.txt 19.600.parking.txt,Minor modifications will be evaluated through either a Type I or Type II review per Section 19.1004 or 19.1005. The City Manager or designee will determine the ,
or/clackamas/milwaukie,19.906,6,0,,,,19.300.base-zones.txt 19.400.overlays.txt 19.500.supplementary.txt 19.600.parking.txt,"Nonconforming Uses, Structures, and Development. Existing structures and uses that do not meet the standards for the commercial mixed-use zones may continue in ",
or/clackamas/milwaukie,19.907,6,0,,,,19.500.supplementary.txt 19.300.base-zones.txt,"Existing structures and uses that do not meet the standards for the downtown zones may continue in existence. Alteration or expansion of a nonconforming use, st",
or/clackamas/west-linn,5.400,6,0,,,,08.r-40.txt 09.r-20.txt 10.r-15.txt 11.r-10.txt 12.r-7.txt 13.r-5.txt,"4. Agricultural or horticultural use; provided, that no retail or wholesale business sales office is maintained on the premises; and provided, that poultry or l",
or/multnomah/_unincorporated,33.258,6,0,,,,33.100.txt 33.110.txt 33.140.txt,"categories listed as prohibited may be subject to the regulations of Chapter 33.258,",
or/multnomah/gresham,7.0000,6,0,,,,10.1700.affordable.txt 4.1100.downtown.txt 4.1200.civic-neighborhood.txt 7.0500.rockwood-design.txt,"2.                             Section 7.0000 Design Review, unless exempted in Section 7.0002(D).",
or/multnomah/gresham,7.0210,6,0,,,,4.0200.commercial.txt 4.0400.corridor.txt 4.1100.downtown.txt 4.1200.civic-neighborhood.txt 4.1500.springwater.txt 7.0500.rockwood-design.txt,applicable requirements of Section 4.0230                                                             Commercial Land Use District Standards; Section 7.0210    ,
or/multnomah/gresham,9.63.090,6,0,,,,4.0200.commercial.txt 4.0300.industrial.txt 4.0400.corridor.txt 4.1200.civic-neighborhood.txt 4.1400.pleasant-valley.txt 4.1500.springwater.txt,"12.     For limitations, see GRC 9.63.090.",
or/multnomah/portland,33.445,6,0,,,,33.100.txt 33.110.txt 33.120.txt 33.130.txt 33.140.txt 33.150.txt,"B.                                                Historic resources. Demolition of historic resources is regulated by Chapter 33.445, Historic",
or/multnomah/portland,33.815,6,0,,,,33.110.txt 33.120.txt 33.150.txt,"[5]. Most Community Service uses are regulated by Chapter 33.815, Conditional Uses.",
or,10.1520,5,0,,,,4.0100.residential.txt 4.0400.corridor.txt 4.1100.downtown.txt 4.1400.pleasant-valley.txt,with Section 10.1520                                            of the Community Development Code.,
or,106,5,0,,,,zdo.315.txt 25.willamette-historic.txt 4.1100.downtown.txt,"1 In the PMD District, uses similar to one or more of the listed uses for the PMD District may be authorized pursuant to Section 106, Authorizations of Similar ",
or,11.60.030,5,0,,,,11.50.txt 33.130.txt,1 a. On sites. Development activities with any ground disturbance or a construction staging area greater than 100 square feet on unpaved portions of the site wi,
or,1203,5,0,,,,zdo.1012.txt zdo.315.txt,"2 The proposed lot size requires approval pursuant to Section 1203, Conditional Uses. However, approval pursuant to Section 1203 does not waive the requirement ",
or,1204,5,0,,,,zdo.1012.txt zdo.315.txt zdo.202.definitions.txt,"3 Except for middle housing land divisions approved pursuant to Section 1105, Subdivisions, Partitions, Replats, Middle Housing Land Divisions, Condominium Plat",
or,16.61,5,0,,,,16.22.residential.txt 16.12.definitions.txt 16.63.land-divisions.txt,An action or decision that requires substantial discretion or judgment in applying the standards or criteria of this Code to the facts of a development proposal,
or,16.72,5,0,,,,16.12.definitions.txt,"A use that physically left the land it was on, a permitted use that ceased, or a use terminated at the end of a lease or contract. See Chapter 16.72, Nonconform",
or,17.38,5,0,,,,33.266.txt 17.06.definitions.txt 17.10.r-7.2.txt 17.12.r-5.txt,“Residential planned unit development” means a residential (R) planned unit development as allowed under GMC Chapter 17.38 (Planned Unit Development) and is at ,
or,19.903,5,0,,,,19.300.base-zones.txt 19.400.overlays.txt 19.500.supplementary.txt,"Uses allowed, either allowed by right or conditionally, in the moderate density residential zones are listed in Table 19.301.2 below. Similar uses not listed in",
or,19.910.1,5,0,,,,19.300.base-zones.txt 19.500.supplementary.txt,Accessory dwelling unit                                                                                       P                                                 ,
or,220.400,5,0,,,,210.310.txt 210.375.txt 220.310.txt 220.320.txt 220.355.txt,*See Section 220.400 for additional standards and requirements on cottage housing.,
or,24.85,5,0,,,,33.120.txt 33.130.txt,standard as defined in City of Portland Title 24.85;,
or,33.236,5,0,,,,33.110.txt 33.140.txt 33.120.txt,(See Chapter 33.236)                                                               Yes                                  Yes                                   Ye,
or,33.245.050,5,0,,,,33.140.txt 33.120.txt 33.130.txt 33.150.txt,33.245.040 and 33.245.050. The amount of bonus floor area allowed is an,
or,39.3140,5,0,,,,39.lr-10.txt 39.lr-5.txt 39.lr-7.txt 39.mr-4.txt 39.urban-ldr-general.txt,(A) Except as provided in MCC 39.3140(B),
or,39.7710,5,0,,,,39.cfu.txt 39.mua-20.txt 39.oci.txt 39.or.txt 39.rural-residential.txt,as described in MCC 39.7710(B) pursuant to the,
or,50.05.010,5,0,,,,50.04.dimensional.txt,"For projects on properties subject to a Sensitive Lands designation, lot areas may be modified as provided in LOC § 50.05.010, Sensitive Lands Overlay Districts",
or,660,5,0,,,,39.cfu.txt 17.06.definitions.txt 220.320.txt 39.efu.txt,"“Middle housing” means duplex, triplex, quadplex, cottage cluster, or townhouse in the R-5 or R-7.2 zone and is subject to OAR Chapter 660, Division 46, Middle ",
or,7.0212,5,0,,,,4.0200.commercial.txt 4.0300.industrial.txt 4.1100.downtown.txt 4.1200.civic-neighborhood.txt 7.0500.rockwood-design.txt,"Section 7.0212 – Standards for New Solid Waste and Recycling; Section 7.0310                                     – Commercial, Institutional,",
or,706.09,5,0,,,,17.25.hcad.txt,NOTE: The default urban development value of property is as depicted on the Metro Habitat Urban Development Value Map. The Metro 2040 Design Type designations p,
or,85.200,5,0,,,,48.access.txt 16.r-2.1.txt,"6. Single-family detached residential units, subject to the provisions of CDC 85.200(J)(8).",
or,9.0700,5,0,,,,4.0100.residential.txt 4.1100.downtown.txt 4.1200.civic-neighborhood.txt 7.0500.rockwood-design.txt,"serve future development.                 Implementation of a Future Street Plan, pursuant to Section 9.0700,",
or,9.1000,5,0,,,,3.0100.definitions.txt 4.1100.downtown.txt 4.1200.civic-neighborhood.txt 7.0500.rockwood-design.txt,"having unique importance, and subject to the Significant Tree Regulations of Section 9.1000, Tree",
or/clackamas/_unincorporated,1203,5,0,,,,zdo.1012.txt zdo.315.txt,"2 The proposed lot size requires approval pursuant to Section 1203, Conditional Uses. However, approval pursuant to Section 1203 does not waive the requirement ",
or/clackamas/gladstone,706.09,5,0,,,,17.25.hcad.txt,NOTE: The default urban development value of property is as depicted on the Metro Habitat Urban Development Value Map. The Metro 2040 Design Type designations p,
or/clackamas/happy-valley,16.72,5,0,,,,16.12.definitions.txt,"A use that physically left the land it was on, a permitted use that ceased, or a use terminated at the end of a lease or contract. See Chapter 16.72, Nonconform",
or/clackamas/lake-oswego,50.05.010,5,0,,,,50.04.dimensional.txt,"For projects on properties subject to a Sensitive Lands designation, lot areas may be modified as provided in LOC § 50.05.010, Sensitive Lands Overlay Districts",
or/clackamas/tualatin,22,5,0,,,,71.wetlands-protection.txt,"ALSO, that portion of Section 22, T ownship 2 South, Range 1 West, Willamette Meridian,",
or/clackamas/west-linn,85.200,5,0,,,,48.access.txt 16.r-2.1.txt,"6. Single-family detached residential units, subject to the provisions of CDC 85.200(J)(8).",
or/multnomah/_unincorporated,33.274,5,0,,,,33.140.txt 33.100.txt 33.110.txt,right. See Chapter 33.274.,
or/multnomah/_unincorporated,39.7710,5,0,,,,39.cfu.txt 39.mua-20.txt 39.oci.txt 39.or.txt 39.rural-residential.txt,as described in MCC 39.7710(B) pursuant to the,
or/multnomah/gresham,11,5,0,,,,7.0500.rockwood-design.txt 4.1100.downtown.txt 4.1200.civic-neighborhood.txt 4.1500.springwater.txt,Article 11).,
or/multnomah/gresham,7.0212,5,0,,,,4.0200.commercial.txt 4.0300.industrial.txt 4.1100.downtown.txt 4.1200.civic-neighborhood.txt 7.0500.rockwood-design.txt,"Section 7.0212 – Standards for New Solid Waste and Recycling; Section 7.0310                                     – Commercial, Institutional,",
or/multnomah/gresham,9.0700,5,0,,,,4.0100.residential.txt 4.1100.downtown.txt 4.1200.civic-neighborhood.txt 7.0500.rockwood-design.txt,"serve future development.                 Implementation of a Future Street Plan, pursuant to Section 9.0700,",
or/multnomah/gresham,9.1000,5,0,,,,3.0100.definitions.txt 4.1100.downtown.txt 4.1200.civic-neighborhood.txt 7.0500.rockwood-design.txt,"having unique importance, and subject to the Significant Tree Regulations of Section 9.1000, Tree",
or/multnomah/portland,11.60.030,5,0,,,,11.50.txt 33.130.txt,1 a. On sites. Development activities with any ground disturbance or a construction staging area greater than 100 square feet on unpaved portions of the site wi,
or/multnomah/portland,24.85,5,0,,,,33.120.txt 33.130.txt,standard as defined in City of Portland Title 24.85;,
or/multnomah/portland,26,5,0,,,,33.100.txt 33.110.txt 33.120.txt 33.130.txt 33.140.txt,"D.                                            Reference to other regulations. Electrified fences are regulated under Title 26, Electrical",
or/multnomah/portland,33.299,5,0,,,,33.110.txt 33.120.txt 33.130.txt 33.140.txt 33.150.txt,"5.                                                    Small wind turbines are subject to the standards of Chapter 33.299, Wind Turbines.",
or,004,4,0,,,,39.rural-residential.txt 39.mua-20.txt 39.or.txt,"660, Division 004;",
or,10.32,4,0,,,,17.zoning.txt 16.12.streets.txt,obstructions in Chapter 10.32.,
or,16.45,4,0,,,,16.12.definitions.txt,"For the purposes of Chapter 16.45, any written or graphic information on a sign.",
or,16.71,4,0,,,,16.22.residential.txt 16.12.definitions.txt 16.63.land-divisions.txt,An administrative or quasi-judicial decision to lessen or otherwise modify the requirements of this title. (See Chapter 16.71.),
or,19.1007,4,0,,,,19.300.base-zones.txt 19.400.overlays.txt,"Upon receipt of the final development plan and program, phasing plan, and preliminary plat, where applicable, notice shall be given and the Planning Commission ",
or,19.170,4,0,,,,19.110.txt 19.120.txt 19.125.txt 19.164.txt,1. All signs located in Fairview Village shall be in conformance with sign regulations in Chapter 19.170 FMC.,
or,19.911.6,4,0,,,,19.300.base-zones.txt,Subsection 19.911.6 Building Height Variance in the Downtown Mixed Use Zone,
or,19.911.7,4,0,,,,19.300.base-zones.txt 19.500.supplementary.txt,Subsection 19.911.7 Building Height Variance in the General Mixed Use Zone,
or,33.293,4,0,,,,33.140.txt 33.130.txt 33.150.txt,"to the superblock standards of Chapter 33.293, Superblocks.",
or,33.677.300,4,0,,,,33.110.txt,"through a property line adjustment under 33.677.300.A.4. or 33.677.300.C. are 36 ft. wide and 1,600",
or,39.3120,4,0,,,,39.oci.txt 39.or.txt,"(A) Except as provided in MCC 39.3120,",
or,46A,4,0,,,,50.04.dimensional.txt,[Cross-References: Height Limitation: see Charter Section 46A for 50 ft. Maximum Height of Structures in Residential Areas; Height Measure: see LOC § 50.04.003.,
or,50.04.003.1,4,0,,,,50.04.dimensional.txt,The following dimensional regulations apply to the base zones as identified in each table. These dimensions may have exceptions or modifications as identified i,
or,52.109,4,0,,,,02.definitions.txt,City sign. Signs which are erected and maintained by the City. This shall include temporary signs which are specifically approved by the City for placement in t,
or,7.0002,4,0,,,,10.1700.affordable.txt 7.0400.middle-housing-design.txt,"2.                             Section 7.0000 Design Review, unless exempted in Section 7.0002(D).",
or,703,4,0,,,,zdo.1012.txt,"3 The floodway of the Floodplain Management District regulated by Section 703, Floodplain Management District;",
or,800,4,0,,,,zdo.315.txt zdo.1012.txt,"1 If a minimum lot size for the conditional use is established by Section 800, Special Use Requirements, it remains applicable.",
or/clackamas/_unincorporated,703,4,0,,,,zdo.1012.txt,"3 The floodway of the Floodplain Management District regulated by Section 703, Floodplain Management District;",
or/clackamas/happy-valley,16.45,4,0,,,,16.12.definitions.txt,"For the purposes of Chapter 16.45, any written or graphic information on a sign.",
or/clackamas/happy-valley,16.71,4,0,,,,16.22.residential.txt 16.12.definitions.txt 16.63.land-divisions.txt,An administrative or quasi-judicial decision to lessen or otherwise modify the requirements of this title. (See Chapter 16.71.),
or/clackamas/lake-oswego,50.04.003.1,4,0,,,,50.04.dimensional.txt,The following dimensional regulations apply to the base zones as identified in each table. These dimensions may have exceptions or modifications as identified i,
or/clackamas/milwaukie,17,4,0,,,,19.400.overlays.txt 19.300.base-zones.txt 19.500.supplementary.txt,Compliance with all applicable standards in Title 17 Land Division;,
or/clackamas/milwaukie,19.1007,4,0,,,,19.300.base-zones.txt 19.400.overlays.txt,"Upon receipt of the final development plan and program, phasing plan, and preliminary plat, where applicable, notice shall be given and the Planning Commission ",
or/clackamas/milwaukie,19.911.6,4,0,,,,19.300.base-zones.txt,Subsection 19.911.6 Building Height Variance in the Downtown Mixed Use Zone,
or/clackamas/milwaukie,19.911.7,4,0,,,,19.300.base-zones.txt 19.500.supplementary.txt,Subsection 19.911.7 Building Height Variance in the General Mixed Use Zone,
or/clackamas/oregon-city,10.32,4,0,,,,17.zoning.txt 16.12.streets.txt,obstructions in Chapter 10.32.,
or/clackamas/west-linn,32,4,0,,,,02.definitions.txt,"Maximum disturbed area (MDA). The MDA, as measured in square feet, is the maximum area within a WRA that can be disturbed in hardship cases under Chapter 32 CDC",
or/clackamas/west-linn,52.109,4,0,,,,02.definitions.txt,City sign. Signs which are erected and maintained by the City. This shall include temporary signs which are specifically approved by the City for placement in t,
or/multnomah/_unincorporated,17.102.270,4,0,,,,33.110.txt 33.100.txt 33.140.txt,"See Section 17.102.270, Businesses and Multifamily Complexes Required to Recycle, of the Portland",
or/multnomah/_unincorporated,32,4,0,,,,33.110.txt 33.100.txt 33.140.txt,"The sign regulations are stated in Title 32, Signs and Related Regulations.",
or/multnomah/_unincorporated,33.920,4,0,,,,33.140.txt 33.100.txt 33.110.txt,•                                               The use categories are described in Chapter 33.920.,
or/multnomah/_unincorporated,33.930,4,0,,,,33.110.txt 33.140.txt,"stated in Chapter 33.930, Measurements. In addition, the alternative height and",
or/multnomah/gresham,7.0002,4,0,,,,10.1700.affordable.txt 7.0400.middle-housing-design.txt,"2.                             Section 7.0000 Design Review, unless exempted in Section 7.0002(D).",
or/multnomah/portland,33.245.050,4,0,,,,33.120.txt 33.130.txt 33.140.txt 33.150.txt,"of 33.245.040 and 33.245.050. To qualify for this bonus, the applicant must",
or,10.0200,3,0,,,,4.0100.residential.txt,4.                                     See Section 10.0200                      for setbacks of detached accessory structures and for setbacks of attached and d,
or,1003,3,0,,,,zdo.1012.txt,"2 Mass movement hazards regulated by Section 1003, Hazards to Safety;",
or,11.60.050,3,0,,,,11.50.txt,3 (3) Removal. Each tree not preserved and protected may be removed. Any trees removed must be removed in accordance with the specifications in Section 11.60.05,
or,12.04,3,0,,,,17.zoning.txt 16.12.streets.txt,outlined within Chapter 12.04 of the Oregon City Municipal,
or,15.28,3,0,,,,17.10.r-7.2.txt 17.12.r-5.txt 17.zoning.txt,"(6) Storage. Storage of boats, trailers, pickup campers, coaches, motorhomes and similar recreation equipment. Occupancy of such equipment is subject to a tempo",
or,16.3,3,0,,,,16.63.land-divisions.txt,"Natural resource areas, including wetland areas, streams, wildlife habitat, and other areas identified by the City or natural resource regulatory agencies as re",
or,16.32.044,3,0,,,,19.400.overlays.txt,"The tree is less than 6-in diameter at breast height (DBH), is not a species on the Milwaukie Rare or Threatened Tree List, and was not planted to meet any requ",
or,16.4,3,0,,,,16.63.land-divisions.txt 16.22.residential.txt,The procedures and application requirements under Chapter 16.63 (Land Divisions and Property Line Adjustments) and Article 16.4 (Community Design Standards) sha,
or,16.44.080,3,0,,,,16.22.residential.txt,[2]     Neighborhood commercial uses subject to the provisions of Section 16.44.080.,
or,16.50.080,3,0,,,,16.63.land-divisions.txt 16.42.landscaping.txt,"Final public infrastructure inspection and authorization to submit building permits may occur prior to the landscaping requirements having been met, provided th",
or,16.51,3,0,,,,16.12.definitions.txt,"For the purposes of Chapter 16.51, calculations, including coefficients and other pertinent data, made to determine the drainage plan with flow rates of water g",
or,17.20.030,3,0,,,,17.zoning.txt,"17.20.020, 17.20.030 Reserved.",
or,17.72,3,0,,,,17.27.wq.txt 17.48.parking.txt,"(1) Applications for subdivisions, partitions, planned unit developments, conditional uses, variances under GMC Chapter 17.72 (variances), alterations, expansio",
or,19.490.400,3,0,,,,19.65.txt,j. Food cart pods                                                                                                                                               ,
or,19.520.030,3,0,,,,19.162.txt 19.164.txt 19.165.txt,4. A variance to street spacing standards may be granted pursuant to FMC 19.520.030 (Class B variances) when resources are present that are mapped on the Natura,
or,19.911.4,3,0,,,,19.300.base-zones.txt 19.500.supplementary.txt,"A Type II variance per Subsection 19.911.4.A, to further increase this lot coverage allowance, is prohibited.",
or,197,3,0,,,,16.12.definitions.txt 19.30.txt 4.planning.txt,Urban growth boundary adopted pursuant to ORS Chapter 197.,
or,215,3,0,,,,39.efu.txt,Oregon Revised Statutes Chapter 215 and the,
or,33.224,3,0,,,,33.130.txt,"Chapter 33.224, Drive-Through Facilities. If the use with the drive-through facility is",
or,33.284,3,0,,,,33.140.txt 33.130.txt,"Chapter 33.284, Self-                         Service Storage.",
or,33.815.223,3,0,,,,33.140.txt 33.130.txt,Section 33.815.223. All other Basic Utilities are allowed.,
or,33.930.100,3,0,,,,33.110.txt 33.120.txt,width for a cottage cluster is measured as lot width is measured. See 33.930.100.,
or,330,3,0,,,,220.320.txt 350.030.general-regulations.txt 350.065.all-other-uses.txt,"(2)Percent site area. See Section 330, Landscaping and Screening, for landscape standards.",
or,39.7020,3,0,,,,39.efu.txt,MCC 39.7015 and MCC 39.7020:,
or,50.04.003.7,3,0,,,,50.04.dimensional.txt,"The setbacks set forth in LOC § 50.04.001 may be adjusted or excepted by LOC § 50.05.010.4.b (Sensitive Lands Setback Modifications), LOC § 50.04.003.3 (General",
or,504,3,0,,,,16.12.definitions.txt 33.910.definitions.txt 39.cfu.txt,"For the purposes of this Code, a disabled person is a person who has a condition of physical or mental disability which substantially limits one or more major l",
or,58,3,0,,,,02.definitions.txt 25.willamette-historic.txt,Design exception. A discretionary decision to permit modification of a design standard or an alternative to a standard within Chapter 58 CDC (Willamette Falls D,
or,6.0500,3,0,,,,4.0100.residential.txt 3.0100.definitions.txt,with Section 6.0500.,
or,7.0003,3,0,,,,4.0400.corridor.txt,which meet the thresholds described in Section 7.0003 will help to ensure that new buildings become,
or,706,3,0,,,,zdo.1012.txt zdo.202.definitions.txt,"5 Habitat Conservation Areas regulated by Section 706, Habitat Conservation Area District (HCAD); and",
or,8.08,3,0,,,,17.zoning.txt 19.300.base-zones.txt 19.400.overlays.txt,The City's noise control standards and requirements in Chapter 8.08 apply.,
or,847,3,0,,,,zdo.315.txt zdo.202.definitions.txt,DWELLING: A building that contains one or more dwelling units. A dwelling may be a residential trailer or a manufactured dwelling but not a recreational vehicle,
or,99,3,0,,,,02.definitions.txt 25.willamette-historic.txt 48.access.txt,Review. A request that a final decision by the initial approval authority be considered by a higher authority as set forth in Chapter 99 CDC.,
or/clackamas/_unincorporated,1003,3,0,,,,zdo.1012.txt,"2 Mass movement hazards regulated by Section 1003, Hazards to Safety;",
or/clackamas/_unincorporated,706,3,0,,,,zdo.1012.txt zdo.202.definitions.txt,"5 Habitat Conservation Areas regulated by Section 706, Habitat Conservation Area District (HCAD); and",
or/clackamas/happy-valley,16.3,3,0,,,,16.63.land-divisions.txt,"Natural resource areas, including wetland areas, streams, wildlife habitat, and other areas identified by the City or natural resource regulatory agencies as re",
or/clackamas/happy-valley,16.4,3,0,,,,16.63.land-divisions.txt 16.22.residential.txt,The procedures and application requirements under Chapter 16.63 (Land Divisions and Property Line Adjustments) and Article 16.4 (Community Design Standards) sha,
or/clackamas/happy-valley,16.51,3,0,,,,16.12.definitions.txt,"For the purposes of Chapter 16.51, calculations, including coefficients and other pertinent data, made to determine the drainage plan with flow rates of water g",
or/clackamas/happy-valley,49,3,0,,,,16.12.definitions.txt,"Hazardous Materials Table, in the Code of Federal Regulations (CFR), Title 49, Part 172.101.",
or/clackamas/lake-oswego,50.04.003.7,3,0,,,,50.04.dimensional.txt,"The setbacks set forth in LOC § 50.04.001 may be adjusted or excepted by LOC § 50.05.010.4.b (Sensitive Lands Setback Modifications), LOC § 50.04.003.3 (General",
or/clackamas/milwaukie,14,3,0,,,,19.300.base-zones.txt 19.200.definitions.txt,"means a ruling of the Planning Director regarding the applicability, scope, or effect of any provision of Titles 14, 17, and this title.",
or/clackamas/milwaukie,16.32.044,3,0,,,,19.400.overlays.txt,"The tree is less than 6-in diameter at breast height (DBH), is not a species on the Milwaukie Rare or Threatened Tree List, and was not planted to meet any requ",
or/clackamas/milwaukie,19.911.4,3,0,,,,19.300.base-zones.txt 19.500.supplementary.txt,"A Type II variance per Subsection 19.911.4.A, to further increase this lot coverage allowance, is prohibited.",
or/clackamas/oregon-city,12.04,3,0,,,,17.zoning.txt 16.12.streets.txt,outlined within Chapter 12.04 of the Oregon City Municipal,
or/clackamas/oregon-city,17.20.030,3,0,,,,17.zoning.txt,"17.20.020, 17.20.030 Reserved.",
or/clackamas/west-linn,36,3,0,,,,13.r-5.txt 14.r-4.5.txt,"1. Manufactured dwelling park, subject to the provisions of Chapters 36 and 55 CDC.",
or/clackamas/west-linn,99,3,0,,,,02.definitions.txt 25.willamette-historic.txt 48.access.txt,Review. A request that a final decision by the initial approval authority be considered by a higher authority as set forth in Chapter 99 CDC.,
or/clackamas/wilsonville,13,3,0,,,,4.planning.txt,"Functional Plan (UGMFP) relating to Title 3 Water Quality Resource Areas, and Title 13 Habitat",
or/clackamas/wilsonville,6.200,3,0,,,,4.planning.txt,"undertake nuisance abatement as provided in WC 6.200 et seq. However, the owner of the",
or/multnomah/_unincorporated,215,3,0,,,,39.efu.txt,Oregon Revised Statutes Chapter 215 and the,
or/multnomah/_unincorporated,24,3,0,,,,33.100.txt 33.110.txt 33.140.txt,"Regulations. The use of barbed wire is regulated under Title 24, Building Regulations.",
or/multnomah/_unincorporated,26,3,0,,,,33.100.txt 33.110.txt 33.140.txt,"D.                                            Reference to other regulations. Electrified fences are regulated under Title 26, Electrical",
or/multnomah/_unincorporated,33.237,3,0,,,,33.110.txt,"regulations of Chapter 33.237, Food Production and Distribution, the applicant may",
or/multnomah/_unincorporated,33.270,3,0,,,,33.110.txt,"Attached Duplex                                                                    Only in Planned Developments, See Chapter 33.270.",
or/multnomah/_unincorporated,33.445,3,0,,,,33.100.txt 33.110.txt 33.140.txt,"B.                                                Historic resources. Demolition of historic resources is regulated by Chapter 33.445, Historic",
or/multnomah/_unincorporated,39.7020,3,0,,,,39.efu.txt,MCC 39.7015 and MCC 39.7020:,
or/multnomah/_unincorporated,660,3,0,,,,39.cfu.txt 39.efu.txt,"(OAR), Chapter 660, Division 6 (December,",
or/multnomah/gresham,10.0200,3,0,,,,4.0100.residential.txt,4.                                     See Section 10.0200                      for setbacks of detached accessory structures and for setbacks of attached and d,
or/multnomah/gresham,7.0003,3,0,,,,4.0400.corridor.txt,which meet the thresholds described in Section 7.0003 will help to ensure that new buildings become,
or/multnomah/portland,11.60.050,3,0,,,,11.50.txt,3 (3) Removal. Each tree not preserved and protected may be removed. Any trees removed must be removed in accordance with the specifications in Section 11.60.05,
or/multnomah/portland,29,3,0,,,,33.910.definitions.txt 33.266.txt,"discarded vehicles is regulated by Section 29.20.010 of Title 29, Property and",
or/multnomah/portland,30,3,0,,,,33.110.txt 33.120.txt,median family income or an affordability level established by Title 30 is stated in Table,
or/multnomah/portland,33.224,3,0,,,,33.130.txt,"Chapter 33.224, Drive-Through Facilities. If the use with the drive-through facility is",
or/multnomah/portland,33.293,3,0,,,,33.130.txt 33.140.txt 33.150.txt,"way may be subject to the superblock standards of Chapter 33.293, Superblocks.",
or/multnomah/portland,49,3,0,,,,33.910.definitions.txt,"•                                            Hazardous Materials Table, in the Code of Federal Regulations (CFR), Title 49, Part 172.101,",
or,0.7,2,0,,,,33.110.txt,- 3 total dwelling units [2]                                                                                 NA                            0.7 to 1             ,
or,1.012,2,0,,,,4.planning.txt,"addition to those prescribed elsewhere in the Wilsonville Code, including Sections 1.012 and 1.013,",
or,1.20,2,0,,,,17.zoning.txt,per OCMC 1.20 Civil Infractions and 1.24 Code Enforcement.,
or,11.40,2,0,,,,11.50.txt,"A tree plan is required in conjunction with all development permits, unless there are no private trees 12 inches or more in diameter, no City trees six inches o",
or,12.02,2,0,,,,17.10.r-7.2.txt 17.12.r-5.txt,"(3) Curbs and Sidewalks. Provide curbs, associated drainage, and sidewalks within the right-of-way or easement for public roads and streets. Improvements instal",
or,12.04.120,2,0,,,,17.zoning.txt,"12.04 (except 12.04.120), 12.08, 16.12, 17.52 and 17.62.",
or,14.16.060,2,0,,,,19.300.base-zones.txt 19.500.supplementary.txt,Section 14.16.060 Downtown Zones,
or,16.15,2,0,,,,19.106.txt,9. Erosion/sedimentation control devices shall be installed between the area to be disturbed by the proposed development and construction and the adjacent water,
or,16.28,2,0,,,,19.400.overlays.txt,"Implementation of Section 19.402 is in addition to, and will be coordinated with, Title 19 Zoning, Title 18 Flood Hazard Regulations, Chapter 16.28 Erosion Cont",
or,16.44.040,2,0,,,,16.22.residential.txt,"Manufactured home parks, subject to the provisions of Section 16.44.040",
or,16.60,2,0,,,,33.140.txt,the Renewable Fuel Standard (PCC Chapter 16.60 Motor Vehicle Fuels) is not,
or,16.61.010,2,0,,,,16.63.land-divisions.txt,"Review of Preliminary Plat. Review of a preliminary plat that creates, removes, or adjusts lots or parcels shall be processed under Section 16.61.010 in accorda",
or,16.61.020,2,0,,,,16.34.natural-resources.txt 16.63.land-divisions.txt,The Planning Official or designees making a map verification decision pursuant to Section 16.34.060(B) or 16.34.060(C) shall use the Type I administrative proce,
or,16.62.040,2,0,,,,16.12.definitions.txt 16.43.parking.txt,The partial development of any lands through the procedures contained in Section 16.62.040(D) or 16.63.040(E).,
or,16.69.010,2,0,,,,16.22.residential.txt 16.63.land-divisions.txt,Temporary buildings for uses incidental to construction work subject to the provisions of Section 16.69.010—Such buildings shall be removed upon completion or a,
or,17.06.155,2,0,,,,17.06.definitions.txt,"History: Ord. 1131 §2, 1990; Ord. 1515 §2 (Exh. B), 2022; Ord. 1535 §1 (Exh. A), 2024. Formerly 17.06.155.",
or,17.107,2,0,,,,33.266.txt,2.                                                   Meet the objective standards of Title 17.107  as verified by the Portland Bureau of,
or,17.28.110,2,0,,,,33.266.txt,"areas for compliance with the curb cut and access restrictions of Section 17.28.110,",
or,17.38.060,2,0,,,,17.27.wq.txt 17.29.flood.txt,(2) Approval of a density transfer does not waive other requirements of this title that pertain to development of the property receiving the density transfer wi,
or,17.49.10,2,0,,,,17.zoning.txt,"functional value listed in OCMC 17.49.10, as determined by",
or,17.78,2,0,,,,17.10.r-7.2.txt 17.12.r-5.txt,(9) Home Occupations. Home occupations shall be subject to GMC Chapter 17.78 (Home Occupations).,
or,17.88.040,2,0,,,,33.120.txt 33.130.txt,"Bureau of Transportation. See Section 17.88.040, Through Streets, of the Portland City",
or,17.94,2,0,,,,17.25.hcad.txt,4. An application for HCA Map Verification shall be reviewed pursuant to Section 17.90.010 unless the application is filed concurrently with another land use ap,
or,17.94.040,2,0,,,,17.25.hcad.txt,5. Notice required by Section 17.94.040 or 17.94.050 shall be provided to Metro and any watershed council recognized by the Oregon Watershed Enhancement Board a,
or,17.94.050,2,0,,,,17.25.hcad.txt,5. Notice required by Section 17.94.040 or 17.94.050 shall be provided to Metro and any watershed council recognized by the Oregon Watershed Enhancement Board a,
or,19.430,2,0,,,,19.165.txt 19.85.txt,"Easements for sewers, storm drainage and water quality facilities, water mains, electric lines or other public utilities shall be dedicated on a final plat, or ",
or,19.440,2,0,,,,19.30.txt 19.65.txt,"1. Development Site Area. The maximum development site area shall be eight acres, except that this standard shall not apply to parks and open space uses. Larger",
or,19.490.200,2,0,,,,19.30.txt 19.65.txt,"1. Permitted Uses. Manufactured homes, prefabricated homes, manufactured home park manager’s office, home occupations, and accessory structures which are necess",
or,19.520,2,0,,,,19.65.txt,"C. Variances. Variances will be made in accordance with Chapter 19.520 FMC. The standard may be varied to address topographic or other physical constraints, in ",
or,19.902,2,0,,,,19.300.base-zones.txt 19.400.overlays.txt,It shall at the same time recommend the change to PD Zone in accordance with the provisions of Section 19.902. The approved final development plan and program s,
or,19.910.3,2,0,,,,19.300.base-zones.txt,Manufactured dwelling park                                                                                    III                                               ,
or,2.190,2,0,,,,4.planning.txt,88. Director: The Planning Director as established in Section 2.190 of the Wilsonville Code. As,
or,235.450,2,0,,,,235.410.txt 235.420.txt,B. Utilization of Diagram. The Building and Façade Standards by Street Type Table 235-5 outlines the building and façade standards applicable to individual parc,
or,29.20.010,2,0,,,,33.266.txt,"discarded vehicles is regulated by Section 29.20.010 of Title 29, Property and",
or,29.30.160,2,0,,,,33.910.definitions.txt,"29.30.160 of Title 29, Property and Maintenance Regulations. The unit may have a separate",
or,3.0239,2,0,,,,4.1100.downtown.txt 7.0500.rockwood-design.txt,"be designed as a permanent and                                                                       Outdoor Commercial uses as deﬁned in Section 3.0239,  a re",
or,3.07.340,2,0,,,,19.200.definitions.txt 3.0100.definitions.txt,"means wetlands of metropolitan concern, as shown on the Metro Water Quality and Flood Management Area map, and other wetlands added to the City's Natural Resour",
or,30.01.095,2,0,,,,11.50.txt,4 d. Exemption of tree preservation mitigation payments for affordable housing developments. Projects are exempt from the mitigation requirements in Subsection ,
or,31.076,2,0,,,,31.definitions.txt 71.wetlands-protection.txt,Council pursuant to the provisions of TDC 31.076 and 31.077.,
or,321.257,2,0,,,,39.muf.txt,"under ORS Chapter 321.257, a",
or,33.203,2,0,,,,33.110.txt,"specific regulations in Chapters 33.203, 33.205, and 33.207 respectively.",
or,33.258.038,2,0,,,,33.130.txt,"Subsection 33.258.038.B. If the applicant provides standard evidence from the list, the",
or,33.262,2,0,,,,33.266.txt,5.                                                   The off-site impact standards of Chapter 33.262 are met.,
or,33.613,2,0,,,,33.130.txt 33.150.txt,"Creation of new lots is subject to the regulations of Chapter 33.613, Lots in Commercial/Mixed",
or,33.614,2,0,,,,33.140.txt,Lot size regulations are in Chapters 33.614 and 33.615.,
or,33.810,2,0,,,,33.100.txt,"shown as open space.             See Chapter 33.810, Comprehensive Plan Amendments.",
or,33.815.040,2,0,,,,33.110.txt,Section 33.815.040 is exempt from the maximum transit street setback,
or,33.930.150,2,0,,,,33.910.definitions.txt,"Section 33.930.150, Measuring Top of Bank. If there is no decrease in slope that is 10 percent or",
or,34.400,2,0,,,,40-41.residential.txt,Retirement Housing Facility C Subject to TDC 34.400,
or,34.800,2,0,,,,40-41.residential.txt,religious worship. See TDC 34.800 Re-,
or,340,2,0,,,,350.055.one-and-two-unit.txt 4.planning.txt,"Quality definition of water quality limited water body in OAR Chapter 340, Division",
or,340.010,2,0,,,,210.310.txt 220.310.txt,Manufactured Home (See Section 340.010)    Y     Y,
or,345,2,0,,,,230.315.txt,(2) Food Pod. A food pod with four (4) or more mobile food units which meets the requirements of Section 345 and includes a pedestrian access plaza which meets ,
or,36.3525,2,0,,,,4.1500.springwater.txt,"as Orient Commercial-Industrial (OCI), those uses allowed under Section 36.3525 of the adopted West of Sandy River",
or,39.3080,2,0,,,,39.mua-20.txt,"(A) Except as provided in MCC 39.3080,",
or,39.3090,2,0,,,,39.rural-residential.txt,"(A) Except as provided in MCC 39.3090,",
or,39.8610,2,0,,,,39.mr-4.txt 39.pd.txt,development standards of MCC 39.8610;,
or,39.8925,2,0,,,,39.efu.txt 39.mua-20.txt,agri-tourism event subject to MCC 39.8925.,
or,39.8930,2,0,,,,39.efu.txt 39.mua-20.txt,subject to MCC 39.8930.,
or,395,2,0,,,,210.310.txt 220.310.txt,Accessory Dwelling Unit (See Section 395)  Y     Y,
or,4.114,2,0,,,,4.1100.downtown.txt,"For each street type in Section 4.114         2, the standards provide a list of possible features to include within the amenity",
or,4.1531-4.1534,2,0,,,,4.1500.springwater.txt,O. Master Plan Requirements (Section 4.1531-4.1534),
or,4.230,2,0,,,,1.020.definitions.txt,Section 4.230 of this Code.,
or,42.050,2,0,,,,02.definitions.txt,Clear vision area. An area of unobstructed visibility which must be maintained for corner lots and driveways as specified in CDC 42.050. See illustration below.,
or,446,2,0,,,,16.12.definitions.txt 19.13.definitions.txt,"Any place where four or more manufactured homes are located within 500 feet of one another on a lot, tract or parcel of land under the same ownership, the prima",
or,450,2,0,,,,230.310.txt 235.310.txt,A. Minimum Lot Size and Dimension. There is no minimum lot size or dimension for development of land or creation of new lots in commercial zones. Creation of ne,
or,5.0100,2,0,,,,3.0100.definitions.txt,Section 5.0100 Floodplain Overlay District.,
or,5.0300,2,0,,,,4.0100.residential.txt 7.0500.rockwood-design.txt,"C.                              Except as provided by Section 5.0300, the Manager may approve alterations to existing single detached",
or,5.22,2,0,,,,17.10.r-7.2.txt 17.12.r-5.txt,(c) A setback does not apply to portable storage containers as defined in GMC Chapter 5.22.,
or,50.03.003.2,2,0,,,,50.03.002.use-table.txt 50.04.dimensional.txt,"WLG zones: § 50.03.003.1.a; NC, GC, EC and CI zones: § 50.03.003.2",
or,50.03.004.2,2,0,,,,50.04.dimensional.txt,"The setbacks set forth in LOC § 50.04.001 may be adjusted or excepted by LOC § 50.05.010.4.b (Sensitive Lands Setback Modifications), LOC § 50.04.003.3 (General",
or,50.04.003.10,2,0,,,,50.04.dimensional.txt,"When subdivisions are proposed, the number of lots required shall be determined by dividing the net developable area by the minimum lot size per unit required i",
or,50.04.003.3,2,0,,,,50.04.dimensional.txt,"The setbacks set forth in LOC § 50.04.001 may be adjusted or excepted by LOC § 50.05.010.4.b (Sensitive Lands Setback Modifications), LOC § 50.04.003.3 (General",
or,50.04.003.8,2,0,,,,50.04.dimensional.txt,"The setbacks set forth in LOC § 50.04.001 may be adjusted or excepted by LOC § 50.05.010.4.b (Sensitive Lands Setback Modifications), LOC § 50.04.003.3 (General",
or,50.06.004.2,2,0,,,,50.04.dimensional.txt,See LOC § 50.06.004.2,
or,50.07.007.2,2,0,,,,50.04.dimensional.txt,[Cross-Reference: See LOC § 50.07.007.2.e.iii for flag lot height requirements.],
or,5401,2,0,,,,19.200.definitions.txt 19.500.supplementary.txt,"means a single detached residential structure, as defined in ORS 446.003(25)(a)(C), which includes a Department of Housing and Urban Development (HUD) label cer",
or,6.0212,2,0,,,,7.0400.middle-housing-design.txt,have exceeded the exemption period identified in Section 6.0212            .,
or,6.204,2,0,,,,4.planning.txt,with intent and goals of Section 6.204 et seq. of this Code.,
or,6.900,2,0,,,,8.development-standards.txt,opment Review land use application in accordance with Section 6.900 of this Code.,
or,7.01,2,0,,,,4.0400.corridor.txt,exceeded when enhanced pedestrian spaces    and amenities are provided per Section 7.01        12.A.5.S1                       and S2.,
or,7.0430,2,0,,,,4.1100.downtown.txt 4.1200.civic-neighborhood.txt,c.                                 Section 7.0430 Townhouse Design Standards,
or,7.05,2,0,,,,4.0400.corridor.txt,a.                                   Triangle Area. For lands in the Triangle Area as described in Section 7.05         10                                      ,
or,70,2,0,,,,72.natural-resource-overlay.txt,"In cases where land within the NRPO District is also within the Floodplain District, Chapter 70, any",
or,705,2,0,,,,zdo.1012.txt,"4 The Willamette River and the required buffer area regulated by Section 705, Willamette River Greenway;",
or,709,2,0,,,,zdo.1012.txt,"6 Water Quality Resource Areas regulated by Section 709, Water Quality Resource Area District; and",
or,730,2,0,,,,720.030.definitions.txt,Section 730,
or,73A.170,2,0,,,,40-41.residential.txt,Accessory Dwelling Unit P Subject to TDC 73A.170.,
or,73F,2,0,,,,40-41.residential.txt,backs subject to TDC Chapter 73F.,
or,8.0100,2,0,,,,4.1100.downtown.txt 4.1200.civic-neighborhood.txt,Table 4.1120 and as provided in Section 8.0100           Special Use Review.,
or,805,2,0,,,,zdo.315.txt,"Schools, subject to Section 805",
or,822,2,0,,,,zdo.315.txt,"Home Occupations, including bed and breakfast homestays, subject to Section 822[15]",
or,832,2,0,,,,zdo.315.txt,"Bed and Breakfast Inns, subject to Section 832",
or,839,2,0,,,,zdo.315.txt,"Accessory Dwelling Units, subject to Section 839",
or/clackamas/_unincorporated,705,2,0,,,,zdo.1012.txt,"4 The Willamette River and the required buffer area regulated by Section 705, Willamette River Greenway;",
or/clackamas/_unincorporated,709,2,0,,,,zdo.1012.txt,"6 Water Quality Resource Areas regulated by Section 709, Water Quality Resource Area District; and",
or/clackamas/_unincorporated,805,2,0,,,,zdo.315.txt,"Schools, subject to Section 805",
or/clackamas/_unincorporated,822,2,0,,,,zdo.315.txt,"Home Occupations, including bed and breakfast homestays, subject to Section 822[15]",
or/clackamas/_unincorporated,832,2,0,,,,zdo.315.txt,"Bed and Breakfast Inns, subject to Section 832",
or/clackamas/_unincorporated,92,2,0,,,,zdo.202.definitions.txt,"PLAT, FINAL: A final map and other writing containing all the descriptions, locations, specifications, dedications, provisions, and information concerning a par",
or/clackamas/gladstone,12.02,2,0,,,,17.10.r-7.2.txt 17.12.r-5.txt,"(3) Curbs and Sidewalks. Provide curbs, associated drainage, and sidewalks within the right-of-way or easement for public roads and streets. Improvements instal",
or/clackamas/gladstone,15.28,2,0,,,,17.10.r-7.2.txt 17.12.r-5.txt,"(6) Storage. Storage of boats, trailers, pickup campers, coaches, motorhomes and similar recreation equipment. Occupancy of such equipment is subject to a tempo",
or/clackamas/gladstone,17.06.155,2,0,,,,17.06.definitions.txt,"History: Ord. 1131 §2, 1990; Ord. 1515 §2 (Exh. B), 2022; Ord. 1535 §1 (Exh. A), 2024. Formerly 17.06.155.",
or/clackamas/gladstone,17.38.060,2,0,,,,17.27.wq.txt 17.29.flood.txt,(2) Approval of a density transfer does not waive other requirements of this title that pertain to development of the property receiving the density transfer wi,
or/clackamas/gladstone,17.78,2,0,,,,17.10.r-7.2.txt 17.12.r-5.txt,(9) Home Occupations. Home occupations shall be subject to GMC Chapter 17.78 (Home Occupations).,
or/clackamas/gladstone,17.94,2,0,,,,17.25.hcad.txt,4. An application for HCA Map Verification shall be reviewed pursuant to Section 17.90.010 unless the application is filed concurrently with another land use ap,
or/clackamas/gladstone,17.94.040,2,0,,,,17.25.hcad.txt,5. Notice required by Section 17.94.040 or 17.94.050 shall be provided to Metro and any watershed council recognized by the Oregon Watershed Enhancement Board a,
or/clackamas/gladstone,17.94.050,2,0,,,,17.25.hcad.txt,5. Notice required by Section 17.94.040 or 17.94.050 shall be provided to Metro and any watershed council recognized by the Oregon Watershed Enhancement Board a,
or/clackamas/gladstone,5.22,2,0,,,,17.10.r-7.2.txt 17.12.r-5.txt,(c) A setback does not apply to portable storage containers as defined in GMC Chapter 5.22.,
or/clackamas/happy-valley,16.44.040,2,0,,,,16.22.residential.txt,"Manufactured home parks, subject to the provisions of Section 16.44.040",
or/clackamas/happy-valley,16.61.010,2,0,,,,16.63.land-divisions.txt,"Review of Preliminary Plat. Review of a preliminary plat that creates, removes, or adjusts lots or parcels shall be processed under Section 16.61.010 in accorda",
or/clackamas/happy-valley,16.61.020,2,0,,,,16.34.natural-resources.txt 16.63.land-divisions.txt,The Planning Official or designees making a map verification decision pursuant to Section 16.34.060(B) or 16.34.060(C) shall use the Type I administrative proce,
or/clackamas/happy-valley,16.62.040,2,0,,,,16.12.definitions.txt 16.43.parking.txt,The partial development of any lands through the procedures contained in Section 16.62.040(D) or 16.63.040(E).,
or/clackamas/happy-valley,571.3,2,0,,,,16.12.definitions.txt,A motor vehicle designed to carry ten persons or less including the driver. Passenger vehicles are passenger cars and multipurpose passenger vehicles as defined,
or/clackamas/lake-oswego,50.03.004.2,2,0,,,,50.04.dimensional.txt,"The setbacks set forth in LOC § 50.04.001 may be adjusted or excepted by LOC § 50.05.010.4.b (Sensitive Lands Setback Modifications), LOC § 50.04.003.3 (General",
or/clackamas/lake-oswego,50.04.003.3,2,0,,,,50.04.dimensional.txt,"The setbacks set forth in LOC § 50.04.001 may be adjusted or excepted by LOC § 50.05.010.4.b (Sensitive Lands Setback Modifications), LOC § 50.04.003.3 (General",
or/clackamas/lake-oswego,50.04.003.8,2,0,,,,50.04.dimensional.txt,"The setbacks set forth in LOC § 50.04.001 may be adjusted or excepted by LOC § 50.05.010.4.b (Sensitive Lands Setback Modifications), LOC § 50.04.003.3 (General",
or/clackamas/lake-oswego,50.06.004.2,2,0,,,,50.04.dimensional.txt,See LOC § 50.06.004.2,
or/clackamas/lake-oswego,50.07.007.2,2,0,,,,50.04.dimensional.txt,[Cross-Reference: See LOC § 50.07.007.2.e.iii for flag lot height requirements.],
or/clackamas/milwaukie,13,2,0,,,,19.400.overlays.txt,Section 19.402 provides protection for water quality resources under Statewide Land Use Planning Goal 6 and Sections 1 through 4 of Title 3 of the Metro Urban G,
or/clackamas/milwaukie,14.16.060,2,0,,,,19.300.base-zones.txt 19.500.supplementary.txt,Section 14.16.060 Downtown Zones,
or/clackamas/milwaukie,16.28,2,0,,,,19.400.overlays.txt,"Implementation of Section 19.402 is in addition to, and will be coordinated with, Title 19 Zoning, Title 18 Flood Hazard Regulations, Chapter 16.28 Erosion Cont",
or/clackamas/milwaukie,17.08,2,0,,,,19.400.overlays.txt,The following standards apply to property line adjustments and all forms of land division defined in Chapter 17.08. These standards apply in addition to the app,
or/clackamas/milwaukie,18,2,0,,,,19.200.definitions.txt 19.400.overlays.txt,Refer to Title 18 for definitions related to flood hazard areas.,
or/clackamas/milwaukie,19.902,2,0,,,,19.300.base-zones.txt 19.400.overlays.txt,It shall at the same time recommend the change to PD Zone in accordance with the provisions of Section 19.902. The approved final development plan and program s,
or/clackamas/milwaukie,27,2,0,,,,19.300.base-zones.txt,"Any use which has a primary function of storing, utilizing, or manufacturing explosive materials or other hazardous material as defined by the Oregon Fire Code,",
or/clackamas/milwaukie,5401,2,0,,,,19.200.definitions.txt 19.500.supplementary.txt,"means a single detached residential structure, as defined in ORS 446.003(25)(a)(C), which includes a Department of Housing and Urban Development (HUD) label cer",
or/clackamas/milwaukie,8.08,2,0,,,,19.300.base-zones.txt 19.400.overlays.txt,The City's noise control standards and requirements in Chapter 8.08 apply.,
or/clackamas/oregon-city,1.20,2,0,,,,17.zoning.txt,per OCMC 1.20 Civil Infractions and 1.24 Code Enforcement.,
or/clackamas/oregon-city,12,2,0,,,,17.zoning.txt,"where in Titles 12, 14, 15, 16, or 17, such as a traffic",
or/clackamas/oregon-city,12.04.120,2,0,,,,17.zoning.txt,"12.04 (except 12.04.120), 12.08, 16.12, 17.52 and 17.62.",
or/clackamas/oregon-city,17.49.10,2,0,,,,17.zoning.txt,"functional value listed in OCMC 17.49.10, as determined by",
or/clackamas/tualatin,31.076,2,0,,,,31.definitions.txt 71.wetlands-protection.txt,Council pursuant to the provisions of TDC 31.076 and 31.077.,
or/clackamas/tualatin,34.800,2,0,,,,40-41.residential.txt,religious worship. See TDC 34.800 Re-,
or/clackamas/tualatin,70,2,0,,,,72.natural-resource-overlay.txt,"In cases where land within the NRPO District is also within the Floodplain District, Chapter 70, any",
or/clackamas/tualatin,73F,2,0,,,,40-41.residential.txt,backs subject to TDC Chapter 73F.,
or/clackamas/west-linn,42.050,2,0,,,,02.definitions.txt,Clear vision area. An area of unobstructed visibility which must be maintained for corner lots and driveways as specified in CDC 42.050. See illustration below.,
or/clackamas/wilsonville,1.012,2,0,,,,4.planning.txt,"addition to those prescribed elsewhere in the Wilsonville Code, including Sections 1.012 and 1.013,",
or/clackamas/wilsonville,2.190,2,0,,,,4.planning.txt,88. Director: The Planning Director as established in Section 2.190 of the Wilsonville Code. As,
or/clackamas/wilsonville,6.150,2,0,,,,4.planning.txt,K. Signs allowed in Subsections 6.150(1) and (2) Wilsonville Code for special events.,
or/clackamas/wilsonville,6.204,2,0,,,,4.planning.txt,with intent and goals of Section 6.204 et seq. of this Code.,
or/multnomah/_unincorporated,29,2,0,,,,33.266.txt 39.2000.definitions.txt,"discarded vehicles is regulated by Section 29.20.010 of Title 29, Property and",
or/multnomah/_unincorporated,30,2,0,,,,33.110.txt,median family income or an affordability level established by Title 30 is stated in Table,
or/multnomah/_unincorporated,321.257,2,0,,,,39.muf.txt,"under ORS Chapter 321.257, a",
or/multnomah/_unincorporated,33.120.280,2,0,,,,33.140.txt,structures are subject to the multi -dwelling zone standards of 33.120.280. The setback,
or/multnomah/_unincorporated,33.245.040,2,0,,,,33.140.txt,33.245.040 and 33.245.050. The amount of bonus floor area allowed is an,
or/multnomah/_unincorporated,33.299,2,0,,,,33.110.txt 33.140.txt,"5.                                                    Small wind turbines are subject to the standards of Chapter 33.299, Wind Turbines.",
or/multnomah/_unincorporated,33.677.300,2,0,,,,33.110.txt,"through a property line adjustment under 33.677.300.A.4. or 33.677.300.C. are 36 ft. wide and 1,600",
or/multnomah/_unincorporated,33.815,2,0,,,,33.110.txt,"[5]. Most Community Service uses are regulated by Chapter 33.815, Conditional Uses.",
or/multnomah/_unincorporated,39.3080,2,0,,,,39.mua-20.txt,"(A) Except as provided in MCC 39.3080,",
or/multnomah/_unincorporated,39.8925,2,0,,,,39.efu.txt 39.mua-20.txt,agri-tourism event subject to MCC 39.8925.,
or/multnomah/_unincorporated,39.8930,2,0,,,,39.efu.txt 39.mua-20.txt,subject to MCC 39.8930.,
or/multnomah/fairview,16.15,2,0,,,,19.106.txt,9. Erosion/sedimentation control devices shall be installed between the area to be disturbed by the proposed development and construction and the adjacent water,
or/multnomah/fairview,19.430,2,0,,,,19.165.txt 19.85.txt,"Easements for sewers, storm drainage and water quality facilities, water mains, electric lines or other public utilities shall be dedicated on a final plat, or ",
or/multnomah/fairview,19.440,2,0,,,,19.30.txt 19.65.txt,"1. Development Site Area. The maximum development site area shall be eight acres, except that this standard shall not apply to parks and open space uses. Larger",
or/multnomah/gresham,3.0239,2,0,,,,4.1100.downtown.txt 7.0500.rockwood-design.txt,"be designed as a permanent and                                                                       Outdoor Commercial uses as deﬁned in Section 3.0239,  a re",
or/multnomah/gresham,36.3525,2,0,,,,4.1500.springwater.txt,"as Orient Commercial-Industrial (OCI), those uses allowed under Section 36.3525 of the adopted West of Sandy River",
or/multnomah/gresham,4.114,2,0,,,,4.1100.downtown.txt,"For each street type in Section 4.114         2, the standards provide a list of possible features to include within the amenity",
or/multnomah/gresham,4.1531-4.1534,2,0,,,,4.1500.springwater.txt,O. Master Plan Requirements (Section 4.1531-4.1534),
or/multnomah/gresham,5.0100,2,0,,,,3.0100.definitions.txt,Section 5.0100 Floodplain Overlay District.,
or/multnomah/gresham,5.0300,2,0,,,,4.0100.residential.txt 7.0500.rockwood-design.txt,"C.                              Except as provided by Section 5.0300, the Manager may approve alterations to existing single detached",
or/multnomah/gresham,6.0212,2,0,,,,7.0400.middle-housing-design.txt,have exceeded the exemption period identified in Section 6.0212            .,
or/multnomah/gresham,7.0430,2,0,,,,4.1100.downtown.txt 4.1200.civic-neighborhood.txt,c.                                 Section 7.0430 Townhouse Design Standards,
or/multnomah/portland,11.40,2,0,,,,11.50.txt,"A tree plan is required in conjunction with all development permits, unless there are no private trees 12 inches or more in diameter, no City trees six inches o",
or/multnomah/portland,17.88.040,2,0,,,,33.120.txt 33.130.txt,"Bureau of Transportation. See Section 17.88.040, Through Streets, of the Portland City",
or/multnomah/portland,29.30.160,2,0,,,,33.910.definitions.txt,"29.30.160 of Title 29, Property and Maintenance Regulations. The unit may have a separate",
or/multnomah/portland,30.01.095,2,0,,,,11.50.txt,4 d. Exemption of tree preservation mitigation payments for affordable housing developments. Projects are exempt from the mitigation requirements in Subsection ,
or/multnomah/portland,33.258.038,2,0,,,,33.130.txt,"Subsection 33.258.038.B. If the applicant provides standard evidence from the list, the",
or/multnomah/portland,33.284,2,0,,,,33.130.txt 33.140.txt,"Chapter 33.284, Self-                         Service Storage.",
or/multnomah/portland,33.677.300,2,0,,,,33.110.txt,"through a property line adjustment under 33.677.300.A.4. or 33.677.300.C. are 36 ft. wide and 1,600",
or/multnomah/portland,33.815.223,2,0,,,,33.130.txt 33.140.txt,conditional use. The approval criteria are in Section 33.815.223.,
or/multnomah/portland,33.930.100,2,0,,,,33.110.txt 33.120.txt,width for a cottage cluster is measured as lot width is measured. See 33.930.100.,
or/multnomah/portland,33.930.150,2,0,,,,33.910.definitions.txt,"Section 33.930.150, Measuring Top of Bank. If there is no decrease in slope that is 10 percent or",
or/multnomah/portland,571.3,2,0,,,,33.910.definitions.txt,"Title 49 of the Code of Federal Regulations, Chapter V, Section 571.3.   See also Recreational",
or/multnomah/troutdale,14,2,0,,,,1.020.definitions.txt,list of Critical Facilities for the purposes of Chapter 14:,
or/multnomah/troutdale,4.230,2,0,,,,1.020.definitions.txt,Section 4.230 of this Code.,
or/multnomah/troutdale,6.900,2,0,,,,8.development-standards.txt,opment Review land use application in accordance with Section 6.900 of this Code.,
or/multnomah/wood-village,235.450,2,0,,,,235.410.txt 235.420.txt,B. Utilization of Diagram. The Building and Façade Standards by Street Type Table 235-5 outlines the building and façade standards applicable to individual parc,
or/multnomah/wood-village,345,2,0,,,,230.315.txt,(2) Food Pod. A food pod with four (4) or more mobile food units which meets the requirements of Section 345 and includes a pedestrian access plaza which meets ,
or,0.5,1,0,,,,33.130.txt,Affordable Commercial Space                                                                  FAR                                    0.5 to 1                    ,
or,02.16.6,1,0,,,,17.zoning.txt,Oregon City Supp. No. 44 4 02.16.6,
or,1.013,1,0,,,,4.planning.txt,"ordinance constitutes a violation punishable as a separate infraction under WC 1.013. In addition,",
or,1.04.070,1,0,,,,17.zoning.txt,"1.04.070 and shall be based on calendar days, not business",
or,1.08,1,0,,,,12.24.clear-vision.txt,The provisions of Chapter 1.08 shall be used to enforce this chapter.,
or,1.1312,1,0,,,,16.12.definitions.txt,"As defined by the Federal Communications Commission (CFR 1.1312.e.2), facilities that meet the following conditions:",
or,1.1320,1,0,,,,16.12.definitions.txt,The facilities are mounted on structures 50 feet or less in height including their antennas (as defined in CFR 1.1320.d);,
or,1.16,1,0,,,,17.zoning.txt,"of Chapters 1.16, 1.20 and 1.24. (Ord. 99-1004 §30, 1999:",
or,1.2307,1,0,,,,16.12.definitions.txt,The facilities do not result in human exposure to radio-frequency radiation in excess of applicable safety standards specified in CFR 1.2307.b.,
or,10.015,1,0,,,,1.020.definitions.txt,Sign. Refer to Section 10.015 for all definitions for signs.,
or,10.03,1,0,,,,zdo.202.definitions.txt,"SOLID WASTE: As defined in Chapter 10.03, Solid Waste and Wastes Management, of the Clackamas County Code.",
or,10.0430,1,0,,,,4.0400.corridor.txt,10.0420; conversion of a building from commercial use to residential use is permitted pursuant to Section 10.0430.,
or,10.0500,1,0,,,,3.0100.definitions.txt,"Building Code.  The City of Gresham Building Code as adopted in the Gresham Revised Code, Article 10.0500.",
or,10.1300,1,0,,,,4.0400.corridor.txt,1.                                  Temporary health hardship dwellings may be permitted per Section 10.1300.,
or,10.1400,1,0,,,,3.0100.definitions.txt,"The following definitions apply to Section 10.1400          , Temporary, Intermittent,                              and Interim Uses.",
or,10.20,1,0,,,,19.600.parking.txt,Regulations governing the provision of on-street parking within the right-of-way are contained in Chapter 19.700. The management of on-street parking is governe,
or,10.313,1,0,,,,4.0300.industrial.txt,This section of the Community Development Code implements  Section 10.313 -                          Industrial Land Use within,
or,1000,1,0,,,,zdo.315.txt,"3 Permitted uses are subject to the applicable provisions of Subsection 315.04, Dimensional and Building Design Standards; Section 1000, Development Standards; ",
or,1002.04,1,0,,,,zdo.202.definitions.txt,STREAM CORRIDOR AREA: An area including the streambed and a required strip or buffer of land on each side of the streambed necessary to maintain streamside amen,
or,1002.06,1,0,,,,zdo.1012.txt,3 Wetlands and required buffer areas regulated by Subsection 1002.06 or another public agency.,
or,1006.06,1,0,,,,zdo.1015.txt,"1 Inside the Portland Metropolitan Urban Growth Boundary (UGB), parking, loading, and maneuvering areas shall be hard-surfaced, unless a permeable surface is re",
or,1009.03,1,0,,,,zdo.1015.txt,"3 The landscaped area in front of the tire stop may count toward overall site landscaping requirements established in Table 1009-1, Minimum Landscaped Area. How",
or,1010,1,0,,,,zdo.315.txt,"Signs, subject to Section 1010",
or,1010.13,1,0,,,,zdo.315.txt,26 Temporary signs regulated under Subsection 1010.13(A) are a primary use.,
or,1011.04,1,0,,,,zdo.1012.txt,Park Dedication: Land will be dedicated as a park and accepted by a government agency pursuant to Subsection 1011.04.,
or,11.0300,1,0,,,,9.0800.parking.txt,"1.                             The Type I Procedure, as described in Section 11.0300 - Administrative Decision -           of this code, shall",
or,11.0502,1,0,,,,3.0100.definitions.txt,"11.0402, Section 11.0502, Section 11.0903                            and Section 11.1013 that is characterized by:",
or,11.0903,1,0,,,,3.0100.definitions.txt,"11.0402, Section 11.0502, Section 11.0903                            and Section 11.1013 that is characterized by:",
or,11.1013,1,0,,,,3.0100.definitions.txt,"11.0402, Section 11.0502, Section 11.0903                            and Section 11.1013 that is characterized by:",
or,11.15.010,1,0,,,,11.50.txt,3 c. Payment in lieu of planting. The applicant may pay a fee to the Tree Planting and Preservation Fund per Section 11.15.010 equivalent to the cost of plantin,
or,11.70,1,0,,,,11.50.txt,"2 2. Any person who removes a tree under the provisions of this Section must, within seven days of such action, apply for a revision to the approved tree plan. ",
or,1100,1,0,,,,zdo.315.txt,"3 Permitted uses are subject to the applicable provisions of Subsection 315.04, Dimensional and Building Design Standards; Section 1000, Development Standards; ",
or,1105.03,1,0,,,,zdo.315.txt,"8 In a planned unit development, there are no minimum rear and side setbacks except from rear and side lot lines on the perimeter of the final plat. In a zero-l",
or,1113,1,0,,,,17.zoning.txt,"Disabilities Act, or as specified in Section 1113 of the",
or,112,1,0,,,,33.910.definitions.txt,"Compensation and Liability Act (CERCLA) and Section 112(r) of the Clean Air Act, published",
or,12.08.050,1,0,,,,17.zoning.txt,tions of OCMC 12.08.050. Where a grouping of two or more,
or,12.14,1,0,,,,19.500.supplementary.txt,"No accessory structure shall encroach upon or interfere with the use of any adjoining property or public right-of-way, including, but not limited to, streets, a",
or,12.32.020,1,0,,,,17.zoning.txt,"fined in OCMC 12.32.020, all or more than thirty percent of",
or,1251,1,0,,,,16.34.natural-resources.txt,"Minimize adverse hydrological impacts on water resources such as by using the techniques described in Part (a) of Table 16.34.075-2, unless their use is prohibi",
or,13.04,1,0,,,,17.zoning.txt,"3. Chapter 13.04, Water Service System.",
or,1307,1,0,,,,zdo.1012.txt,"3 Replats reviewed as a Type II application pursuant to Section 1307, Procedures;",
or,14.035,1,0,,,,1.020.definitions.txt,development in any Special Flood Hazard Area (100-year Floodplain). See Section 14.035 of this,
or,14.16.040,1,0,,,,19.300.base-zones.txt,Subsection 14.16.040 Commercial Zones,
or,14.16.050,1,0,,,,19.300.base-zones.txt,Subsection 14.16.050 Commercial Zone,
or,15.06,1,0,,,,17.27.wq.txt,(c) Installation of erosion control measures pursuant to an approved erosion and sediment control plan under GMC Chapter 15.06 (earthwork and erosion control st,
or,15.12.050,1,0,,,,16.42.landscaping.txt,"A Tree Removal Plan. The plan shall identify each tree to be removed, describe protective fencing or markings around other trees or spaces to protect surroundin",
or,15.48,1,0,,,,17.zoning.txt,fined in OCMC 15.48.,
or,16.08,1,0,,,,17.zoning.txt,to OCMC 16.08 . 065 .,
or,16.08.053,1,0,,,,17.zoning.txt,pursuant to OCMC 16.08.053.,
or,16.08.065,1,0,,,,17.zoning.txt,to OCMC 16.08.065.,
or,16.1,1,0,,,,17.zoning.txt,traffic safety and meet requirements of OCMC 16.1 2. 035.,
or,16.12.13,1,0,,,,16.12.streets.txt,ria in OCMC 16.12.13.A:,
or,16.13.020,1,0,,,,16.42.landscaping.txt,Each day's violation of any provision of this section constitutes a separate offense. Each individual tree removed in violation of the requirements of this sect,
or,16.21,1,0,,,,16.12.definitions.txt,"The following definitions are organized alphabetically and some related terms are also grouped together and cross-referenced under group leadings (e.g., Lot Typ",
or,16.24,1,0,,,,17.zoning.txt,divisions are subject to the requirements of OCMC 16.24.,
or,16.31.030,1,0,,,,16.43.parking.txt,Outdoor bicycle parking spaces shall be clearly visible from the building entrance or the public right-of-way and shall be located within 50 feet of the public ,
or,16.35,1,0,,,,16.63.land-divisions.txt,Any site larger than two acres where a minimum of 10% of the site contains environmentally constrained areas subject to Chapters 16.35 and/or Sections 16.34.010,
or,16.44,1,0,,,,16.12.definitions.txt,A dwelling unit which is fabricated in one or more sections at a location other than the home site by assembly line-type production techniques or by other const,
or,16.44.010,1,0,,,,16.42.landscaping.txt,"Exemptions. The standards of this section do not apply to PUDs subject to the open space requirements of Section 16.63.130(H)(1), or to multifamily housing subj",
or,16.44.055,1,0,,,,16.42.landscaping.txt,Fences and walls shall comply with Section 16.44.055.,
or,16.44.130,1,0,,,,16.12.definitions.txt,A grouping of no less than four detached buildings per gross acre on a lot designed or used exclusively for the occupancy of separate families living independen,
or,16.50.060,1,0,,,,16.42.landscaping.txt,"A Tree Removal Plan. The plan shall identify each tree to be removed, describe protective fencing or markings around other trees or spaces to protect surroundin",
or,16.50.100,1,0,,,,16.63.land-divisions.txt,All cuts and fills shall comply with the standards and provisions in Section 16.50.100.,
or,16.50.110,1,0,,,,16.42.landscaping.txt,Required Tree Plantings. The street tree requirements in 16.50.110 shall be met.,
or,16.61.050,1,0,,,,16.12.definitions.txt,"A legislative action or decision is the making of law, as opposed to the application of existing law to a particular use (e.g., adoption of, or amendment to, a ",
or,16.61.060,1,0,,,,16.63.land-divisions.txt,Public Facilities and Services Impact Study. The impact study shall quantify and assess the effect of the development on public facilities and services. The Cit,
or,16.61.070,1,0,,,,16.12.definitions.txt,A partition or subdivision of a lot or parcel on which the development of middle housing is allowed under ORS 197.758(2) and the partition or subdivision is pro,
or,16.61.090,1,0,,,,16.63.land-divisions.txt,Traffic Impact Study. Traffic impact studies shall conform to the standards and procedures in Section 16.61.090.,
or,16.62.020-1,1,0,,,,16.43.parking.txt,"The provision of additional parking spaces is not required for housing type conversions (e.g., conversion of a single-family detached dwelling to triplex), per ",
or,16.65,1,0,,,,16.63.land-divisions.txt,"Lot Size Averaging. Single-family residential lot size may be averaged to allow lots less than the minimum lot size in residential districts, as provided by Sec",
or,16.66,1,0,,,,16.63.land-divisions.txt,Modifications. The applicant may request changes to the approved preliminary plat or conditions of approval following the procedures and criteria provided in Ch,
or,16.7,1,0,,,,16.63.land-divisions.txt,"The proposed preliminary plat complies with the applicable Development Code sections and all other applicable ordinances and regulations. At a minimum, the prov",
or,16.71.040,1,0,,,,16.32.steep-slopes.txt,"Opportunities for shared access are utilized wherever practicable, and if possible may be required by the City Engineer pursuant to Section 16.41.030, Vehicular",
or,16.85.050,1,0,,,,19.65.txt,"1. New land divisions and developments with more than one building, which are subject to site design review, shall be configured to provide an alley or interior",
or,1604.06,1,0,,,,16.22.residential.txt,"The front yard setback shall be no less than the front façade of the primary dwelling unit (not including porches, bays, garages, and architectural features). G",
or,17.04.147,1,0,,,,17.zoning.txt,"2020, set out provisions intended for use as§ 17.04.147. For",
or,17.18.020,1,0,,,,17.12.r-5.txt,(7) Mixed-use development within Gladstone Town Center. Commercial uses permitted in the mixed-use development include those listed as permitted in the C-2 zoni,
or,17.25.060.06,1,0,,,,17.25.hcad.txt,"B. Outside storage of materials and equipment, unless such storage began before December 8, 2009 or is approved pursuant to review under Subsection 17.25.060.06",
or,17.38.020,1,0,,,,17.06.definitions.txt,“Residential planned unit development” means a residential (R) planned unit development as allowed under GMC Chapter 17.38 (Planned Unit Development) and is at ,
or,17.44.020,1,0,,,,17.zoning.txt,"b. Unstable slopes, as defined in OCMC 17.44.020,",
or,17.49.080.0.4,1,0,,,,17.zoning.txt,tion pursuant to OCMC 17.49.080.0.4.,
or,17.49.100--17.49.170,1,0,,,,17.zoning.txt,NROD development standards in OCMC 17.49.100--17.49.170.,
or,17.49.220--17.49.230,1,0,,,,17.zoning.txt,"by OCMC 17.49.220--17.49.230, and 17.50.080 as well as a",
or,17.50.020,1,0,,,,17.48.parking.txt,(A) A pedestrian circulation system plan consistent with GMC Section 17.50.020.,
or,17.76.040,1,0,,,,17.06.definitions.txt,"“Front lot line” means a lot line separating a lot from a street other than an alley. In the case of a corner lot, either of the lot lines separating the lot fr",
or,17.80.030--17.80.050,1,0,,,,17.zoning.txt,"facility that, pursuant to Sections 17.80.030--17.80.050,",
or,17.90,1,0,,,,17.25.hcad.txt,1. The application shall be reviewed pursuant to Chapter 17.90(C); or,
or,17.90.010,1,0,,,,17.25.hcad.txt,4. An application for HCA Map Verification shall be reviewed pursuant to Section 17.90.010 unless the application is filed concurrently with another land use ap,
or,17.94.060,1,0,,,,17.48.parking.txt,(j) Conversion and redevelopment of underutilized parking areas for other uses is allowed. The city may allow the conversion of underused parking areas for uses,
or,17.96,1,0,,,,17.25.hcad.txt,h. Monitoring and Reporting. Monitoring of the mitigation site shall be the ongoing responsibility of the property owner. For a period of five years following t,
or,174,1,0,,,,31.definitions.txt,"statutory construction under ORS Chapter 174, as interpreted by Oregon courts, apply to the",
or,19.1001.7,1,0,,,,19.400.overlays.txt,Action taken on a building permit for any portion of a phased development project for which the applicant has previously met the applicable requirements of Sect,
or,19.1005.3,1,0,,,,19.400.overlays.txt,"When an application for boundary verification proposes corrections to mapped HCAs that would result in a change in HCA designation of 1 acre or more, the City w",
or,19.1010,1,0,,,,19.400.overlays.txt,Appeals shall be heard by the City Council as per Section 19.1010 of this title.,
or,19.14,1,0,,,,19.105.txt,"2. Penalties for Noncompliance. No structure or land shall hereafter be constructed, located, extended, converted, or altered without full compliance with the t",
or,19.20,1,0,,,,19.162.txt,"3. Special Provisions for All Streets. Direct street access may be restricted for some land uses, in conformance with the provisions of Chapters 19.20 through 1",
or,19.30.130,1,0,,,,19.13.definitions.txt,“Multi-unit dwelling” means a building containing five or more dwelling units or five or more dwelling units in two or more buildings. Multi-unit dwellings are ,
or,19.312.7.1,1,0,,,,19.300.base-zones.txt,Figure 19.312.7.1 Key Streets,
or,19.413.010,1,0,,,,19.106.txt,a. Planting vegetation shall be a Type I application (FMC 19.413.010).,
or,19.413.020,1,0,,,,19.106.txt,"b. Placement of docks, rock buffers, pathways or other activities that may negatively impact the values and/or purposes of this section shall be a Type II appli",
or,19.413.030,1,0,,,,19.106.txt,c. Alterations involving the installation and construction of applications with structures or other more intrusive activities shall be processed as a Type III a,
or,19.415,1,0,,,,19.165.txt,E. City Inspection. Improvements shall be constructed under the inspection and to the satisfaction of the city. The city may require minor changes in typical se,
or,19.420,1,0,,,,19.165.txt,"Easements for sewers, storm drainage and water quality facilities, water mains, electric lines or other public utilities shall be dedicated on a final plat, or ",
or,19.420.020,1,0,,,,19.163.txt,B. Landscaping Plan Required. A landscape plan is required at the time of design review or other pertinent applications. All landscape plans shall conform to th,
or,19.430.150,1,0,,,,19.165.txt,"3. All required dedications of public use areas shall conform to FMC 19.430.150(D), Conditions of approval.",
or,19.450,1,0,,,,19.30.txt,"1. Development Site Area. The maximum development site area shall be eight acres, except that this standard shall not apply to parks and open space uses. Larger",
or,19.530,1,0,,,,19.13.definitions.txt,"“Nonconforming use/nonconforming development” means a land use/structure that exists which would not be permitted by the regulations imposed by the code, but wa",
or,19.708,1,0,,,,19.500.supplementary.txt,"In reviewing a proposed preliminary circulation plan, the Planning Director shall find compliance with the relevant portions of the Comprehensive Plan, Transpor",
or,19.902.6,1,0,,,,19.400.overlays.txt,"Corrections to mapped WQRs or HCAs that are not subject to processing according to the provisions outlined in either of Subsection 19.402.15.A.1 or A.2, such as",
or,19.904.3,1,0,,,,19.500.supplementary.txt,The installation of a solar energy system on a structure that has been designated as a Conditional Use or a Community Service Use is exempt from the reviews of ,
or,19.904.8,1,0,,,,19.300.base-zones.txt,"Residential care facility Examples include: assisted living, nursing facilities, and memory care communities  CSU                                               ",
or,19.905.3,1,0,,,,19.500.supplementary.txt,The installation of a solar energy system on a structure that has been designated as a Conditional Use or a Community Service Use is exempt from the reviews of ,
or,19.906.2,1,0,,,,19.500.supplementary.txt,A Type I development review permit may be required for installation of a solar energy system depending upon the applicability criteria in Subsection 19.906.2.A.,
or,19.906.4,1,0,,,,19.600.parking.txt,"A residential dwelling unit, subject to the limitations in Subsection 19.906.4.B.1.c.",
or,19.907.2,1,0,,,,19.500.supplementary.txt,Design standards and guidelines for development in downtown Milwaukie are applied through downtown design review as established in Section 19.907. Projects subj,
or,19.908,1,0,,,,19.300.base-zones.txt,Extensions to the approved time schedule are permitted subject to Subsection 19.908.,
or,1D,1,0,,,,rldo.composite.txt,construction pursuant to the Uniform Building Code Section 1D4 (e); arid,
or,2-6,1,0,,,,72.natural-resource-overlay.txt,Tualatin Municipal Code Chapter 2-6 (System Development Charges) establishes a System,
or,2.560,1,0,,,,4.planning.txt,"forth in Section 2.560 of the Wilsonville Code, or as otherwise amended by City Council action.",
or,20.04.020,1,0,,,,19.500.supplementary.txt,"Provide a public art mural or original art mural, as defined in Section 20.04.020, over at least 50% of the blank wall surface.",
or,201.2.22,1,0,,,,pws.201.2.23.txt,requirements as specified in Section 201.2.22,
or,22.04.010,1,0,,,,11.50.txt,1 A determination issued as stated in Section 11.50.090 may be appealed by the property owner of the development site or that property owner’s representative to,
or,22.10,1,0,,,,11.50.txt,1 A determination issued as stated in Section 11.50.090 may be appealed by the property owner of the development site or that property owner’s representative to,
or,227.175.10,1,0,,,,17.zoning.txt,"II decision, which shall be limited by ORS 227.175.10.b .",
or,230.350,1,0,,,,230.310.txt,(See Sections 230.350 and 330),
or,235.275,1,0,,,,720.030.definitions.txt,"LARGE SCALE RETAIL. For purposes of the Community Retail requirement of Section 235.275, “large scale retail uses” are those single retail uses containing 60,00",
or,235.455,1,0,,,,235.420.txt,E. Public Plazas. Public plazas are required as shown in Figure 235-1 subject to the provisions of Section 235.455.,
or,235.490,1,0,,,,235.420.txt,F. Modifications. The requirements of this section are subject to the modification provisions in Section 235.490(C)(3). (Ord. 3-2021 § 1 (Exh. A)),
or,261.33,1,0,,,,zdo.202.definitions.txt,"4 Resource Conservation and Recovery Act (RCRA) of 1976 and 1984 Amendments, Hazardous Wastes List (P & U Categories) (40 C.F.R Section 261.33(e) and (f)); and",
or,266.6.1,1,0,,,,16.12.streets.txt,266.6.1 Oregon City Supp. No. 46,
or,271,1,0,,,,16.63.land-divisions.txt,"Procedure. All applications for a re-plat or vacation of a plat shall be processed in accordance with the procedures and standards for a plat vacation, street v",
or,28.040,1,0,,,,02.definitions.txt,"Development. Any manmade change defined as the construction of buildings or other structures, mining, dredging, paving, filling, grading or site clearing, and g",
or,29.014,1,0,,,,39.parking.txt,"under MCC 29.014, or a Performance Bond in",
or,3-5,1,0,,,,36.400-420.lot-dimensions.txt,"Quality Control Facilities identified by TDC Chapters 71, 72, and TMC Chapter 3-5 Surface",
or,3.01,1,0,,,,3.0100.definitions.txt,See also Overlay District D          efinitions in Section 3.01           20 for specific applications of this term in those areas.,
or,3.0204,1,0,,,,3.0100.definitions.txt,"which the premises exists. See also Section 3.0204         , Classifying a Use.",
or,3.0220,1,0,,,,3.0100.definitions.txt,"Residential Facility.                        See Residential Facility Land Use Classification, Section 3.0220       .",
or,3.0221,1,0,,,,3.0100.definitions.txt,"Residential Home. See Residential Home Land Use Classification, Section 3.0221.",
or,3.0222,1,0,,,,3.0100.definitions.txt,levels. The income levels are specific to each section pertaining to affordable housing. s          ee Section 3.0222,
or,3.07,1,0,,,,02.definitions.txt,UGMFP    Urban Growth Management Functional Plan (Metro Code Chapter 3.07),
or,3.07.1130,1,0,,,,zdo.1012.txt,"1 Limitation: Notwithstanding Subsections 1012.02(C) through (F), the minimum lot size inside the Portland Metropolitan Urban Growth Boundary is 20 acres in the",
or,3.14,1,0,,,,17.48.parking.txt,(m) Commercial parking lots shall be subject to the provisions of GMC Chapter 3.14.,
or,3.175,1,0,,,,3.zoning-districts.txt,regulated by Subsection 3.175(D) of this Code.,
or,3.20,1,0,,,,17.zoning.txt,charges under Chapter 3.20 .,
or,3.30,1,0,,,,11.50.txt,2 B. Nothing in this Section limits the authority of the City Administrator to initiate a proceeding in accordance with Portland City Code Chapter 3.30 Portland,
or,3.65,1,0,,,,19.500.supplementary.txt,Green building is the practice of creating structures and using processes that are environmentally responsible and resource-efficient throughout a building's li,
or,3.75,1,0,,,,33.150.txt,Maximum FAR with Inclusionary Housing Bonus [1]                                                                                                                 ,
or,3.96.060,1,0,,,,33.910.definitions.txt,"Life pursuant to City Code 3.96.060, and organizations participating in Civic Life          ’s Diversity and Civic",
or,302,1,0,,,,zdo.202.definitions.txt,"1 Superfund Amendments and Reauthorization Act (SARA) of 1986, Section 302 Extremely Hazardous Substances List (40 C.F.R 355, App. A and B);",
or,302-304,1,0,,,,3.0100.definitions.txt,"Development, as set forth in 24 C.F.R. Chapter 1, Part 100, Sections 302-304.",
or,31.111,1,0,,,,71.wetlands-protection.txt,of such stop-work order shall be subject to fine as provided herein pursuant to TDC 31.111.,
or,312.7.1,1,0,,,,19.300.base-zones.txt,The following design standards apply to all uses in the MUTSA Zone and in the NME Zone on properties located on the following key streets and key corners: McBro,
or,313,1,0,,,,zdo.202.definitions.txt,"3 SARA of 1986, Section 313, Toxic Chemicals List (40 C.F.R Section 372.65);",
or,32.110,1,0,,,,46.parking.txt,"e. The requirements of this chapter relating to total parking lot landscaping, landscaping buffers, perimeter landscaping, and landscaping the parking lot islan",
or,321.705,1,0,,,,39.muf.txt,"ORS Chapter 321.705, a Western",
or,322.2.2,1,0,,,,19.105.txt,g. All additional higher standards for flood openings in the state of Oregon Residential Specialty Codes Section R322.2.2 shall be complied with when applicable,
or,33.207,1,0,,,,33.120.txt,may require a conditional use review. See Chapter 33.207.,
or,33.229,1,0,,,,33.910.definitions.txt,"Disabled Person. For the purposes of Chapter 33.229, Elderly and Disabled High Density Housing, a",
or,33.248.030,1,0,,,,33.130.txt,"Section 33.248.030, Plant Materials. At least 50 percent of the ground area",
or,33.258.070,1,0,,,,11.50.txt,2 2. Exterior alterations to existing development when the alteration is subject to the requirements of Subsection 33.258.070 D.2. a.,
or,33.470,1,0,,,,33.910.definitions.txt,"weighting applied to night time sound levels. The Ldn noise contours described in Chapter 33.470,",
or,33.510,1,0,,,,33.120.txt,Chapter 33.510. Any ground floor retail requirements that result from other,
or,33.612,1,0,,,,33.120.txt,"size standards listed in Chapter 33.612, Lots in Multi-         Dwelling Zones.",
or,33.654.150,1,0,,,,33.910.definitions.txt,"tract. Where allowed by Section 33.654.150, Ownership, Maintenance, and Public Use of Rights-Of-",
or,33.700.070,1,0,,,,33.910.definitions.txt,Information about the use of terms in the zoning code is contained in 33.700.070.D.,
or,33.854,1,0,,,,33.130.txt,Review and Design Review (see Chapter 33.270 and Chapter 33.854).                                    The site must be at,
or,34.010,1,0,,,,40-41.residential.txt,to TDC 34.010 to 34.030.,
or,34.020,1,0,,,,40-41.residential.txt,Facility subject to TDC 34.020 and TDC,
or,34.030,1,0,,,,25.willamette-historic.txt,"d. The conversion of an existing structure is not required to meet the design standards in CDC 34.030, but it must conform to all applicable requirements of thi",
or,340.020,1,0,,,,220.310.txt,Manufactured Home Park (See Section 340.020)  N    Y,
or,36.120,1,0,,,,36.400-420.lot-dimensions.txt,subdivision standards in TDC 36.120 and not the Housing Clear and Objective Standards in TDC,
or,36.3527,1,0,,,,4.1500.springwater.txt,would apply. Permitted uses are not required to meet approval criteria of West of Sandy Plan Section 36.3527.,
or,372.65,1,0,,,,zdo.202.definitions.txt,"3 SARA of 1986, Section 313, Toxic Chemicals List (40 C.F.R Section 372.65);",
or,39.1600,1,0,,,,39.2000.definitions.txt,established under MCC 39.1600.,
or,39.200,1,0,,,,31.definitions.txt,in Section 39.200 and Group Living in Section 39.210).,
or,39.210,1,0,,,,31.definitions.txt,in Section 39.200 and Group Living in Section 39.210).,
or,39.3160,1,0,,,,39.uf-20.txt,"(A) Except as provided in MCC 39.3160(B),",
or,39.4037,1,0,,,,39.c-3.txt,in compliance with MCC 39.4037.,
or,39.4930,1,0,,,,39.mr-4.txt,subject to the provisions of MCC 39.4930.,
or,39.4955,1,0,,,,39.mr-4.txt,satisfy the approval criteria of MCC 39.4955.,
or,39.5000,1,0,,,,39.2000.definitions.txt,"(MCC 39.5000 – 39.5055) only, the term",
or,39.6780,1,0,,,,39.parking.txt,shall also meet MCC 39.6780.,
or,39.7330,1,0,,,,39.cfu.txt,39.7300 through MCC 39.7330.  For purposes of,
or,39.7575,1,0,,,,39.efu.txt,39.7550 through MCC 39.7575; and,
or,39.7765,1,0,,,,39.cfu.txt,through MCC 39.7765.,
or,39.8605,1,0,,,,39.mr-4.txt,approval criteria of MCC 39.8605 and the,
or,39.8870,1,0,,,,39.efu.txt,(F) A Farm Stands subject to MCC 39.8870,
or,39.8875,1,0,,,,39.2000.definitions.txt,is defined in MCC 39.8875. Agri-tourism does,
or,39.8885,1,0,,,,39.efu.txt,through MCC 39.8885.,
or,39.8900,1,0,,,,39.efu.txt,"ORS 215.452, and subject to MCC 39.8900 –",
or,39.9445,1,0,,,,39.urban-ldr-general.txt,street plan approved under MCC 39.9445,
or,39.9470,1,0,,,,39.urban-ldr-general.txt,"revisions thereof, under MCC 39.9470.",
or,39.9610,1,0,,,,39.mr-4.txt,as required under MCC 39.9610.,
or,4.1.4,1,0,,,,4.planning.txt,"addressing substantial compliance with Implementation Measures 4.1.4.b, d, e, q, and",
or,4.1230-4.1238,1,0,,,,4.1200.civic-neighborhood.txt,Development standards are provided in Section          4.1230-4.1238. Guidelines and Standards for developments subject,
or,4.125.06,1,0,,,,4.planning.txt,"of a building, or portion thereof. In the Village Zone, see Section 4.125.06, Standards",
or,4.125.09,1,0,,,,4.planning.txt,"driveways. See section 4.125.09, Street Improvement Standards.",
or,4.125.15,1,0,,,,4.planning.txt,"• See Section 4.125.15, Pattern Book for projects in Villebois.",
or,4.130,1,0,,,,4.planning.txt,the purposes and objectives of Sections 4.130 to 4.140 and is subject to the following criteria:,
or,4.131.05,1,0,,,,4.planning.txt,"9. Those uses that are listed as typically permitted in Section 4.131.05(.03), as well as",
or,4.134.10,1,0,,,,4.planning.txt,and adjustment criteria in Section 4.134.10.,
or,4.150,1,0,,,,4.planning.txt,(.04) The General Regulations listed in Sections 4.150 through 4.199 shall apply to all zones unless the,
or,4.155.03,1,0,,,,4.planning.txt,plant materials. The ten percent parking area landscaping required by section 4.155.03(B)(1) is,
or,4.16.080,1,0,,,,33.910.definitions.txt,"through Friday, excluding holidays as identified in Section 4.16.080 of Title 4, Personnel.",
or,4.316,1,0,,,,1.020.definitions.txt,"designated in Sections 4.316, Width of Vegetation Corridor, and 4.317, Method for Determining",
or,4.443,1,0,,,,4.planning.txt,Board. Section 4.443. Preliminary Consideration.,
or,4.600.00,1,0,,,,4.planning.txt,"ments of Section 4.600.00, et seq. (Tree Preservation and Protection).",
or,40.055,1,0,,,,72.natural-resource-overlay.txt,(2) Small lots may be allowed in subdivisions and partitions in accordance with TDC 40.055 (RL,
or,400,1,0,,,,zdo.202.definitions.txt,"ZONING DISTRICT, NATURAL RESOURCE: A zoning district regulated by Section 400, Natural Resource Districts.",
or,401.08,1,0,,,,zdo.1012.txt,"5 Comprehensive Plan Boundary: If through a Type IV Comprehensive Plan map amendment, a lot of record is divided by a Comprehensive Plan land use plan designati",
or,402.146.3,1,0,,,,17.zoning.txt,402.146.3 Oregon City Supp . No. 40,
or,402.16.1,1,0,,,,17.zoning.txt,402.16.1 Oregon City Supp. No. 44,
or,402.16.10.3,1,0,,,,17.zoning.txt,402.16.10.3 Oregon City Supp. No. 46,
or,402.16.12,1,0,,,,17.zoning.txt,Oregon City Supp. No . 42 402.16.12,
or,402.16.13,1,0,,,,17.zoning.txt,402.16.13 Oregon City Supp . No . 42,
or,402.16.15,1,0,,,,17.zoning.txt,402.16.15 Oregon City Supp. No. 42,
or,402.16.17,1,0,,,,17.zoning.txt,402.16.17 Oregon Ci ty Supp. No. 42,
or,402.16.20,1,0,,,,17.zoning.txt,Oregon City Supp. No. 41 402.16.20,
or,402.16.20.1,1,0,,,,17.zoning.txt,402.16.20.1 Oregon City Supp. No. 41,
or,402.16.23,1,0,,,,17.zoning.txt,402.16.23 Oregon City Supp. No. 40,
or,402.16.24,1,0,,,,17.zoning.txt,Oregon City Supp. No. 40 402.16.24,
or,402.16.25,1,0,,,,17.zoning.txt,402.16.25 Oregon City Supp. No. 40,
or,402.16.26,1,0,,,,17.zoning.txt,Oregon City Supp. No. 40 402.16.26,
or,402.16.28,1,0,,,,17.zoning.txt,Oregon City Supp. No. 40 402.16.28,
or,402.16.29,1,0,,,,17.zoning.txt,402.16.29 Oregon City Supp. No. 40,
or,402.16.3,1,0,,,,17.zoning.txt,402.16.3 Oregon City Supp. No. 44,
or,402.16.30,1,0,,,,17.zoning.txt,Oregon City Supp. No. 40 402.16.30,
or,402.16.31,1,0,,,,17.zoning.txt,402.16.31 Oregon City Supp. No. 40,
or,402.16.34,1,0,,,,17.zoning.txt,Oregon City Supp. No . 40 402.16.34,
or,402.16.36,1,0,,,,17.zoning.txt,Oregon City Supp . No. 40 402.16.36,
or,402.16.37,1,0,,,,17.zoning.txt,402.16.37 Oregon City Supp. No. 40,
or,402.16.38,1,0,,,,17.zoning.txt,Oregon City Supp. No. 40 402.16.38,
or,402.16.4,1,0,,,,17.zoning.txt,Oregon City Supp. No. 44 402.16.4,
or,402.16.40,1,0,,,,17.zoning.txt,Oregon City Supp. No. 40 402.16.40,
or,402.16.41,1,0,,,,17.zoning.txt,402.16.41 Orego n City Supp. No. 40,
or,402.16.43,1,0,,,,17.zoning.txt,402.16.43 Oregon City Supp . No. 40,
or,402.16.44,1,0,,,,17.zoning.txt,Oregon City Supp. No. 40 402.16.44,
or,402.16.5,1,0,,,,17.zoning.txt,402.16.5 Oregon City Supp. No. 44,
or,402.16.7,1,0,,,,17.zoning.txt,402.16.7 Oregon City Supp. No. 44,
or,402.182.2,1,0,,,,17.zoning.txt,Oregon City Supp . No. 41 402.182.2,
or,402.186.1,1,0,,,,17.zoning.txt,402.186.1 Oregon City Supp. No. 44,
or,402.186.2,1,0,,,,17.zoning.txt,Oregon City Supp. No . 44 402.186.2,
or,402.196.1,1,0,,,,17.zoning.txt,402.196.1 Oregon City Supp . No. 44,
or,402.20.1,1,0,,,,17.zoning.txt,402.20.1 Oregon City Supp . No. 49,
or,402.202.1,1,0,,,,17.zoning.txt,402.202.1 Oregon City Supp. No. 39,
or,402.42.4,1,0,,,,17.zoning.txt,Oregon City Supp. No. 43 402.42.4,
or,402.42.6,1,0,,,,17.zoning.txt,Oregon City Supp. No. 43 402.42.6,
or,402.48.1,1,0,,,,17.zoning.txt,402.48.1 Oregon City Supp. No. 49,
or,402.48.2,1,0,,,,17.zoning.txt,Oregon City Supp. No. 49 402.48.2,
or,402.8.1,1,0,,,,17.zoning.txt,402.8.1 Oregon City Supp. No. 48,
or,404,1,0,,,,17.06.definitions.txt,"(2) Environmentally constrained areas, including open water areas, areas in the FM district, areas in the WQ District, natural resource areas protected under st",
or,41.150,1,0,,,,72.natural-resource-overlay.txt,"(1) A shift of density may be allowed in accordance with TDC 41.150 (RML District), 42.150 (RMH",
or,416.16.21,1,0,,,,17.zoning.txt,416.16.21 Oreg on City Supp. No . 42,
or,416.16.22,1,0,,,,17.zoning.txt,Oregon City Supp . No. 42 416.16.22,
or,416.16.22.2,1,0,,,,17.zoning.txt,Oregon City Supp. No. 42 416.16.22.2,
or,42.03.135,1,0,,,,50.04.dimensional.txt,"The special street setback (SSS) shall be measured from the SSS reference line (as established pursuant to LOC § 42.03.135), the prescribed special setback dist",
or,455,1,0,,,,zdo.202.definitions.txt,PREFABRICATED STRUCTURE: A building or subassembly that has been in whole or substantial part manufactured or assembled using closed construction at an off-site,
or,475B,1,0,,,,19.200.definitions.txt,means a business that dispenses medical marijuana in accordance with the regulations set forth by ORS Chapter 475B and related Oregon Administrative Rules. Stat,
or,5.0214,1,0,,,,3.0100.definitions.txt,GIS-                                  supported application of the mapping protocols in Section 5.0214         .,
or,5.2-4,1,0,,,,rldo.composite.txt,"May 7, 2001               - Section 9.030 (as well as Section 5.2-4(1)(iii) of Ordinance #52)",
or,5.75,1,0,,,,4.0300.industrial.txt,Gresham Revised Code Article 5.75 Well Field Protection.,
or,50.01.004.5,1,0,,,,50.04.dimensional.txt,"Where a lot zoned R-0, 2, or 3 abuts a lot zoned R-6, 7.5, 10, or 15 or abuts a lot that would be zoned R-7.5, 10 or 15 upon annexation into the City per LOC § ",
or,50.04.002.1,1,0,,,,50.04.dimensional.txt,"State Street                                                                                                                              50 ft., unless reduced",
or,50.04.002.3,1,0,,,,50.04.dimensional.txt,"The City Engineer establishes the centerline from which the special street setback reference line is measured, pursuant to LOC § 50.04.002.3.",
or,50.04.002.5,1,0,,,,50.04.dimensional.txt,"The special street setback (SSS) shall be measured from the SSS reference line (as established pursuant to LOC § 42.03.135), the prescribed special setback dist",
or,50.04.003.6,1,0,,,,50.04.dimensional.txt,"The setbacks set forth in LOC § 50.04.001 may be adjusted or excepted by LOC § 50.05.010.4.b (Sensitive Lands Setback Modifications), LOC § 50.04.003.3 (General",
or,50.04.004.1,1,0,,,,50.04.dimensional.txt,"When created, the lot was subject to LOC §§ 50.04.004.1 and 50.04.004.2, LOC § 50.06.007.1.a through 1.d, and was not subject to the provisions of LOC § 50.06.0",
or,50.04.004.2,1,0,,,,50.04.dimensional.txt,"When created, the lot was subject to LOC §§ 50.04.004.1 and 50.04.004.2, LOC § 50.06.007.1.a through 1.d, and was not subject to the provisions of LOC § 50.06.0",
or,50.05.004,1,0,,,,50.04.dimensional.txt,"[Cross-References: In EC zone, see also Downtown Redevelopment Design District, LOC § 50.05.004; Height Limitation: see also LOC § 50.06.001.5.b.]",
or,50.05.010.4,1,0,,,,50.04.dimensional.txt,"The setbacks set forth in LOC § 50.04.001 may be adjusted or excepted by LOC § 50.05.010.4.b (Sensitive Lands Setback Modifications), LOC § 50.04.003.3 (General",
or,50.06.001.6,1,0,,,,50.04.dimensional.txt,See 50.06.001.6,
or,50.06.004,1,0,,,,50.04.dimensional.txt,"Shade from solar-unfriendly trees is assumed to remain if: the trees are situated in a required setback; or they are part of an existing or proposed park, open ",
or,50.06.006.2,1,0,,,,50.04.dimensional.txt,"Where topographic, natural resources and/or soil constraints exist on site, to the extent that an applicant can demonstrate that compliance with LOC § 50.06.006",
or,50.06.009,1,0,,,,50.04.dimensional.txt,City-designated historic resources are preserved in accordance with LOC § 50.06.009.,
or,50.07.003.7,1,0,,,,50.03.002.use-table.txt,"The City Manager may authorize that a use not specifically named in the permitted, conditional or prohibited uses of a district be included among the allowed us",
or,50.07.004.4,1,0,,,,50.04.dimensional.txt,Up to a 25% reduction in minimum required lot area for each dwelling unit shall be allowed in the R-6 zone to permit the relocation of a designated historic lan,
or,50.07.005,1,0,,,,50.03.002.use-table.txt,"A ""C"" in a cell of a use table indicates that the land use is allowed in that base or overlay zone only upon approval of a conditional use permit as described i",
or,50.07.005.3,1,0,,,,50.03.002.use-table.txt,"A ""C"" in a cell of a use table indicates that the land use is allowed in that base or overlay zone only upon approval of a conditional use permit as described i",
or,50.07.007.4,1,0,,,,50.04.dimensional.txt,"For projects reviewed for approval as planned developments, pursuant to LOC § 50.07.007.4, Planned Development Overlay, there is no required minimum lot area. U",
or,500,1,0,,,,zdo.202.definitions.txt,"ZONING DISTRICT, COMMERCIAL: A zoning district regulated by Section 500, Commercial Districts.",
or,504.5,1,0,,,,39.cfu.txt,in accordance with Section 504.5 of the,
or,504.6,1,0,,,,39.cfu.txt,accordance with Section 504.6 of that,
or,505,1,0,,,,39.cfu.txt,Wildland Interface Code Section 505,
or,54.020,1,0,,,,46.parking.txt,1. Tree canopy covering at least 40 percent of the new parking lot area at maturity but no more than 15 years after planting. Trees planted or preserved to meet,
or,55.105,1,0,,,,05.density.txt,"e. Optionally, the applicant may subtract the following (as measured in CDC 55.105(C)(2)(a)):",
or,58.030,1,0,,,,25.willamette-historic.txt,"The Historic Resource Map, shown in Figure 1 below, identifies the Willamette Historic District, as shown on the Zoning Map; the Willamette Falls Drive Commerci",
or,6.0001,1,0,,,,4.0400.corridor.txt,"for the townhouses as required in Section 6.0001, and design review approval                                                                                    ",
or,6.0300,1,0,,,,4.1400.pleasant-valley.txt,(Section 6.0300).,
or,6.0321,1,0,,,,4.0100.residential.txt,requirements in Standards Section 4.0130 or in the Variation to Development Standards of Section 6.0321,
or,6.208,1,0,,,,4.planning.txt,"danger of falling, or presents a hazard as defined in WC 6.208, or is a nuisance as",
or,6.400,1,0,,,,3.zoning-districts.txt,may also require an applicant to file for a Director's Interpretation as provided within Section 6.400,
or,60.3,1,0,,,,3.0100.definitions.txt,render the structure in violation of the applicable non-elevation design requirements of 44 CFR Section 60.3.,
or,600,1,0,,,,zdo.202.definitions.txt,"ZONING DISTRICT, INDUSTRIAL: A zoning district regulated by Section 600, Industrial Districts.",
or,609,1,0,,,,19.500.supplementary.txt,"Horizontal and vertical grab bars must be provided in one bathroom on the main floor at the toilet, bath and shower. (See ANSI A117-1 Section 609 for size and l",
or,620,1,0,,,,240.200.txt,"(a) Marijuana Facilities may be allowed, subject to a Conditional Use Permit pursuant to Article 620 of this Code, in the Light Manufacturing and General Manufa",
or,65.12,1,0,,,,19.105.txt,"ii. A community may permit encroachments within the adopted regulatory floodway that would result in an increase in base flood elevations; provided, that a cond",
or,65.3,1,0,,,,19.105.txt,5. Requirement to Submit New Technical Data. A community’s base flood elevations may increase or decrease resulting from physical changes affecting flooding con,
or,660-012-0045,1,0,,,,4.planning.txt,A. Purpose. The purpose of this section of the Code is to implement Section 660-012-0045,
or,680,1,0,,,,4.planning.txt,E. Lighting in swimming pools and other water features governed by Article 680 of the National,
or,7.0,1,0,,,,4.0400.corridor.txt,b.                                 Outside Triangle Area. See Section 7.0                              512.A.2                       Building Frontage and Place,
or,7.000,1,0,,,,4.1400.pleasant-valley.txt,2. Section 7.000 Rear Roof Height Limit Reductions,
or,7.0001,1,0,,,,4.0400.corridor.txt,"for the townhouses as required in Section 6.0001, and design review approval                                                                                    ",
or,7.0221,1,0,,,,7.0400.middle-housing-design.txt,G.                      See Section 7.0221                        - 7.0223 for additional requirements.,
or,7.0501-7.0512,1,0,,,,7.0500.rockwood-design.txt,B.                          Exceptions. Section 7.0501-7.0512                                                  do not apply to:,
or,7.15.025,1,0,,,,3.0100.definitions.txt,Invasive Plant List (Gresham Revised Code 7.15.025).,
or,707,1,0,,,,zdo.202.definitions.txt,"CULTURAL RESOURCE INVENTORY: The official list of designated cultural features, sites, districts subject to the provisions of Section 707, Historic Landmark (HL",
or,73,1,0,,,,72.natural-resource-overlay.txt,Chapter 73. The applicant must meet all landscaping requirements in this Code to the satisfaction of,
or,73A.010,1,0,,,,73A.020-060.residential-design.txt,TDC 73A.010 TUALATIN DEVELOPMENT CODE,
or,74,1,0,,,,36.400-420.lot-dimensions.txt,required by TDC Chapter 74;,
or,8.0114,1,0,,,,4.0100.residential.txt,"4.    May have locational limitations, see Section 8.0114.",
or,8.0117,1,0,,,,4.1400.pleasant-valley.txt,"Yes, except as provided in Section 8.0117(C)(3)",
or,8.08.040,1,0,,,,17.zoning.txt,8.08.040;,
or,8.20,1,0,,,,17.zoning.txt,"of the Oregon City Municipal Code (including OCMC 8.20,",
or,8.225,1,0,,,,3.zoning-districts.txt,"i.      Off-street parking, garages, and carports: See Section 8.225 of this Code.",
or,8.26,1,0,,,,9.parking.txt,"Municipal Code, Chapter 8.26.",
or,8.8170,1,0,,,,rldo.composite.txt,decision.  Notice of appeal shall be as set out in Section 8.8170.,
or,804,1,0,,,,zdo.315.txt,"Places of Worship, subject to Section 804",
or,808,1,0,,,,zdo.315.txt,"Cemeteries, subject to Section 808",
or,813,1,0,,,,zdo.315.txt,"Recreational Vehicle Camping Facilities, subject to Section 813",
or,815,1,0,,,,zdo.315.txt,"Produce Stands, subject to Section 815",
or,819,1,0,,,,zdo.315.txt,"Recyclable Drop-Off Sites, subject to Section 819",
or,821,1,0,,,,zdo.315.txt,"Livestock, subject to Section 821",
or,825,1,0,,,,zdo.315.txt,"Manufactured Dwelling Parks, subject to Section 825",
or,830,1,0,,,,zdo.315.txt,"28 Utility cabinets are a primary use if they comply with Section 830, Utility Cabinets, or if they are inside a road right-of-way.",
or,833,1,0,,,,zdo.315.txt,"Guest Houses, subject to Section 833",
or,835,1,0,,,,zdo.315.txt,"Wireless Telecommunication Facilities, subject to Section 835",
or,840,1,0,,,,zdo.315.txt,"Farmers' Markets, subject to Section 840",
or,843,1,0,,,,zdo.202.definitions.txt,"DWELLING, ACCESSORY HISTORIC: A detached single-family dwelling legally constructed between 1850 and 1945 that was converted from a primary dwelling to an acces",
or,844,1,0,,,,zdo.315.txt,"Multi-Use Developments, subject to Section 844",
or,846,1,0,,,,zdo.315.txt,"6 Dwellings not otherwise permitted in the applicable zoning district may nonetheless be permitted if they are developed as affordable housing, as defined in OR",
or,85.170,1,0,,,,48.access.txt,"1. Traffic impact analysis requirements. A traffic analysis prepared by a qualified professional may be required to determine access, circulation and other tran",
or,9.0303,1,0,,,,3.0100.definitions.txt,"Easement, Conservation. See Natural Resource and Watershed Easements, Section 9.0303        .",
or,9.08514,1,0,,,,4.0400.corridor.txt,"Street Parking                                 residential4, 5; all                               for residential4, 5;                                 residenti",
or,9.0901,1,0,,,,7.0400.middle-housing-design.txt,no greater than 18 inches. See Section 9.0901(B)                                                          .,
or,9.1013,1,0,,,,3.0100.definitions.txt,Trees in excess of the number that may be removed without a development permit under Section 9.1013               of,
or,9.1032,1,0,,,,9.0800.parking.txt,can demonstrate there is a health or non -health reason for removal as listed in Section 9.1032(E)(6).,
or,98,1,0,,,,05.density.txt,C. Amendments to the City Zoning Map may be made in accordance with the provisions of Chapters 98 and 99 CDC. Copies of all map amendments shall be dated with t,
or,99.110,1,0,,,,02.definitions.txt,"Final action, final decision, or final order. A determination reduced to writing, signed and filed under CDC 99.110(F) by the appropriate approval authority.",
or,99.140,1,0,,,,43.sidewall.txt,The Planning Director shall apply the standards of this chapter during the administrative review of building permits. No notice is required. In the event that a,
or/clackamas/_unincorporated,10.03,1,0,,,,zdo.202.definitions.txt,"SOLID WASTE: As defined in Chapter 10.03, Solid Waste and Wastes Management, of the Clackamas County Code.",
or/clackamas/_unincorporated,1002.04,1,0,,,,zdo.202.definitions.txt,STREAM CORRIDOR AREA: An area including the streambed and a required strip or buffer of land on each side of the streambed necessary to maintain streamside amen,
or/clackamas/_unincorporated,1002.06,1,0,,,,zdo.1012.txt,3 Wetlands and required buffer areas regulated by Subsection 1002.06 or another public agency.,
or/clackamas/_unincorporated,1006.06,1,0,,,,zdo.1015.txt,"1 Inside the Portland Metropolitan Urban Growth Boundary (UGB), parking, loading, and maneuvering areas shall be hard-surfaced, unless a permeable surface is re",
or/clackamas/_unincorporated,1009.03,1,0,,,,zdo.1015.txt,"3 The landscaped area in front of the tire stop may count toward overall site landscaping requirements established in Table 1009-1, Minimum Landscaped Area. How",
or/clackamas/_unincorporated,1010,1,0,,,,zdo.315.txt,"Signs, subject to Section 1010",
or/clackamas/_unincorporated,1010.13,1,0,,,,zdo.315.txt,26 Temporary signs regulated under Subsection 1010.13(A) are a primary use.,
or/clackamas/_unincorporated,1011.04,1,0,,,,zdo.1012.txt,Park Dedication: Land will be dedicated as a park and accepted by a government agency pursuant to Subsection 1011.04.,
or/clackamas/_unincorporated,11,1,0,,,,roadway.320.txt,the latest version of the Oregon Structural Specialty Code (OSSC) Chapter 11 and the International Code,
or/clackamas/_unincorporated,1105.03,1,0,,,,zdo.315.txt,"8 In a planned unit development, there are no minimum rear and side setbacks except from rear and side lot lines on the perimeter of the final plat. In a zero-l",
or/clackamas/_unincorporated,1307,1,0,,,,zdo.1012.txt,"3 Replats reviewed as a Type II application pursuant to Section 1307, Procedures;",
or/clackamas/_unincorporated,261.33,1,0,,,,zdo.202.definitions.txt,"4 Resource Conservation and Recovery Act (RCRA) of 1976 and 1984 Amendments, Hazardous Wastes List (P & U Categories) (40 C.F.R Section 261.33(e) and (f)); and",
or/clackamas/_unincorporated,3.07.1130,1,0,,,,zdo.1012.txt,"1 Limitation: Notwithstanding Subsections 1012.02(C) through (F), the minimum lot size inside the Portland Metropolitan Urban Growth Boundary is 20 acres in the",
or/clackamas/_unincorporated,300,1,0,,,,zdo.202.definitions.txt,"ZONING DISTRICT, RESIDENTIAL: A zoning district regulated by Section 300, Urban and Rural Residential Districts.",
or/clackamas/_unincorporated,302,1,0,,,,zdo.202.definitions.txt,"1 Superfund Amendments and Reauthorization Act (SARA) of 1986, Section 302 Extremely Hazardous Substances List (40 C.F.R 355, App. A and B);",
or/clackamas/_unincorporated,313,1,0,,,,zdo.202.definitions.txt,"3 SARA of 1986, Section 313, Toxic Chemicals List (40 C.F.R Section 372.65);",
or/clackamas/_unincorporated,372.65,1,0,,,,zdo.202.definitions.txt,"3 SARA of 1986, Section 313, Toxic Chemicals List (40 C.F.R Section 372.65);",
or/clackamas/_unincorporated,400,1,0,,,,zdo.202.definitions.txt,"ZONING DISTRICT, NATURAL RESOURCE: A zoning district regulated by Section 400, Natural Resource Districts.",
or/clackamas/_unincorporated,401.08,1,0,,,,zdo.1012.txt,"5 Comprehensive Plan Boundary: If through a Type IV Comprehensive Plan map amendment, a lot of record is divided by a Comprehensive Plan land use plan designati",
or/clackamas/_unincorporated,455,1,0,,,,zdo.202.definitions.txt,PREFABRICATED STRUCTURE: A building or subassembly that has been in whole or substantial part manufactured or assembled using closed construction at an off-site,
or/clackamas/_unincorporated,500,1,0,,,,zdo.202.definitions.txt,"ZONING DISTRICT, COMMERCIAL: A zoning district regulated by Section 500, Commercial Districts.",
or/clackamas/_unincorporated,600,1,0,,,,zdo.202.definitions.txt,"ZONING DISTRICT, INDUSTRIAL: A zoning district regulated by Section 600, Industrial Districts.",
or/clackamas/_unincorporated,707,1,0,,,,zdo.202.definitions.txt,"CULTURAL RESOURCE INVENTORY: The official list of designated cultural features, sites, districts subject to the provisions of Section 707, Historic Landmark (HL",
or/clackamas/_unincorporated,804,1,0,,,,zdo.315.txt,"Places of Worship, subject to Section 804",
or/clackamas/_unincorporated,808,1,0,,,,zdo.315.txt,"Cemeteries, subject to Section 808",
or/clackamas/_unincorporated,813,1,0,,,,zdo.315.txt,"Recreational Vehicle Camping Facilities, subject to Section 813",
or/clackamas/_unincorporated,815,1,0,,,,zdo.315.txt,"Produce Stands, subject to Section 815",
or/clackamas/_unincorporated,819,1,0,,,,zdo.315.txt,"Recyclable Drop-Off Sites, subject to Section 819",
or/clackamas/_unincorporated,821,1,0,,,,zdo.315.txt,"Livestock, subject to Section 821",
or/clackamas/_unincorporated,825,1,0,,,,zdo.315.txt,"Manufactured Dwelling Parks, subject to Section 825",
or/clackamas/_unincorporated,830,1,0,,,,zdo.315.txt,"28 Utility cabinets are a primary use if they comply with Section 830, Utility Cabinets, or if they are inside a road right-of-way.",
or/clackamas/_unincorporated,833,1,0,,,,zdo.315.txt,"Guest Houses, subject to Section 833",
or/clackamas/_unincorporated,835,1,0,,,,zdo.315.txt,"Wireless Telecommunication Facilities, subject to Section 835",
or/clackamas/_unincorporated,840,1,0,,,,zdo.315.txt,"Farmers' Markets, subject to Section 840",
or/clackamas/_unincorporated,843,1,0,,,,zdo.202.definitions.txt,"DWELLING, ACCESSORY HISTORIC: A detached single-family dwelling legally constructed between 1850 and 1945 that was converted from a primary dwelling to an acces",
or/clackamas/_unincorporated,844,1,0,,,,zdo.315.txt,"Multi-Use Developments, subject to Section 844",
or/clackamas/gladstone,13,1,0,,,,17.25.hcad.txt,"b. If the subject property is owned by a regionally significant educational or medical facility, as designated by Title 13 of the Metro Urban Growth Management ",
or/clackamas/gladstone,15.06,1,0,,,,17.27.wq.txt,(c) Installation of erosion control measures pursuant to an approved erosion and sediment control plan under GMC Chapter 15.06 (earthwork and erosion control st,
or/clackamas/gladstone,17.25.060.06,1,0,,,,17.25.hcad.txt,"B. Outside storage of materials and equipment, unless such storage began before December 8, 2009 or is approved pursuant to review under Subsection 17.25.060.06",
or/clackamas/gladstone,17.26,1,0,,,,17.06.definitions.txt,"“Open space” means land that is undeveloped and that is planned to remain so indefinitely. “Open space” also refers to land zoned OS, Open Space District, and d",
or/clackamas/gladstone,17.38.020,1,0,,,,17.06.definitions.txt,“Residential planned unit development” means a residential (R) planned unit development as allowed under GMC Chapter 17.38 (Planned Unit Development) and is at ,
or/clackamas/gladstone,17.46,1,0,,,,17.25.hcad.txt,c. Maximizing the use of native landscaping materials and meeting applicable landscaping requirements by preservation of the HCA as permitted by Chapter 17.46;,
or/clackamas/gladstone,17.76.040,1,0,,,,17.06.definitions.txt,"“Front lot line” means a lot line separating a lot from a street other than an alley. In the case of a corner lot, either of the lot lines separating the lot fr",
or/clackamas/gladstone,17.90,1,0,,,,17.25.hcad.txt,1. The application shall be reviewed pursuant to Chapter 17.90(C); or,
or/clackamas/gladstone,17.90.010,1,0,,,,17.25.hcad.txt,4. An application for HCA Map Verification shall be reviewed pursuant to Section 17.90.010 unless the application is filed concurrently with another land use ap,
or/clackamas/gladstone,17.96,1,0,,,,17.25.hcad.txt,h. Monitoring and Reporting. Monitoring of the mitigation site shall be the ongoing responsibility of the property owner. For a period of five years following t,
or/clackamas/gladstone,404,1,0,,,,17.06.definitions.txt,"(2) Environmentally constrained areas, including open water areas, areas in the FM district, areas in the WQ District, natural resource areas protected under st",
or/clackamas/gladstone,46,1,0,,,,17.06.definitions.txt,"“Middle housing” means duplex, triplex, quadplex, cottage cluster, or townhouse in the R-5 or R-7.2 zone and is subject to OAR Chapter 660, Division 46, Middle ",
or/clackamas/gladstone,660,1,0,,,,17.06.definitions.txt,"“Middle housing” means duplex, triplex, quadplex, cottage cluster, or townhouse in the R-5 or R-7.2 zone and is subject to OAR Chapter 660, Division 46, Middle ",
or/clackamas/happy-valley,1.1312,1,0,,,,16.12.definitions.txt,"As defined by the Federal Communications Commission (CFR 1.1312.e.2), facilities that meet the following conditions:",
or/clackamas/happy-valley,1.1320,1,0,,,,16.12.definitions.txt,The facilities are mounted on structures 50 feet or less in height including their antennas (as defined in CFR 1.1320.d);,
or/clackamas/happy-valley,1.2307,1,0,,,,16.12.definitions.txt,The facilities do not result in human exposure to radio-frequency radiation in excess of applicable safety standards specified in CFR 1.2307.b.,
or/clackamas/happy-valley,1251,1,0,,,,16.34.natural-resources.txt,"Minimize adverse hydrological impacts on water resources such as by using the techniques described in Part (a) of Table 16.34.075-2, unless their use is prohibi",
or/clackamas/happy-valley,15,1,0,,,,16.32.steep-slopes.txt,Grading Plan. The grading plan shall be specific to a proposed physical structure or use and shall include information on terrain (two-foot intervals of propert,
or/clackamas/happy-valley,15.12.050,1,0,,,,16.42.landscaping.txt,"A Tree Removal Plan. The plan shall identify each tree to be removed, describe protective fencing or markings around other trees or spaces to protect surroundin",
or/clackamas/happy-valley,16.13.020,1,0,,,,16.42.landscaping.txt,Each day's violation of any provision of this section constitutes a separate offense. Each individual tree removed in violation of the requirements of this sect,
or/clackamas/happy-valley,16.21,1,0,,,,16.12.definitions.txt,"The following definitions are organized alphabetically and some related terms are also grouped together and cross-referenced under group leadings (e.g., Lot Typ",
or/clackamas/happy-valley,16.31.030,1,0,,,,16.43.parking.txt,Outdoor bicycle parking spaces shall be clearly visible from the building entrance or the public right-of-way and shall be located within 50 feet of the public ,
or/clackamas/happy-valley,16.35,1,0,,,,16.63.land-divisions.txt,Any site larger than two acres where a minimum of 10% of the site contains environmentally constrained areas subject to Chapters 16.35 and/or Sections 16.34.010,
or/clackamas/happy-valley,16.44,1,0,,,,16.12.definitions.txt,A dwelling unit which is fabricated in one or more sections at a location other than the home site by assembly line-type production techniques or by other const,
or/clackamas/happy-valley,16.44.010,1,0,,,,16.42.landscaping.txt,"Exemptions. The standards of this section do not apply to PUDs subject to the open space requirements of Section 16.63.130(H)(1), or to multifamily housing subj",
or/clackamas/happy-valley,16.44.055,1,0,,,,16.42.landscaping.txt,Fences and walls shall comply with Section 16.44.055.,
or/clackamas/happy-valley,16.44.130,1,0,,,,16.12.definitions.txt,A grouping of no less than four detached buildings per gross acre on a lot designed or used exclusively for the occupancy of separate families living independen,
or/clackamas/happy-valley,16.50.060,1,0,,,,16.42.landscaping.txt,"A Tree Removal Plan. The plan shall identify each tree to be removed, describe protective fencing or markings around other trees or spaces to protect surroundin",
or/clackamas/happy-valley,16.50.100,1,0,,,,16.63.land-divisions.txt,All cuts and fills shall comply with the standards and provisions in Section 16.50.100.,
or/clackamas/happy-valley,16.50.110,1,0,,,,16.42.landscaping.txt,Required Tree Plantings. The street tree requirements in 16.50.110 shall be met.,
or/clackamas/happy-valley,16.61.050,1,0,,,,16.12.definitions.txt,"A legislative action or decision is the making of law, as opposed to the application of existing law to a particular use (e.g., adoption of, or amendment to, a ",
or/clackamas/happy-valley,16.61.060,1,0,,,,16.63.land-divisions.txt,Public Facilities and Services Impact Study. The impact study shall quantify and assess the effect of the development on public facilities and services. The Cit,
or/clackamas/happy-valley,16.61.070,1,0,,,,16.12.definitions.txt,A partition or subdivision of a lot or parcel on which the development of middle housing is allowed under ORS 197.758(2) and the partition or subdivision is pro,
or/clackamas/happy-valley,16.61.090,1,0,,,,16.63.land-divisions.txt,Traffic Impact Study. Traffic impact studies shall conform to the standards and procedures in Section 16.61.090.,
or/clackamas/happy-valley,16.66,1,0,,,,16.63.land-divisions.txt,Modifications. The applicant may request changes to the approved preliminary plat or conditions of approval following the procedures and criteria provided in Ch,
or/clackamas/happy-valley,16.7,1,0,,,,16.63.land-divisions.txt,"The proposed preliminary plat complies with the applicable Development Code sections and all other applicable ordinances and regulations. At a minimum, the prov",
or/clackamas/happy-valley,16.71.040,1,0,,,,16.32.steep-slopes.txt,"Opportunities for shared access are utilized wherever practicable, and if possible may be required by the City Engineer pursuant to Section 16.41.030, Vehicular",
or/clackamas/happy-valley,1604.06,1,0,,,,16.22.residential.txt,"The front yard setback shall be no less than the front façade of the primary dwelling unit (not including porches, bays, garages, and architectural features). G",
or/clackamas/happy-valley,197,1,0,,,,16.12.definitions.txt,Urban growth boundary adopted pursuant to ORS Chapter 197.,
or/clackamas/happy-valley,21,1,0,,,,16.42.landscaping.txt,"Removal of a tree in violation of this section is declared to be a public nuisance, and may be abated by appropriate proceedings pursuant to City Charter Sectio",
or/clackamas/happy-valley,271,1,0,,,,16.63.land-divisions.txt,"Procedure. All applications for a re-plat or vacation of a plat shall be processed in accordance with the procedures and standards for a plat vacation, street v",
or/clackamas/happy-valley,300,1,0,,,,16.34.natural-resources.txt,"Minimize adverse hydrological impacts on water resources such as by using the techniques described in Part (a) of Table 16.34.075-2, unless their use is prohibi",
or/clackamas/happy-valley,446,1,0,,,,16.12.definitions.txt,"Any place where four or more manufactured homes are located within 500 feet of one another on a lot, tract or parcel of land under the same ownership, the prima",
or/clackamas/happy-valley,504,1,0,,,,16.12.definitions.txt,"For the purposes of this Code, a disabled person is a person who has a condition of physical or mental disability which substantially limits one or more major l",
or/clackamas/johnson-city,19,1,0,,,,ors.197a.420.txt,Title 19,
or/clackamas/lake-oswego,42.03.135,1,0,,,,50.04.dimensional.txt,"The special street setback (SSS) shall be measured from the SSS reference line (as established pursuant to LOC § 42.03.135), the prescribed special setback dist",
or/clackamas/lake-oswego,45,1,0,,,,50.04.dimensional.txt,"20 min. adj. to R zone; see LOC Article 45, Building Code [10]",
or/clackamas/lake-oswego,50.01.004.5,1,0,,,,50.04.dimensional.txt,"Where a lot zoned R-0, 2, or 3 abuts a lot zoned R-6, 7.5, 10, or 15 or abuts a lot that would be zoned R-7.5, 10 or 15 upon annexation into the City per LOC § ",
or/clackamas/lake-oswego,50.04.002.1,1,0,,,,50.04.dimensional.txt,"State Street                                                                                                                              50 ft., unless reduced",
or/clackamas/lake-oswego,50.04.002.3,1,0,,,,50.04.dimensional.txt,"The City Engineer establishes the centerline from which the special street setback reference line is measured, pursuant to LOC § 50.04.002.3.",
or/clackamas/lake-oswego,50.04.002.5,1,0,,,,50.04.dimensional.txt,"The special street setback (SSS) shall be measured from the SSS reference line (as established pursuant to LOC § 42.03.135), the prescribed special setback dist",
or/clackamas/lake-oswego,50.04.003.6,1,0,,,,50.04.dimensional.txt,"The setbacks set forth in LOC § 50.04.001 may be adjusted or excepted by LOC § 50.05.010.4.b (Sensitive Lands Setback Modifications), LOC § 50.04.003.3 (General",
or/clackamas/lake-oswego,50.04.004.1,1,0,,,,50.04.dimensional.txt,"When created, the lot was subject to LOC §§ 50.04.004.1 and 50.04.004.2, LOC § 50.06.007.1.a through 1.d, and was not subject to the provisions of LOC § 50.06.0",
or/clackamas/lake-oswego,50.04.004.2,1,0,,,,50.04.dimensional.txt,"When created, the lot was subject to LOC §§ 50.04.004.1 and 50.04.004.2, LOC § 50.06.007.1.a through 1.d, and was not subject to the provisions of LOC § 50.06.0",
or/clackamas/lake-oswego,50.05.004,1,0,,,,50.04.dimensional.txt,"[Cross-References: In EC zone, see also Downtown Redevelopment Design District, LOC § 50.05.004; Height Limitation: see also LOC § 50.06.001.5.b.]",
or/clackamas/lake-oswego,50.05.010.4,1,0,,,,50.04.dimensional.txt,"The setbacks set forth in LOC § 50.04.001 may be adjusted or excepted by LOC § 50.05.010.4.b (Sensitive Lands Setback Modifications), LOC § 50.04.003.3 (General",
or/clackamas/lake-oswego,50.06.001.6,1,0,,,,50.04.dimensional.txt,See 50.06.001.6,
or/clackamas/lake-oswego,50.06.004,1,0,,,,50.04.dimensional.txt,"Shade from solar-unfriendly trees is assumed to remain if: the trees are situated in a required setback; or they are part of an existing or proposed park, open ",
or/clackamas/lake-oswego,50.06.006.2,1,0,,,,50.04.dimensional.txt,"Where topographic, natural resources and/or soil constraints exist on site, to the extent that an applicant can demonstrate that compliance with LOC § 50.06.006",
or/clackamas/lake-oswego,50.06.009,1,0,,,,50.04.dimensional.txt,City-designated historic resources are preserved in accordance with LOC § 50.06.009.,
or/clackamas/lake-oswego,50.07.003.7,1,0,,,,50.03.002.use-table.txt,"The City Manager may authorize that a use not specifically named in the permitted, conditional or prohibited uses of a district be included among the allowed us",
or/clackamas/lake-oswego,50.07.004.4,1,0,,,,50.04.dimensional.txt,Up to a 25% reduction in minimum required lot area for each dwelling unit shall be allowed in the R-6 zone to permit the relocation of a designated historic lan,
or/clackamas/lake-oswego,50.07.005,1,0,,,,50.03.002.use-table.txt,"A ""C"" in a cell of a use table indicates that the land use is allowed in that base or overlay zone only upon approval of a conditional use permit as described i",
or/clackamas/lake-oswego,50.07.005.3,1,0,,,,50.03.002.use-table.txt,"A ""C"" in a cell of a use table indicates that the land use is allowed in that base or overlay zone only upon approval of a conditional use permit as described i",
or/clackamas/lake-oswego,50.07.007.4,1,0,,,,50.04.dimensional.txt,"For projects reviewed for approval as planned developments, pursuant to LOC § 50.07.007.4, Planned Development Overlay, there is no required minimum lot area. U",
or/clackamas/milwaukie,1.08,1,0,,,,12.24.clear-vision.txt,The provisions of Chapter 1.08 shall be used to enforce this chapter.,
or/clackamas/milwaukie,10.20,1,0,,,,19.600.parking.txt,Regulations governing the provision of on-street parking within the right-of-way are contained in Chapter 19.700. The management of on-street parking is governe,
or/clackamas/milwaukie,12.14,1,0,,,,19.500.supplementary.txt,"No accessory structure shall encroach upon or interfere with the use of any adjoining property or public right-of-way, including, but not limited to, streets, a",
or/clackamas/milwaukie,14.16.040,1,0,,,,19.300.base-zones.txt,Subsection 14.16.040 Commercial Zones,
or/clackamas/milwaukie,14.16.050,1,0,,,,19.300.base-zones.txt,Subsection 14.16.050 Commercial Zone,
or/clackamas/milwaukie,16.32.010,1,0,,,,19.400.overlays.txt,"Removal of a public tree (as defined in Section 16.32.010; i.e., a tree on land owned or maintained by the City) that meets at least one of the criteria for exe",
or/clackamas/milwaukie,17.08.010,1,0,,,,19.400.overlays.txt,"Lot consolidations, as defined in Section 17.08.010.",
or/clackamas/milwaukie,19.1001.7,1,0,,,,19.400.overlays.txt,Action taken on a building permit for any portion of a phased development project for which the applicant has previously met the applicable requirements of Sect,
or/clackamas/milwaukie,19.1005.3,1,0,,,,19.400.overlays.txt,"When an application for boundary verification proposes corrections to mapped HCAs that would result in a change in HCA designation of 1 acre or more, the City w",
or/clackamas/milwaukie,19.1010,1,0,,,,19.400.overlays.txt,Appeals shall be heard by the City Council as per Section 19.1010 of this title.,
or/clackamas/milwaukie,19.312.7.1,1,0,,,,19.300.base-zones.txt,Figure 19.312.7.1 Key Streets,
or/clackamas/milwaukie,19.708,1,0,,,,19.500.supplementary.txt,"In reviewing a proposed preliminary circulation plan, the Planning Director shall find compliance with the relevant portions of the Comprehensive Plan, Transpor",
or/clackamas/milwaukie,19.902.6,1,0,,,,19.400.overlays.txt,"Corrections to mapped WQRs or HCAs that are not subject to processing according to the provisions outlined in either of Subsection 19.402.15.A.1 or A.2, such as",
or/clackamas/milwaukie,19.904.3,1,0,,,,19.500.supplementary.txt,The installation of a solar energy system on a structure that has been designated as a Conditional Use or a Community Service Use is exempt from the reviews of ,
or/clackamas/milwaukie,19.905.3,1,0,,,,19.500.supplementary.txt,The installation of a solar energy system on a structure that has been designated as a Conditional Use or a Community Service Use is exempt from the reviews of ,
or/clackamas/milwaukie,19.906.2,1,0,,,,19.500.supplementary.txt,A Type I development review permit may be required for installation of a solar energy system depending upon the applicability criteria in Subsection 19.906.2.A.,
or/clackamas/milwaukie,19.906.4,1,0,,,,19.600.parking.txt,"A residential dwelling unit, subject to the limitations in Subsection 19.906.4.B.1.c.",
or/clackamas/milwaukie,19.907.2,1,0,,,,19.500.supplementary.txt,Design standards and guidelines for development in downtown Milwaukie are applied through downtown design review as established in Section 19.907. Projects subj,
or/clackamas/milwaukie,19.908,1,0,,,,19.300.base-zones.txt,Extensions to the approved time schedule are permitted subject to Subsection 19.908.,
or/clackamas/milwaukie,20.04.020,1,0,,,,19.500.supplementary.txt,"Provide a public art mural or original art mural, as defined in Section 20.04.020, over at least 50% of the blank wall surface.",
or/clackamas/milwaukie,3.07.340,1,0,,,,19.200.definitions.txt,"means wetlands of metropolitan concern, as shown on the Metro Water Quality and Flood Management Area map, and other wetlands added to the City's Natural Resour",
or/clackamas/milwaukie,3.65,1,0,,,,19.500.supplementary.txt,Green building is the practice of creating structures and using processes that are environmentally responsible and resource-efficient throughout a building's li,
or/clackamas/milwaukie,312.7.1,1,0,,,,19.300.base-zones.txt,The following design standards apply to all uses in the MUTSA Zone and in the NME Zone on properties located on the following key streets and key corners: McBro,
or/clackamas/milwaukie,475B,1,0,,,,19.200.definitions.txt,means a business that dispenses medical marijuana in accordance with the regulations set forth by ORS Chapter 475B and related Oregon Administrative Rules. Stat,
or/clackamas/milwaukie,609,1,0,,,,19.500.supplementary.txt,"Horizontal and vertical grab bars must be provided in one bathroom on the main floor at the toilet, bath and shower. (See ANSI A117-1 Section 609 for size and l",
or/clackamas/oregon-city,02.16.6,1,0,,,,17.zoning.txt,Oregon City Supp. No. 44 4 02.16.6,
or/clackamas/oregon-city,1.04.070,1,0,,,,17.zoning.txt,"1.04.070 and shall be based on calendar days, not business",
or/clackamas/oregon-city,1.16,1,0,,,,17.zoning.txt,"of Chapters 1.16, 1.20 and 1.24. (Ord. 99-1004 §30, 1999:",
or/clackamas/oregon-city,1113,1,0,,,,17.zoning.txt,"Disabilities Act, or as specified in Section 1113 of the",
or/clackamas/oregon-city,12.08.050,1,0,,,,17.zoning.txt,tions of OCMC 12.08.050. Where a grouping of two or more,
or/clackamas/oregon-city,12.32.020,1,0,,,,17.zoning.txt,"fined in OCMC 12.32.020, all or more than thirty percent of",
or/clackamas/oregon-city,13,1,0,,,,17.zoning.txt,"4. Chapter 13. 08 , Sewer Regulations.",
or/clackamas/oregon-city,13.04,1,0,,,,17.zoning.txt,"3. Chapter 13.04, Water Service System.",
or/clackamas/oregon-city,15.28,1,0,,,,17.zoning.txt,Chapter 15.28.,
or/clackamas/oregon-city,15.48,1,0,,,,17.zoning.txt,fined in OCMC 15.48.,
or/clackamas/oregon-city,16.08.053,1,0,,,,17.zoning.txt,pursuant to OCMC 16.08.053.,
or/clackamas/oregon-city,16.12.13,1,0,,,,16.12.streets.txt,ria in OCMC 16.12.13.A:,
or/clackamas/oregon-city,16.24,1,0,,,,17.zoning.txt,divisions are subject to the requirements of OCMC 16.24.,
or/clackamas/oregon-city,17.04.147,1,0,,,,17.zoning.txt,"2020, set out provisions intended for use as§ 17.04.147. For",
or/clackamas/oregon-city,17.44.020,1,0,,,,17.zoning.txt,"b. Unstable slopes, as defined in OCMC 17.44.020,",
or/clackamas/oregon-city,17.49.080.0.4,1,0,,,,17.zoning.txt,tion pursuant to OCMC 17.49.080.0.4.,
or/clackamas/oregon-city,17.49.100--17.49.170,1,0,,,,17.zoning.txt,NROD development standards in OCMC 17.49.100--17.49.170.,
or/clackamas/oregon-city,17.49.220--17.49.230,1,0,,,,17.zoning.txt,"by OCMC 17.49.220--17.49.230, and 17.50.080 as well as a",
or/clackamas/oregon-city,17.80.030--17.80.050,1,0,,,,17.zoning.txt,"facility that, pursuant to Sections 17.80.030--17.80.050,",
or/clackamas/oregon-city,18,1,0,,,,16.12.streets.txt,"of Oregon Structural Specialty Code, Title 18, any approved",
or/clackamas/oregon-city,227.175.10,1,0,,,,17.zoning.txt,"II decision, which shall be limited by ORS 227.175.10.b .",
or/clackamas/oregon-city,266.6.1,1,0,,,,16.12.streets.txt,266.6.1 Oregon City Supp. No. 46,
or/clackamas/oregon-city,3.20,1,0,,,,17.zoning.txt,charges under Chapter 3.20 .,
or/clackamas/oregon-city,402.146.3,1,0,,,,17.zoning.txt,402.146.3 Oregon City Supp . No. 40,
or/clackamas/oregon-city,402.16.1,1,0,,,,17.zoning.txt,402.16.1 Oregon City Supp. No. 44,
or/clackamas/oregon-city,402.16.10.3,1,0,,,,17.zoning.txt,402.16.10.3 Oregon City Supp. No. 46,
or/clackamas/oregon-city,402.16.12,1,0,,,,17.zoning.txt,Oregon City Supp. No . 42 402.16.12,
or/clackamas/oregon-city,402.16.13,1,0,,,,17.zoning.txt,402.16.13 Oregon City Supp . No . 42,
or/clackamas/oregon-city,402.16.15,1,0,,,,17.zoning.txt,402.16.15 Oregon City Supp. No. 42,
or/clackamas/oregon-city,402.16.17,1,0,,,,17.zoning.txt,402.16.17 Oregon Ci ty Supp. No. 42,
or/clackamas/oregon-city,402.16.20,1,0,,,,17.zoning.txt,Oregon City Supp. No. 41 402.16.20,
or/clackamas/oregon-city,402.16.20.1,1,0,,,,17.zoning.txt,402.16.20.1 Oregon City Supp. No. 41,
or/clackamas/oregon-city,402.16.23,1,0,,,,17.zoning.txt,402.16.23 Oregon City Supp. No. 40,
or/clackamas/oregon-city,402.16.24,1,0,,,,17.zoning.txt,Oregon City Supp. No. 40 402.16.24,
or/clackamas/oregon-city,402.16.25,1,0,,,,17.zoning.txt,402.16.25 Oregon City Supp. No. 40,
or/clackamas/oregon-city,402.16.26,1,0,,,,17.zoning.txt,Oregon City Supp. No. 40 402.16.26,
or/clackamas/oregon-city,402.16.28,1,0,,,,17.zoning.txt,Oregon City Supp. No. 40 402.16.28,
or/clackamas/oregon-city,402.16.29,1,0,,,,17.zoning.txt,402.16.29 Oregon City Supp. No. 40,
or/clackamas/oregon-city,402.16.3,1,0,,,,17.zoning.txt,402.16.3 Oregon City Supp. No. 44,
or/clackamas/oregon-city,402.16.30,1,0,,,,17.zoning.txt,Oregon City Supp. No. 40 402.16.30,
or/clackamas/oregon-city,402.16.31,1,0,,,,17.zoning.txt,402.16.31 Oregon City Supp. No. 40,
or/clackamas/oregon-city,402.16.34,1,0,,,,17.zoning.txt,Oregon City Supp. No . 40 402.16.34,
or/clackamas/oregon-city,402.16.36,1,0,,,,17.zoning.txt,Oregon City Supp . No. 40 402.16.36,
or/clackamas/oregon-city,402.16.37,1,0,,,,17.zoning.txt,402.16.37 Oregon City Supp. No. 40,
or/clackamas/oregon-city,402.16.38,1,0,,,,17.zoning.txt,Oregon City Supp. No. 40 402.16.38,
or/clackamas/oregon-city,402.16.4,1,0,,,,17.zoning.txt,Oregon City Supp. No. 44 402.16.4,
or/clackamas/oregon-city,402.16.40,1,0,,,,17.zoning.txt,Oregon City Supp. No. 40 402.16.40,
or/clackamas/oregon-city,402.16.41,1,0,,,,17.zoning.txt,402.16.41 Orego n City Supp. No. 40,
or/clackamas/oregon-city,402.16.43,1,0,,,,17.zoning.txt,402.16.43 Oregon City Supp . No. 40,
or/clackamas/oregon-city,402.16.44,1,0,,,,17.zoning.txt,Oregon City Supp. No. 40 402.16.44,
or/clackamas/oregon-city,402.16.5,1,0,,,,17.zoning.txt,402.16.5 Oregon City Supp. No. 44,
or/clackamas/oregon-city,402.16.7,1,0,,,,17.zoning.txt,402.16.7 Oregon City Supp. No. 44,
or/clackamas/oregon-city,402.182.2,1,0,,,,17.zoning.txt,Oregon City Supp . No. 41 402.182.2,
or/clackamas/oregon-city,402.186.1,1,0,,,,17.zoning.txt,402.186.1 Oregon City Supp. No. 44,
or/clackamas/oregon-city,402.186.2,1,0,,,,17.zoning.txt,Oregon City Supp. No . 44 402.186.2,
or/clackamas/oregon-city,402.196.1,1,0,,,,17.zoning.txt,402.196.1 Oregon City Supp . No. 44,
or/clackamas/oregon-city,402.20.1,1,0,,,,17.zoning.txt,402.20.1 Oregon City Supp . No. 49,
or/clackamas/oregon-city,402.202.1,1,0,,,,17.zoning.txt,402.202.1 Oregon City Supp. No. 39,
or/clackamas/oregon-city,402.42.4,1,0,,,,17.zoning.txt,Oregon City Supp. No. 43 402.42.4,
or/clackamas/oregon-city,402.42.6,1,0,,,,17.zoning.txt,Oregon City Supp. No. 43 402.42.6,
or/clackamas/oregon-city,402.48.1,1,0,,,,17.zoning.txt,402.48.1 Oregon City Supp. No. 49,
or/clackamas/oregon-city,402.48.2,1,0,,,,17.zoning.txt,Oregon City Supp. No. 49 402.48.2,
or/clackamas/oregon-city,402.8.1,1,0,,,,17.zoning.txt,402.8.1 Oregon City Supp. No. 48,
or/clackamas/oregon-city,416.16.21,1,0,,,,17.zoning.txt,416.16.21 Oreg on City Supp. No . 42,
or/clackamas/oregon-city,416.16.22,1,0,,,,17.zoning.txt,Oregon City Supp . No. 42 416.16.22,
or/clackamas/oregon-city,416.16.22.2,1,0,,,,17.zoning.txt,Oregon City Supp. No. 42 416.16.22.2,
or/clackamas/oregon-city,52,1,0,,,,17.zoning.txt,cle parking spaces as required in Chapter 52 of this title.,
or/clackamas/oregon-city,8.08,1,0,,,,17.zoning.txt,Code Chapter 8.08. The planning manager may grant a six­,
or/clackamas/oregon-city,8.08.040,1,0,,,,17.zoning.txt,8.08.040;,
or/clackamas/oregon-city,8.20,1,0,,,,17.zoning.txt,"of the Oregon City Municipal Code (including OCMC 8.20,",
or/clackamas/rivergrove,1D,1,0,,,,rldo.composite.txt,construction pursuant to the Uniform Building Code Section 1D4 (e); arid,
or/clackamas/rivergrove,5.2-4,1,0,,,,rldo.composite.txt,"May 7, 2001               - Section 9.030 (as well as Section 5.2-4(1)(iii) of Ordinance #52)",
or/clackamas/rivergrove,8.8170,1,0,,,,rldo.composite.txt,decision.  Notice of appeal shall be as set out in Section 8.8170.,
or/clackamas/tualatin,174,1,0,,,,31.definitions.txt,"statutory construction under ORS Chapter 174, as interpreted by Oregon courts, apply to the",
or/clackamas/tualatin,2-6,1,0,,,,72.natural-resource-overlay.txt,Tualatin Municipal Code Chapter 2-6 (System Development Charges) establishes a System,
or/clackamas/tualatin,3-5,1,0,,,,36.400-420.lot-dimensions.txt,"Quality Control Facilities identified by TDC Chapters 71, 72, and TMC Chapter 3-5 Surface",
or/clackamas/tualatin,31.111,1,0,,,,71.wetlands-protection.txt,of such stop-work order shall be subject to fine as provided herein pursuant to TDC 31.111.,
or/clackamas/tualatin,33,1,0,,,,72.natural-resource-overlay.txt,be processed in accordance with the provisions of Chapter 33. For variance applications alleging the,
or/clackamas/tualatin,34.010,1,0,,,,40-41.residential.txt,to TDC 34.010 to 34.030.,
or/clackamas/tualatin,34.020,1,0,,,,40-41.residential.txt,Facility subject to TDC 34.020 and TDC,
or/clackamas/tualatin,36.120,1,0,,,,36.400-420.lot-dimensions.txt,subdivision standards in TDC 36.120 and not the Housing Clear and Objective Standards in TDC,
or/clackamas/tualatin,38,1,0,,,,31.definitions.txt,Subdivision Sign. See Chapter 38 (Signs).,
or/clackamas/tualatin,39,1,0,,,,31.definitions.txt,Retail Commercial Use. See Chapter 39 (Use Categories).,
or/clackamas/tualatin,39.200,1,0,,,,31.definitions.txt,in Section 39.200 and Group Living in Section 39.210).,
or/clackamas/tualatin,39.210,1,0,,,,31.definitions.txt,in Section 39.200 and Group Living in Section 39.210).,
or/clackamas/tualatin,40.055,1,0,,,,72.natural-resource-overlay.txt,(2) Small lots may be allowed in subdivisions and partitions in accordance with TDC 40.055 (RL,
or/clackamas/tualatin,41.150,1,0,,,,72.natural-resource-overlay.txt,"(1) A shift of density may be allowed in accordance with TDC 41.150 (RML District), 42.150 (RMH",
or/clackamas/tualatin,50,1,0,,,,72.natural-resource-overlay.txt,"process as provided in Chapters 50, 51, 52, 55, 60, and 61.",
or/clackamas/tualatin,73,1,0,,,,72.natural-resource-overlay.txt,Chapter 73. The applicant must meet all landscaping requirements in this Code to the satisfaction of,
or/clackamas/tualatin,73A.010,1,0,,,,73A.020-060.residential-design.txt,TDC 73A.010 TUALATIN DEVELOPMENT CODE,
or/clackamas/tualatin,74,1,0,,,,36.400-420.lot-dimensions.txt,required by TDC Chapter 74;,
or/clackamas/tualatin,75,1,0,,,,36.400-420.lot-dimensions.txt,right-of-way in accordance with TDC 73C and TDC Chapter 75 via permanent access,
or/clackamas/west-linn,106,1,0,,,,25.willamette-historic.txt,A. Criteria for determination of demolition by neglect. Any action or inaction that results in one or more of the following conditions in a historic resource co,
or/clackamas/west-linn,27,1,0,,,,25.willamette-historic.txt,b. It is necessary to satisfy a requirement of the building code and/or floodplain regulations (Chapter 27 CDC).,
or/clackamas/west-linn,3.07,1,0,,,,02.definitions.txt,UGMFP    Urban Growth Management Functional Plan (Metro Code Chapter 3.07),
or/clackamas/west-linn,32.110,1,0,,,,46.parking.txt,"e. The requirements of this chapter relating to total parking lot landscaping, landscaping buffers, perimeter landscaping, and landscaping the parking lot islan",
or/clackamas/west-linn,34.030,1,0,,,,25.willamette-historic.txt,"d. The conversion of an existing structure is not required to meet the design standards in CDC 34.030, but it must conform to all applicable requirements of thi",
or/clackamas/west-linn,55.105,1,0,,,,05.density.txt,"e. Optionally, the applicant may subtract the following (as measured in CDC 55.105(C)(2)(a)):",
or/clackamas/west-linn,58.030,1,0,,,,25.willamette-historic.txt,"The Historic Resource Map, shown in Figure 1 below, identifies the Willamette Historic District, as shown on the Zoning Map; the Willamette Falls Drive Commerci",
or/clackamas/west-linn,85.170,1,0,,,,48.access.txt,"1. Traffic impact analysis requirements. A traffic analysis prepared by a qualified professional may be required to determine access, circulation and other tran",
or/clackamas/west-linn,92,1,0,,,,48.access.txt,"2. Street standards. Public and private streets shall also conform to Chapter 92 CDC, Required Improvements, and to any other applicable sections of the West Li",
or/clackamas/west-linn,98,1,0,,,,05.density.txt,C. Amendments to the City Zoning Map may be made in accordance with the provisions of Chapters 98 and 99 CDC. Copies of all map amendments shall be dated with t,
or/clackamas/west-linn,99.110,1,0,,,,02.definitions.txt,"Final action, final decision, or final order. A determination reduced to writing, signed and filed under CDC 99.110(F) by the appropriate approval authority.",
or/clackamas/west-linn,99.140,1,0,,,,43.sidewall.txt,The Planning Director shall apply the standards of this chapter during the administrative review of building permits. No notice is required. In the event that a,
or/clackamas/wilsonville,1.013,1,0,,,,4.planning.txt,"ordinance constitutes a violation punishable as a separate infraction under WC 1.013. In addition,",
or/clackamas/wilsonville,197,1,0,,,,4.planning.txt,"this Code and ORS Chapter 197 shall be processed without public hearing, and shall be",
or/clackamas/wilsonville,2.560,1,0,,,,4.planning.txt,"forth in Section 2.560 of the Wilsonville Code, or as otherwise amended by City Council action.",
or/clackamas/wilsonville,201.2.22,1,0,,,,pws.201.2.23.txt,requirements as specified in Section 201.2.22,
or/clackamas/wilsonville,340,1,0,,,,4.planning.txt,"Quality definition of water quality limited water body in OAR Chapter 340, Division",
or/clackamas/wilsonville,4.1.4,1,0,,,,4.planning.txt,"addressing substantial compliance with Implementation Measures 4.1.4.b, d, e, q, and",
or/clackamas/wilsonville,4.125.06,1,0,,,,4.planning.txt,"of a building, or portion thereof. In the Village Zone, see Section 4.125.06, Standards",
or/clackamas/wilsonville,4.125.09,1,0,,,,4.planning.txt,"driveways. See section 4.125.09, Street Improvement Standards.",
or/clackamas/wilsonville,4.125.15,1,0,,,,4.planning.txt,"• See Section 4.125.15, Pattern Book for projects in Villebois.",
or/clackamas/wilsonville,4.130,1,0,,,,4.planning.txt,the purposes and objectives of Sections 4.130 to 4.140 and is subject to the following criteria:,
or/clackamas/wilsonville,4.131.05,1,0,,,,4.planning.txt,"9. Those uses that are listed as typically permitted in Section 4.131.05(.03), as well as",
or/clackamas/wilsonville,4.134.10,1,0,,,,4.planning.txt,and adjustment criteria in Section 4.134.10.,
or/clackamas/wilsonville,4.150,1,0,,,,4.planning.txt,(.04) The General Regulations listed in Sections 4.150 through 4.199 shall apply to all zones unless the,
or/clackamas/wilsonville,4.155.03,1,0,,,,4.planning.txt,plant materials. The ten percent parking area landscaping required by section 4.155.03(B)(1) is,
or/clackamas/wilsonville,4.443,1,0,,,,4.planning.txt,Board. Section 4.443. Preliminary Consideration.,
or/clackamas/wilsonville,4.600.00,1,0,,,,4.planning.txt,"ments of Section 4.600.00, et seq. (Tree Preservation and Protection).",
or/clackamas/wilsonville,6.208,1,0,,,,4.planning.txt,"danger of falling, or presents a hazard as defined in WC 6.208, or is a nuisance as",
or/clackamas/wilsonville,6.230,1,0,,,,4.planning.txt,"abated as provided in Sections 6.230 to 6.244, 6.250, and 6.260 of the Wilsonville Code.",
or/clackamas/wilsonville,660-012-0045,1,0,,,,4.planning.txt,A. Purpose. The purpose of this section of the Code is to implement Section 660-012-0045,
or/clackamas/wilsonville,680,1,0,,,,4.planning.txt,E. Lighting in swimming pools and other water features governed by Article 680 of the National,
or/clackamas/wilsonville,8.010,1,0,,,,4.planning.txt,"(.09) When applicable, the applicant must comply with Wilsonville Code Section 8.010.",
or/clackamas/wilsonville,8.130,1,0,,,,4.planning.txt,Wilsonville Code Section 8.130 and are not subject to waiver review by the Development,
or/clackamas/wilsonville,92,1,0,,,,4.planning.txt,"(.01) Pursuant to ORS Chapter 92, plans and plats must be approved by the Planning Director or",
or/multnomah/_unincorporated,10,1,0,,,,39.cfu.txt,"Division 10) or surface water (OAR 690,",
or/multnomah/_unincorporated,16.60,1,0,,,,33.140.txt,the Renewable Fuel Standard (PCC Chapter 16.60 Motor Vehicle Fuels) is not,
or/multnomah/_unincorporated,17.107,1,0,,,,33.266.txt,2.                                                   Meet the objective standards of Title 17.107  as verified by the Portland Bureau of,
or/multnomah/_unincorporated,17.28.110,1,0,,,,33.266.txt,"areas for compliance with the curb cut and access restrictions of Section 17.28.110,",
or/multnomah/_unincorporated,17.38,1,0,,,,33.266.txt,"of Environmental Services. See Chapter 17.38, Drainage and Water Quality, and the City’s",
or/multnomah/_unincorporated,18,1,0,,,,39.cfu.txt,Division 18; and,
or/multnomah/_unincorporated,20,1,0,,,,39.cfu.txt,Division 20) and not from a Class 1 stream as,
or/multnomah/_unincorporated,23,1,0,,,,39.2000.definitions.txt,Chapter 23 of the Multnomah County,
or/multnomah/_unincorporated,29.20.010,1,0,,,,33.266.txt,"discarded vehicles is regulated by Section 29.20.010 of Title 29, Property and",
or/multnomah/_unincorporated,321.705,1,0,,,,39.muf.txt,"ORS Chapter 321.705, a Western",
or/multnomah/_unincorporated,33.120,1,0,,,,33.110.txt,zones in this chapter and the multi-dwelling zones in Chapter 33.120. The Residential Farm/Forest,
or/multnomah/_unincorporated,33.120.220,1,0,,,,33.110.txt,33.120.220.C.,
or/multnomah/_unincorporated,33.120.255,1,0,,,,33.110.txt,"standards of Section 33.120.255, Pedestrian Standards.",
or/multnomah/_unincorporated,33.203,1,0,,,,33.110.txt,"specific regulations in Chapters 33.203, 33.205, and 33.207 respectively.",
or/multnomah/_unincorporated,33.245.050,1,0,,,,33.140.txt,33.245.040 and 33.245.050. The amount of bonus floor area allowed is an,
or/multnomah/_unincorporated,33.262,1,0,,,,33.266.txt,5.                                                   The off-site impact standards of Chapter 33.262 are met.,
or/multnomah/_unincorporated,33.284,1,0,,,,33.140.txt,"Chapter 33.284, Self-                         Service Storage.",
or/multnomah/_unincorporated,33.293,1,0,,,,33.140.txt,"to the superblock standards of Chapter 33.293, Superblocks.",
or/multnomah/_unincorporated,33.614,1,0,,,,33.140.txt,Lot size regulations are in Chapters 33.614 and 33.615.,
or/multnomah/_unincorporated,33.810,1,0,,,,33.100.txt,"shown as open space.             See Chapter 33.810, Comprehensive Plan Amendments.",
or/multnomah/_unincorporated,33.815.040,1,0,,,,33.110.txt,Section 33.815.040 is exempt from the maximum transit street setback,
or/multnomah/_unincorporated,33.815.223,1,0,,,,33.140.txt,Section 33.815.223. All other Basic Utilities are allowed.,
or/multnomah/_unincorporated,33.910,1,0,,,,33.140.txt,basis. The truck categories are defined in Chapter 33.910.,
or/multnomah/_unincorporated,33.930.100,1,0,,,,33.110.txt,width for a cottage cluster is measured as lot width is measured. See 33.930.100.,
or/multnomah/_unincorporated,39.1600,1,0,,,,39.2000.definitions.txt,established under MCC 39.1600.,
or/multnomah/_unincorporated,39.3160,1,0,,,,39.uf-20.txt,"(A) Except as provided in MCC 39.3160(B),",
or/multnomah/_unincorporated,39.4037,1,0,,,,39.c-3.txt,in compliance with MCC 39.4037.,
or/multnomah/_unincorporated,39.4930,1,0,,,,39.mr-4.txt,subject to the provisions of MCC 39.4930.,
or/multnomah/_unincorporated,39.4955,1,0,,,,39.mr-4.txt,satisfy the approval criteria of MCC 39.4955.,
or/multnomah/_unincorporated,39.5000,1,0,,,,39.2000.definitions.txt,"(MCC 39.5000 – 39.5055) only, the term",
or/multnomah/_unincorporated,39.7330,1,0,,,,39.cfu.txt,39.7300 through MCC 39.7330.  For purposes of,
or/multnomah/_unincorporated,39.7575,1,0,,,,39.efu.txt,39.7550 through MCC 39.7575; and,
or/multnomah/_unincorporated,39.7765,1,0,,,,39.cfu.txt,through MCC 39.7765.,
or/multnomah/_unincorporated,39.8605,1,0,,,,39.mr-4.txt,approval criteria of MCC 39.8605 and the,
or/multnomah/_unincorporated,39.8875,1,0,,,,39.2000.definitions.txt,is defined in MCC 39.8875. Agri-tourism does,
or/multnomah/_unincorporated,39.9445,1,0,,,,39.urban-ldr-general.txt,street plan approved under MCC 39.9445,
or/multnomah/_unincorporated,39.9470,1,0,,,,39.urban-ldr-general.txt,"revisions thereof, under MCC 39.9470.",
or/multnomah/_unincorporated,504,1,0,,,,39.cfu.txt,Code Section 504 Class 1 Ignition,
or/multnomah/_unincorporated,504.5,1,0,,,,39.cfu.txt,in accordance with Section 504.5 of the,
or/multnomah/_unincorporated,504.6,1,0,,,,39.cfu.txt,accordance with Section 504.6 of that,
or/multnomah/_unincorporated,505,1,0,,,,39.cfu.txt,Wildland Interface Code Section 505,
or/multnomah/fairview,16,1,0,,,,19.106.txt,"A. Implementation of this chapter is in addition to, and shall be coordinated with, FMC Title 19, Development Code, and FMC Title 16, Environmental Regulations.",
or/multnomah/fairview,19.14,1,0,,,,19.105.txt,"2. Penalties for Noncompliance. No structure or land shall hereafter be constructed, located, extended, converted, or altered without full compliance with the t",
or/multnomah/fairview,19.20,1,0,,,,19.162.txt,"3. Special Provisions for All Streets. Direct street access may be restricted for some land uses, in conformance with the provisions of Chapters 19.20 through 1",
or/multnomah/fairview,19.30.130,1,0,,,,19.13.definitions.txt,“Multi-unit dwelling” means a building containing five or more dwelling units or five or more dwelling units in two or more buildings. Multi-unit dwellings are ,
or/multnomah/fairview,19.413.010,1,0,,,,19.106.txt,a. Planting vegetation shall be a Type I application (FMC 19.413.010).,
or/multnomah/fairview,19.413.020,1,0,,,,19.106.txt,"b. Placement of docks, rock buffers, pathways or other activities that may negatively impact the values and/or purposes of this section shall be a Type II appli",
or/multnomah/fairview,19.413.030,1,0,,,,19.106.txt,c. Alterations involving the installation and construction of applications with structures or other more intrusive activities shall be processed as a Type III a,
or/multnomah/fairview,19.415,1,0,,,,19.165.txt,E. City Inspection. Improvements shall be constructed under the inspection and to the satisfaction of the city. The city may require minor changes in typical se,
or/multnomah/fairview,19.420,1,0,,,,19.165.txt,"Easements for sewers, storm drainage and water quality facilities, water mains, electric lines or other public utilities shall be dedicated on a final plat, or ",
or/multnomah/fairview,19.430.150,1,0,,,,19.165.txt,"3. All required dedications of public use areas shall conform to FMC 19.430.150(D), Conditions of approval.",
or/multnomah/fairview,19.450,1,0,,,,19.30.txt,"1. Development Site Area. The maximum development site area shall be eight acres, except that this standard shall not apply to parks and open space uses. Larger",
or/multnomah/fairview,322.2.2,1,0,,,,19.105.txt,g. All additional higher standards for flood openings in the state of Oregon Residential Specialty Codes Section R322.2.2 shall be complied with when applicable,
or/multnomah/fairview,44,1,0,,,,19.105.txt,5. Requirement to Submit New Technical Data. A community’s base flood elevations may increase or decrease resulting from physical changes affecting flooding con,
or/multnomah/fairview,446,1,0,,,,19.13.definitions.txt,Manufactured Home Park. See ORS Chapter 446.,
or/multnomah/fairview,65.12,1,0,,,,19.105.txt,"ii. A community may permit encroachments within the adopted regulatory floodway that would result in an increase in base flood elevations; provided, that a cond",
or/multnomah/fairview,65.3,1,0,,,,19.105.txt,5. Requirement to Submit New Technical Data. A community’s base flood elevations may increase or decrease resulting from physical changes affecting flooding con,
or/multnomah/gresham,10.0430,1,0,,,,4.0400.corridor.txt,10.0420; conversion of a building from commercial use to residential use is permitted pursuant to Section 10.0430.,
or/multnomah/gresham,10.0500,1,0,,,,3.0100.definitions.txt,"Building Code.  The City of Gresham Building Code as adopted in the Gresham Revised Code, Article 10.0500.",
or/multnomah/gresham,10.1300,1,0,,,,4.0400.corridor.txt,1.                                  Temporary health hardship dwellings may be permitted per Section 10.1300.,
or/multnomah/gresham,10.1400,1,0,,,,3.0100.definitions.txt,"The following definitions apply to Section 10.1400          , Temporary, Intermittent,                              and Interim Uses.",
or/multnomah/gresham,10.313,1,0,,,,4.0300.industrial.txt,This section of the Community Development Code implements  Section 10.313 -                          Industrial Land Use within,
or/multnomah/gresham,106,1,0,,,,4.1100.downtown.txt,Interior  ’s Section 106 Standards.,
or/multnomah/gresham,11.0300,1,0,,,,9.0800.parking.txt,"1.                             The Type I Procedure, as described in Section 11.0300 - Administrative Decision -           of this code, shall",
or/multnomah/gresham,11.0502,1,0,,,,3.0100.definitions.txt,"11.0402, Section 11.0502, Section 11.0903                            and Section 11.1013 that is characterized by:",
or/multnomah/gresham,11.0903,1,0,,,,3.0100.definitions.txt,"11.0402, Section 11.0502, Section 11.0903                            and Section 11.1013 that is characterized by:",
or/multnomah/gresham,11.1013,1,0,,,,3.0100.definitions.txt,"11.0402, Section 11.0502, Section 11.0903                            and Section 11.1013 that is characterized by:",
or/multnomah/gresham,3.01,1,0,,,,3.0100.definitions.txt,See also Overlay District D          efinitions in Section 3.01           20 for specific applications of this term in those areas.,
or/multnomah/gresham,3.0204,1,0,,,,3.0100.definitions.txt,"which the premises exists. See also Section 3.0204         , Classifying a Use.",
or/multnomah/gresham,3.0220,1,0,,,,3.0100.definitions.txt,"Residential Facility.                        See Residential Facility Land Use Classification, Section 3.0220       .",
or/multnomah/gresham,3.0221,1,0,,,,3.0100.definitions.txt,"Residential Home. See Residential Home Land Use Classification, Section 3.0221.",
or/multnomah/gresham,3.0222,1,0,,,,3.0100.definitions.txt,levels. The income levels are specific to each section pertaining to affordable housing. s          ee Section 3.0222,
or/multnomah/gresham,3.07.340,1,0,,,,3.0100.definitions.txt,"Management Area maps consistent with the criteria in Title 3, section 3.07.340(e)  (3). Title 3 wetlands do not",
or/multnomah/gresham,302-304,1,0,,,,3.0100.definitions.txt,"Development, as set forth in 24 C.F.R. Chapter 1, Part 100, Sections 302-304.",
or/multnomah/gresham,36.3527,1,0,,,,4.1500.springwater.txt,would apply. Permitted uses are not required to meet approval criteria of West of Sandy Plan Section 36.3527.,
or/multnomah/gresham,4.1,1,0,,,,4.1100.downtown.txt,"23.                   For limitations on outdoor commercial activity, see Section 4.1132. For limitations on Drive-Through commercial uses, see Section 4.1     ",
or/multnomah/gresham,4.1230-4.1238,1,0,,,,4.1200.civic-neighborhood.txt,Development standards are provided in Section          4.1230-4.1238. Guidelines and Standards for developments subject,
or/multnomah/gresham,4.124,1,0,,,,4.1200.civic-neighborhood.txt,"For each street type in Section 4.124         2, the standards provide a list of possible features to include within the amenity",
or/multnomah/gresham,5.0214,1,0,,,,3.0100.definitions.txt,GIS-                                  supported application of the mapping protocols in Section 5.0214         .,
or/multnomah/gresham,5.75,1,0,,,,4.0300.industrial.txt,Gresham Revised Code Article 5.75 Well Field Protection.,
or/multnomah/gresham,6.0300,1,0,,,,4.1400.pleasant-valley.txt,(Section 6.0300).,
or/multnomah/gresham,6.0321,1,0,,,,4.0100.residential.txt,requirements in Standards Section 4.0130 or in the Variation to Development Standards of Section 6.0321,
or/multnomah/gresham,60.3,1,0,,,,3.0100.definitions.txt,render the structure in violation of the applicable non-elevation design requirements of 44 CFR Section 60.3.,
or/multnomah/gresham,7.0,1,0,,,,4.0400.corridor.txt,b.                                 Outside Triangle Area. See Section 7.0                              512.A.2                       Building Frontage and Place,
or/multnomah/gresham,7.0501-7.0512,1,0,,,,7.0500.rockwood-design.txt,B.                          Exceptions. Section 7.0501-7.0512                                                  do not apply to:,
or/multnomah/gresham,7.15.025,1,0,,,,3.0100.definitions.txt,Invasive Plant List (Gresham Revised Code 7.15.025).,
or/multnomah/gresham,8.0114,1,0,,,,4.0100.residential.txt,"4.    May have locational limitations, see Section 8.0114.",
or/multnomah/gresham,8.0117,1,0,,,,4.1400.pleasant-valley.txt,"Yes, except as provided in Section 8.0117(C)(3)",
or/multnomah/gresham,9.0303,1,0,,,,3.0100.definitions.txt,"Easement, Conservation. See Natural Resource and Watershed Easements, Section 9.0303        .",
or/multnomah/gresham,9.1013,1,0,,,,3.0100.definitions.txt,Trees in excess of the number that may be removed without a development permit under Section 9.1013               of,
or/multnomah/gresham,9.1032,1,0,,,,9.0800.parking.txt,can demonstrate there is a health or non -health reason for removal as listed in Section 9.1032(E)(6).,
or/multnomah/portland,0.5,1,0,,,,33.130.txt,Affordable Commercial Space                                                                  FAR                                    0.5 to 1                    ,
or/multnomah/portland,11.15.010,1,0,,,,11.50.txt,3 c. Payment in lieu of planting. The applicant may pay a fee to the Tree Planting and Preservation Fund per Section 11.15.010 equivalent to the cost of plantin,
or/multnomah/portland,11.70,1,0,,,,11.50.txt,"2 2. Any person who removes a tree under the provisions of this Section must, within seven days of such action, apply for a revision to the approved tree plan. ",
or/multnomah/portland,112,1,0,,,,33.910.definitions.txt,"Compensation and Liability Act (CERCLA) and Section 112(r) of the Clean Air Act, published",
or/multnomah/portland,16.60,1,0,,,,33.140.txt,the Renewable Fuel Standard (PCC Chapter 16.60 Motor Vehicle Fuels) is not,
or/multnomah/portland,17.107,1,0,,,,33.266.txt,2.                                                   Meet the objective standards of Title 17.107  as verified by the Portland Bureau of,
or/multnomah/portland,17.28.110,1,0,,,,33.266.txt,"areas for compliance with the curb cut and access restrictions of Section 17.28.110,",
or/multnomah/portland,17.38,1,0,,,,33.266.txt,"of Environmental Services. See Chapter 17.38, Drainage and Water Quality, and the City’s",
or/multnomah/portland,17.42,1,0,,,,33.910.definitions.txt,"City of Portland, Multnomah County, or the State of Oregon. See Title 17.42, Property Owner",
or/multnomah/portland,22,1,0,,,,11.50.txt,2 B. Nothing in this Section limits the authority of the City Administrator to initiate a proceeding in accordance with Portland City Code Chapter 3.30 Portland,
or/multnomah/portland,22.04.010,1,0,,,,11.50.txt,1 A determination issued as stated in Section 11.50.090 may be appealed by the property owner of the development site or that property owner’s representative to,
or/multnomah/portland,22.10,1,0,,,,11.50.txt,1 A determination issued as stated in Section 11.50.090 may be appealed by the property owner of the development site or that property owner’s representative to,
or/multnomah/portland,29.20.010,1,0,,,,33.266.txt,"discarded vehicles is regulated by Section 29.20.010 of Title 29, Property and",
or/multnomah/portland,3.30,1,0,,,,11.50.txt,2 B. Nothing in this Section limits the authority of the City Administrator to initiate a proceeding in accordance with Portland City Code Chapter 3.30 Portland,
or/multnomah/portland,3.96.060,1,0,,,,33.910.definitions.txt,"Life pursuant to City Code 3.96.060, and organizations participating in Civic Life          ’s Diversity and Civic",
or/multnomah/portland,33.203,1,0,,,,33.110.txt,"specific regulations in Chapters 33.203, 33.205, and 33.207 respectively.",
or/multnomah/portland,33.207,1,0,,,,33.120.txt,may require a conditional use review. See Chapter 33.207.,
or/multnomah/portland,33.229,1,0,,,,33.910.definitions.txt,"Disabled Person. For the purposes of Chapter 33.229, Elderly and Disabled High Density Housing, a",
or/multnomah/portland,33.248.030,1,0,,,,33.130.txt,"Section 33.248.030, Plant Materials. At least 50 percent of the ground area",
or/multnomah/portland,33.258.070,1,0,,,,11.50.txt,2 2. Exterior alterations to existing development when the alteration is subject to the requirements of Subsection 33.258.070 D.2. a.,
or/multnomah/portland,33.262,1,0,,,,33.266.txt,5.                                                   The off-site impact standards of Chapter 33.262 are met.,
or/multnomah/portland,33.470,1,0,,,,33.910.definitions.txt,"weighting applied to night time sound levels. The Ldn noise contours described in Chapter 33.470,",
or/multnomah/portland,33.510,1,0,,,,33.120.txt,Chapter 33.510. Any ground floor retail requirements that result from other,
or/multnomah/portland,33.612,1,0,,,,33.120.txt,"size standards listed in Chapter 33.612, Lots in Multi-         Dwelling Zones.",
or/multnomah/portland,33.654.150,1,0,,,,33.910.definitions.txt,"tract. Where allowed by Section 33.654.150, Ownership, Maintenance, and Public Use of Rights-Of-",
or/multnomah/portland,33.700.070,1,0,,,,33.910.definitions.txt,Information about the use of terms in the zoning code is contained in 33.700.070.D.,
or/multnomah/portland,33.810,1,0,,,,33.100.txt,"shown as open space.             See Chapter 33.810, Comprehensive Plan Amendments.",
or/multnomah/portland,33.815.040,1,0,,,,33.110.txt,Section 33.815.040 is exempt from the maximum transit street setback,
or/multnomah/portland,33.854,1,0,,,,33.130.txt,Review and Design Review (see Chapter 33.270 and Chapter 33.854).                                    The site must be at,
or/multnomah/portland,4.16.080,1,0,,,,33.910.definitions.txt,"through Friday, excluding holidays as identified in Section 4.16.080 of Title 4, Personnel.",
or/multnomah/portland,504,1,0,,,,33.910.definitions.txt,limits one or more major life activities as stated in Section 504 of the Federal Rehabilitation Act of,
or/multnomah/troutdale,10.015,1,0,,,,1.020.definitions.txt,Sign. Refer to Section 10.015 for all definitions for signs.,
or/multnomah/troutdale,14.020,1,0,,,,1.020.definitions.txt,Maps. The Floodplain Manager or designee is authorized through Section 14.020 to obtain the,
or/multnomah/troutdale,14.035,1,0,,,,1.020.definitions.txt,development in any Special Flood Hazard Area (100-year Floodplain). See Section 14.035 of this,
or/multnomah/troutdale,2.010,1,0,,,,3.zoning-districts.txt,of this Code or may refer the matter to Planning Commission as provided within Section 2.010 of this,
or/multnomah/troutdale,3.175,1,0,,,,3.zoning-districts.txt,regulated by Subsection 3.175(D) of this Code.,
or/multnomah/troutdale,38,1,0,,,,3.zoning-districts.txt,Chapters 38 and 39 of the Multnomah County Code and the official zoning district map for,
or/multnomah/troutdale,4.300,1,0,,,,1.020.definitions.txt,"have undertaken or are proposing development which is regulated by Sections 4.300, 5.600, 5.700,",
or/multnomah/troutdale,4.316,1,0,,,,1.020.definitions.txt,"designated in Sections 4.316, Width of Vegetation Corridor, and 4.317, Method for Determining",
or/multnomah/troutdale,4.500,1,0,,,,1.020.definitions.txt,"subject only to the regulations of Sections 4.500 (Flood Management Area), 5.600 (Erosion Control",
or/multnomah/troutdale,5.010,1,0,,,,3.zoning-districts.txt,g.     Structures in setback areas. See Section 5.010 of this Code.,
or/multnomah/troutdale,5.020,1,0,,,,3.zoning-districts.txt,f.      Projections into setbacks. See Section 5.020 of this Code.,
or/multnomah/troutdale,5.100,1,0,,,,9.parking.txt,Mobile food vendor                         See Section 5.100                    Food stands/food carts: N/A,
or/multnomah/troutdale,6.400,1,0,,,,3.zoning-districts.txt,may also require an applicant to file for a Director's Interpretation as provided within Section 6.400,
or/multnomah/troutdale,8.225,1,0,,,,3.zoning-districts.txt,"i.      Off-street parking, garages, and carports: See Section 8.225 of this Code.",
or/multnomah/troutdale,8.26,1,0,,,,9.parking.txt,"Municipal Code, Chapter 8.26.",
or/multnomah/troutdale,92,1,0,,,,1.020.definitions.txt,does not include any action statutorily excluded from the definition of partition. See ORS Chapter 92.,
or/multnomah/wood-village,235.455,1,0,,,,235.420.txt,E. Public Plazas. Public plazas are required as shown in Figure 235-1 subject to the provisions of Section 235.455.,
or/multnomah/wood-village,235.490,1,0,,,,235.420.txt,F. Modifications. The requirements of this section are subject to the modification provisions in Section 235.490(C)(3). (Ord. 3-2021 § 1 (Exh. A)),
or/multnomah/wood-village,620,1,0,,,,240.200.txt,"(a) Marijuana Facilities may be allowed, subject to a Conditional Use Permit pursuant to Article 620 of this Code, in the Light Manufacturing and General Manufa",
or/clackamas/_unincorporated,1000,1,1,other_building,quadplex_allowed,,zdo.315.txt,"3 Permitted uses are subject to the applicable provisions of Subsection 315.04, Dimensional and Building Design Standards; Section 1000, Development Standards; ","Development Standards, the other division heading, cited beside 1100 in a bare list -- ""Section 1000, Development Standards; and Section 1100, Development Review Process."" Also a 404 as a page. The two sections in it this pod is measured by are both stored and encoded: 1012, Lot Size and Density, and 1015, Parking and Loading. A container is not a chapter nobody read; it is the name of the shelf."
or/clackamas/_unincorporated,106,3,1,procedure,quadplex_allowed,,zdo.315.txt,"1 In the PMD District, uses similar to one or more of the listed uses for the PMD District may be authorized pursuant to Section 106, Authorizations of Similar ","Authorizations of Similar Uses, cited twice and both times for uses the table does NOT name: ""In the PMD District, uses similar to one or more of the listed uses for the PMD District may be authorized pursuant to Section 106"", and the same for the HDR, SHD and RCHDR Districts. Table 315-1 has a Quadplexes row, so this pod is a listed use and the similar-use path is not available to it or needed by it. The four districts named are also not ones it occupies."
or/clackamas/_unincorporated,1100,1,1,procedure,quadplex_allowed,,zdo.315.txt,"3 Permitted uses are subject to the applicable provisions of Subsection 315.04, Dimensional and Building Design Standards; Section 1000, Development Standards; ","Development Review Process, the second half of that same list. It is how an application is filed, noticed and decided -- Type I through Type IV -- and it states no dimension a building has to meet. A lot does not fail this screen because of it."
or/clackamas/_unincorporated,1204,5,2,other_path,max_density_du_per_acre quadplex_allowed,max_density_du_per_acre,zdo.1012.txt zdo.315.txt zdo.202.definitions.txt,"3 Except for middle housing land divisions approved pursuant to Section 1105, Subdivisions, Partitions, Replats, Middle Housing Land Divisions, Condominium Plat","Temporary Permits, cited by ZDO 315's one-dwelling-per-lot rule as an exception alongside Section 839, Accessory Dwelling Units. A temporary permit is not a path to a permanent four-unit building."
or/clackamas/_unincorporated,800,4,1,other_building,quadplex_allowed,,zdo.315.txt zdo.1012.txt,"1 If a minimum lot size for the conditional use is established by Section 800, Special Use Requirements, it remains applicable.","Special Use Requirements, and it is a division heading rather than a section: the county serves one page per section and /planning/zdo800 is a 404. Its own citing sentence is gated on a use this pod is not -- ""If a minimum lot size for the conditional use is established by Section 800, Special Use Requirements, it remains applicable"" -- and Table 315-1 marks every Quadplexes cell P7,8, permitted rather than conditional. What the division contains is already here: note 8 sends this building to Section 845, which is stored, and 845 carries the one minimum lot size that governs the pod anywhere in unincorporated Clackamas."
or/clackamas/_unincorporated,839,2,1,other_building,quadplex_allowed,,zdo.315.txt,"Accessory Dwelling Units, subject to Section 839","Accessory Dwelling Units, the section the ADU row of the use table points at: ""Accessory Dwelling Units, subject to Section 839"". A subordinate second unit on a lot with a house, and this screen places four attached primary ones. Its other mention is the same shape -- ""Except as allowed by Section 839, Accessory Dwelling Units, or Section 1204, Temporary Permits, each lot of record may be developed with only one of the following"" -- where 839 is named as an exception that ADDS a unit."
or/clackamas/_unincorporated,846,1,1,narrows_only,quadplex_allowed,,zdo.315.txt,"6 Dwellings not otherwise permitted in the applicable zoning district may nonetheless be permitted if they are developed as affordable housing, as defined in OR","Affordable Housing, and it points the opposite way from a standard: ""Dwellings not otherwise permitted in the applicable zoning district may nonetheless be permitted if they are developed as affordable housing, as defined in ORS 197A.445(1), and subject to Section 846."" Reading it could only admit lots this screen rejects on the use flag -- it cannot reject one it admits. That is the same reasoning applied to variances elsewhere in this corpus, and it holds a fortiori here because the permission is granted by statute rather than discretion."
or/clackamas/_unincorporated,847,3,1,other_building,quadplex_allowed,,zdo.315.txt zdo.202.definitions.txt,DWELLING: A building that contains one or more dwelling units. A dwelling may be a residential trailer or a manufactured dwelling but not a recreational vehicle,"Recreational Vehicles as Second Dwellings: ""P P P Recreational Vehicles as Second Dwellings, subject to Section 847"", and ""unless the vehicle is approved as a temporary dwelling pursuant to Section 1204, Temporary Permits, or as a second dwelling pursuant to Section 847"". A vehicle, and a second one at that. Not four attached factory-built units on a foundation."
or/clackamas/gladstone,17.18.020,1,1,other_building,quadplex_allowed,,17.12.r-5.txt,(7) Mixed-use development within Gladstone Town Center. Commercial uses permitted in the mixed-use development include those listed as permitted in the C-2 zoni,"The C-2 district''s permitted use list, reached from the mixed-use district: ""Commercial uses permitted in the mixed-use development include those listed as permitted in the C-2 zoning district, GMC Section 17.18.020."" It is cited to say which SHOPS may occupy the commercial half of a mixed-use building. The residential half is permitted by its own row, and this screen places a residential building on a lot of its own."
or/clackamas/gladstone,17.38,3,2,other_path,min_lot_sqft,min_lot_sqft,17.06.definitions.txt 17.10.r-7.2.txt 17.12.r-5.txt,“Residential planned unit development” means a residential (R) planned unit development as allowed under GMC Chapter 17.38 (Planned Unit Development) and is at ,"Planned Unit Development. Two of the three mentions open a zone's dimensional standards -- ""Except as provided in GMC Chapters 17.38 (Planned Unit Development), 17.72 (Variances) and 17.76 (Exceptions), the following dimensional standards shall apply"" -- so it stands in the same sentence as the setbacks and lot area this screen reads, which is why it ranked binding beside a minimum lot area. It is the exception clause, and every limb of it RELAXES: a PUD, a variance and an exception are three ways of being let off a standard. Reading it could admit lots this screen rejects and can never reject one it admits, which is `narrows_only` pointing the other way. 17.72 is already ruled here on that reasoning. The third mention settles it further: 17.06's definition of a residential PUD requires ""at least 80,000 square feet in any zoning district"", and anything smaller ""must be approved by Planning Commission per GMC 17.38.020"". A discretionary approval on a two-acre assembly is not a by-right screen."
or/clackamas/gladstone,17.50.020,1,0,other_building,,,17.48.parking.txt,(A) A pedestrian circulation system plan consistent with GMC Section 17.50.020.,"Pedestrian circulation, reached from 17.48.030(1)(i): a development with more than half an acre of new off-street surface parking must file a circulation plan, a tree canopy plan and a climate mitigation action. The pod's whole court is four stalls and their aisle, around two thousand square feet, so the threshold is an order of magnitude away from this building."
or/clackamas/gladstone,17.52.060,1,0,procedure,,,17.48.parking.txt,"(c) Signs. If the bicycle parking is not visible from the street or main building entrance, then a sign conforming to the city’s standards for on-site traffic c","On-site traffic control sign standards, reached from 17.48.050(2)(c): a bicycle parking area not visible from the street needs a sign conforming to them. A specification for a sign, and the bicycle standards it hangs off are themselves refused in `defaults` for want of a field."
or/clackamas/gladstone,17.54,3,1,narrows_only,parking_aisle_one_way_ft parking_aisle_two_way_ft parking_stall_depth_ft parking_stall_width_ft parking_street_setback_ft,parking_aisle_one_way_ft parking_aisle_two_way_ft parking_stall_depth_ft parking_stall_width_ft parking_street_setback_ft,17.10.r-7.2.txt 17.12.r-5.txt 17.48.parking.txt,"Accessory uses shall comply with all the requirements of this zoning district, except as this section allows to the contrary. All accessory structures shall be ","Clear Vision, reached from 17.48.040(1)(b): screening between a parking area and an abutting residential property ""shall not conflict with GMC Chapter 17.54"". A ceiling on how tall a hedge may be near a corner, which cannot take ground from a rear court -- the screen it qualifies is itself a fence or a hedge and this model gives it no width."
or/clackamas/gladstone,17.62.070,10,10,read,setback_street_side_ft setback_rear_ft setback_side_ft max_height_ft setback_front_ft max_density_du_per_acre max_units quadplex_allowed,setback_street_side_ft setback_rear_ft setback_side_ft max_height_ft setback_front_ft max_density_du_per_acre max_units,17.10.r-7.2.txt 17.12.r-5.txt,Setbacks for manufactured homes in a mobile home park are subject to the standards in GMC Section 17.62.070(4).,"Setbacks for manufactured homes in a mobile home park. One sentence, printed once in each dimensional table and spanned by rowspan over every setback row, which is why it counts ten times. The pod is factory-built and is neither a manufactured dwelling nor sited on a rented space in a park, so the standard is about somebody else's building and 17.62 is not fetched."
or/clackamas/gladstone,17.70,5,2,other_path,min_lot_sqft setback_front_ft setback_side_ft,min_lot_sqft setback_front_ft setback_side_ft,17.10.r-7.2.txt 17.12.r-5.txt 17.28.greenway.txt,"In an R-7.2 zoning district, the following uses and their accessory uses are allowed subject to GMC Chapter 17.70 (Conditional Uses):","Conditional Uses, and it is reached two ways rather than one. FOUR of the five mentions are the header of a zone's conditional list — ""the following uses and their accessory uses are allowed subject to GMC Chapter 17.70"" — and a fourplex is not on any of them. What is on the R-7.2 list is a ""multi-household dwelling, five- to eight-unit building on a collector or minor arterial"", beside churches, fire stations and nursing homes. Four units is one below the bottom of that range. That much has been true since this ruling was written and it stays true. The FIFTH mention arrived on 2026-09-03 with Chapter 17.28 and it is a different animal, so the old wording — ""every mention is the header of a zone's conditional list"" — was made false by a fetch and is corrected here rather than left to read as an absence claim. GMC 17.28.030: ""Intensification, change or development of uses allowed outright, accessory uses allowed or conditional uses allowed under the primary zoning district shall be allowed in a GW zoning district subject to GMC Section 17.28.040 ... and Chapter 17.70 (conditional uses)."" In the Willamette River Greenway district, in other words, this building's own outright permission becomes a conditional use, and 17.28.050(6) then sets its setback ""on a case-by-case basis"". That is discretionary, it would take those lots off the board the way Milwaukie's greenway does, and it is NOT screened — the state publishes the greenway boundary as a polyline and the city publishes no map of it at all, so there is no shape to kill from. Recorded as a stated gap in Lot Analysis/quadfit/config/overlays.yaml beside the two Gladstone overlays that could be built. Kept as other_path because fetching 17.70 cannot close it: no reading of a conditional-use chapter makes a case-by-case setback clear and objective. What would close it is geometry."
or/clackamas/gladstone,17.72,3,1,procedure,parking_max_per_unit parking_min_per_unit,parking_max_per_unit parking_min_per_unit,17.27.wq.txt 17.48.parking.txt,"(1) Applications for subdivisions, partitions, planned unit developments, conditional uses, variances under GMC Chapter 17.72 (variances), alterations, expansio","Variances, reached from 17.48.030(2)(e): an exception to a minimum or maximum parking ratio above 25 percent goes through this chapter, below it through the minor exception at 17.80.090. Both are ways of asking to be let off a standard this screen holds the applicant to, so neither can make a lot fit that does not. 17.27.020(6) added a second route on 2026-09-03 and it changes nothing: it lists a variance among the applications that carry water-quality review with them, which is a rule about which desk a variance lands on, not a standard this building has to meet."
or/clackamas/gladstone,17.80,1,0,procedure,,,17.48.parking.txt,"At the time of construction, enlargement, or change of use of any structure or development subject to GMC Chapter 17.80 (Design Review), except as provided in t","Design Review, named in the opening sentence of both 17.48.030 and 17.48.040. It is the process a development goes through, not a dimension it has to meet, and the reading of which developments those sections reach is recorded in `defaults` rather than settled by fetching a procedure chapter. Nothing in 17.80 could add a number to a stall."
or/clackamas/gladstone,17.80.090,1,1,procedure,parking_max_per_unit parking_min_per_unit,parking_max_per_unit parking_min_per_unit,17.48.parking.txt,(e) Exceptions to the minimum and maximum parking ratios may be granted pursuant to GMC Section 17.80.090 (Minor exception). Exceptions exceeding 25 percent of ,"Minor exception, the other half of 17.48.030(2)(e) and the only binding reference the parking chapter opened: an exception to a minimum or maximum parking ratio of 25 percent or less is granted through it, anything larger through the variance chapter. It stands beside the parking minimum and maximum because it can move both, and it moves them for an applicant who asks -- which is a thing a person does at a counter, not a thing a parcel is. A screen that granted itself exceptions would be reporting what could be argued for rather than what the code says."
or/clackamas/gladstone,17.94.060,1,0,other_path,,,17.48.parking.txt,(j) Conversion and redevelopment of underutilized parking areas for other uses is allowed. The city may allow the conversion of underused parking areas for uses,"Reached from 17.48.030(1)(j), the review path for converting an existing underused parking area to another use. It runs the other way from this screen, which places new buildings on lots rather than repurposing parking already built."
or/clackamas/gladstone,3.14,1,0,other_building,,,17.48.parking.txt,(m) Commercial parking lots shall be subject to the provisions of GMC Chapter 3.14.,"Commercial parking lots, reached from 17.48.030(1)(m). A lot operated as a parking business, which is a use, not a residential court serving the dwellings on its own lot."
or/clackamas/happy-valley,1012,1,1,preempted,max_density_du_per_acre min_density_du_per_acre min_lot_sqft setback_side_ft,max_density_du_per_acre min_density_du_per_acre min_lot_sqft setback_side_ft,16.22.residential.txt,"Each lot for an attached single-family (townhouse) dwelling in the SFA and VTH zones shall have a minimum size of 2,000 square feet and a maximum size of 3,000 ","Clackamas County ZDO Section 1012, Density and Minimum Lot Size, reached from HVMC 16.22's townhouse lot-size paragraph: ""Lots created for congregate care facilities, two- and three-family dwellings, or multifamily dwellings are not subject to minimum, maximum, or average lot size standards. However, the density provisions of Section 1012 are applicable."" A city citing a county section with no chapter prefix, which is not a mistake -- 16.22 says of the VTH district that it ""is based on the Village Townhouse District in the Clackamas County Zoning and Development Ordinance"", and the same chapter sends garages to ""Clackamas County ZDO Subsection 1604.06(F)"" and preexisting dwellings to ""the Clackamas County VR-4/5 setback standards"". Happy Valley annexed the districts and kept the county's numbering. The chapter was already in this store, filed under or/clackamas/_unincorporated, because the county layer reads it for its own land. The ledger could not see that and was right not to: a ""1012"" in a Portland document is not this section, and resolving section numbers across jurisdictions would invent references rather than find them. It took a person noticing that the neighbour holds the page. Both limbs are answered. The MAXIMUM density of 1012.05, applied to the VTH districts by 1012.06, is a density cap on middle housing and OAR 660-046-0220(2)(b) strikes it out -- the same preemption this corpus applies to every other maximum density it has read. The MINIMUM density of 1012.08 does not reach at all: it ""applies in the Urban Low Density Residential, HDR, MR-1, MR-2, PMD, RCHDR, SHD, and VA Districts"", and SFA, VTH and MUR-A are none of them. That second half is the one worth writing down, because this pipeline now routes a lot too big for its zone's density floor to REVIEW, and these zones have no floor to be short of. What remains in 1012 is subdivisions, partitions and replats -- a land division this screen does not draw. 1012.02(G) waives the minimum lot size for townhouses in the county's R and VR districts, and 16.22's own sentence waives it for lots CREATED for multifamily dwellings; neither reaches a fourplex built on a lot that already exists."
or/clackamas/happy-valley,16.44.050,7,4,other_building,quadplex_allowed,,16.22.residential.txt,Accessory dwelling units complying with Section 16.44.050,"Accessory dwelling units: ""As an accessory use, there may be the customary outbuildings and no more than one accessory dwelling unit, complying with the requirements of Section 16.44.050."" A subordinate second unit on a lot with a house. This screen places four attached primary units, and the chapter would at most permit a fifth."
or/clackamas/happy-valley,16.44.080,3,2,other_path,max_height_ft max_density_du_per_acre min_density_du_per_acre min_lot_sqft quadplex_allowed,max_height_ft max_density_du_per_acre min_density_du_per_acre min_lot_sqft,16.22.residential.txt,[2]     Neighborhood commercial uses subject to the provisions of Section 16.44.080.,"Neighborhood commercial uses. All three mentions are the same table note attached to a neighborhood commercial row of a residential zone's use table, which is why they land beside the dimensional standards printed above. This screen places a dwelling."
or/clackamas/happy-valley,16.50.080,3,1,procedure,min_landscaped_pct,min_landscaped_pct,16.63.land-divisions.txt 16.42.landscaping.txt,"Final public infrastructure inspection and authorization to submit building permits may occur prior to the landscaping requirements having been met, provided th","Landscaping bond and timing: ""final public infrastructure inspection and authorization to submit building permits may occur prior to the landscaping requirements having been met"", subject to security. It sets when the landscaping has to be in the ground, not how much of the lot it takes."
or/clackamas/happy-valley,16.61,5,3,other_path,max_height_ft min_lot_width_ft setback_side_ft setback_street_side_ft,max_height_ft min_lot_width_ft setback_side_ft setback_street_side_ft,16.22.residential.txt 16.12.definitions.txt 16.63.land-divisions.txt,An action or decision that requires substantial discretion or judgment in applying the standards or criteria of this Code to the facts of a development proposal,"Middle housing land divisions, and the sentence citing it is the parent-lot rule restated: ""If a duplex, triplex, fourplex, or cottage cluster has been divided by a middle housing land division, per LDC 16.61, the development standards that are applicable to the lot shall apply to the middle housing parent lot, not to the middle housing child lot."" That is what this layer already encodes as land_division_parent_standards, from these same table notes. The chapter behind it governs how the split is approved, which is a path no pod declares."
or/clackamas/happy-valley,16.62.020-1,1,1,other_building,parking_max_per_unit,parking_max_per_unit,16.43.parking.txt,"The provision of additional parking spaces is not required for housing type conversions (e.g., conversion of a single-family detached dwelling to triplex), per ","A relief for CONVERSIONS, reached from 16.43's parking chapter: ""The provision of additional parking spaces is not required for housing type conversions (e.g., conversion of a single-family detached dwelling to triplex), per LDC 16.62.020-1."" It ranked binding beside the maximum parking per unit because it sits in that table's notes, and it points the other way from a standard: it EXCUSES parking rather than requiring it. The building this screen places is new construction on a lot, not a house being cut into units, so the excuse is not available to it and its absence costs nothing. Worth being exact about what is not being claimed: this rules the REFERENCE, not LDC 16.62.020. That section is cited nowhere else in the corpus and nothing here has read it -- what is known is that 16.43's note points at its note 1 for a conversion relief, and a conversion is not what this screen places."
or/clackamas/happy-valley,16.65,1,1,narrows_only,max_density_du_per_acre min_density_du_per_acre,max_density_du_per_acre min_density_du_per_acre,16.63.land-divisions.txt,"Lot Size Averaging. Single-family residential lot size may be averaged to allow lots less than the minimum lot size in residential districts, as provided by Sec","Lot Size Averaging -- ""single-family residential lot size may be averaged to allow lots less than the minimum lot size in residential districts."" It lowers a minimum, so reading it could only admit lots this screen rejects on size. Chapter 16.65 is Master Planned Developments, which is also a discretionary path this screen does not take."
or/clackamas/happy-valley,16.69.010,2,1,other_building,max_density_du_per_acre min_density_du_per_acre,max_density_du_per_acre min_density_du_per_acre,16.22.residential.txt 16.63.land-divisions.txt,Temporary buildings for uses incidental to construction work subject to the provisions of Section 16.69.010—Such buildings shall be removed upon completion or a,"""Temporary buildings for uses incidental to construction work ... Such buildings shall be removed upon completion."" A construction trailer."
or/clackamas/happy-valley,16.69.020,7,1,other_building,quadplex_allowed,,16.22.residential.txt 16.12.definitions.txt,"A business activity that is carried out on the same site as a dwelling unit, and which is accessory to the residential use on the site, subject to the provision","Home occupations: ""A business activity that is carried out on the same site as a dwelling unit, and which is accessory to the residential use on the site."" A use conducted inside a dwelling somebody already lives in. It sets no dimension the building has to meet."
or/clackamas/lake-oswego,46A,4,2,read,max_density_du_per_acre quadplex_allowed,max_density_du_per_acre,50.04.dimensional.txt,[Cross-References: Height Limitation: see Charter Section 46A for 50 ft. Maximum Height of Structures in Residential Areas; Height Measure: see LOC § 50.04.003.,"The citing line states what the section holds: ""Height Limitation: see Charter Section 46A for 50 ft. Maximum Height of Structures in Residential Areas."" A city charter ceiling of 50 ft, quoted in four of the dimensional table's cross-reference blocks. The pod is 26 ft, and every Lake Oswego height standard already encoded caps lower than the charter does."
or/clackamas/lake-oswego,50.02.002.2,7,1,read,max_density_du_per_acre quadplex_allowed,max_density_du_per_acre,50.03.002.use-table.txt 50.04.dimensional.txt,"[3]     If lot has multiple zones, e.g., R-0/EC, see LOC § 50.02.002.2.e.","How a lot with two zonings is read: ""If lot has multiple zones, e.g., R-0/EC, see LOC 50.02.002.2.e"", footnote 3 under the use table, repeated in seven of its rows. It ranked binding because the footnote hangs off the row that says whether a fourplex is allowed, and that is exactly what a split zoning puts in doubt. It is ruled rather than fetched because this screen does not answer the question either way: quadfit carries a `split_zone` column and a lot with more than one zoning is taken out before it is measured, in every jurisdiction, on the ground that a screen cannot say which half a building lands on. So the section states how a city resolves a case this system declines. Lake Oswego is `eligible: false` besides, by the owner's decision, and its rows are carried here for reference only."
or/clackamas/lake-oswego,50.03.003.2,2,1,other_building,max_density_du_per_acre quadplex_allowed,max_density_du_per_acre,50.03.002.use-table.txt 50.04.dimensional.txt,"WLG zones: § 50.03.003.1.a; NC, GC, EC and CI zones: § 50.03.003.2","""Conditional Use Standards for Residential Uses - Group and Institutional Housing."" Both mentions are conditional-use cross-references printed under the R-2/R-6 dimensional block. Group and institutional housing is not a four-unit attached dwelling, and the companion reference beside it, 50.03.003.1.b, is the conditional list for those same zones."
or/clackamas/lake-oswego,50.04.003.10,2,2,narrows_only,max_density_du_per_acre quadplex_allowed,max_density_du_per_acre,50.04.dimensional.txt,"When subdivisions are proposed, the number of lots required shall be determined by dividing the net developable area by the minimum lot size per unit required i","""Exceptions to the Minimum Density Requirement for All Zones"", cited by the minimum-density sentence in the R-2/R-0 and R-5/R-6 blocks. It relieves a floor, and a floor relieved can only admit."
or/clackamas/lake-oswego,50.04.003.4,10,2,narrows_only,max_density_du_per_acre quadplex_allowed,max_density_du_per_acre,50.04.dimensional.txt,[Cross-References: Height Limitation: see Charter Section 46A for 50 ft. Maximum Height of Structures in Residential Areas; Height Measure: see LOC § 50.04.003.,"""General Exception to Structure Height Limitations"", cited in the same blocks as the charter reference and again in two table footnotes that call it ""maximum height exception"". A section granting exceptions to a height limit can only let a building stand taller than the table allows, so reading it could only admit lots this screen already rejects on height."
or/clackamas/milwaukie,19.903,5,2,procedure,quadplex_allowed,,19.300.base-zones.txt 19.400.overlays.txt 19.500.supplementary.txt,"Uses allowed, either allowed by right or conditionally, in the moderate density residential zones are listed in Table 19.301.2 below. Similar uses not listed in","A Director''s Determination: ""Similar uses not listed in the table may be allowed through a Director''s determination pursuant to Section 19.903."" The path exists for uses the table does not name, and the table names this one -- Milwaukie''s use table has a quadplex row. A determination cannot be needed for a use that is already listed."
or/clackamas/milwaukie,19.904.8,1,1,other_building,quadplex_allowed,,19.300.base-zones.txt,"Residential care facility Examples include: assisted living, nursing facilities, and memory care communities  CSU                                               ","""Specific Standards for Residential Care Facilities"" -- the row it qualifies reads ""assisted living, nursing facilities, and memory care communities"". A different use with its own licensing, not four dwelling units."
or/clackamas/milwaukie,19.910.1,5,2,other_building,quadplex_allowed,,19.300.base-zones.txt 19.500.supplementary.txt,Accessory dwelling unit                                                                                       P                                                 ,"Accessory Dwelling Units, the subsection the use table''s ADU row points at. A subordinate unit beside a house, not four attached primary ones."
or/clackamas/milwaukie,19.910.3,2,2,other_building,quadplex_allowed,,19.300.base-zones.txt,Manufactured dwelling park                                                                                    III                                               ,"Manufactured dwelling parks, the subsection that row of the use table points at. A different tenure and a different site plan."
or/clackamas/oregon-city,13.12,7,1,other_path,parking_aisle_one_way_ft parking_aisle_two_way_ft parking_stall_depth_ft parking_stall_width_ft,parking_aisle_one_way_ft parking_aisle_two_way_ft parking_stall_depth_ft parking_stall_width_ft,17.zoning.txt 16.12.streets.txt,"in accordance with the requirements of OCMC 13.12, 15.48,","Stormwater and grading. Seven mentions across Title 17 and every one is drainage: the design standards a parking surface drains to (17.52.030.C), stormwater quality and quantity treatment, the erosion control that goes with a grading permit. It is a public works engineering title, and the numbers in it are pipe and pond sizes rather than distances on a lot. A quadplex here is built to it and no lot fails this screen because of it -- the standard applies to the development, not to whether the development fits."
or/clackamas/oregon-city,16.08,1,1,misread,setback_rear_ft setback_street_side_ft,setback_rear_ft setback_street_side_ft,17.zoning.txt,to OCMC 16.08 . 065 .,"The same citation, read twice. Extraction spaces one of the two occurrences into ""OCMC 16.08 . 065"", which breaks the dotted form and leaves the abbreviation branch matching the chapter alone. Ruled with 16.08.065, which is where it points."
or/clackamas/oregon-city,16.08.065,1,1,narrows_only,setback_rear_ft setback_street_side_ft,setback_rear_ft setback_street_side_ft,17.zoning.txt,to OCMC 16.08.065.,"""For land divisions, lot sizes may be reduced pursuant to OCMC 16.08.065"", note 1 under two dimensional tables. It lowers a minimum and only in a land division, so reading it could only admit lots this screen already rejects."
or/clackamas/oregon-city,16.1,1,1,misread,parking_aisle_one_way_ft parking_aisle_two_way_ft parking_stall_depth_ft parking_stall_width_ft,parking_aisle_one_way_ft parking_aisle_two_way_ft parking_stall_depth_ft parking_stall_width_ft,17.zoning.txt,traffic safety and meet requirements of OCMC 16.1 2. 035.,"Not a chapter. 17.52.030.A sends parking access to ""OCMC 16.1 2. 035"" and extraction has put two spaces inside 16.12.035, which leaves the abbreviation branch matching ""16.1"" and the dotted branch matching nothing. Same shape as 16.08 above, and this one lands somewhere the store already holds: 16.12.035 Driveways is inside the 16.12.streets slice, its approach widths are encoded as `driveway_approach_min_width_ft` and `driveway_approach_max_width_ft`, and its spacing table is ruled NOT ENCODED in this file with reasons. Nothing to fetch and nothing left to read."
or/clackamas/tualatin,34.400,2,2,other_building,quadplex_allowed,,40-41.residential.txt,Retirement Housing Facility C Subject to TDC 34.400,"""Retirement Housing Facility C Subject to TDC 34.400"" -- a conditional use with its own chapter, and a different building from four dwelling units. The pod''s own row is named separately in 73C.030(1), which is what this layer''s parking geometry is read from."
or/clackamas/tualatin,35,4,2,other_path,max_density_du_per_acre,max_density_du_per_acre,31.definitions.txt 40-41.residential.txt,"Nonconforming Situations, Development, or Lots. See TDC Chapter 35 (Nonconforming Situations).",Nonconforming Situations. Every mention routes an existing situation that already fails the code into the chapter governing how it may continue. This screen places a new building on a lot that has to pass the standards as written.
or/clackamas/tualatin,73A.170,2,2,other_building,quadplex_allowed,,40-41.residential.txt,Accessory Dwelling Unit P Subject to TDC 73A.170.,"""Accessory Dwelling Unit P Subject to TDC 73A.170."" A subordinate unit beside a house."
or/clackamas/west-linn,28.040,1,1,read,max_density_du_per_acre,max_density_du_per_acre,02.definitions.txt,"Development. Any manmade change defined as the construction of buildings or other structures, mining, dredging, paving, filling, grading or site clearing, and g","An exemption inside the definition of Development: within the Willamette and Tualatin River Protection Areas the term also reaches change of use, grading and vegetation removal ""unless specifically exempted per CDC 28.040"". An exemption list can only narrow what counts as development, so reading it cannot add a standard to this building. What Chapter 28 states about building inside a protection area is a separate gap and a real one -- the areas are boundaries nothing here holds, which is why the river chapters are unencoded. This reference is not what would close it."
or/clackamas/west-linn,34,22,8,read,max_far quadplex_allowed,max_far,25.willamette-historic.txt 08.r-40.txt 09.r-20.txt 10.r-15.txt 11.r-10.txt 12.r-7.txt 13.r-5.txt 14.r-4.5.txt 15.r-3.txt 16.r-2.1.txt,"Accessory uses are allowed in this zone as provided by Chapter 34 CDC. (Ord. 1745 § 1 (Exh. A), 2023)","Accessory Structures, Accessory Dwelling Units, and Accessory Uses, and the twenty-two mentions are two sentences. Every zone chapter says ""Accessory uses are allowed in this zone as provided by Chapter 34 CDC"" and every zone chapter lists the chapter first among its related procedures. A quadplex is a primary use here -- ""c. Quadplex residential units"", a row under uses permitted outright in all nine chapters -- so nothing this screen places is an accessory anything, and the chapter is not fetched."
or/clackamas/west-linn,54.020,1,1,read,parking_aisle_one_way_ft parking_aisle_two_way_ft parking_stall_depth_ft parking_stall_width_ft,parking_aisle_one_way_ft parking_aisle_two_way_ft parking_stall_depth_ft parking_stall_width_ft,46.parking.txt,1. Tree canopy covering at least 40 percent of the new parking lot area at maturity but no more than 15 years after planting. Trees planted or preserved to meet,"Parking area landscaping, and it does not reach this building on two counts. The sentence is a CREDIT rather than a requirement -- ""Trees planted or preserved to meet parking area landscaping requirements in CDC 54.020 may count toward the tree canopy cover percentage"" -- so it lets one planting satisfy two standards and can only mean fewer trees, never more. And the subsection it sits in is gated: 46.150.F opens ""The following requirements apply to any new development that includes more than one-half acre of new off-street surface parking"". The pod's whole court is four stalls and their aisle, on the order of two thousand square feet, which is an order of magnitude under the threshold. It ranked binding because it sits eight lines below the angle-parking table this layer draws its stall and aisle from -- proximity, not content. What is NOT settled here is Chapter 54 itself: it may well ask a parking area for landscaping somewhere, and this reference is simply not where it says so."
or/clackamas/west-linn,58,3,1,read,max_building_width_ft setback_front_ft,max_building_width_ft setback_front_ft,02.definitions.txt 25.willamette-historic.txt,Design exception. A discretionary decision to permit modification of a design standard or an alternative to a standard within Chapter 58 CDC (Willamette Falls D,"Willamette Falls Drive Commercial Design District. Its one binding mention is the second sentence of CDC 25.070(C), which sends the buildings that subsection does not reach there: ""This subsection applies only to ... residential and historically residential properties in the Willamette Historic District. Other buildings are subject to the requirements in Chapter 58 CDC."" This pod is four dwellings, so it is the residential half of that sentence and Chapter 58 is the branch it does not take. Not fetched for that reason and not for the usual one -- if the catalog ever holds a ground-floor-commercial design, this becomes a real gap."
or/clackamas/west-linn,60.070,9,8,read,max_far,max_far,08.r-40.txt 09.r-20.txt 10.r-15.txt 11.r-10.txt 12.r-7.txt 13.r-5.txt 14.r-4.5.txt 15.r-3.txt 16.r-2.1.txt,"Except as may otherwise be established by this code, the appropriate lot or parcel size for a conditional use shall be determined by the approval authority at t","Conditional-use lot sizing: ""the appropriate lot or parcel size for a conditional use shall be determined by the approval authority at the time of consideration of the application"". Its eight binding mentions are the body of each chapter''s own section headed DIMENSIONAL REQUIREMENTS, CONDITIONAL USES. A quadplex is permitted outright in every one of these zones, so the conditional-use path is not the path this building takes and the section never reaches it."
or/clackamas/west-linn,60.090,10,2,read,min_lot_sqft,min_lot_sqft,02.definitions.txt 08.r-40.txt 09.r-20.txt 10.r-15.txt 11.r-10.txt 12.r-7.txt 13.r-5.txt 14.r-4.5.txt 15.r-3.txt 16.r-2.1.txt,"2. Transportation facilities (Type II) are those which are not designated in the adopted TSP or part of an approved, active development order. Type II transport","Type II transportation facilities -- ""those which are not designated in the adopted TSP or part of an approved, active development order ... allowed in all zoning districts subject to conditional use approval and the additional criteria of CDC 60.090"". A road, not a dwelling. Both binding mentions are inside Chapter 2''s definition of a transportation facility."
or/clackamas/west-linn,66,19,9,read,max_coverage_pct max_far max_height_ft,max_coverage_pct max_far max_height_ft,08.r-40.txt 09.r-20.txt 10.r-15.txt 11.r-10.txt 12.r-7.txt 13.r-5.txt 14.r-4.5.txt 15.r-3.txt 16.r-2.1.txt 02.definitions.txt,"Type I and II lands shall not be counted toward lot area when determining allowable floor area ratio, except that a minimum floor area ratio of 0.30 shall be al","Non-conforming Structures, and every one of the nineteen mentions is one of two sentences. Eight are the zone chapters' own list of related procedures (""2. Chapter 66 CDC, Non-conforming Structures""); the rest are the tail of the Type I and II lands sentence, which lets an existing house over the FAR be rebuilt to its prior dimensions after damage without a non-conforming structures permit. Neither reaches a new building on a lot, which is the only thing this screen places, so the chapter is not fetched."
or/clackamas/west-linn,75,13,5,read,quadplex_allowed,,08.r-40.txt 09.r-20.txt 10.r-15.txt 11.r-10.txt 12.r-7.txt 13.r-5.txt 14.r-4.5.txt 15.r-3.txt 16.r-2.1.txt 25.willamette-historic.txt 43.sidewall.txt 46.parking.txt 48.access.txt,"5. Chapter 75 CDC, Variance. (Ord. 1745 § 1 (Exh. A), 2023)","Variance. Every mention is an item in a zone chapter''s list of related procedures, beside Chapters 34, 44 and 66 -- declined relief rather than a standard. Relief is modelled in the score stage, not encoded here: a pod one foot over a setback is a lot with an application attached. Worth recording that the historic district removes even that. CDC 25.080(A): ""The provisions of Chapter 75 CDC, Variance, shall not apply to the standards in this chapter"", and what stands in its place is a discretionary modification turning on historical records."
or/multnomah/_unincorporated,0.7,1,1,misread,max_height_ft setback_front_ft setback_side_ft,max_height_ft setback_front_ft setback_side_ft,33.110.txt,- 3 total dwelling units [2]                                                                                 NA                            0.7 to 1             ,"A figure, not a section: ""0.7 to 1"" from the Maximum FAR row of Table 110-4. This layer holds Portland's Chapter 33.110 -- the file's own metadata records it came from portland.gov -- so Portland's table cells arrive here too."
or/multnomah/_unincorporated,004,4,3,misread,quadplex_allowed max_height_ft min_frontage_ft min_lot_sqft setback_front_ft setback_rear_ft setback_side_ft setback_street_side_ft,max_height_ft min_frontage_ft min_lot_sqft setback_front_ft setback_rear_ft setback_side_ft setback_street_side_ft,39.rural-residential.txt 39.mua-20.txt 39.or.txt,"660, Division 004;","""OAR 660, Division 004"" broken across the extraction, leaving the division number to match the abbreviation branch as a county section. State law is counted separately by state_law() and is not a dangling city chapter."
or/multnomah/_unincorporated,11,6,1,fee_in_lieu,coverage_curve,coverage_curve,33.100.txt 33.110.txt 33.140.txt,"preservation and protection requirements of Title 11, Trees.  See Chapter 11.50, Trees in","Title 11, Trees, arriving here the same way ""0.7"" does -- this layer holds Portland's Chapter 33.110, so Portland's cross-references come with it. Ruled with 11.50 below."
or/multnomah/_unincorporated,11.50,6,1,fee_in_lieu,coverage_curve,coverage_curve,33.100.txt 33.110.txt 33.140.txt,"preservation and protection requirements of Title 11, Trees.  See Chapter 11.50, Trees in","Trees in Development Situations. The ruling is Portland's, in or/multnomah/portland.yaml, and it is not being borrowed by analogy: 11.50.050 A and 11.50.040 A.1 each apply the chapter to ""sites within the city AND the County Urban Pocket Areas"" by name, which is exactly the 1,489 Portland-administered pockets this layer screens. Same answer -- preservation and density both discharge in cash, so the chapter costs money and not buildable ground."
or/multnomah/_unincorporated,29.014,1,0,procedure,,,39.parking.txt,"under MCC 29.014, or a Performance Bond in","Certificate of Occupancy, from 39.6530(A): the parking has to be built before one issues, or a performance bond filed instead. A sequencing rule for a permit, not a standard the ground has to meet."
or/multnomah/_unincorporated,33.205,3,1,other_building,quadplex_allowed,,33.110.txt,(See Chapter 33.205)                                                               Yes                                  Yes                                   Ye,"Accessory Dwelling Units. Same sentence and same answer as in the Portland layer: an ADU is a second subordinate unit beside a house, and this screen places four attached primary ones."
or/multnomah/_unincorporated,33.236,2,2,other_building,quadplex_allowed,,33.110.txt 33.140.txt,(See Chapter 33.236)                                                               Yes                                  Yes                                   Ye,"Floating Structures, cited for houseboat moorages in the I zones. Not a lot, not this building, and not a zone the pod is permitted in."
or/multnomah/_unincorporated,33.251,2,1,other_building,quadplex_allowed,,33.110.txt 33.266.txt,(See Chapter 33.251)                                                               Yes                                  Yes                                   Ye,"""Parking for manufactured dwelling parks is regulated in Chapter 33.251."" A manufactured dwelling park is a different tenure and a different site plan -- spaces rented within one parcel -- and its parking chapter is reached only from that row of the use table."
or/multnomah/_unincorporated,33.285,3,1,other_building,quadplex_allowed,,33.140.txt 33.110.txt,"Short term, mass, and outdoor shelters are regulated                          by Chapter 33.285, Short Term,","Short Term, Mass, and Outdoor Shelters. A different use category from Household Living."
or/multnomah/_unincorporated,33.700.060,7,1,procedure,quadplex_allowed,,33.140.txt 33.110.txt 33.266.txt,the requirements of 33.700.060. The covenant must ensure that the affordable,"Covenant requirements, cited wherever Title 33 asks an owner to record one. Procedure, and no distance in it."
or/multnomah/_unincorporated,34,6,1,misread,quadplex_allowed,,39.cfu.txt 39.efu.txt 39.mua-20.txt 39.oci.txt 39.or.txt 39.rural-residential.txt,"described in OAR 660 Division 34,","Not an MCC section. Every mention is ""OAR 660 Division 34"" or ""OAR Division 34 State and Local Park Planning"", cited in the State Park and rural trail rows of the resource zones'' use lists. The reference detector reads the bare ""34"" out of ""Division 34""; the chapter it would point at in this code is Chapter 34 of the county code, which is not the zoning code at all. Nothing to fetch."
or/multnomah/_unincorporated,39.3090,2,1,narrows_only,min_lot_sqft,min_lot_sqft,39.rural-residential.txt,"(A) Except as provided in MCC 39.3090,","The same Lots of Record exception in the rural residential zones, against a five-acre minimum. Reading it could only admit lots this screen already rejects, never reject one it admits."
or/multnomah/_unincorporated,39.3120,4,1,narrows_only,max_height_ft min_frontage_ft min_lot_sqft setback_front_ft setback_rear_ft setback_side_ft setback_street_side_ft,max_height_ft min_frontage_ft min_lot_sqft setback_front_ft setback_rear_ft setback_side_ft setback_street_side_ft,39.oci.txt 39.or.txt,"(A) Except as provided in MCC 39.3120,","The same Lots of Record exception in the OCI zone: ""Except as provided in MCC 39.3120, 39.4682, and 39.4685, the minimum lot size shall be one acre."" An exception that lets a smaller existing lot qualify cannot make the one-acre figure larger."
or/multnomah/_unincorporated,39.3140,5,4,narrows_only,min_lot_sqft min_frontage_ft quadplex_allowed,min_lot_sqft min_frontage_ft,39.lr-10.txt 39.lr-5.txt 39.lr-7.txt 39.mr-4.txt 39.urban-ldr-general.txt,(A) Except as provided in MCC 39.3140(B),"""Except as provided in MCC 39.3140(B) and 39.4782(A) and (B), the minimum lot size of a single family detached dwelling shall be 10,000 square feet."" 39.3140(B) is the Lots of Record definition -- an exception letting an undersized existing lot be built on. It can only lower the minimum this screen already applies, so leaving it unread keeps the stricter test."
or/multnomah/_unincorporated,39.6780,1,1,other_path,parking_street_setback_ft,parking_street_setback_ft,39.parking.txt,shall also meet MCC 39.6780.,"Signs. 39.6575 is one sentence long -- ""Signs, pursuant to the provisions of this subpart shall also meet MCC 39.6780"" -- and a sign is not a thing this pod places. It is here because the sentence stands inside the parking chapter and would otherwise read as an unfetched qualifier on a parking standard."
or/multnomah/_unincorporated,39.8610,2,1,other_building,quadplex_allowed,,39.mr-4.txt 39.pd.txt,development standards of MCC 39.8610;,"Mobile home park development standards: ""A mobile home park subject to the approval criteria of MCC 39.8605 and the development standards of MCC 39.8610."" A different tenure and a different site plan from four attached townhomes on one lot, and reached only from that row."
or/multnomah/_unincorporated,39.8860,12,2,other_building,quadplex_allowed,,39.cfu.txt 39.efu.txt 39.mua-20.txt 39.oci.txt 39.or.txt 39.rural-residential.txt,(5) Compliance with MCC 39.8860 is,"Condition of Approval -- Accessory Buildings, cited from the review-use approval criteria as a flat ""Compliance with MCC 39.8860 is required"" a dozen times over, which is what put it beside the use permission. Read: it requires the owner to record a covenant ""that the structure cannot be occupied as a dwelling or for any other form of permanent or temporary residential use"", and it applies ""prior to issuance of any development permit involving an Accessory Building"". This pod is the primary building and its four units are dwellings, which is the opposite of what the covenant is for."
or/multnomah/_unincorporated,39.8870,1,1,other_building,quadplex_allowed,,39.efu.txt,(F) A Farm Stands subject to MCC 39.8870,"Farm Stands, cited as ""A Farm Stands subject to MCC 39.8870 through MCC 39.8885"" out of the resource zones'' use lists. A different structure and a different zone."
or/multnomah/_unincorporated,39.8885,1,1,other_building,quadplex_allowed,,39.efu.txt,through MCC 39.8885.,"The far end of the same farm stand citation, matched separately because it is written as a range. Ruled with 39.8870 above."
or/multnomah/_unincorporated,39.8900,1,1,other_building,quadplex_allowed,,39.efu.txt,"ORS 215.452, and subject to MCC 39.8900 –","A winery ""as described and regulated in ORS 215.452, and subject to MCC 39.8900 - 39.8920"", out of the same resource-zone use list. Not a dwelling."
or/multnomah/_unincorporated,39.9200,9,2,procedure,quadplex_allowed,,39.cfu.txt 39.efu.txt 39.lr-10.txt 39.lr-5.txt 39.lr-7.txt 39.mua-20.txt 39.oci.txt 39.or.txt 39.rural-residential.txt,pursuant to MCC 39.9200.,"Consolidation of Parcels and Lots, listed as a permitted action in most zones. It is the procedure for MERGING lots, so its only effect on this screen would be to hand a proposal more land than it started with. It cannot take ground away, and no lot fails for want of it."
or/multnomah/_unincorporated,39.9610,1,1,other_building,max_coverage_pct max_height_ft min_lot_width_ft setback_front_ft setback_rear_ft setback_side_ft setback_street_side_ft,max_coverage_pct max_height_ft min_lot_width_ft setback_front_ft setback_rear_ft setback_side_ft setback_street_side_ft,39.mr-4.txt,as required under MCC 39.9610.,"""The minimum yard and other setbacks for a mobile home park shall be as required under MCC 39.9610."" One sentence under the MR-4 yard table, which is why it stands beside four encoded standards. A mobile home park is not the building this screen places."
or/multnomah/fairview,16.85.050,1,1,other_path,max_height_ft,max_height_ft,19.65.txt,"1. New land divisions and developments with more than one building, which are subject to site design review, shall be configured to provide an alley or interior","A figure reference, and a stranded one. FMC 19.65.040 requires that ""new land divisions and developments with more than one building, which are subject to site design review, shall be configured to provide an alley or interior parking court, as shown in Figure 16.85.050(B)"", then caps blocks at 200 feet. The standard reaches a land division or a multi-building site and this screen draws one building on one existing lot, so it never fires. Worth noting that the figure number is a Title 16 number printed inside Title 19: Fairview''s code has no Chapter 16.85, and the citation appears to have been carried over from the model code the section was adapted from. Nothing to fetch -- there is nothing there to fetch."
or/multnomah/fairview,19.170,4,3,other_path,quadplex_allowed max_coverage_pct max_density_du_per_acre max_height_ft min_density_du_per_acre min_lot_sqft parking_aisle_one_way_ft parking_aisle_two_way_ft parking_max_per_unit parking_stall_depth_ft parking_stall_width_ft setback_front_ft setback_rear_ft setback_side_ft,max_coverage_pct max_density_du_per_acre max_height_ft min_density_du_per_acre min_lot_sqft parking_aisle_one_way_ft parking_aisle_two_way_ft parking_max_per_unit parking_stall_depth_ft parking_stall_width_ft setback_front_ft setback_rear_ft setback_side_ft,19.110.txt 19.120.txt 19.125.txt 19.164.txt,1. All signs located in Fairview Village shall be in conformance with sign regulations in Chapter 19.170 FMC.,"Signs, and both mentions are the same list entry in a use chapter: ""H. Signs - see Chapter 19.170 FMC."" It counts as binding because that list is printed a few lines under the dimensional table its zone was read from. This screen places no sign."
or/multnomah/fairview,19.200,2,2,other_path,quadplex_allowed,,19.120.txt 19.125.txt,F. Family day care providers and residential homes – see Chapter 19.200 FMC.,"Family day care providers and residential homes, cited from one list entry in the permitted uses of the Village townhouse and Village apartment zones: ""Family day care providers and residential homes - see Chapter 19.200 FMC."" Both are state-protected uses that occupy a dwelling somebody has already built. This screen asks whether the dwelling can be built."
or/multnomah/fairview,19.245,11,3,other_path,quadplex_allowed max_coverage_pct max_density_du_per_acre max_height_ft min_lot_sqft setback_front_ft setback_rear_ft setback_side_ft,max_coverage_pct max_density_du_per_acre max_height_ft min_lot_sqft setback_front_ft setback_rear_ft setback_side_ft,19.65.txt 19.70.txt 19.85.txt 19.13.definitions.txt 19.135.txt 19.80.txt,"“Wireless communication equipment” includes cell towers, antennas, monopoles, and related facilities used for radio signal transmission and receiving (see Chapt","Wireless communication equipment -- antennas and monopoles, two rows of the use tables and one paragraph of 19.65 permitting them. Eleven mentions, none of them about a dwelling."
or/multnomah/fairview,19.420.020,1,1,procedure,min_landscaped_pct,min_landscaped_pct,19.163.txt,B. Landscaping Plan Required. A landscape plan is required at the time of design review or other pertinent applications. All landscape plans shall conform to th,"Landscape plan contents. FMC 19.163.030 B requires a landscape plan ""at the time of design review or other pertinent applications"" and says all such plans ""shall conform to the requirements in FMC 19.420.020 (E), Landscape plans"". It stands beside the minimum landscaped percentage this layer encodes, which is why it ranks, but what it governs is what has to be ON the drawing, not how much of the lot has to be planted. The percentage itself is read from 19.163 and 19.145.070 and is already encoded."
or/multnomah/fairview,19.480,7,5,procedure,quadplex_allowed max_coverage_pct max_density_du_per_acre max_height_ft min_lot_sqft setback_front_ft setback_rear_ft setback_side_ft,max_coverage_pct max_density_du_per_acre max_height_ft min_lot_sqft setback_front_ft setback_rear_ft setback_side_ft,19.135.txt 19.163.txt 19.30.txt 19.65.txt 19.70.txt 19.80.txt 19.85.txt,a. Uses similar to those listed above                                                                                                                           ,"Reached only from the last row of Fairview's use tables -- ""Uses similar to those listed above ... Determination made following procedures in Chapter 19.480 FMC."" It is the similar-use determination process, and a process states no dimension. Whether a quadplex is a listed use in a given zone is read from the table itself and recorded per zone."
or/multnomah/fairview,19.490,9,2,other_building,quadplex_allowed,,19.30.txt 19.120.txt 19.125.txt,G. Home occupations – see Chapter 19.490 FMC.,"Home occupations, and the chapter that ""19.490.200"" above is a section of. Nine mentions and every one of them is the same list entry printed under a zone''s permitted uses -- ""G. Home occupations - see Chapter 19.490 FMC"" in 19.120 and 19.125, and ""Subject to standards in Chapter 19.490 FMC, Miscellaneous Permits (Temporary Uses, Home Occupations, Others)"" repeated down the use tables of 19.30. It counts as binding because those lists print a few lines under the tables the zone''s dimensions are read from. Nobody is running a business out of this pod."
or/multnomah/fairview,19.490.200,2,2,other_building,max_height_ft quadplex_allowed,max_height_ft,19.30.txt 19.65.txt,"1. Permitted Uses. Manufactured homes, prefabricated homes, manufactured home park manager’s office, home occupations, and accessory structures which are necess","Home occupation permits, reached from the permitted-use list for a manufactured home park: ""Home occupations shall comply with FMC 19.490.200."" The pod is not a manufactured home park and nobody is running a business out of it."
or/multnomah/fairview,19.490.400,3,2,other_building,quadplex_allowed,,19.65.txt,j. Food cart pods                                                                                                                                               ,"A section of the same miscellaneous-permits chapter, reached from the temporary-use rows of the Town Center use table. A pod is neither temporary nor a use somebody sets up for a season."
or/multnomah/fairview,19.520,2,2,procedure,max_height_ft,max_height_ft,19.65.txt,"C. Variances. Variances will be made in accordance with Chapter 19.520 FMC. The standard may be varied to address topographic or other physical constraints, in ","Variances. Both mentions are the same sentence offering a Class B or C variance where topography or another physical constraint makes a standard hard to meet. A route to being let off a standard is not a standard, and a screen that assumed the variance would be granted would be guessing at a decision nobody has made."
or/multnomah/fairview,19.520.030,3,2,procedure,driveway_approach_max_width_ft driveway_approach_min_width_ft parking_aisle_one_way_ft parking_aisle_two_way_ft parking_stall_depth_ft parking_stall_width_ft,driveway_approach_max_width_ft driveway_approach_min_width_ft parking_aisle_one_way_ft parking_aisle_two_way_ft parking_stall_depth_ft parking_stall_width_ft,19.162.txt 19.164.txt 19.165.txt,4. A variance to street spacing standards may be granted pursuant to FMC 19.520.030 (Class B variances) when resources are present that are mapped on the Natura,"The same variance chapter as ""19.520"" above, cited one level deeper. FMC 19.162.030(4) offers ""a variance to street spacing standards ... pursuant to FMC 19.520.030 (Class B variances) when resources are present that are mapped on the Natural Resource map"". It ranks as binding because it sits beside the driveway approach widths this screen draws to, and it is still a route to being let off a standard rather than a standard. A screen that assumed the variance would be granted would be guessing at a decision nobody has made -- and this one is a Class B, decided by a person on findings."
or/multnomah/fairview,19.530,1,1,other_path,max_density_du_per_acre min_density_du_per_acre,max_density_du_per_acre min_density_du_per_acre,19.13.definitions.txt,"“Nonconforming use/nonconforming development” means a land use/structure that exists which would not be permitted by the regulations imposed by the code, but wa","Nonconforming uses and development, cited once from the definition of the term. This screen asks whether a new building conforms, so the chapter governing ones that already do not is a branch it never takes."
or/multnomah/fairview,197,1,1,other_path,max_height_ft,max_height_ft,19.30.txt,"A. Manufactured Home Park. Manufactured home parks are permitted on parcels of one acre or larger within the manufactured home park (MH) district, subject to co","ORS Chapter 197, the state land use statutes, and both mentions are branches this pod never takes: 19.165.025 D makes a building moratorium ""conform to the criteria and procedures contained in ORS 197.505 to 197.520"", and 19.30 cites ORS 197.314 and 197.493 for manufactured homes and manufactured home parks. Not to be confused with ORS 197A.400, the clear-and-objective housing standard this project does rely on elsewhere; that one is argued in the layers it applies to and is not what these two sentences reach."
or/multnomah/fairview,92,5,0,other_path,,,19.13.definitions.txt,“Lot” means a lot is a unit of land that is created by a subdivision of land (See ORS Chapter 92). A lot or parcel under the same ownership.,"ORS Chapter 92, the land division statutes, cited from the definition of ""lot"" in 19.13 -- ""a unit of land that is created by a subdivision of land (See ORS Chapter 92)"" -- and from the definition of a middle housing land division. This screen places a pod on a lot that already exists and draws no new lot line, so the chapter that governs creating them is a branch it never takes."
or/multnomah/gresham,10.0420,9,3,other_building,quadplex_allowed min_frontage_ft,min_frontage_ft,4.1100.downtown.txt 4.1200.civic-neighborhood.txt 4.1400.pleasant-valley.txt 4.1500.springwater.txt 7.0500.rockwood-design.txt,•    Conversion of a hotel or motel to an emergency shelter or aﬀordable housing under Section 10.0420,"""Conversion of a hotel or motel to an emergency shelter or affordable housing under Section 10.0420."" Every mention is that conversion, and Gresham's affordable housing chapter 10.1700 is already held. A hotel converted is not a new four-unit building on a vacant lot."
or/multnomah/gresham,10.1520,5,3,narrows_only,min_frontage_ft min_lot_width_ft min_lot_depth_ft min_lot_sqft setback_rear_ft,min_frontage_ft min_lot_width_ft min_lot_depth_ft min_lot_sqft setback_rear_ft,4.0100.residential.txt 4.0400.corridor.txt 4.1100.downtown.txt 4.1400.pleasant-valley.txt,with Section 10.1520                                            of the Community Development Code.,"Reduction in Minimum Street Frontage, and both mentions ask for one: a Type II Adjustment in the flag lot standards, and a note letting LDR-7, LDR-5, TR and TLDR approve less frontage than the table states. It is a discretionary route to a smaller number than the one already screened against, and a screen that assumed the reduction would be granted would be guessing at a decision nobody has made."
or/multnomah/gresham,6.0001,1,1,other_path,min_frontage_ft min_lot_sqft setback_front_max_ft,min_frontage_ft min_lot_sqft setback_front_max_ft,4.0400.corridor.txt,"for the townhouses as required in Section 6.0001, and design review approval                                                                                    ","""All developments that include townhouses shall receive both land division approval to create lots for the townhouses as required in Section 6.0001, and design review approval as required in Section 7.0001."" Article 6 is land division, and creating a lot per townhouse is the split plat -- a path no pod in the catalog declares. Fetch it the day one does, with 6.0500."
or/multnomah/gresham,6.0500,3,1,other_path,min_lot_sqft,min_lot_sqft,4.0100.residential.txt 3.0100.definitions.txt,with Section 6.0500.,"Middle housing land division. Both mentions treat it as the procedure that turns one parent lot into child lots -- a flag lot driveway may serve two lots, ""the parent lot or parcel of a middle housing land division (per Section 6.0500) shall be considered one lot"". This screen places the pod on the lot as it stands; the split plat is a path no pod in the catalog declares. Fetch it the day one does."
or/multnomah/gresham,7.000,1,1,misread,max_far max_height_ft min_frontage_ft,max_far max_height_ft min_frontage_ft,4.1400.pleasant-valley.txt,2. Section 7.000 Rear Roof Height Limit Reductions,"The same shape, losing a digit instead of gaining a space. Pleasant Valley's height modifications row reads ""Section 7.000 Rear Roof Height Limit Reductions"", and the Rear Roof Height Limit is 7.0420(G) in the middle housing design chapter this corpus holds and reads: 21 feet at the rear setback line, rising a foot per foot of distance from the rear property line. Three-digit section numbers do not exist in this code."
or/multnomah/gresham,7.0001,1,1,procedure,min_frontage_ft min_lot_sqft setback_front_max_ft,min_frontage_ft min_lot_sqft setback_front_max_ft,4.0400.corridor.txt,"for the townhouses as required in Section 6.0001, and design review approval                                                                                    ","The design review requirement from the same sentence. It is the applicability section for Article 7 -- which development needs review -- and the standards that review applies to this building are in 7.0400, fetched and encoded. A requirement to be reviewed states no dimension."
or/multnomah/gresham,7.01,2,2,misread,min_lot_sqft setback_front_max_ft setback_rear_ft,min_lot_sqft setback_front_max_ft setback_rear_ft,4.0400.corridor.txt,exceeded when enhanced pedestrian spaces    and amenities are provided per Section 7.01        12.A.5.S1                       and S2.,"Not a section. ""per Section 7.01 12.A.5.S1 and S2"" is 7.0112 with a space dropped into it by extraction, and Gresham writes four digits after the point everywhere else in the code. Ruled with 7.0112, which is where it points."
or/multnomah/gresham,7.0100,9,1,other_building,min_density_du_per_acre min_frontage_ft min_lot_sqft,min_density_du_per_acre min_frontage_ft min_lot_sqft,4.0400.corridor.txt 10.1700.affordable.txt 4.1100.downtown.txt 4.1200.civic-neighborhood.txt 4.1400.pleasant-valley.txt,Multi-Family or Residential                                           Not in a Design District                                         Section 7.0100 Corridor D,"Corridor Design District standards, and the corridor chapter splits the work itself, twice: ""Design standards in Section 7.0400 for duplexes, triplexes, quadplexes, and townhouses, and in Section 7.0100 for new construction and remodels which meet the thresholds described in Section 7.0003."" 7.0400 is fetched and is where this pod's design standards were read. 7.0100 takes the commercial and mixed-use buildings on the same street."
or/multnomah/gresham,7.0112,10,2,other_building,max_density_du_per_acre min_density_du_per_acre min_lot_sqft setback_front_max_ft setback_rear_ft setback_side_ft,max_density_du_per_acre min_density_du_per_acre min_lot_sqft setback_front_max_ft setback_rear_ft setback_side_ft,4.1400.pleasant-valley.txt 4.0400.corridor.txt 4.1500.springwater.txt 4.0100.residential.txt 7.0400.middle-housing-design.txt,Residential Design Standards. The Corridor Design District standards in Section 7.0112          shall apply to new,"The same split stated a third time, in Pleasant Valley. Table 4.1415A routes ""Single Detached, Duplex, Triplex, Quadplex, Townhouse, Cottage Cluster"" to 7.0400 and gives 7.0112 to ""All Other Uses"", and note 7 spells out which: ""new multi-family, elderly housing, residential facilities, mixed-use, and non-residential development"". A quadplex is on the first list and multi-family here means five or more."
or/multnomah/gresham,7.0221,1,1,other_building,setback_rear_ft,setback_rear_ft,7.0400.middle-housing-design.txt,G.                      See Section 7.0221                        - 7.0223 for additional requirements.,"""See Section 7.0221 - 7.0223 for additional requirements"", the last line of 7.0400's manufactured dwelling park subsection. The six numbered standards above it are skirting, wheels and hitch mechanisms, and fire hydrants inside the park. This pod is factory-built and is not a manufactured dwelling sited on a rented space, so the whole subsection is about somebody else's building and the sections it points at are too."
or/multnomah/gresham,7.05,2,1,misread,min_frontage_ft,min_frontage_ft,4.0400.corridor.txt,a.                                   Triangle Area. For lands in the Triangle Area as described in Section 7.05         10                                      ,"Section 7.0510 with a line break inside the number -- the sample reads ""as described in Section 7.05 10"". Gresham's Rockwood Design District chapter is held as 7.0500.rockwood-design.txt, so the whole 7.05xx range is in the store."
or/multnomah/gresham,8.0100,2,2,other_building,quadplex_allowed,,4.1100.downtown.txt 4.1200.civic-neighborhood.txt,Table 4.1120 and as provided in Section 8.0100           Special Use Review.,"Special Use Review, cited by the sentence that introduces two use tables: ""permitted as indicated in Table 4.1120 and as provided in Section 8.0100 - Special Use Review"", and the same for Table 4.1220(A). The chapter governs the rows those tables mark SUR. Table 4.1120''s Quadplex row reads P in DRL-1 and DRL-2 and NP elsewhere; the SUR marks in that column belong to Elderly Housing. The pod is permitted outright where it is permitted at all, so the special-use path is not on its row. (or/multnomah/gresham/4.1100.downtown.txt#L239)"
or/multnomah/gresham,8.0200,7,2,other_path,quadplex_allowed,,4.1100.downtown.txt 4.1200.civic-neighborhood.txt 7.0500.rockwood-design.txt,"existence, subject to provisions of                             Section 8.0200 Existing and Non-Conforming Uses and Development.                          Specia","Existing and Non-Conforming Uses and Development -- ""may continue in existence, subject to provisions of Section 8.0200"", ""and be altered, subject to provisions of Section 8.0200"". Every mention is about a use or a structure that was lawful when it was built and would not be permitted today. This screen places new construction under current standards, which is the case the chapter exists to distinguish itself from."
or/multnomah/gresham,9.08514,1,1,misread,parking_min_per_unit,parking_min_per_unit,4.0400.corridor.txt,"Street Parking                                 residential4, 5; all                               for residential4, 5;                                 residenti","A parking table cell, not a section. Table 9.0851 prints footnote markers directly against the row labels -- ""residential4, 5"" -- and the extraction runs the table number into the marker."
or/multnomah/gresham,9.0901,1,1,narrows_only,setback_rear_ft,setback_rear_ft,7.0400.middle-housing-design.txt,no greater than 18 inches. See Section 9.0901(B)                                                          .,"Reached from one sentence in the rear roof height limit: ""Solar energy collection equipment may project beyond maximum rear roof height no greater than 18 inches. See Section 9.0901(B)."" A list of what may stand above a height limit can only let a building be taller, never shorter, so not reading it screens the pod against the stricter number."
or/multnomah/portland,0.7,1,1,misread,max_height_ft setback_front_ft setback_side_ft,max_height_ft setback_front_ft setback_side_ft,33.110.txt,- 3 total dwelling units [2]                                                                                 NA                            0.7 to 1             ,"Same shape one chapter over. Table 110-4 prints ""0.7 to 1"" in the R20 and R10 columns of the four-or-more-dwelling-units Maximum FAR row."
or/multnomah/portland,3.75,1,1,misread,max_coverage_pct max_far max_height_ft min_landscaped_pct setback_front_ft setback_front_max_ft setback_rear_ft setback_side_ft,max_coverage_pct max_far max_height_ft min_landscaped_pct setback_front_ft setback_front_max_ft setback_rear_ft setback_side_ft,33.150.txt,Maximum FAR with Inclusionary Housing Bonus [1]                                                                                                                 ,"Not a reference. Table 150-1 in 33.150 prints ""3.75 to 1"" in the CI2 column of the Maximum FAR with Inclusionary Housing Bonus row; the dotted-number branch reads the figure as a section."
or/multnomah/portland,33.205,5,1,other_building,quadplex_allowed,,33.110.txt 33.120.txt,(See Chapter 33.205)                                                               Yes                                  Yes                                   Ye,"Accessory Dwelling Units, cited from the use tables as ""Detached accessory dwelling units are addressed in Chapter 33.205"" and ""Additional regulations for accessory dwelling units are stated in Chapter 33.205"". An ADU is a second, subordinate unit on a lot with a house. This screen places four attached primary units, so the chapter regulates a building that is not here. It could only ever add a fifth unit to a lot, which is not what is being asked."
or/multnomah/portland,33.236,3,3,other_building,quadplex_allowed,,33.110.txt 33.120.txt 33.140.txt,(See Chapter 33.236)                                                               Yes                                  Yes                                   Ye,"Floating Structures: ""houseboat moorages in I zones are regulated by Chapter 33.236, Floating Structures."" A moorage is not a lot and a houseboat is not a factory-built townhome, and the zones it is cited in are industrial ones where the pod is not permitted anyway."
or/multnomah/portland,33.251,4,4,other_building,quadplex_allowed driveway_min_width_one_way_ft driveway_min_width_two_way_ft parking_front_prohibited parking_stall_depth_ft parking_stall_width_ft,driveway_min_width_one_way_ft driveway_min_width_two_way_ft parking_stall_depth_ft parking_stall_width_ft,33.120.txt 33.110.txt 33.266.txt,(See Chapter 33.251)                                                               Yes                                  Yes                                   Ye,"Manufactured Dwellings and Manufactured Dwelling Parks. All four mentions are the ""(See Chapter 33.251)"" line printed under those two rows of the 33.120 use tables, which is why they land beside the parking geometry read from the same page. The pod is factory-built and is neither a manufactured dwelling nor sited in a park."
or/multnomah/portland,33.270,6,1,other_path,max_density_du_per_acre max_far min_density_du_per_acre,max_density_du_per_acre max_far min_density_du_per_acre,33.110.txt 33.120.txt 33.130.txt,"Attached Duplex                                                                    Only in Planned Developments, See Chapter 33.270.","Planned Developments. Both mentions are Table 110-2 rows -- ""Attached Duplex"" and ""Multi-dwelling Development"" -- reading ""Only in Planned Developments, See Chapter 33.270."" Neither row is the pod's. The Fourplex row on the same table says Yes in R20 and R10 with no planned development, and that is the row this screen reads."
or/multnomah/portland,33.285,8,1,other_building,quadplex_allowed,,33.120.txt 33.140.txt 33.150.txt 33.110.txt 33.130.txt,"Short term, mass, and outdoor shelters are regulated                          by Chapter 33.285, Short Term,","Short Term, Mass, and Outdoor Shelters -- ""Short term, mass, and outdoor shelters are regulated by Chapter 33.285"". A different use category from Household Living, with its own chapter and, in most zones, a conditional use. The pod is four dwelling units."
or/multnomah/portland,33.700.060,15,1,procedure,quadplex_allowed,,33.120.txt 33.140.txt 33.130.txt 33.110.txt 33.150.txt 33.266.txt,the requirements of 33.700.060. The covenant must ensure that the affordable,"The requirements a recorded covenant has to meet, cited wherever Title 33 asks for one: density transfers, structures left standing after a land division or lot confirmation. It sets what the document says and how it is recorded with the deed, not what may be built. No distance in it."
or/multnomah/troutdale,11,3,1,narrows_only,parking_aisle_one_way_ft parking_aisle_two_way_ft parking_stall_depth_ft parking_stall_width_ft,parking_aisle_one_way_ft parking_aisle_two_way_ft parking_stall_depth_ft parking_stall_width_ft,9.parking.txt,"specified in Chapter 11, Landscaping and Screening, of this Code.","Landscaping and Screening, reached from 9.055(C): ""Parking area setbacks shall be landscaped with major trees, shrubs, and groundcover as specified in Chapter 11."" The reference is about what GROWS in the band, not how wide the band is -- 9.095(D) sets the width, by borrowing the building setback, and it is encoded. The one landscape standard that could have taken area away from this building is void by name: 8.120.B.1.b makes ""maximum lot coverage, minimum landscape area, or minimum open space standards"" invalid for triplexes and quadplexes. So the chapter can only govern planting inside ground the pod already gives up, and reading it could not move a lot."
or/multnomah/troutdale,46,1,1,preempted,parking_max_per_unit parking_min_per_unit,parking_max_per_unit parking_min_per_unit,9.parking.txt,Division 46.,"Not a Troutdale chapter. The mention is the preamble to Table 1 -- ""ADU standards are per OAR Division 46"" -- pointing at the state middle-housing rule, which this corpus already holds at `or/oar.660-046-0010.txt`, `-0020` and `-0220` in the state layer. Two reasons it closes: the sentence is about accessory dwelling units, and the division it names is the same one whose parking bands Table 1 copies and whose cap already sits over this layer as `preempts: cap`."
or/multnomah/troutdale,5.030,1,1,narrows_only,max_height_ft,max_height_ft,3.zoning-districts.txt,3.     Exceptions to the building height limit are listed in Section 5.030 of this Code.,"""Exceptions to the building height limit are listed in Section 5.030 of this Code"", printed under a zone's height standard. Exceptions to a height limit can only permit a taller building."
or/multnomah/troutdale,6.300,5,5,other_building,quadplex_allowed,,3.zoning-districts.txt,B.     Uses that require conditional use approval in accordance with Section 6.300 of this Code are,"Conditional uses: ""Uses that require conditional use approval in accordance with Section 6.300 of this Code are..."" -- the sentence that introduces the C column of each district''s use list. Troutdale''s Quadplex row reads P in five of its six residential districts and N in the sixth, with its own standards at 8.120. The pod is never on a C row, so the chapter does not reach it. (or/multnomah/troutdale/3.zoning-districts.txt#L232)"
or/multnomah/wood-village,220.400,5,3,read,quadplex_allowed max_coverage_pct max_height_ft min_density_du_per_acre min_lot_depth_ft min_lot_sqft min_lot_width_ft setback_front_ft setback_garage_entrance_ft setback_rear_ft setback_side_ft,max_coverage_pct max_height_ft min_density_du_per_acre min_lot_depth_ft min_lot_sqft min_lot_width_ft setback_front_ft setback_garage_entrance_ft setback_rear_ft setback_side_ft,210.310.txt 210.375.txt 220.310.txt 220.320.txt 220.355.txt,*See Section 220.400 for additional standards and requirements on cottage housing.,"Cottage housing. Its mentions are the asterisk under Table 210-2 and the same reference in Table 220-2, both hanging off the Cottage Housing row. Cottage housing is a separate housing type in those tables from ""Attached or Detached Tri- or Quadplex"", which carries a bare Y."
or/multnomah/wood-village,230.350,1,1,read,max_height_ft min_landscaped_pct min_lot_depth_ft min_lot_sqft min_lot_width_ft setback_front_ft setback_front_max_ft setback_rear_ft setback_side_ft,max_height_ft min_landscaped_pct min_lot_depth_ft min_lot_sqft min_lot_width_ft setback_front_ft setback_front_max_ft setback_rear_ft setback_side_ft,230.310.txt,(See Sections 230.350 and 330),"The other half of the same sentence's table. It is the parenthetical under the Landscape Buffer rows of Table 230-2 -- ""(See Sections 230.350 and 330)"" -- and Table 230-2 is the development standards table for NC, the neighborhood commercial zone. This screen does not place the pod there: Table 230-1 reads CU for the residential row and 230.315.A.1 then allows residential only as part of a mixed use development, so `quadplex_allowed` is false at base in NC and quadfit's rules.yaml carries no NC entry at all. A landscape buffer in a zone the building cannot occupy cannot bind it. Two cautions kept on the record rather than resolved. The reference may also be one of this code's stale pointers -- footnote (5) on the same table sends a reader to ""Section 350 - Landscaping and Screening"" and after Ord. 2-2022 Section 350 is Parking and landscaping is 330, which is the trap already written up under ""300"" -- and woodvillage.municipal.codes answers 403 to a direct request for either 230.350 or 230.330, so a 404 was never available to prove the section gone. Neither caution changes the ruling: the zone is the reason, not the section number."
or/multnomah/wood-village,235.275,1,0,read,,,720.030.definitions.txt,"LARGE SCALE RETAIL. For purposes of the Community Retail requirement of Section 235.275, “large scale retail uses” are those single retail uses containing 60,00","The Community Retail requirement of the Town Center, reached through the definition of LARGE SCALE RETAIL: ""single retail uses containing 60,000 or more square feet of gross leasable area"". A commercial standard about a use this screen does not place."
or/multnomah/wood-village,300,14,8,read,quadplex_allowed max_coverage_pct max_height_ft min_density_du_per_acre min_lot_depth_ft min_lot_sqft min_lot_width_ft setback_front_ft setback_garage_entrance_ft setback_rear_ft setback_side_ft setback_street_side_ft,max_coverage_pct max_height_ft min_density_du_per_acre min_lot_depth_ft min_lot_sqft min_lot_width_ft setback_front_ft setback_garage_entrance_ft setback_rear_ft setback_side_ft setback_street_side_ft,230.200.txt 235.200.txt 240.200.txt 250.200.txt 260.200.txt 210.310.txt 210.320.txt 220.310.txt 220.320.txt,Housing types are flexible but limited in the light residential zones in order to maintain and enhance the overall character of less dense neighborhoods compare,"Additional Use and Development Regulations, and the fourteen mentions are one sentence repeated in every use table in the city: ""Additional regulations are listed in Section 300."" It is a container rather than a chapter -- eleven subsections, 310 through 395 -- so the reference cannot be ruled on without reading what is in it. Read 2026-08-20. Two subsections reach this building. 350, Parking and Loading, is fetched and its Table 350-1A is now this layer''s parking default -- and note that this ruling said only that for ten days, which is the Gladstone mistake exactly: a chapter closed on the QUANTITY of parking while its geometry sat unread three articles away. 350.030, 350.055 and 350.065 were stored 2026-08-30 and Table 350-3 is now this layer''s stall and aisle. 390, solid waste and recyclables storage, is fetched and does not reach it: 390.020 applies ""to new multi-unit residential buildings containing five or more units"", and this is four. The other nine are other use types or other procedures -- home occupations, group living, essential service providers, landscaping (330, reached only through the five-or-more-unit table), manufactured homes, mobile food units, the planned development district, signs and temporary uses. Worth recording that the code''s own pointers went stale in the renumbering. WVDC 230.310 footnote (5) reads ""See Section 350 - Landscaping and Screening"", and after Ord. 2-2022 Section 350 is Parking and Loading while landscaping is 330. The footnote names the right subject and the wrong number, which is exactly the shape of reference that sends a reader to the wrong chapter and looks settled when they get there."
or/multnomah/wood-village,31,1,1,other_building,parking_aisle_one_way_ft parking_aisle_two_way_ft parking_stall_depth_ft parking_stall_width_ft,parking_aisle_one_way_ft parking_aisle_two_way_ft parking_stall_depth_ft parking_stall_width_ft,350.065.all-other-uses.txt,"(3) Disabled Parking. Where required by this Code, Chapter 31 of the Uniform Building Code or the Americans With Disabilities Act, disabled parking spaces must ","Chapter 31 of the Uniform Building Code, cited by WVDC 350.065(D)(3): ""Where required by this Code, Chapter 31 of the Uniform Building Code or the Americans With Disabilities Act, disabled parking spaces must meet the dimension standards stated in Table 350-3."" Both halves are now decided and neither requires anything of this building. The WVDC half supplies dimensions for a requirement stated somewhere else, and no row of Table 350-1A asks Household Living for an accessible space. The building-code half was parked from 2026-08 until 2026-09-03 and is now closed against the code itself. Oregon's current book is the 2025 Structural Specialty Code (IBC 2024 base, mandatory 2026-04-01), and its chain is explicit. OSSC 1106.3 requires accessible parking in Groups R-2, R-3 and R-4 only where the building is ""required to have Accessible, Type A or Type B dwelling units."" OSSC 1108.6.2.2.2 makes every unit of a four-or-more-unit structure a Type B unit, subject to the reductions in 1108.7. OSSC 1108.7.2 then says a multistory dwelling unit not provided with elevator service is not required to be a Type B unit. Every unit of this pod is two storeys and there is no elevator, so no unit is required to be Type B, so 1106.3 never fires and the building owes zero accessible spaces. Table 350-3's Disabled row (13 ft against the standard 9) therefore never applies, and would have been superseded anyway -- ORS 447.233 and the federal standard put a lone accessible space at van-accessible width, 9 ft plus an 8 ft aisle. Closed as other_building rather than preempted: the requirement is real and reaches buildings with elevator service or with ground-storey units, just not this one. It reopens if the product ever becomes single-storey flats, because OSSC 1108.7.1 keeps the ground storey of a non-elevator building on the Type B hook. Full reasoning, the city-by-city read, and the sources are in docs/HUMAN_TODO.md item 4."
or/multnomah/wood-village,330,3,1,read,min_density_du_per_acre,min_density_du_per_acre,220.320.txt 350.030.general-regulations.txt 350.065.all-other-uses.txt,"(2)Percent site area. See Section 330, Landscaping and Screening, for landscape standards.","Landscaping and Screening. Its one binding mention is footnote (2) to Table 220-4, and Table 220-4 is headed ""Development Standards for Multi-Dwelling Structures in the MR2 Zone"" -- five units and up. A quadplex takes Table 220-3, which has no landscaping row. Not fetched for that reason; the NC zone''s five percent is encoded from its own table and points here for how rather than how much."
or/multnomah/wood-village,340,1,0,read,,,350.055.one-and-two-unit.txt,"A. Structures These Regulations Apply To. The regulations of this section apply to houses, attached houses, duplexes, and manufactured homes. The regulations ap","Manufactured Homes, cited by the last sentence of WVDC 350.055(A): ""Parking for manufactured home parks is regulated in Section 340 - Manufactured Homes."" A different tenure and a different building from the one this screen places, and it is cited out of the article that does not reach the pod in the first place. The same chapter''s .010 and .020 are already ruled on above."
or/multnomah/wood-village,340.010,2,2,read,quadplex_allowed,,210.310.txt 220.310.txt,Manufactured Home (See Section 340.010)    Y     Y,"Manufactured homes. The mention is a row label -- ""Manufactured Home (See Section 340.010): Y Y"" -- in the same table that lists ""Attached or Detached Tri- or Quadplex"" as its own row with no reference. A factory-built pod is not thereby a manufactured home: the table decides which row a building takes, and this one is the quadplex row."
or/multnomah/wood-village,340.020,1,1,read,quadplex_allowed,,220.310.txt,Manufactured Home Park (See Section 340.020)  N    Y,"Manufactured home parks, and the mention is the row for them in Table 220-2. A different housing type in the same table, and prohibited in MR4 besides."
or/multnomah/wood-village,395,2,2,read,quadplex_allowed,,210.310.txt 220.310.txt,Accessory Dwelling Unit (See Section 395)  Y     Y,"Accessory dwelling units, cited from the ADU row of Tables 210-2 and 220-2. An accessory dwelling is by definition subordinate to a primary one; this building is four primary dwellings."
or/multnomah/wood-village,49,2,0,read,,,720.030.definitions.txt,PASSENGER VEHICLE. A motor vehicle designed to carry ten persons or less including the driver. Passenger vehicle also includes motor vehicles designed to carry ,"Title 49 of the Code of Federal Regulations, reached through the definition of PASSENGER VEHICLE: the term ""is intended to cover the vehicles defined as passenger cars and multipurpose passenger vehicles by the National Highway Traffic Safety Administration"". A federal classification of what a car is, not a standard about where one may be parked."
or/multnomah/wood-village,571.3,2,0,read,,,720.030.definitions.txt,PASSENGER VEHICLE. A motor vehicle designed to carry ten persons or less including the driver. Passenger vehicle also includes motor vehicles designed to carry ,"The section of 49 CFR Chapter V that the PASSENGER VEHICLE definition points at, and the same ruling: it is the federal motor vehicle safety standard defining vehicle classes. Nothing in it dimensions a stall or a lot."
or/multnomah/wood-village,640,6,3,read,quadplex_allowed,,240.200.txt 230.200.txt 235.200.txt 250.200.txt 260.200.txt,C. Prohibited Uses. Uses shown in Table 230-1 with the letter “N” are prohibited in the zone. Legally established uses and development which existed at the time,"Non-conforming uses. Every mention is the third paragraph of a zone''s use section: ""Legally established uses and development which existed at the time this Code was adopted and would otherwise be prohibited, are subject to additional regulations in Section 640."" A building that already exists, not one this screen places."
or/multnomah/wood-village,660,1,1,read,max_coverage_pct max_height_ft min_density_du_per_acre min_lot_depth_ft min_lot_sqft min_lot_width_ft setback_front_ft setback_garage_entrance_ft setback_rear_ft setback_side_ft,max_coverage_pct max_height_ft min_density_du_per_acre min_lot_depth_ft min_lot_sqft min_lot_width_ft setback_front_ft setback_garage_entrance_ft setback_rear_ft setback_side_ft,220.320.txt,B. Exceptions to Minimum Lot Size & Dimension. In the MR4 & MR2 zones reductions to the minimum lot size & dimensions for detached single dwelling units may be ,"Variance. Its mention is WVDC 220.320(B): ""In the MR4 & MR2 zones reductions to the minimum lot size & dimensions for detached single dwelling units may be approved through the variance process."" Detached single dwelling units. This pod is four attached ones, so the exception is not available to it and the base lot minimum stands."
or/multnomah/wood-village,730,2,0,misread,,,720.030.definitions.txt,Section 730,"Not a cross-reference at all. ""Section 720"" and ""Section 730"" are the breadcrumb the codifier prints above every page -- the chapter before this one and the chapter after -- and they land in the stored text at lines 11 and 13, above the code itself. Recorded rather than left open because an unread reference and a reference that never existed look identical in a queue."
