id,doc,line,mark,ruled_in,reason,zones,fields,values_governed,verdict,reaches,direction,confidence,reader_note,reader_zones,alarming
00000,or/clackamas/_unincorporated/zdo.1012.txt,186,1,or/clackamas/_unincorporated,"Table 1012-1 is Bonus Density -- an election an applicant makes to exceed base density, priced in affordability covenants, mixed use, park dedication or habitat protection. This layer's max_density_du_per_acre is base density, and a bonus can only add to it, so a pod that fits without one still fits. Note 1 withholds the affordable housing and park dedication bonuses in the VA, VR-4/5, VR-5/7 and VTH Districts, which is a bonus not offered rather than a base density reduced","['R10', 'R15', 'R20', 'R30', 'R5', 'R7', 'R8.5', 'VR45', 'VR57']",['max_density_du_per_acre'],9,narrower,some_zones,stricter,inferred,"It withdraws the affordable-housing (option 2) and park-dedication density bonuses in VR-4/5 and VR-5/7, two of the governed zones, so the density ceiling there is lower than the bonus table on its face allows.","VR45,VR57",True
00001,or/clackamas/_unincorporated/zdo.1012.txt,187,2,or/clackamas/_unincorporated,"Table 1012-1 is Bonus Density -- an election an applicant makes to exceed base density, priced in affordability covenants, mixed use, park dedication or habitat protection. This layer's max_density_du_per_acre is base density, and a bonus can only add to it, so a pod that fits without one still fits. Note 2 defines mixed-use development for the bonus as a mix of uses in one building or on one site. It defines a term inside an election nobody has made","['R10', 'R15', 'R20', 'R30', 'R5', 'R7', 'R8.5', 'VR45', 'VR57']",['max_density_du_per_acre'],9,agree,not_ours,,clear,Defines the mixed-use bonus term; our all-residential fourplex is not a mixed-use development.,,False
00002,or/clackamas/_unincorporated/zdo.1012.txt,188,3,or/clackamas/_unincorporated,"Table 1012-1 is Bonus Density -- an election an applicant makes to exceed base density, priced in affordability covenants, mixed use, park dedication or habitat protection. This layer's max_density_du_per_acre is base density, and a bonus can only add to it, so a pod that fits without one still fits. Note 3 confines the mixed-use bonus to the C-3, CC, OC and RTL Districts, none of which this layer encodes a density for","['R10', 'R15', 'R20', 'R30', 'R5', 'R7', 'R8.5', 'VR45', 'VR57']",['max_density_du_per_acre'],9,agree,not_ours,,clear,Confines the mixed-use density bonus to commercial districts we are not in.,,False
00003,or/clackamas/_unincorporated/zdo.1012.txt,189,4,or/clackamas/_unincorporated,"Table 1012-1 is Bonus Density -- an election an applicant makes to exceed base density, priced in affordability covenants, mixed use, park dedication or habitat protection. This layer's max_density_du_per_acre is base density, and a bonus can only add to it, so a pod that fits without one still fits. Note 4 withholds the habitat conservation area bonus in the VR-4/5, VR-5/7 and VTH Districts. A bonus not offered","['R10', 'R15', 'R20', 'R30', 'R5', 'R7', 'R8.5', 'VR45', 'VR57']",['max_density_du_per_acre'],9,narrower,some_zones,stricter,inferred,"Denies the Habitat Conservation Area density bonus in VR-4/5 and VR-5/7, so those two governed zones cap lower than the table's 25 percent row implies.","VR45,VR57",True
00004,or/clackamas/_unincorporated/zdo.1012.txt,190,5,or/clackamas/_unincorporated,"Table 1012-1 is Bonus Density -- an election an applicant makes to exceed base density, priced in affordability covenants, mixed use, park dedication or habitat protection. This layer's max_density_du_per_acre is base density, and a bonus can only add to it, so a pod that fits without one still fits. Note 5 caps the total: a development using the affordable housing bonus under option 1 may not stack the mixed-use, park dedication or habitat bonuses on top of it. A ceiling on an election, above a base this layer already holds","['R10', 'R15', 'R20', 'R30', 'R5', 'R7', 'R8.5', 'VR45', 'VR57']",['max_density_du_per_acre'],9,disagree,reaches,stricter,inferred,"Caps the maximum total density increase for any development using the option-1 affordable-housing bonus by barring bonus stacking, which a fourplex pursuing that bonus would run into.",,True
00005,or/clackamas/_unincorporated/zdo.1015.txt,358,2,or/clackamas/_unincorporated,"the one note here that states a requirement this building could actually meet, and it is about roofing the stalls rather than counting them: above 3,500 feet in elevation, a structure of three or more dwelling units must provide COVERED parking. It cannot move `parking_min_per_unit`, which is a count. No field in this screen holds whether a stall has a roof, and no layer holds a lot's elevation, so it is carried as a refusal in this layer's notes rather than registered as a site fact nobody would buy data for. Unincorporated Clackamas runs from the Willamette to Mount Hood, so unlike most of this corpus the condition is genuinely reachable",['(defaults)'],['parking_min_per_unit'],1,disagree,reaches,stricter,clear,"Our four-unit structure is three or more dwelling units, so on any lot above 3,500 feet the required parking must be covered - a structure the open rear court does not provide and a condition the per-unit stall count never records.",,True
00006,or/clackamas/_unincorporated/zdo.1015.txt,360,3,or/clackamas/_unincorporated,"relief for a conversion: ""no additional parking spaces shall be required for conversion of a detached single-family dwelling to middle housing."" The pod is new construction on a lot, not a house being cut into four, so the relief is not available and the one space per dwelling unit stands. This is the note the marker on the cell points at, and until the extractor learned to hold a superscript apart from the value under it, the cell read ""13"" and this note was invisible",['(defaults)'],['parking_min_per_unit'],1,agree,not_ours,,clear,"We build new construction, not a conversion of an existing house.",,False
00007,or/clackamas/_unincorporated/zdo.1015.txt,362,4,or/clackamas/_unincorporated,"a townhouse standard twice over -- it withholds the 1015.02(D)(3)(b) parking exception from townhouses and caps townhouse parking in Urban Zone A at two spaces each. A quadplex is a different row of the same table. It is also the note the maximum-parking chain ends in: 1015.02(C) sends maximums to Table 1015-1 and ""Note 4 of Table 1015-2"", and this is that note. So the county caps a townhouse and caps no quadplex",['(defaults)'],['parking_min_per_unit'],1,disagree,reaches,stricter,clear,"It strips a parking exception from townhouses - an attached four-unit row reads as reaching us - and adds a two-space-per-unit parking maximum in Urban Zone A, neither of which the plain per-unit minimum carries.",,True
00008,or/clackamas/_unincorporated/zdo.1015.txt,364,5,or/clackamas/_unincorporated,"""In the R-2.5 District, the required parking shall be located behind the front setback line."" A real placement standard, and it names one district this layer does not hold: the nine zones here are R-5, R-7, R-8.5, R-10, R-15, R-20, R-30, VR-4/5 and VR-5/7. R-2.5 is the one district in Table 315-2 that was never encoded",['(defaults)'],['parking_min_per_unit'],1,narrower,some_zones,stricter,inferred,"In R-2.5 only, required parking is forced behind the front setback line - a placement rule our rear court would satisfy but that the parking-count standard does not hold.",R2.5,True
00009,or/clackamas/_unincorporated/zdo.315.txt,1040,1,or/clackamas/_unincorporated,"one of the five sets of criteria on Table 315-1's LIMITED USE column. The Quadplexes row reads ""P7,8"" in every district this layer holds -- a primary use, not a limited one -- so none of them reaches this building. They are governed here because the permission is quoted from lines this block's region covers, which is the region rule being conservative rather than a claim that the note is about a quadplex","['R10', 'R15', 'R20', 'R30', 'R5', 'R7', 'R8.5', 'VR45', 'VR57']",['quadplex_allowed'],9,agree,not_ours,,clear,"Criteria for non-residential limited uses inside a development, not for the dwelling itself.",,False
00010,or/clackamas/_unincorporated/zdo.315.txt,1050,2,or/clackamas/_unincorporated,"one of the five sets of criteria on Table 315-1's LIMITED USE column. The Quadplexes row reads ""P7,8"" in every district this layer holds -- a primary use, not a limited one -- so none of them reaches this building. They are governed here because the permission is quoted from lines this block's region covers, which is the region rule being conservative rather than a claim that the note is about a quadplex","['R10', 'R15', 'R20', 'R30', 'R5', 'R7', 'R8.5', 'VR45', 'VR57']",['quadplex_allowed'],9,agree,not_ours,,inferred,Governs a secondary use accompanying a primary use; our pod is the primary residential use standing alone.,,False
00011,or/clackamas/_unincorporated/zdo.315.txt,1052,3,or/clackamas/_unincorporated,"one of the five sets of criteria on Table 315-1's LIMITED USE column. The Quadplexes row reads ""P7,8"" in every district this layer holds -- a primary use, not a limited one -- so none of them reaches this building. They are governed here because the permission is quoted from lines this block's region covers, which is the region rule being conservative rather than a claim that the note is about a quadplex","['R10', 'R15', 'R20', 'R30', 'R5', 'R7', 'R8.5', 'VR45', 'VR57']",['quadplex_allowed'],9,agree,not_ours,,clear,"Limited (commercial) use criteria, not a dwelling standard.",,False
00012,or/clackamas/_unincorporated/zdo.315.txt,1058,4,or/clackamas/_unincorporated,"one of the five sets of criteria on Table 315-1's LIMITED USE column. The Quadplexes row reads ""P7,8"" in every district this layer holds -- a primary use, not a limited one -- so none of them reaches this building. They are governed here because the permission is quoted from lines this block's region covers, which is the region rule being conservative rather than a claim that the note is about a quadplex","['R10', 'R15', 'R20', 'R30', 'R5', 'R7', 'R8.5', 'VR45', 'VR57']",['quadplex_allowed'],9,agree,not_ours,,clear,"Criteria for a limited commercial use in a Design Plan area, not for our residential building.",,False
00013,or/clackamas/_unincorporated/zdo.315.txt,1072,5,or/clackamas/_unincorporated,"one of the five sets of criteria on Table 315-1's LIMITED USE column. The Quadplexes row reads ""P7,8"" in every district this layer holds -- a primary use, not a limited one -- so none of them reaches this building. They are governed here because the permission is quoted from lines this block's region covers, which is the region rule being conservative rather than a claim that the note is about a quadplex","['R10', 'R15', 'R20', 'R30', 'R5', 'R7', 'R8.5', 'VR45', 'VR57']",['quadplex_allowed'],9,agree,not_ours,,inferred,A floor-area cap on limited and conditional non-residential uses accompanying a primary use.,,False
00014,or/clackamas/_unincorporated/zdo.315.txt,1074,6,or/clackamas/_unincorporated,"note 6 lets a dwelling type the district does NOT permit in anyway, if it is built as affordable housing under Section 846. A door into a zone rather than a condition on one, and a quadplex is already permitted outright in all nine districts, so the door is one this building has no need of. Looser in every direction","['R10', 'R15', 'R20', 'R30', 'R5', 'R7', 'R8.5', 'VR45', 'VR57']",['quadplex_allowed'],9,disagree,reaches,looser,inferred,"It opens an extra permission path for a dwelling type - our quadplex included - in zones that otherwise bar it, conditioned on affordable housing, so it reaches us but only relaxes.",,False
00015,or/clackamas/_unincorporated/zdo.315.txt,1076,7,or/clackamas/_unincorporated,"note 7 IS on the Quadplexes cell, and it is the one-primary-building rule: apart from an accessory dwelling unit or a temporary permit, a lot of record may hold only ONE of cottage cluster, detached single-family dwelling, duplex, manufactured home, prefabricated structure, quadplex, single room occupancy, townhouse or triplex. It bars combining types, not building one. This screen places a single quadplex as the development of the lot, which is exactly one of the listed types, so the rule is satisfied by the thing being screened. What it would refuse is a quadplex ADDED beside a dwelling that stays -- a redevelopment question about what is already standing, which is not a dimensional standard and is not what this layer decides","['R10', 'R15', 'R20', 'R30', 'R5', 'R7', 'R8.5', 'VR45', 'VR57']",['quadplex_allowed'],9,disagree,reaches,stricter,clear,"It names quadplex and townhouse and allows only one such dwelling development per lot of record, so an existing dwelling on the lot bars our pod - a prohibition no dimensional value records.",,True
00016,or/clackamas/_unincorporated/zdo.315.txt,1078,8,or/clackamas/_unincorporated,"note 8 is the other one on the Quadplexes cell, and it is where this layer's whole design regime comes from: a quadplex here is subject to Section 845. Section 845.01 is the source of the encoded 7,000 square foot minimum lot size -- not Table 315-2, which sends lot size elsewhere -- and 845.02's window, entry orientation and garage standards are read there. The note is a pointer to a document this layer holds and reads, which is the only reason it can be called read","['R10', 'R15', 'R20', 'R30', 'R5', 'R7', 'R8.5', 'VR45', 'VR57']",['quadplex_allowed'],9,disagree,reaches,neither,clear,"Names quadplex and townhouse and routes them to Section 845 for further standards; it moves no number itself, but the section it points at governs our building.",,False
00017,or/clackamas/_unincorporated/zdo.315.txt,1080,9,or/clackamas/_unincorporated,"note 9 makes a manufactured dwelling park a primary use where it also qualifies as a cottage cluster, and a conditional use otherwise. Another use entirely","['R10', 'R15', 'R20', 'R30', 'R5', 'R7', 'R8.5', 'VR45', 'VR57']",['quadplex_allowed'],9,agree,not_ours,,clear,"Manufactured dwelling parks and cottage clusters, neither of which we build.",,False
00018,or/clackamas/_unincorporated/zdo.315.txt,1082,10,or/clackamas/_unincorporated,note 10 is note 9 with prohibition in place of conditional use in the remaining districts. Another use entirely,"['R10', 'R15', 'R20', 'R30', 'R5', 'R7', 'R8.5', 'VR45', 'VR57']",['quadplex_allowed'],9,agree,not_ours,,clear,"Manufactured dwelling parks and cottage clusters, neither of which we build.",,False
00019,or/clackamas/_unincorporated/zdo.315.txt,1084,11,or/clackamas/_unincorporated,"note 11 caps a single room occupancy at six units. a condition on a use this screen does not place. It governs here only because the quadplex permission is quoted from a line in this block's region, and the Quadplexes cell carries notes 7 and 8 and nothing else","['R10', 'R15', 'R20', 'R30', 'R5', 'R7', 'R8.5', 'VR45', 'VR57']",['quadplex_allowed'],9,agree,not_ours,,clear,Single room occupancy is a different dwelling type.,,False
00020,or/clackamas/_unincorporated/zdo.315.txt,1086,12,or/clackamas/_unincorporated,"note 12 sets a townhouse minimum lot size of 3,630 square feet in MR-1 and 2,420 in MR-2. A different housing type in two districts this layer does not hold","['R10', 'R15', 'R20', 'R30', 'R5', 'R7', 'R8.5', 'VR45', 'VR57']",['quadplex_allowed'],9,narrower,some_zones,stricter,inferred,"It sets a townhouse minimum lot size in MR-1 and MR-2 and waives it only when new lots are platted for townhouses, which we do not do; those districts sit outside the governed list, so it reaches only where MR-1 or MR-2 is screened.","MR1,MR2",True
00021,or/clackamas/_unincorporated/zdo.315.txt,1088,13,or/clackamas/_unincorporated,"note 13 permits indoor facilities only. a condition on a use this screen does not place. It governs here only because the quadplex permission is quoted from a line in this block's region, and the Quadplexes cell carries notes 7 and 8 and nothing else","['R10', 'R15', 'R20', 'R30', 'R5', 'R7', 'R8.5', 'VR45', 'VR57']",['quadplex_allowed'],9,agree,not_ours,,inferred,Attaches to a facility use row; nothing in its words touches a dwelling.,,False
00022,or/clackamas/_unincorporated/zdo.315.txt,1090,14,or/clackamas/_unincorporated,"note 14 lets the county authorise a similar use under Section 106. A procedure for a use not listed, and a quadplex is listed","['R10', 'R15', 'R20', 'R30', 'R5', 'R7', 'R8.5', 'VR45', 'VR57']",['quadplex_allowed'],9,agree,not_ours,,inferred,An approval procedure for unlisted similar uses; a quadplex is itself a listed use.,,False
00023,or/clackamas/_unincorporated/zdo.315.txt,1092,15,or/clackamas/_unincorporated,"note 15 allows a use to be run as a home occupation under Section 822. An occupancy question about what happens inside a dwelling, not a standard the building is measured against","['R10', 'R15', 'R20', 'R30', 'R5', 'R7', 'R8.5', 'VR45', 'VR57']",['quadplex_allowed'],9,agree,not_ours,,clear,Home occupations are a different use.,,False
00024,or/clackamas/_unincorporated/zdo.315.txt,1094,16,or/clackamas/_unincorporated,"note 16 caps hotels in the SHD District at 80 units per gross acre. Another use, and a district this layer does not hold","['R10', 'R15', 'R20', 'R30', 'R5', 'R7', 'R8.5', 'VR45', 'VR57']",['quadplex_allowed'],9,agree,not_ours,,clear,"Hotels, in a district we are not in.",,False
00025,or/clackamas/_unincorporated/zdo.315.txt,1096,17,or/clackamas/_unincorporated,"note 17 permits an accessory kitchen only in a townhouse, detached single-family dwelling, manufactured home or prefabricated structure. A quadplex is none of those, so a quadplex may not have one -- a rule about what is inside a dwelling unit, which no dimension this layer encodes can express and no lot can fail","['R10', 'R15', 'R20', 'R30', 'R5', 'R7', 'R8.5', 'VR45', 'VR57']",['quadplex_allowed'],9,agree,not_ours,,clear,"Governs whether a second, accessory kitchen may be added to a dwelling; the four unit kitchens in our pod are primary dwelling-unit kitchens, so no standard our pod must satisfy changes.",,False
00026,or/clackamas/_unincorporated/zdo.315.txt,1098,18,or/clackamas/_unincorporated,"note 18 keeps the base of a tower back from the property line by its own height. A setback, and a real one, but on towers: it marks the communication tower rows, and the Quadplexes cell carries 7 and 8","['R10', 'R15', 'R20', 'R30', 'R5', 'R7', 'R8.5', 'VR45', 'VR57']",['quadplex_allowed'],9,agree,not_ours,,clear,"A height-equals-setback rule for towers, a use row in the table that is not a dwelling.",,False
00027,or/clackamas/_unincorporated/zdo.315.txt,1100,19,or/clackamas/_unincorporated,"note 19 lets a use include concessions and restrooms. a condition on a use this screen does not place. It governs here only because the quadplex permission is quoted from a line in this block's region, and the Quadplexes cell carries notes 7 and 8 and nothing else","['R10', 'R15', 'R20', 'R30', 'R5', 'R7', 'R8.5', 'VR45', 'VR57']",['quadplex_allowed'],9,agree,not_ours,,clear,Describes what a park or recreation use may contain; moves no standard for a residential building.,,False
00028,or/clackamas/_unincorporated/zdo.315.txt,1102,20,or/clackamas/_unincorporated,"note 20 holds a principal building, swimming pool or use 45 feet off any other lot in a residential district. The largest setback in the chapter and it does not touch this building: it marks the rows for uses this screen does not place, and the Quadplexes cell carries 7 and 8. Worth writing down rather than waving off, because a 45 foot standby setback read onto a quadplex would fail nearly every lot in the county","['R10', 'R15', 'R20', 'R30', 'R5', 'R7', 'R8.5', 'VR45', 'VR57']",['quadplex_allowed'],9,agree,not_ours,,inferred,"Broad-sounding, but it is a footnote hung on an unseen recreation or institutional use row (it pairs with note 21, the same rule at 30 feet), and a 45-foot separation from every residential lot cannot be the rule for a dwelling on a 5,000 sq ft R-5 lot; the footnoted use row is not visible in the passage.",,False
00029,or/clackamas/_unincorporated/zdo.315.txt,1104,21,or/clackamas/_unincorporated,"note 21 is note 20 at 30 feet. Same rows, same reason","['R10', 'R15', 'R20', 'R30', 'R5', 'R7', 'R8.5', 'VR45', 'VR57']",['quadplex_allowed'],9,agree,not_ours,,inferred,"The 30-foot twin of note 20: a separation standard for an unseen non-residential use row, not for a dwelling built on a standard residential lot.",,False
00030,or/clackamas/_unincorporated/zdo.315.txt,1106,22,or/clackamas/_unincorporated,"note 22 permits recyclable drop-off sites only as accessory to an institutional use. a condition on a use this screen does not place. It governs here only because the quadplex permission is quoted from a line in this block's region, and the Quadplexes cell carries notes 7 and 8 and nothing else","['R10', 'R15', 'R20', 'R30', 'R5', 'R7', 'R8.5', 'VR45', 'VR57']",['quadplex_allowed'],9,agree,not_ours,,clear,"Conditions a recycling drop-off use, not a dwelling.",,False
00031,or/clackamas/_unincorporated/zdo.315.txt,1108,23,or/clackamas/_unincorporated,"note 23 conditions a use on sitting inside a planned unit development of at least 100 dwelling units. a condition on a use this screen does not place. It governs here only because the quadplex permission is quoted from a line in this block's region, and the Quadplexes cell carries notes 7 and 8 and nothing else","['R10', 'R15', 'R20', 'R30', 'R5', 'R7', 'R8.5', 'VR45', 'VR57']",['quadplex_allowed'],9,agree,not_ours,,clear,"Approval criteria for a commercial or service use serving residents inside a large PUD; our pod is the dwelling, not that use.",,False
00032,or/clackamas/_unincorporated/zdo.315.txt,1120,24,or/clackamas/_unincorporated,"note 24 permits only commercial schools, and exempts them from Section 805. Not the use being placed","['R10', 'R15', 'R20', 'R30', 'R5', 'R7', 'R8.5', 'VR45', 'VR57']",['quadplex_allowed'],9,agree,not_ours,,clear,Narrows a school use listing; nothing in it touches a four-unit townhome.,,False
00033,or/clackamas/_unincorporated/zdo.315.txt,1122,25,or/clackamas/_unincorporated,"note 25 prohibits a use in a recreational vehicle established as a second dwelling under Section 847, and in the primary dwelling on the same lot as one. The pod is neither an RV nor a lot carrying one","['R10', 'R15', 'R20', 'R30', 'R5', 'R7', 'R8.5', 'VR45', 'VR57']",['quadplex_allowed'],9,agree,not_ours,,inferred,Bars an unseen accessory use on a lot that already holds an RV second dwelling; our lot has no RV second dwelling and that use is not part of our pod.,,False
00034,or/clackamas/_unincorporated/zdo.315.txt,1124,26,or/clackamas/_unincorporated,note 26 makes temporary signs regulated under Subsection 1010.13(A) a primary use. Signage is not a standard this screen reads,"['R10', 'R15', 'R20', 'R30', 'R5', 'R7', 'R8.5', 'VR45', 'VR57']",['quadplex_allowed'],9,agree,not_ours,,clear,"Classifies temporary signage, which a dimensional screen does not hold at all.",,False
00035,or/clackamas/_unincorporated/zdo.315.txt,1126,27,or/clackamas/_unincorporated,"note 27 makes stormwater management facilities a primary use when they are underground, vegetated, or approved alongside another land use permit. It classifies a facility, and imposes nothing on a dwelling","['R10', 'R15', 'R20', 'R30', 'R5', 'R7', 'R8.5', 'VR45', 'VR57']",['quadplex_allowed'],9,agree,not_ours,,clear,"Sets when a stormwater facility is a primary rather than conditional use; it is a separate use listing, not a standard our building must meet.",,False
00036,or/clackamas/_unincorporated/zdo.315.txt,1134,28,or/clackamas/_unincorporated,note 28 makes a utility cabinet a primary use where it complies with Section 830 or sits inside a road right-of-way. Not the use being placed,"['R10', 'R15', 'R20', 'R30', 'R5', 'R7', 'R8.5', 'VR45', 'VR57']",['quadplex_allowed'],9,agree,not_ours,,clear,"A utility-cabinet use listing, not a dwelling standard.",,False
00037,or/clackamas/_unincorporated/zdo.315.txt,1136,29,or/clackamas/_unincorporated,"note 29 excludes shops, garages and administrative offices from the utility facility category. Not the use being placed","['R10', 'R15', 'R20', 'R30', 'R5', 'R7', 'R8.5', 'VR45', 'VR57']",['quadplex_allowed'],9,agree,not_ours,,clear,Limits what a utility facility use may contain; not our building type.,,False
00038,or/clackamas/_unincorporated/zdo.315.txt,1138,30,or/clackamas/_unincorporated,note 30 makes gas and electric transmission lines a conditional use. Not the use being placed,"['R10', 'R15', 'R20', 'R30', 'R5', 'R7', 'R8.5', 'VR45', 'VR57']",['quadplex_allowed'],9,agree,not_ours,,clear,"A utility-line use listing, not a dwelling standard.",,False
00039,or/clackamas/_unincorporated/zdo.315.txt,1249,1,or/clackamas/_unincorporated,"note 1 sends minimum lot size to Sections 1012 and 1107. This layer does not read its minimum lot size from Table 315-2 at all -- Section 845.01 sets 7,000 square feet for a quadplex in every district, which is the figure encoded and the one this note does not touch","['R10', 'R15', 'R20', 'R30', 'R5', 'R7', 'R8.5']","['max_coverage_pct', 'max_height_ft', 'setback_front_ft', 'setback_garage_entrance_ft', 'setback_rear_ft', 'setback_side_ft']",42,disagree,reaches,looser,inferred,"Footnote 1 on the minimum lot size row lets an undersized existing lot of record be built on despite the table minimum, which is a relaxation, but its tail clause keeping Section 800 minimum lot sizes matters to us because Section 845 (triplexes, quadplexes, townhouses, cottage clusters) sits in that 800 series, so a minimum lot size may still bind our pod and should be checked.",,False
00040,or/clackamas/_unincorporated/zdo.315.txt,1251,2,or/clackamas/_unincorporated,"note 2 removes the minimum lot size inside a planned unit development. A PUD is a different application with its own approval, not a standard a by-right lot is measured against, and it is looser than what is encoded either way","['R10', 'R15', 'R20', 'R30', 'R5', 'R7', 'R8.5']","['max_coverage_pct', 'max_height_ft', 'setback_front_ft', 'setback_garage_entrance_ft', 'setback_rear_ft', 'setback_side_ft']",42,disagree,reaches,looser,inferred,"Removes the minimum lot size for any development inside a PUD, ours included, while keeping the density land-area standard; it only relaxes, and only where the site is a PUD, which a single-lot pod placement is not.",,False
00041,or/clackamas/_unincorporated/zdo.315.txt,1253,3,or/clackamas/_unincorporated,"note 2 is the townhouse one-third DLA again, carried by this layer's `unless: [unit_lots]` lever rather than as a standard on the parent lot","['R10', 'R15', 'R20', 'R30', 'R5', 'R7', 'R8.5']","['max_coverage_pct', 'max_height_ft', 'setback_front_ft', 'setback_garage_entrance_ft', 'setback_rear_ft', 'setback_side_ft']",42,narrower,some_zones,looser,inferred,"The mark [3] is printed only on the R-5 minimum lot size cell (L1153), so it reaches only that zone; for a four-unit attached townhome it removes the minimum lot size and cuts the density land area to one third, a relaxation, though whether the county reads our one-lot pod as a townhouse or a quadplex decides if the relief is available.",R5,False
00042,or/clackamas/_unincorporated/zdo.315.txt,1255,4,or/clackamas/_unincorporated,"note 4 is note 3 at one-quarter of the DLA. Same path, same lever, same reason","['R10', 'R15', 'R20', 'R30', 'R5', 'R7', 'R8.5']","['max_coverage_pct', 'max_height_ft', 'setback_front_ft', 'setback_garage_entrance_ft', 'setback_rear_ft', 'setback_side_ft']",42,narrower,some_zones,looser,inferred,"The twin of note 3: its mark [4] is printed on the R-7 through R-30 minimum lot size cells (L1154-L1159) and not on R-5, and it removes the minimum lot size and cuts the density land area to one quarter for townhouse development, a relaxation subject to the same townhouse-versus-quadplex reading.","R7,R8.5,R10,R15,R20,R30",False
00043,or/clackamas/_unincorporated/zdo.315.txt,1257,5,or/clackamas/_unincorporated,"note 5 raises maximum lot coverage to 65 percent in a planned unit development. Looser than the encoded 50, and a PUD is a different application rather than a by-right standard","['R10', 'R15', 'R20', 'R30', 'R5', 'R7', 'R8.5']","['max_coverage_pct', 'max_height_ft', 'setback_front_ft', 'setback_garage_entrance_ft', 'setback_rear_ft', 'setback_side_ft']",42,disagree,reaches,looser,inferred,"Raises the 50 percent table lot coverage to 65 percent for any development in a PUD, ours included; it only relaxes, and only where the site is a PUD.",,False
00044,or/clackamas/_unincorporated/zdo.315.txt,1259,6,or/clackamas/_unincorporated,note 8 calculates coverage on the parent lot for a middle housing lot. The percentage is unchanged and this layer screens the parent lot,"['R10', 'R15', 'R20', 'R30', 'R5', 'R7', 'R8.5']","['max_coverage_pct', 'max_height_ft', 'setback_front_ft', 'setback_garage_entrance_ft', 'setback_rear_ft', 'setback_side_ft']",42,agree,not_ours,,clear,"Only bites once a middle housing land division has created unit lots; all four of our units stay on one undivided lot, so there is no parent lot and no middle housing lot.",,False
00045,or/clackamas/_unincorporated/zdo.315.txt,1261,7,or/clackamas/_unincorporated,note 7 gives a swimming pool accessory to a dwelling its own setbacks. A different structure,"['R10', 'R15', 'R20', 'R30', 'R5', 'R7', 'R8.5']","['max_coverage_pct', 'max_height_ft', 'setback_front_ft', 'setback_garage_entrance_ft', 'setback_rear_ft', 'setback_side_ft']",42,agree,not_ours,,clear,"Setbacks for an accessory swimming pool; our pod has none, and the note does not touch the principal building's setbacks.",,False
00046,or/clackamas/_unincorporated/zdo.315.txt,1263,8,or/clackamas/_unincorporated,"note 8 removes minimum rear and side setbacks inside a planned unit development or a zero-lot-line development, and names detached single-family dwellings, manufactured homes, prefabricated structures and single room occupancies. Four attached dwellings are none of those, and both regimes are looser than the encoded 5 and 20","['R10', 'R15', 'R20', 'R30', 'R5', 'R7', 'R8.5']","['max_coverage_pct', 'max_height_ft', 'setback_front_ft', 'setback_garage_entrance_ft', 'setback_rear_ft', 'setback_side_ft']",42,disagree,reaches,looser,inferred,"The PUD half removes interior rear and side setbacks for any development including ours and expressly supersedes the table, a relaxation; the zero-lot-line half names only detached single-family dwellings, manufactured homes, prefabricated structures and single room occupancies, so that half does not reach a four-unit attached building.",,False
00047,or/clackamas/_unincorporated/zdo.315.txt,1265,9,or/clackamas/_unincorporated,"note 9 keeps measuring setbacks from the parent lot's lines on a middle housing lot, except for townhouses. A measurement rule for a split plat; this layer screens the parent lot","['R10', 'R15', 'R20', 'R30', 'R5', 'R7', 'R8.5']","['max_coverage_pct', 'max_height_ft', 'setback_front_ft', 'setback_garage_entrance_ft', 'setback_rear_ft', 'setback_side_ft']",42,agree,not_ours,,clear,"It only says where to measure setbacks from on lots created by a middle housing land division; we are not dividing, so there is no middle housing lot and no parent lot.",,False
00048,or/clackamas/_unincorporated/zdo.315.txt,1267,10,or/clackamas/_unincorporated,"note 10 opens a list of exceptions for a lot of record of 6,000 square feet or less created before the district applied -- rear 10 and side 5 in total. The relief names detached single-family dwellings, duplexes, manufactured homes, prefabricated structures and single room occupancies; a quadplex is not among them, so it cannot take the relief, and the relief is looser than what is encoded","['R10', 'R15', 'R20', 'R30', 'R5', 'R7', 'R8.5']","['max_coverage_pct', 'max_height_ft', 'setback_front_ft', 'setback_garage_entrance_ft', 'setback_rear_ft', 'setback_side_ft']",42,agree,not_ours,,inferred,"The small-lot setback relief is granted to a closed list of dwelling types that excludes townhouses, triplexes and quadplexes, so our pod keeps the full table setbacks; our building is factory-built but is a quadplex or townhouse use, not the single-dwelling 'prefabricated structure' type the list means, and either way the note only relaxes.",,False
00049,or/clackamas/_unincorporated/zdo.315.txt,1273,11,or/clackamas/_unincorporated,"note 11 sets an accessory building's minimum rear and side setbacks on a grid of building area against building height, from none at all under 100 square feet and 8 feet tall to 5 feet side and 10 feet rear over 500 square feet. A four-unit attached dwelling is the primary building on the lot and is measured against the district's own setbacks, which are what is encoded. Read, and it stays read: the table is the one this note is attached to, so a future accessory structure on the same lot has somewhere to look","['R10', 'R15', 'R20', 'R30', 'R5', 'R7', 'R8.5']","['max_coverage_pct', 'max_height_ft', 'setback_front_ft', 'setback_garage_entrance_ft', 'setback_rear_ft', 'setback_side_ft']",42,agree,not_ours,,clear,Sets rear and side setbacks for accessory buildings behind the main building line; our pod is the main building and the parking court behind it is not a building.,,False
00050,or/clackamas/_unincorporated/zdo.315.txt,1398,1,or/clackamas/_unincorporated,"note 1 sends minimum and maximum lot size to Sections 1012 and 1107. Minimum lot size here comes from Section 845.01, and maximum lot size is not encoded","['VR45', 'VR57']","['max_coverage_pct', 'max_height_ft', 'setback_front_ft', 'setback_front_max_ft', 'setback_garage_entrance_ft', 'setback_rear_ft', 'setback_side_ft']",13,disagree,reaches,looser,inferred,"Our pod goes on an existing lot of record, and this note lets such a lot be developed notwithstanding the minimum and maximum lot size standards, so the encoded min/max lot size does not bind an undersized lot of record.",,False
00051,or/clackamas/_unincorporated/zdo.315.txt,1400,2,or/clackamas/_unincorporated,"note 2 is the townhouse one-third DLA again, carried by this layer's `unless: [unit_lots]` lever rather than as a standard on the parent lot","['VR45', 'VR57']","['max_coverage_pct', 'max_height_ft', 'setback_front_ft', 'setback_front_max_ft', 'setback_garage_entrance_ft', 'setback_rear_ft', 'setback_side_ft']",13,disagree,reaches,looser,inferred,"The note removes the minimum lot size and cuts the density land area to a third for attached-townhouse development under Section 845; whether a four-unit quadplex kept on one lot counts as townhouses here is not settled by the words, but either reading only relaxes the standard.",,False
00052,or/clackamas/_unincorporated/zdo.315.txt,1402,3,or/clackamas/_unincorporated,note 3 confines the minimum and maximum lot size standards to lots for townhouses. Neither is encoded from this table,"['VR45', 'VR57']","['max_coverage_pct', 'max_height_ft', 'setback_front_ft', 'setback_front_max_ft', 'setback_garage_entrance_ft', 'setback_rear_ft', 'setback_side_ft']",13,disagree,reaches,looser,inferred,"It confines the lot size standards to townhouse lots, so if our quadplex on one undivided lot is not a lot for townhouses the min and max lot size drop away entirely; if it is, nothing moves - never stricter.",,False
00053,or/clackamas/_unincorporated/zdo.315.txt,1404,4,or/clackamas/_unincorporated,"note 4 confines the maximum lot size standard, which is not encoded","['VR45', 'VR57']","['max_coverage_pct', 'max_height_ft', 'setback_front_ft', 'setback_front_max_ft', 'setback_garage_entrance_ft', 'setback_rear_ft', 'setback_side_ft']",13,disagree,reaches,neither,inferred,"A quadplex is middle housing and we are not doing a middle housing land division, so the note confirms the maximum lot size applies to us exactly as printed without moving the number.",,False
00054,or/clackamas/_unincorporated/zdo.315.txt,1406,5,or/clackamas/_unincorporated,"note 5 offers an average-lot-size alternative in a subdivision. A lot-size standard, and this layer takes lot size from Section 845","['VR45', 'VR57']","['max_coverage_pct', 'max_height_ft', 'setback_front_ft', 'setback_front_max_ft', 'setback_garage_entrance_ft', 'setback_rear_ft', 'setback_side_ft']",13,agree,not_ours,,clear,An alternative compliance path measured across a land division; we place one pod on an existing lot and create no lots.,,False
00055,or/clackamas/_unincorporated/zdo.315.txt,1408,6,or/clackamas/_unincorporated,"note 6 is note 5 at 5,000 square feet. Same reason","['VR45', 'VR57']","['max_coverage_pct', 'max_height_ft', 'setback_front_ft', 'setback_front_max_ft', 'setback_garage_entrance_ft', 'setback_rear_ft', 'setback_side_ft']",13,agree,not_ours,,clear,Land-division averaging alternative; we create no lots.,,False
00056,or/clackamas/_unincorporated/zdo.315.txt,1410,7,or/clackamas/_unincorporated,"note 7 is note 5 at 2,500 square feet. Same reason","['VR45', 'VR57']","['max_coverage_pct', 'max_height_ft', 'setback_front_ft', 'setback_front_max_ft', 'setback_garage_entrance_ft', 'setback_rear_ft', 'setback_side_ft']",13,agree,not_ours,,clear,Land-division averaging alternative; we create no lots.,,False
00057,or/clackamas/_unincorporated/zdo.315.txt,1412,8,or/clackamas/_unincorporated,note 8 calculates coverage on the parent lot for a middle housing lot. The percentage is unchanged and this layer screens the parent lot,"['VR45', 'VR57']","['max_coverage_pct', 'max_height_ft', 'setback_front_ft', 'setback_front_max_ft', 'setback_garage_entrance_ft', 'setback_rear_ft', 'setback_side_ft']",13,agree,not_ours,,clear,"Conditioned on a lot created by a middle housing land division; all four of our units stay on one undivided lot, so there is no parent lot.",,False
00058,or/clackamas/_unincorporated/zdo.315.txt,1414,9,or/clackamas/_unincorporated,"note 9 relieves lots in the plat of Sieben Creek Estates of the standard they are marked against -- and names middle housing developed under Section 845 as what the relief does NOT reach. A quadplex is exactly that, so on the height cells this note reads in the direction that keeps the 35 feet. It cannot loosen anything here","['VR45', 'VR57']","['max_coverage_pct', 'max_height_ft', 'setback_front_ft', 'setback_front_max_ft', 'setback_garage_entrance_ft', 'setback_rear_ft', 'setback_side_ft']",13,disagree,reaches,neither,inferred,"It names our building type outright to deny us a plat-specific exemption from the exterior building materials standard, so on Sieben Creek Estates lots we must still comply - but that standard is a facade materials rule a dimensional screen does not hold, and our obligation is unchanged from the printed table.",,False
00059,or/clackamas/_unincorporated/zdo.315.txt,1416,10,or/clackamas/_unincorporated,"note 10 defines a recessed garage: its vehicle entry set back at least five feet further than the dwelling's facade. A definition. This layer already encodes both halves of the cell it defines -- 10 feet to a recessed or absent garage, 19.5 to a non-recessed one","['VR45', 'VR57']","['max_coverage_pct', 'max_height_ft', 'setback_front_ft', 'setback_front_max_ft', 'setback_garage_entrance_ft', 'setback_rear_ft', 'setback_side_ft']",13,disagree,reaches,neither,inferred,"A definition of recessed garage that the encoded garage entrance setback depends on; it fixes what the term means without moving a number, and our parking is an open court rather than a garage.",,False
00060,or/clackamas/_unincorporated/zdo.315.txt,1418,11,or/clackamas/_unincorporated,note 11 defines a non-recessed garage. The other half of note 10,"['VR45', 'VR57']","['max_coverage_pct', 'max_height_ft', 'setback_front_ft', 'setback_front_max_ft', 'setback_garage_entrance_ft', 'setback_rear_ft', 'setback_side_ft']",13,disagree,reaches,stricter,inferred,"A binding placement rule tying any garage or carport door to the dwelling facade, which moves the garage entrance setback the corpus encodes; it binds only if we build a garage or carport, and our parking court is open.",,True
00061,or/clackamas/_unincorporated/zdo.315.txt,1420,12,or/clackamas/_unincorporated,"note 12 does two things and NEITHER reaches this building. It suspends minimum and maximum setbacks inside a Sunnyside Village Resource Protection Area, which is a mapped overlay no layer here answers and which only ever loosens. Then: ""The maximum setback standards do not apply to cottage clusters developed pursuant to Section 845, Triplexes, Quadplexes, Townhouses, and Cottage Clusters."" That trailing list is not a list of building types the relief runs to -- it is the TITLE of Section 845, and this document prints it that way nine times, every one of them unambiguous: ""subject to Section 845, Triplexes, Quadplexes, Townhouses, and Cottage Clusters"" (L1078), ""For townhouses developed pursuant to Section 845, Triplexes, Quadplexes, Townhouses, and Cottage Clusters, there is no minimum lot size"" (L1253). The subject of the sentence is cottage clusters and nothing else. A quadplex is not a cottage cluster, so the encoded 18 foot maximum front setback binds this pod in full and no value moves","['VR45', 'VR57']","['max_coverage_pct', 'max_height_ft', 'setback_front_ft', 'setback_front_max_ft', 'setback_garage_entrance_ft', 'setback_rear_ft', 'setback_side_ft']",13,disagree,reaches,looser,inferred,"Its first sentence switches off every minimum and maximum setback for any development inside the mapped Sunnyside Village Resource Protection Area, ours included; the second sentence is about cottage clusters and is not ours.",,False
00062,or/clackamas/_unincorporated/zdo.315.txt,1422,13,or/clackamas/_unincorporated,"note 13 removes minimum setbacks on a middle housing lot except at the plat perimeter and against a road. The split-plat regime, looser, and this layer screens the parent lot","['VR45', 'VR57']","['max_coverage_pct', 'max_height_ft', 'setback_front_ft', 'setback_front_max_ft', 'setback_garage_entrance_ft', 'setback_rear_ft', 'setback_side_ft']",13,agree,not_ours,,clear,"Applies only on a lot created by a middle housing land division, which we are explicitly not doing.",,False
00063,or/clackamas/_unincorporated/zdo.315.txt,1424,14,or/clackamas/_unincorporated,"note 14 lets a porch or patio project four feet into the minimum front yard. A projection allowance for a feature the pod does not have, and looser than the setback encoded","['VR45', 'VR57']","['max_coverage_pct', 'max_height_ft', 'setback_front_ft', 'setback_front_max_ft', 'setback_garage_entrance_ft', 'setback_rear_ft', 'setback_side_ft']",13,disagree,reaches,looser,clear,"Allows a porch or patio on our pod to encroach four feet into the front yard, relaxing the front setback for that element.",,False
00064,or/clackamas/_unincorporated/zdo.315.txt,1428,16,or/clackamas/_unincorporated,"note 16 cuts the minimum setback from one front lot line to eight feet on a corner lot abutting a local or connector road. A relief that needs a corner lot and a road classification this screen does not hold -- and one that only ever loosens, so declining it keeps the encoded 10 feet, which is the safe direction","['VR45', 'VR57']","['max_coverage_pct', 'max_height_ft', 'setback_front_ft', 'setback_front_max_ft', 'setback_garage_entrance_ft', 'setback_rear_ft', 'setback_side_ft']",13,disagree,reaches,looser,inferred,"On a corner lot abutting a local or connector road it fixes one front setback at eight feet, which relaxes the second frontage; the base front setback row is outside the printed passage, so I cannot rule out that eight feet is larger than the printed minimum.",,False
00065,or/clackamas/_unincorporated/zdo.315.txt,1430,17,or/clackamas/_unincorporated,"note 17 lets awnings, porches, bays and overhangs project four feet into the minimum front setback. A projection allowance, looser","['VR45', 'VR57']","['max_coverage_pct', 'max_height_ft', 'setback_front_ft', 'setback_front_max_ft', 'setback_garage_entrance_ft', 'setback_rear_ft', 'setback_side_ft']",13,disagree,reaches,looser,clear,Permits four feet of encroachment into the minimum front setback for elements our pod would have.,,False
00066,or/clackamas/_unincorporated/zdo.315.txt,1432,18,or/clackamas/_unincorporated,"note 18 relaxes the MAXIMUM front setback where a public utility easement prevents compliance. A relief on a standard that does bind this building (see note 12), turning on an easement no layer here holds, and declining a relief is the safe direction","['VR45', 'VR57']","['max_coverage_pct', 'max_height_ft', 'setback_front_ft', 'setback_front_max_ft', 'setback_garage_entrance_ft', 'setback_rear_ft', 'setback_side_ft']",13,disagree,reaches,looser,clear,Relieves our pod of the encoded maximum front setback where a utility easement makes it impossible to meet.,,False
00067,or/clackamas/_unincorporated/zdo.315.txt,1434,19,or/clackamas/_unincorporated,"note 19 exempts dwellings on lots with less than 35 feet of street frontage from that same maximum. A relief again, and on a lot too narrow to hold a 56 foot building across its frontage in any case","['VR45', 'VR57']","['max_coverage_pct', 'max_height_ft', 'setback_front_ft', 'setback_front_max_ft', 'setback_garage_entrance_ft', 'setback_rear_ft', 'setback_side_ft']",13,disagree,reaches,looser,clear,"Our pod is a dwelling, so on a narrow-frontage lot the maximum front setback stops applying.",,False
00068,or/clackamas/_unincorporated/zdo.315.txt,1436,20,or/clackamas/_unincorporated,"note 20 requires compliance with the maximum from only two intersecting front lot lines, which is a corner lot being asked for less. A relief again","['VR45', 'VR57']","['max_coverage_pct', 'max_height_ft', 'setback_front_ft', 'setback_front_max_ft', 'setback_garage_entrance_ft', 'setback_rear_ft', 'setback_side_ft']",13,disagree,reaches,looser,clear,"On a lot with three or more front lot lines it limits the maximum front setback to two of them, relaxing the standard for our pod.",,False
00069,or/clackamas/_unincorporated/zdo.315.txt,1438,21,or/clackamas/_unincorporated,"note 21 removes minimum rear and side setbacks inside a planned unit development except at the plat perimeter. A different application path, and looser than the encoded 15 and 5","['VR45', 'VR57']","['max_coverage_pct', 'max_height_ft', 'setback_front_ft', 'setback_front_max_ft', 'setback_garage_entrance_ft', 'setback_rear_ft', 'setback_side_ft']",13,agree,not_ours,,inferred,"Conditioned on a planned unit development plat, an approval and land-division process we are not using; were our lot inside an existing PUD plat it would only relax rear and side setbacks.",,False
00070,or/clackamas/_unincorporated/zdo.315.txt,1440,22,or/clackamas/_unincorporated,"note 22 makes frontage on a pedestrian connection a side lot line. It re-labels a boundary like note 15 does, but in the opposite direction: a face called a side answers the 5 foot side setback instead of the 10 foot front one, so the note can only ever loosen. Declining it keeps the front setback on that face, which is the safe reading","['VR45', 'VR57']","['max_coverage_pct', 'max_height_ft', 'setback_front_ft', 'setback_front_max_ft', 'setback_garage_entrance_ft', 'setback_rear_ft', 'setback_side_ft']",13,disagree,reaches,neither,inferred,Where our lot fronts a pedestrian connection this decides which setback that line takes - it classifies the lot line rather than moving any number.,,False
00071,or/clackamas/_unincorporated/zdo.315.txt,1442,23,or/clackamas/_unincorporated,"note 23 adds Section 845's design standards on top of Table 315-3 for triplexes, quadplexes and townhouses. Read, and it is where this layer's 7,000 square foot minimum lot size comes from; 845 states no height, setback or coverage of its own to add here","['VR45', 'VR57']","['max_coverage_pct', 'max_height_ft', 'setback_front_ft', 'setback_front_max_ft', 'setback_garage_entrance_ft', 'setback_rear_ft', 'setback_side_ft']",13,disagree,reaches,stricter,clear,"The note names quadplexes and townhouses outright and layers an entire second set of design standards from Section 845 on top of the table our screen reads, so every value taken from Table 315-3 alone is one condition looser than the code actually allows.",,True
00072,or/clackamas/_unincorporated/zdo.315.txt,1444,24,or/clackamas/_unincorporated,"note 24 confines a maximum building height standard to accessory buildings larger than 100 square feet. It is not on the cells this layer reads: the Standards for Primary Dwellings height row is marked 9, and 24 belongs to the accessory-building table below it","['VR45', 'VR57']","['max_coverage_pct', 'max_height_ft', 'setback_front_ft', 'setback_front_max_ft', 'setback_garage_entrance_ft', 'setback_rear_ft', 'setback_side_ft']",13,agree,not_ours,,inferred,"It scopes an accessory-building height standard; our pod is the primary dwelling and we build no accessory building, so the note cannot make anything harder for us.",,False
00073,or/clackamas/_unincorporated/zdo.315.txt,1446,25,or/clackamas/_unincorporated,"note 25 may require a garage to be recessed to satisfy the garage/carport design standard. A design requirement on a garage, and this layer already measures against the non-recessed figure of 19.5 feet, which is the stricter of the two","['VR45', 'VR57']","['max_coverage_pct', 'max_height_ft', 'setback_front_ft', 'setback_front_max_ft', 'setback_garage_entrance_ft', 'setback_rear_ft', 'setback_side_ft']",13,disagree,reaches,stricter,inferred,"It says the recessed-garage requirement can bind primary dwellings, which is us, pushing a garage door at least five feet behind the facade and moving the encoded garage entrance setback; it binds only if we build a garage, and our parking is an open court.",,True
00074,or/clackamas/_unincorporated/zdo.315.txt,1448,26,or/clackamas/_unincorporated,"note 26 is note 22 with the number printed: frontage on a pedestrian connection is a side lot line and the minimum setback is five feet. Five is exactly the side setback already encoded, so the note cannot move the value under any reading of which face it lands on","['VR45', 'VR57']","['max_coverage_pct', 'max_height_ft', 'setback_front_ft', 'setback_front_max_ft', 'setback_garage_entrance_ft', 'setback_rear_ft', 'setback_side_ft']",13,disagree,reaches,stricter,unclear,"Its own words carry no limit to accessory buildings and it imposes a five foot minimum where a lot fronts a pedestrian connection, larger than the three feet printed alongside it, so if it reaches a primary dwelling it is stricter; only its marker sitting on the accessory-building setback rows suggests otherwise.",,True
00075,or/clackamas/_unincorporated/zdo.315.txt,1450,27,or/clackamas/_unincorporated,"note 27 lets a second-storey accessory dwelling unit cantilever four feet into the minimum rear setback over an alley. A different building, and a projection allowance","['VR45', 'VR57']","['max_coverage_pct', 'max_height_ft', 'setback_front_ft', 'setback_front_max_ft', 'setback_garage_entrance_ft', 'setback_rear_ft', 'setback_side_ft']",13,agree,not_ours,,clear,The relief is granted to an accessory dwelling unit; our pod is not an ADU.,,False
00076,or/clackamas/happy-valley/16.22.residential.txt,302,1,or/clackamas/happy-valley,"""Density calculations for single-family detached shall be made pursuant to Section 16.63.020(F). Cottage clusters must meet a minimum density of four units per gross acre."" Two rows, neither of them this building's: the density this layer encodes is the townhome maximum on the row below, which states its own net-acre denominator and carries it as `measured_on`. The 16.63.020(F) pointer is read and cited there.","['R15', 'R20', 'R40']","['max_coverage_pct', 'max_density_du_per_acre', 'max_density_du_per_acre [unit_lots]', 'max_height_ft', 'min_frontage_ft', 'min_frontage_ft [unit_lots]', 'min_lot_depth_ft', 'min_lot_sqft', 'min_lot_sqft [unit_lots]', 'min_lot_width_ft', 'min_lot_width_ft [unit_lots]', 'setback_front_ft', 'setback_rear_ft', 'setback_side_ft', 'setback_side_ft [attached_wall+unit_lots]', 'setback_street_side_ft']",48,agree,not_ours,,clear,Speaks only to single-family detached density calculation and to a cottage cluster minimum; a quadplex on one lot is neither.,,False
00077,or/clackamas/happy-valley/16.22.residential.txt,304,3,or/clackamas/happy-valley,"""Cottage cluster housing is exempt from lot coverage requirements."" A cottage cluster is a different building type with its own rows in every one of these tables, and the pod is not one.","['R15', 'R20', 'R40']","['max_coverage_pct', 'max_density_du_per_acre', 'max_density_du_per_acre [unit_lots]', 'max_height_ft', 'min_frontage_ft', 'min_frontage_ft [unit_lots]', 'min_lot_depth_ft', 'min_lot_sqft', 'min_lot_sqft [unit_lots]', 'min_lot_width_ft', 'min_lot_width_ft [unit_lots]', 'setback_front_ft', 'setback_rear_ft', 'setback_side_ft', 'setback_side_ft [attached_wall+unit_lots]', 'setback_street_side_ft']",48,agree,not_ours,,clear,Cottage clusters only.,,False
00078,or/clackamas/happy-valley/16.22.residential.txt,306,5,or/clackamas/happy-valley,"""The single-family residential building height maximum is 45 feet at the front elevation; side and rear elevations may not exceed 49 feet."" It raises the limit, for single-family residential, from the 45 the table already prints. The pod is a four-unit building and it is 26 feet tall, so neither half reaches it.","['R15', 'R20', 'R40']","['max_coverage_pct', 'max_density_du_per_acre', 'max_density_du_per_acre [unit_lots]', 'max_height_ft', 'min_frontage_ft', 'min_frontage_ft [unit_lots]', 'min_lot_depth_ft', 'min_lot_sqft', 'min_lot_sqft [unit_lots]', 'min_lot_width_ft', 'min_lot_width_ft [unit_lots]', 'setback_front_ft', 'setback_rear_ft', 'setback_side_ft', 'setback_side_ft [attached_wall+unit_lots]', 'setback_street_side_ft']",48,disagree,reaches,looser,unclear,"Unqualified 'single-family residential' may well cover a fourplex in these residential zones, in which case it lifts side and rear elevations from the table's 45 ft to 49 ft; the code never says which sense it means.",,False
00079,or/clackamas/happy-valley/16.22.residential.txt,307,6,or/clackamas/happy-valley,"""If a duplex, triplex, fourplex, or cottage cluster has been divided by a middle housing land division... the development standards that are applicable to the lot shall apply to the middle housing parent lot, not to the middle housing child lot."" It directs the standards at a different lot rather than changing any of them, and this screen tests one lot at a time against the standards as printed. The only case it governs -- a child lot -- is already closed by the note above, which forbids the building there.","['R15', 'R20', 'R40']","['max_coverage_pct', 'max_density_du_per_acre', 'max_density_du_per_acre [unit_lots]', 'max_height_ft', 'min_frontage_ft', 'min_frontage_ft [unit_lots]', 'min_lot_depth_ft', 'min_lot_sqft', 'min_lot_sqft [unit_lots]', 'min_lot_width_ft', 'min_lot_width_ft [unit_lots]', 'setback_front_ft', 'setback_rear_ft', 'setback_side_ft', 'setback_side_ft [attached_wall+unit_lots]', 'setback_street_side_ft']",48,agree,not_ours,,clear,Conditioned on a middle housing land division having happened; our four units stay on one undivided lot.,,False
00080,or/clackamas/happy-valley/16.22.residential.txt,308,7,or/clackamas/happy-valley,"""Maximum lot coverage for townhomes is the greater of the percentage identified in the table or up to 1,000 square feet of buildings, decks, stairways and entry bridges that are more than 30 inches above grade."" A floor under the allowance rather than a percentage, and there is no form for the greater of a rate and an area. Leaving it out can only cost a GREEN on a small townhome lot; it can never make one, which is the direction that decides whether an unencodable note may be dismissed.","['R15', 'R20', 'R40']","['max_coverage_pct', 'max_density_du_per_acre', 'max_density_du_per_acre [unit_lots]', 'max_height_ft', 'min_frontage_ft', 'min_frontage_ft [unit_lots]', 'min_lot_depth_ft', 'min_lot_sqft', 'min_lot_sqft [unit_lots]', 'min_lot_width_ft', 'min_lot_width_ft [unit_lots]', 'setback_front_ft', 'setback_rear_ft', 'setback_side_ft', 'setback_side_ft [attached_wall+unit_lots]', 'setback_street_side_ft']",48,disagree,reaches,looser,inferred,"Read on a four-unit attached townhome it offers the larger of two coverage allowances, so it can only relax the table percentage.",,False
00081,or/clackamas/happy-valley/16.22.residential.txt,461,2,or/clackamas/happy-valley,"""Subject to applicable FAA rules and regulations."" Marked on a use row for aviation-related uses, states no dimension, and reaches nothing this screen tests.","['R10', 'R7', 'R8.5']",['quadplex_allowed'],3,agree,not_ours,,clear,Hangs off the Helipad use row.,,False
00082,or/clackamas/happy-valley/16.22.residential.txt,492,1,or/clackamas/happy-valley,"""Density calculations for single-family detached shall be made pursuant to Section 16.63.020(F). Cottage clusters must meet a minimum density of four units per gross acre."" Two rows, neither of them this building's: the density this layer encodes is the townhome maximum on the row below, which states its own net-acre denominator and carries it as `measured_on`. The 16.63.020(F) pointer is read and cited there.","['R10', 'R7', 'R8.5']","['max_coverage_pct', 'max_density_du_per_acre', 'max_density_du_per_acre [unit_lots]', 'max_height_ft', 'min_frontage_ft', 'min_frontage_ft [unit_lots]', 'min_lot_depth_ft', 'min_lot_sqft', 'min_lot_sqft [unit_lots]', 'min_lot_width_ft', 'min_lot_width_ft [unit_lots]', 'setback_front_ft', 'setback_rear_ft', 'setback_side_ft', 'setback_side_ft [attached_wall+unit_lots]', 'setback_street_side_ft']",48,agree,not_ours,,clear,Speaks only to single-family detached density calculation and to a cottage cluster minimum; a quadplex on one lot is neither.,,False
00083,or/clackamas/happy-valley/16.22.residential.txt,494,3,or/clackamas/happy-valley,"""Cottage clusters are exempt from lot coverage requirements."" The same exemption as the note above in different words -- this table drops ""housing"" -- and dismissed for the same reason: the pod is not a cottage cluster. Ruled separately because the wording differs, and a shared ruling would claim a sentence was read that was not.","['R10', 'R7', 'R8.5']","['max_coverage_pct', 'max_density_du_per_acre', 'max_density_du_per_acre [unit_lots]', 'max_height_ft', 'min_frontage_ft', 'min_frontage_ft [unit_lots]', 'min_lot_depth_ft', 'min_lot_sqft', 'min_lot_sqft [unit_lots]', 'min_lot_width_ft', 'min_lot_width_ft [unit_lots]', 'setback_front_ft', 'setback_rear_ft', 'setback_side_ft', 'setback_side_ft [attached_wall+unit_lots]', 'setback_street_side_ft']",48,agree,not_ours,,clear,Cottage clusters only.,,False
00084,or/clackamas/happy-valley/16.22.residential.txt,496,5,or/clackamas/happy-valley,"""The single-family residential building height maximum is 45 feet at the front elevation; side and rear elevations may not exceed 49 feet."" It raises the limit, for single-family residential, from the 45 the table already prints. The pod is a four-unit building and it is 26 feet tall, so neither half reaches it.","['R10', 'R7', 'R8.5']","['max_coverage_pct', 'max_density_du_per_acre', 'max_density_du_per_acre [unit_lots]', 'max_height_ft', 'min_frontage_ft', 'min_frontage_ft [unit_lots]', 'min_lot_depth_ft', 'min_lot_sqft', 'min_lot_sqft [unit_lots]', 'min_lot_width_ft', 'min_lot_width_ft [unit_lots]', 'setback_front_ft', 'setback_rear_ft', 'setback_side_ft', 'setback_side_ft [attached_wall+unit_lots]', 'setback_street_side_ft']",48,disagree,reaches,looser,unclear,"Unqualified 'single-family residential' may well cover a fourplex in R-10, R-8.5 and R-7, in which case it lifts side and rear elevations from 45 ft to 49 ft; the code never says which sense it means.",,False
00085,or/clackamas/happy-valley/16.22.residential.txt,497,6,or/clackamas/happy-valley,"""If a duplex, triplex, fourplex, or cottage cluster has been divided by a middle housing land division... the development standards that are applicable to the lot shall apply to the middle housing parent lot, not to the middle housing child lot."" It directs the standards at a different lot rather than changing any of them, and this screen tests one lot at a time against the standards as printed. The only case it governs -- a child lot -- is already closed by the note above, which forbids the building there.","['R10', 'R7', 'R8.5']","['max_coverage_pct', 'max_density_du_per_acre', 'max_density_du_per_acre [unit_lots]', 'max_height_ft', 'min_frontage_ft', 'min_frontage_ft [unit_lots]', 'min_lot_depth_ft', 'min_lot_sqft', 'min_lot_sqft [unit_lots]', 'min_lot_width_ft', 'min_lot_width_ft [unit_lots]', 'setback_front_ft', 'setback_rear_ft', 'setback_side_ft', 'setback_side_ft [attached_wall+unit_lots]', 'setback_street_side_ft']",48,agree,not_ours,,clear,Conditioned on a middle housing land division having happened; our four units stay on one undivided lot.,,False
00086,or/clackamas/happy-valley/16.22.residential.txt,498,7,or/clackamas/happy-valley,"""Maximum lot coverage for townhomes is the greater of the percentage identified in the table or up to 1,000 square feet of buildings, decks, stairways and entry bridges that are more than 30 inches above grade."" A floor under the allowance rather than a percentage, and there is no form for the greater of a rate and an area. Leaving it out can only cost a GREEN on a small townhome lot; it can never make one, which is the direction that decides whether an unencodable note may be dismissed.","['R10', 'R7', 'R8.5']","['max_coverage_pct', 'max_density_du_per_acre', 'max_density_du_per_acre [unit_lots]', 'max_height_ft', 'min_frontage_ft', 'min_frontage_ft [unit_lots]', 'min_lot_depth_ft', 'min_lot_sqft', 'min_lot_sqft [unit_lots]', 'min_lot_width_ft', 'min_lot_width_ft [unit_lots]', 'setback_front_ft', 'setback_rear_ft', 'setback_side_ft', 'setback_side_ft [attached_wall+unit_lots]', 'setback_street_side_ft']",48,disagree,reaches,looser,inferred,"Read on a four-unit attached townhome it offers the larger of two coverage allowances, so it can only relax the table percentage.",,False
00087,or/clackamas/happy-valley/16.22.residential.txt,634,2,or/clackamas/happy-valley,"""Neighborhood commercial uses subject to the provisions of Section 16.44.080."" A use permission for a use this building is not, on a use table row this building is not on.","['MURS', 'R5']",['quadplex_allowed'],2,agree,not_ours,,clear,"Governs a commercial use row, not a dwelling.",,False
00088,or/clackamas/happy-valley/16.22.residential.txt,635,3,or/clackamas/happy-valley,"""Neighborhood commercial uses are permitted within the Happy Valley Town Center Plan Area."" Permits somebody else's use inside a plan area, and changes no dimension a residential building is held to.","['MURS', 'R5']",['quadplex_allowed'],2,agree,not_ours,,clear,"Governs a commercial use row, not a dwelling.",,False
00089,or/clackamas/happy-valley/16.22.residential.txt,674,1,or/clackamas/happy-valley,"""Density calculations for single-family detached shall be made pursuant to Section 16.63.020(F). Cottage clusters must meet a minimum density of four units per gross acre."" Two rows, neither of them this building's: the density this layer encodes is the townhome maximum on the row below, which states its own net-acre denominator and carries it as `measured_on`. The 16.63.020(F) pointer is read and cited there.","['MURS', 'R5']","['max_coverage_pct', 'max_density_du_per_acre', 'max_density_du_per_acre [unit_lots]', 'max_height_ft', 'min_density_du_per_acre', 'min_frontage_ft', 'min_frontage_ft [unit_lots]', 'min_lot_depth_ft', 'min_lot_sqft', 'min_lot_sqft [unit_lots]', 'min_lot_width_ft', 'min_lot_width_ft [unit_lots]', 'setback_front_ft', 'setback_rear_ft', 'setback_side_ft', 'setback_side_ft [attached_wall+unit_lots]', 'setback_street_side_ft']",28,agree,not_ours,,clear,Speaks only to single-family detached density calculation and to a cottage cluster minimum; a quadplex on one lot is neither.,,False
00090,or/clackamas/happy-valley/16.22.residential.txt,677,4,or/clackamas/happy-valley,"""Standards may be proposed for amendment by Master Plan, PUD or Design Review land use applications."" A relief path rather than a standard, and relief is held in the relief policy where a screen can say which application a miss would need. It states no dimension to encode.","['MURS', 'R5']","['max_coverage_pct', 'max_density_du_per_acre', 'max_density_du_per_acre [unit_lots]', 'max_height_ft', 'min_density_du_per_acre', 'min_frontage_ft', 'min_frontage_ft [unit_lots]', 'min_lot_depth_ft', 'min_lot_sqft', 'min_lot_sqft [unit_lots]', 'min_lot_width_ft', 'min_lot_width_ft [unit_lots]', 'setback_front_ft', 'setback_rear_ft', 'setback_side_ft', 'setback_side_ft [attached_wall+unit_lots]', 'setback_street_side_ft']",28,agree,not_ours,,inferred,"Describes a discretionary application that can amend the standards, a different stage of the process; nothing a by-right pod must satisfy changes.",,False
00091,or/clackamas/happy-valley/16.22.residential.txt,678,5,or/clackamas/happy-valley,"""Cottage cluster housing is exempt from lot coverage requirements."" A cottage cluster is a different building type with its own rows in every one of these tables, and the pod is not one.","['MURS', 'R5']","['max_coverage_pct', 'max_density_du_per_acre', 'max_density_du_per_acre [unit_lots]', 'max_height_ft', 'min_density_du_per_acre', 'min_frontage_ft', 'min_frontage_ft [unit_lots]', 'min_lot_depth_ft', 'min_lot_sqft', 'min_lot_sqft [unit_lots]', 'min_lot_width_ft', 'min_lot_width_ft [unit_lots]', 'setback_front_ft', 'setback_rear_ft', 'setback_side_ft', 'setback_side_ft [attached_wall+unit_lots]', 'setback_street_side_ft']",28,agree,not_ours,,clear,Cottage clusters only.,,False
00092,or/clackamas/happy-valley/16.22.residential.txt,680,7,or/clackamas/happy-valley,"""The single-family residential building height maximum is 45 feet at the front elevation; side and rear elevations may not exceed 49 feet."" It raises the limit, for single-family residential, from the 45 the table already prints. The pod is a four-unit building and it is 26 feet tall, so neither half reaches it.","['MURS', 'R5']","['max_coverage_pct', 'max_density_du_per_acre', 'max_density_du_per_acre [unit_lots]', 'max_height_ft', 'min_density_du_per_acre', 'min_frontage_ft', 'min_frontage_ft [unit_lots]', 'min_lot_depth_ft', 'min_lot_sqft', 'min_lot_sqft [unit_lots]', 'min_lot_width_ft', 'min_lot_width_ft [unit_lots]', 'setback_front_ft', 'setback_rear_ft', 'setback_side_ft', 'setback_side_ft [attached_wall+unit_lots]', 'setback_street_side_ft']",28,disagree,reaches,looser,inferred,"The section is headed 'Medium density single-family residential zones' and quadplexes are a listed use there, so this reads as the zone's own height rule and it allows 49 ft at side and rear rather than 45.",,False
00093,or/clackamas/happy-valley/16.22.residential.txt,681,8,or/clackamas/happy-valley,"""If a duplex, triplex, fourplex, or cottage cluster has been divided by a middle housing land division... the development standards that are applicable to the lot shall apply to the middle housing parent lot, not to the middle housing child lot."" It directs the standards at a different lot rather than changing any of them, and this screen tests one lot at a time against the standards as printed. The only case it governs -- a child lot -- is already closed by the note above, which forbids the building there.","['MURS', 'R5']","['max_coverage_pct', 'max_density_du_per_acre', 'max_density_du_per_acre [unit_lots]', 'max_height_ft', 'min_density_du_per_acre', 'min_frontage_ft', 'min_frontage_ft [unit_lots]', 'min_lot_depth_ft', 'min_lot_sqft', 'min_lot_sqft [unit_lots]', 'min_lot_width_ft', 'min_lot_width_ft [unit_lots]', 'setback_front_ft', 'setback_rear_ft', 'setback_side_ft', 'setback_side_ft [attached_wall+unit_lots]', 'setback_street_side_ft']",28,agree,not_ours,,clear,Conditioned on a middle housing land division having happened; our four units stay on one undivided lot.,,False
00094,or/clackamas/happy-valley/16.22.residential.txt,682,9,or/clackamas/happy-valley,"""Maximum lot coverage for townhomes is the greater of the percentage identified in the table or up to 1,000 square feet of buildings, decks, stairways and entry bridges that are more than 30 inches above grade."" A floor under the allowance rather than a percentage, and there is no form for the greater of a rate and an area. Leaving it out can only cost a GREEN on a small townhome lot; it can never make one, which is the direction that decides whether an unencodable note may be dismissed.","['MURS', 'R5']","['max_coverage_pct', 'max_density_du_per_acre', 'max_density_du_per_acre [unit_lots]', 'max_height_ft', 'min_density_du_per_acre', 'min_frontage_ft', 'min_frontage_ft [unit_lots]', 'min_lot_depth_ft', 'min_lot_sqft', 'min_lot_sqft [unit_lots]', 'min_lot_width_ft', 'min_lot_width_ft [unit_lots]', 'setback_front_ft', 'setback_rear_ft', 'setback_side_ft', 'setback_side_ft [attached_wall+unit_lots]', 'setback_street_side_ft']",28,disagree,reaches,looser,inferred,"Read on a four-unit attached townhome in R-5 or MUR-S it offers the larger of two coverage allowances, so it can only relax the 60 percent table figure.",,False
00095,or/clackamas/happy-valley/16.22.residential.txt,921,1,or/clackamas/happy-valley,"""Preexisting single-family dwellings and residential homes may be altered or expanded."" A grandfathering allowance for buildings that already exist. The pod is new construction, and nothing here is preexisting.","['MURA', 'SFA', 'VTH']",['quadplex_allowed'],3,agree,not_ours,,clear,Grandfathers alteration of an existing dwelling; we are new construction.,,False
00096,or/clackamas/happy-valley/16.22.residential.txt,922,2,or/clackamas/happy-valley,"""Residential care homes/facilities, duplexes, triplexes, quadplexes, cottage clusters, and accessory dwellings are exempt from the density standards. Townhouses have a maximum density of 25 units/acre."" Scoped to Table 16.22.050-1, whose SFA, MUR-A and VTH districts this layer does not encode. It is the note that will matter most when they are.","['MURA', 'SFA', 'VTH']",['quadplex_allowed'],3,disagree,reaches,looser,inferred,"Names quadplexes outright and lifts the density standards off them in SFA, MUR-A and VTH, so it plainly reaches us; its second sentence caps townhouses at 25 units per acre, which would bind instead if the pod were read as townhouses, so the direction is mixed but relaxing for four units on one lot.",,False
00097,or/clackamas/happy-valley/16.22.residential.txt,923,3,or/clackamas/happy-valley,"""Permitted only as an accessory use."" Restricts a use row that is not this building's -- the quadplex row on the same table carries no marker.","['MURA', 'SFA', 'VTH']",['quadplex_allowed'],3,agree,not_ours,,inferred,"Every visible [3] mark in the passage sits on temporary construction buildings, bus shelters and pedestrian amenities, not on a dwelling row; the dwelling rows are above the printed window, so this rests on what is shown.",,False
00098,or/clackamas/happy-valley/16.22.residential.txt,924,4,or/clackamas/happy-valley,"""Neighborhood commercial use subject to the provisions of Section 16.44.080."" The singular-worded twin of the note above, on the use tables for the attached and mixed-use districts. Same reason: a use this building is not.","['MURA', 'SFA', 'VTH']",['quadplex_allowed'],3,agree,not_ours,,clear,"Governs a commercial use row, not a dwelling.",,False
00099,or/clackamas/happy-valley/16.22.residential.txt,925,5,or/clackamas/happy-valley,"Alteration or expansion of a religious facility lawfully established before July 1, 1993, bounded to the land that facility already occupied. A different use, a different building, and a date this project's lots do not turn on.","['MURA', 'SFA', 'VTH']",['quadplex_allowed'],3,agree,not_ours,,clear,"Religious facility use, not a dwelling.",,False
00100,or/clackamas/happy-valley/16.22.residential.txt,926,6,or/clackamas/happy-valley,"Public parks, playgrounds and noncommercial recreation, with a 30-foot separation between a principal building or swimming pool and any other residential lot. A standard on a neighbouring park's building, not on this one.","['MURA', 'SFA', 'VTH']",['quadplex_allowed'],3,agree,not_ours,,clear,"Governs noncommercial recreational uses and their buildings, not a dwelling.",,False
00101,or/clackamas/happy-valley/16.22.residential.txt,927,7,or/clackamas/happy-valley,"""Neighborhood commercial uses are permitted within the Happy Valley Town Center Plan Area."" Permits somebody else's use inside a plan area, and changes no dimension a residential building is held to.","['MURA', 'SFA', 'VTH']",['quadplex_allowed'],3,agree,not_ours,,clear,A commercial-use permission; changes nothing our residential pod must satisfy.,,False
00102,or/clackamas/happy-valley/16.22.residential.txt,928,8,or/clackamas/happy-valley,"""Single-family detached units with a maximum floor area of 2,000 square feet are permitted in the MUR-A zone within the Happy Valley Town Center Plan Area."" Permits a detached single-family house in a district this layer does not encode. Two reasons out, and either alone would do.","['MURA', 'SFA', 'VTH']",['quadplex_allowed'],3,agree,not_ours,,clear,Expressly single-family detached; our building is four attached units.,,False
00103,or/clackamas/happy-valley/16.22.residential.txt,1013,1,or/clackamas/happy-valley,"Density per Section 16.63.020(F), and a four-units-per-gross-acre minimum for cottage clusters. Scoped to Table 16.22.050-2, districts this layer does not encode.","['MURA', 'SFA', 'VTH']","['max_coverage_pct', 'max_density_du_per_acre', 'max_height_ft', 'min_building_separation_ft', 'min_density_du_per_acre', 'min_lot_depth_ft', 'min_lot_sqft', 'min_lot_width_ft', 'setback_front_ft', 'setback_front_max_ft', 'setback_garage_entrance_ft', 'setback_rear_ft', 'setback_side_ft', 'setback_side_ft [attached_wall+unit_lots]', 'setback_street_side_ft']",43,disagree,reaches,neither,inferred,The table's maximum and minimum density standards apply to our pod and this note only names the section that says how the density number is computed; the cottage-cluster sentence is not ours.,,False
00104,or/clackamas/happy-valley/16.22.residential.txt,1015,2,or/clackamas/happy-valley,"The Table 16.22.050-2 wording of the density exemption -- ""Townhouses may have a maximum density of 25 units/acre"", where the use table says ""have"". Scoped to districts this layer does not encode.","['MURA', 'SFA', 'VTH']","['max_coverage_pct', 'max_density_du_per_acre', 'max_height_ft', 'min_building_separation_ft', 'min_density_du_per_acre', 'min_lot_depth_ft', 'min_lot_sqft', 'min_lot_width_ft', 'setback_front_ft', 'setback_front_max_ft', 'setback_garage_entrance_ft', 'setback_rear_ft', 'setback_side_ft', 'setback_side_ft [attached_wall+unit_lots]', 'setback_street_side_ft']",43,disagree,reaches,looser,clear,"Names quadplexes directly and exempts them from the density standards, and lifts the townhouse ceiling to 25 units/acre, so it only relaxes.",,False
00105,or/clackamas/happy-valley/16.22.residential.txt,1017,3,or/clackamas/happy-valley,"Twenty-foot setbacks for public and institutional uses in SFA, and a ten-foot perimeter setback for cottage clusters in MUR-A. Scoped to districts this layer does not encode, and to two building types the pod is not.","['MURA', 'SFA', 'VTH']","['max_coverage_pct', 'max_density_du_per_acre', 'max_height_ft', 'min_building_separation_ft', 'min_density_du_per_acre', 'min_lot_depth_ft', 'min_lot_sqft', 'min_lot_width_ft', 'setback_front_ft', 'setback_front_max_ft', 'setback_garage_entrance_ft', 'setback_rear_ft', 'setback_side_ft', 'setback_side_ft [attached_wall+unit_lots]', 'setback_street_side_ft']",43,agree,not_ours,,clear,Both sentences are limited to public/institutional uses and to cottage clusters.,,False
00106,or/clackamas/happy-valley/16.22.residential.txt,1019,4,or/clackamas/happy-valley,"""Where the SFA district abuts lower density residential districts, the abutting yards shall have a 10-foot landscaped buffer area."" Scoped to SFA, which this layer does not encode. Worth flagging for the day it does: it turns on the neighbour's zoning, which is a registered site fact nothing measures yet.","['MURA', 'SFA', 'VTH']","['max_coverage_pct', 'max_density_du_per_acre', 'max_height_ft', 'min_building_separation_ft', 'min_density_du_per_acre', 'min_lot_depth_ft', 'min_lot_sqft', 'min_lot_width_ft', 'setback_front_ft', 'setback_front_max_ft', 'setback_garage_entrance_ft', 'setback_rear_ft', 'setback_side_ft', 'setback_side_ft [attached_wall+unit_lots]', 'setback_street_side_ft']",43,narrower,some_zones,stricter,clear,"On an SFA lot abutting a lower-density district this forces a 10-foot landscaped buffer in the abutting yard, widening what our pod must leave clear on that side; by its own words it applies only in SFA.",SFA,True
00107,or/clackamas/happy-valley/16.22.residential.txt,1021,5,or/clackamas/happy-valley,"""Side yard building setbacks for attached single-family (townhouse) may be reduced to zero in compliance with applicable sections of the adopted Uniform Building Code."" The same sentence as the encoded zero-side note, reprinted for Table 16.22.050-2 with ""attached single-family (townhouse)"" in place of ""townhomes"". Scoped to districts this layer does not encode; it becomes an encoding, not a dismissal, on the day they are.","['MURA', 'SFA', 'VTH']","['max_coverage_pct', 'max_density_du_per_acre', 'max_height_ft', 'min_building_separation_ft', 'min_density_du_per_acre', 'min_lot_depth_ft', 'min_lot_sqft', 'min_lot_width_ft', 'setback_front_ft', 'setback_front_max_ft', 'setback_garage_entrance_ft', 'setback_rear_ft', 'setback_side_ft', 'setback_side_ft [attached_wall+unit_lots]', 'setback_street_side_ft']",43,disagree,reaches,looser,clear,"Speaks to attached single-family (townhouse) construction, our building type, and lets the side yard drop to zero, which is a relaxation.",,False
00108,or/clackamas/happy-valley/16.22.residential.txt,1023,7,or/clackamas/happy-valley,"""(Reserved)"". A number the codifier kept and a body that says nothing. Captured because a reserved note is how a code leaves room to add one, and a marker that acquires words later must not arrive unnoticed.","['MURA', 'SFA', 'VTH']","['max_coverage_pct', 'max_density_du_per_acre', 'max_height_ft', 'min_building_separation_ft', 'min_density_du_per_acre', 'min_lot_depth_ft', 'min_lot_sqft', 'min_lot_width_ft', 'setback_front_ft', 'setback_front_max_ft', 'setback_garage_entrance_ft', 'setback_rear_ft', 'setback_side_ft', 'setback_side_ft [attached_wall+unit_lots]', 'setback_street_side_ft']",43,agree,not_ours,,clear,Reserved placeholder with no content to apply.,,False
00109,or/clackamas/happy-valley/16.22.residential.txt,1025,8,or/clackamas/happy-valley,"""Maximum building height for single-family detached/attached is 45 feet at the front elevation; side and rear elevations may not exceed 49 feet in height."" Scoped to Table 16.22.050-2, and in any case a loosening for a building type the pod is not, at heights it is nowhere near.","['MURA', 'SFA', 'VTH']","['max_coverage_pct', 'max_density_du_per_acre', 'max_height_ft', 'min_building_separation_ft', 'min_density_du_per_acre', 'min_lot_depth_ft', 'min_lot_sqft', 'min_lot_width_ft', 'setback_front_ft', 'setback_front_max_ft', 'setback_garage_entrance_ft', 'setback_rear_ft', 'setback_side_ft', 'setback_side_ft [attached_wall+unit_lots]', 'setback_street_side_ft']",43,disagree,reaches,stricter,inferred,"It sets the height ceiling for attached single-family, our type, at 45 feet at the front, below the 65 feet the table otherwise gives MUR-A, so the encoded height is a condition too loose for our building there.",,True
00110,or/clackamas/happy-valley/16.22.residential.txt,1027,9,or/clackamas/happy-valley,"The per-lot townhouse sizes for SFA, VTH and MUR-A -- 2,000 minimum and 3,000 maximum, or 2,000 with a 2,500 average; 1,500 and no maximum in MUR-A -- together with the sentence that lots for two- and three-family and multifamily dwellings are not subject to lot size standards at all. A quadplex is on none of those lists: this code's multifamily row begins at five units. Scoped to districts this layer does not encode, and the first note to read when it does.","['MURA', 'SFA', 'VTH']","['max_coverage_pct', 'max_density_du_per_acre', 'max_height_ft', 'min_building_separation_ft', 'min_density_du_per_acre', 'min_lot_depth_ft', 'min_lot_sqft', 'min_lot_width_ft', 'setback_front_ft', 'setback_front_max_ft', 'setback_garage_entrance_ft', 'setback_rear_ft', 'setback_side_ft', 'setback_side_ft [attached_wall+unit_lots]', 'setback_street_side_ft']",43,disagree,reaches,stricter,inferred,"It rewrites lot area for attached single-family (townhouse) dwellings in all three zones and adds a maximum and an average lot size the table never shows; whether four units on one undivided lot read as townhouse lots or as exempt multifamily is not settled by the note, so I flag it.",,True
00111,or/clackamas/happy-valley/16.22.residential.txt,1029,10,or/clackamas/happy-valley,"""Preexisting dwellings and their accessory structures shall comply with the Clackamas County VR-4/5 setback standards."" Sends buildings that predate annexation to the county's numbers. The pod is new, and the districts are not encoded.","['MURA', 'SFA', 'VTH']","['max_coverage_pct', 'max_density_du_per_acre', 'max_height_ft', 'min_building_separation_ft', 'min_density_du_per_acre', 'min_lot_depth_ft', 'min_lot_sqft', 'min_lot_width_ft', 'setback_front_ft', 'setback_front_max_ft', 'setback_garage_entrance_ft', 'setback_rear_ft', 'setback_side_ft', 'setback_side_ft [attached_wall+unit_lots]', 'setback_street_side_ft']",43,agree,not_ours,,clear,Applies only to preexisting dwellings; ours is new construction.,,False
00112,or/clackamas/happy-valley/16.22.residential.txt,1031,11,or/clackamas/happy-valley,"""On a corner lot, one of the required front yard building setbacks may be reduced to eight feet when abutting a local or connector street."" A loosening on a corner lot, in a district this layer does not encode. It would be a `corner_lot` variant on the day VTH is.","['MURA', 'SFA', 'VTH']","['max_coverage_pct', 'max_density_du_per_acre', 'max_height_ft', 'min_building_separation_ft', 'min_density_du_per_acre', 'min_lot_depth_ft', 'min_lot_sqft', 'min_lot_width_ft', 'setback_front_ft', 'setback_front_max_ft', 'setback_garage_entrance_ft', 'setback_rear_ft', 'setback_side_ft', 'setback_side_ft [attached_wall+unit_lots]', 'setback_street_side_ft']",43,disagree,reaches,looser,clear,"A corner lot holding our pod may cut one front setback to eight feet and project four feet further into it, which only relaxes the standard.",,False
00113,or/clackamas/happy-valley/16.22.residential.txt,1033,12,or/clackamas/happy-valley,"""Lot coverage maximum for existing, or where allowed, proposed single-family detached units is 50%. Maximum lot coverage does not apply to cottage clusters."" Scoped to Table 16.22.050-2, and both halves are about building types the pod is not.","['MURA', 'SFA', 'VTH']","['max_coverage_pct', 'max_density_du_per_acre', 'max_height_ft', 'min_building_separation_ft', 'min_density_du_per_acre', 'min_lot_depth_ft', 'min_lot_sqft', 'min_lot_width_ft', 'setback_front_ft', 'setback_front_max_ft', 'setback_garage_entrance_ft', 'setback_rear_ft', 'setback_side_ft', 'setback_side_ft [attached_wall+unit_lots]', 'setback_street_side_ft']",43,agree,not_ours,,clear,Limited to single-family detached units and to cottage clusters.,,False
00114,or/clackamas/happy-valley/16.22.residential.txt,1298,1,or/clackamas/happy-valley,"""Neighborhood commercial use subject to the provisions of Section 16.44.080."" The singular-worded twin of the note above, on the use tables for the attached and mixed-use districts. Same reason: a use this building is not.","['MURM', 'MURX']","['quadplex_allowed', 'quadplex_allowed [unit_lots]']",4,agree,not_ours,,clear,"Marks commercial rows of the use table, not a dwelling standard.",,False
00115,or/clackamas/happy-valley/16.22.residential.txt,1299,2,or/clackamas/happy-valley,"""Where scale and trip generation are compatible with residential development."" A discretionary compatibility test on a commercial use row in the MUR-M and MUR-X use table, which is neither this building nor a district this layer encodes.","['MURM', 'MURX']","['quadplex_allowed', 'quadplex_allowed [unit_lots]']",4,agree,not_ours,,clear,"Marks the catch-all retail and service commercial row, a condition on commercial uses rather than on our building.",,False
00116,or/clackamas/happy-valley/16.22.residential.txt,1318,1,or/clackamas/happy-valley,"""Density calculations shall be made pursuant to Section 16.63.020.F."" Scoped to Table 16.22.060-2, the MUR-M districts, which this layer does not encode. Note the citation's punctuation -- ""16.63.020.F"" where every other note in the chapter writes ""16.63.020(F)"".",['MURM'],['max_height_ft'],1,disagree,reaches,neither,clear,The MUR-M maximum and minimum density standards apply to our pod and this note only names the section that says how to compute the number.,,False
00117,or/clackamas/happy-valley/16.22.residential.txt,1319,2,or/clackamas/happy-valley,"""Standards are flexible and shall be determined through the master plan process or design review application."" The MUR-M table's version of the amendment path, and the reason most of that table's cells read ""Variable"". States no dimension, in districts this layer does not encode.",['MURM'],['max_height_ft'],1,disagree,reaches,neither,inferred,"This is the note behind every Variable cell in MUR-M, covering the lot size, width, depth, coverage and setbacks our pod must meet, so there is no fixed number to screen against; it moves no dimension itself.",,False
00118,or/clackamas/happy-valley/16.22.residential.txt,1321,4,or/clackamas/happy-valley,"""Building height is measured pursuant to Chapter 16.12 Definitions. Maximum building height for single-family (attached) is 45 feet at the front elevation; the building height may not exceed 49 feet at the side and rear elevations."" Scoped to Table 16.22.060-2. The measurement pointer is not a standard, and the rest loosens a limit for a building type the pod is not.",['MURM'],['max_height_ft'],1,disagree,reaches,stricter,inferred,"For attached dwellings like ours the MUR-M height ceiling drops from the table's 65 feet to 45 feet at the front, so the recorded height is one condition too loose.",,True
00119,or/clackamas/happy-valley/16.43.parking.txt,450,1,or/clackamas/happy-valley,"note 1 explains the Zone A and Zone B columns of the maximum: they come from Metro's Regional Transportation Functional Plan Title 2 and its Regional Parking Ratio Table, and the zones are drawn by transit access. The row this building sits on prints ""None required"" across both zone columns, so the note explains a pair of cells that are empty for us. Nothing to encode and nothing to lose by declining it",['(defaults)'],"['parking_max_per_unit', 'parking_min_per_unit']",2,disagree,reaches,neither,inferred,"It decides which parking-maximum column applies to a site from transit walking distance, a site condition, so it defines the A/B designation rather than moving a number.",,False
00120,or/clackamas/happy-valley/16.43.parking.txt,452,2,or/clackamas/happy-valley,"note 2 counts enclosed outdoor seating as floor area for restaurants, coffee shops and food-beverage carts without a drive-through. A different row of the same table and a use this screen does not place",['(defaults)'],"['parking_max_per_unit', 'parking_min_per_unit']",2,agree,not_ours,,clear,A restaurant floor-area counting rule; no dwelling is involved.,,False
00121,or/clackamas/happy-valley/16.43.parking.txt,454,3,or/clackamas/happy-valley,"note 3 waives additional parking for housing type CONVERSIONS -- its own example is a single detached dwelling becoming a triplex. This pod is new construction on a lot, not a conversion of a building already there, so the waiver does not reach it. Declining it is also the conservative direction: it can only ever reduce a requirement",['(defaults)'],"['parking_max_per_unit', 'parking_min_per_unit']",2,agree,not_ours,,clear,"Applies to conversions of an existing dwelling, which we are not, and it only relieves parking in any case.",,False
00122,or/clackamas/happy-valley/16.43.parking.txt,458,5,or/clackamas/happy-valley,"note 5 exempts single-room occupancy housing, ""residential units smaller than 750 square feet"", affordable housing under OAR 660-039-0010 and publicly supported housing under ORS 456.250 from the minimum. Three of the four limbs are elections or programmes rather than facts about the lot, and the fourth is a fact about the design: this pod is 56 by 36 feet over two storeys, about a thousand square feet a unit, so the size limb does not reach it. Encoding the affordable limb would forgive a requirement that applies to the building we are actually screening",['(defaults)'],"['parking_max_per_unit', 'parking_min_per_unit']",2,agree,not_ours,,inferred,"Every listed category is one our pod does not meet, since the units run about 1,000 sq ft and nothing says the project is affordable or publicly supported housing, and the note only waives minimum parking so it cannot tighten a standard.",,False
00123,or/clackamas/lake-oswego/50.03.002.use-table.txt,489,1,or/clackamas/lake-oswego,"note 1 sits on the R-W column's single-family cell and permits that dwelling ""erected on pilings over the water of Oswego Lake"". A different building, on ground this screen does not measure. R-W is encoded now (2026-08-21) and the note still does not reach the pod: it permits one dwelling type in one place, and the quadplex row's P in that column stands on its own","['R-0', 'R-10', 'R-15', 'R-2', 'R-3', 'R-5', 'R-6', 'R-7.5', 'R-DD', 'R-W']",['quadplex_allowed'],10,agree,not_ours,,clear,"Conditions an over-water structure, not a building set on a lot.",,False
00124,or/clackamas/lake-oswego/50.03.002.use-table.txt,490,2,or/clackamas/lake-oswego,"note 2 marks the ""small animals kept for owner's personal use"" row and says no commercial activity is allowed with it. It qualifies an accessory use, not a dwelling","['R-0', 'R-10', 'R-15', 'R-2', 'R-3', 'R-5', 'R-6', 'R-7.5', 'R-DD', 'R-W']",['quadplex_allowed'],10,agree,not_ours,,unclear,"The passage does not show which use row carries this mark, so I cannot name it; either way it is a prohibition on commercial activity, which a purely residential fourplex does not conduct, and it moves no dimensional standard.",,False
00125,or/clackamas/lake-oswego/50.04.dimensional.txt,239,3,or/clackamas/lake-oswego,"a 25% cut in minimum lot area to relocate a designated historic landmark. A relaxation, granted for moving a landmark onto the site; declining it can only cost a lot that would have qualified","['R-10', 'R-15', 'R-7.5']","['max_height_ft', 'min_lot_sqft', 'min_lot_sqft [unit_lots]', 'min_lot_width_ft', 'min_lot_width_ft [unit_lots]', 'setback_front_ft', 'setback_rear_ft', 'setback_side_ft', 'setback_side_total_ft', 'setback_street_side_ft', 'setback_street_side_ft [local_street]']",31,agree,not_ours,,inferred,"Lot-area reduction available only for relocating a designated historic landmark, which a new factory-built pod is not.",,False
00126,or/clackamas/lake-oswego/50.04.dimensional.txt,241,4,or/clackamas/lake-oswego,"a foot of extra height for every five extra feet of setback on all sides. A relaxation of a standard this layer does not encode for R-7.5, and one bought with yard the pod is trying to fit inside","['R-10', 'R-15', 'R-7.5']","['max_height_ft', 'min_lot_sqft', 'min_lot_sqft [unit_lots]', 'min_lot_width_ft', 'min_lot_width_ft [unit_lots]', 'setback_front_ft', 'setback_rear_ft', 'setback_side_ft', 'setback_side_total_ft', 'setback_street_side_ft', 'setback_street_side_ft [local_street]']",31,disagree,reaches,looser,clear,"""Middle housing"" covers a fourplex, so this height bonus is available to our pod in all three low-density zones; it only relaxes the height cap.",,False
00127,or/clackamas/lake-oswego/50.04.dimensional.txt,243,5,or/clackamas/lake-oswego,"how base height is measured on sloping ground -- a flat plane 28 ft over the highest natural grade, capped at 32. Still declined now that the flat-lot 28 is encoded, and for a better reason than the one first written here: this is not a second number for the same measure, it is a different measure, and the only direction it moves a building is upward -- to 32 where the ground falls away under it. A relaxation that needs a topography nothing here reads","['R-10', 'R-15', 'R-7.5']","['max_height_ft', 'min_lot_sqft', 'min_lot_sqft [unit_lots]', 'min_lot_width_ft', 'min_lot_width_ft [unit_lots]', 'setback_front_ft', 'setback_rear_ft', 'setback_side_ft', 'setback_side_total_ft', 'setback_street_side_ft', 'setback_street_side_ft [local_street]']",31,narrower,some_zones,stricter,inferred,"On sloping lots it pins max base height to a plane 28 ft (R-7.5) / 30 ft (R-10) above the highest natural grade with a hard 32/34 ft ceiling, tighter than reading the printed 28-32 range at its top; the note names only R-7.5 and R-10, not R-15.","R-7.5,R-10",True
00128,or/clackamas/lake-oswego/50.04.dimensional.txt,245,6,or/clackamas/lake-oswego,"building height exceptions may not exceed the primary structure's height. A ceiling on accessory structures and projections, neither of which is part of the pod","['R-10', 'R-15', 'R-7.5']","['max_height_ft', 'min_lot_sqft', 'min_lot_sqft [unit_lots]', 'min_lot_width_ft', 'min_lot_width_ft [unit_lots]', 'setback_front_ft', 'setback_rear_ft', 'setback_side_ft', 'setback_side_total_ft', 'setback_street_side_ft', 'setback_street_side_ft [local_street]']",31,agree,not_ours,,inferred,Caps height exceptions on the accessory-structure row it is marked on; our 26 ft pod is the primary structure and seeks no height exception.,,False
00129,or/clackamas/lake-oswego/50.04.dimensional.txt,247,7,or/clackamas/lake-oswego,"cottage cluster floor area. A different housing type, and a floor-area standard this layer does not encode","['R-10', 'R-15', 'R-7.5']","['max_height_ft', 'min_lot_sqft', 'min_lot_sqft [unit_lots]', 'min_lot_width_ft', 'min_lot_width_ft [unit_lots]', 'setback_front_ft', 'setback_rear_ft', 'setback_side_ft', 'setback_side_total_ft', 'setback_street_side_ft', 'setback_street_side_ft [local_street]']",31,agree,not_ours,,clear,Cottage cluster only; not our building type.,,False
00130,or/clackamas/lake-oswego/50.04.dimensional.txt,249,8,or/clackamas/lake-oswego,"townhouse maximum floor area applies to the project rather than to each lot. It says at what scale a standard is measured, and the standard -- maximum floor area -- is not encoded here; the formula cap it belongs to does not bind a building of about a thousand square feet per unit","['R-10', 'R-15', 'R-7.5']","['max_height_ft', 'min_lot_sqft', 'min_lot_sqft [unit_lots]', 'min_lot_width_ft', 'min_lot_width_ft [unit_lots]', 'setback_front_ft', 'setback_rear_ft', 'setback_side_ft', 'setback_side_total_ft', 'setback_street_side_ft', 'setback_street_side_ft [local_street]']",31,disagree,reaches,neither,inferred,"Four attached units read as a townhouse project, so the maximum floor area standard is applied once to the whole project rather than per unit or per unit lot - it fixes the level of application without moving a number, but a screen applying floor area per dwelling would be four times too loose.",,False
00131,or/clackamas/lake-oswego/50.04.dimensional.txt,608,3,or/clackamas/lake-oswego,"the R-DD zone's density arithmetic -- one dwelling per 2,000 sq ft of net developable area. R-DD is encoded now (2026-08-21) and the note is still dismissed, on the ground the table itself gives: note 2, one cell to the left in the same row, exempts quadplexes from maximum density outright. A ceiling the pod is exempt from is not a ceiling","['R-10', 'R-15', 'R-5', 'R-6', 'R-7.5', 'R-DD']","['max_coverage_pct', 'max_coverage_pct [low_rise]', 'max_density_du_per_acre', 'max_height_ft', 'min_lot_sqft', 'min_lot_sqft [unit_lots]', 'min_lot_width_ft', 'min_lot_width_ft [unit_lots]', 'quadplex_allowed [unit_lots]']",19,narrower,some_zones,looser,clear,"Our quadplex is expressly exempt from the R-DD maximum density, and townhouse projects get four units per single-family minimum lot area; stated for the R-DD zone only.",R-DD,False
00132,or/clackamas/lake-oswego/50.04.dimensional.txt,610,4,or/clackamas/lake-oswego,"an exception for structures the State or National Register has found historically significant. A relaxation for a building already standing, which is not the one being placed","['R-10', 'R-15', 'R-5', 'R-6', 'R-7.5', 'R-DD']","['max_coverage_pct', 'max_coverage_pct [low_rise]', 'max_density_du_per_acre', 'max_height_ft', 'min_lot_sqft', 'min_lot_sqft [unit_lots]', 'min_lot_width_ft', 'min_lot_width_ft [unit_lots]', 'quadplex_allowed [unit_lots]']",19,agree,not_ours,,inferred,Exception for listed historic structures; a new pod is not one.,,False
00133,or/clackamas/lake-oswego/50.04.dimensional.txt,612,5,or/clackamas/lake-oswego,"how base height is measured on sloping ground. Still declined now that the flat-lot 28 is encoded: a different measure rather than a second number for the same one, and one that only ever raises a building -- to 32 where the ground falls away. It needs a topography nothing reads","['R-10', 'R-15', 'R-5', 'R-6', 'R-7.5', 'R-DD']","['max_coverage_pct', 'max_coverage_pct [low_rise]', 'max_density_du_per_acre', 'max_height_ft', 'min_lot_sqft', 'min_lot_sqft [unit_lots]', 'min_lot_width_ft', 'min_lot_width_ft [unit_lots]', 'quadplex_allowed [unit_lots]']",19,narrower,some_zones,stricter,inferred,"On sloping lots max base height is a plane 28 ft above the highest natural grade with a hard 32 ft ceiling, tighter than the printed 28-32 range read at its top; the [5] marker sits only on the R-6 and R-5 columns, R-DD shows a dash.","R-6,R-5",True
00134,or/clackamas/lake-oswego/50.04.dimensional.txt,614,6,or/clackamas/lake-oswego,"cottage cluster floor area. A different housing type, and a floor-area standard this layer does not encode","['R-10', 'R-15', 'R-5', 'R-6', 'R-7.5', 'R-DD']","['max_coverage_pct', 'max_coverage_pct [low_rise]', 'max_density_du_per_acre', 'max_height_ft', 'min_lot_sqft', 'min_lot_sqft [unit_lots]', 'min_lot_width_ft', 'min_lot_width_ft [unit_lots]', 'quadplex_allowed [unit_lots]']",19,agree,not_ours,,inferred,"Cottage cluster only; the text run on after it is a 25% density bonus for public-agency rental housing, which is neither our project nor a tightening.",,False
00135,or/clackamas/lake-oswego/50.04.dimensional.txt,788,1,or/clackamas/lake-oswego,"a note on Table 50.04.001-5, the R-6 setback table. It was dismissed for reaching an R-5 setback only through the width of the block's region; R-6 is encoded now (2026-08-21) and it reaches this layer directly. Still dismissed, and for the reason that was always the real one: it qualifies the table's Accessory Structures column -- under 600 sq ft, walls under 10 ft below the eave -- and the pod is encoded off the Primary Structures column beside it","['R-5', 'R-6']","['setback_front_ft', 'setback_rear_ft', 'setback_side_ft', 'setback_side_ft [attached_wall]', 'setback_street_side_ft', 'setback_street_side_ft [local_street]']",11,agree,not_ours,,clear,Defines which accessory structures get the accessory-structure setback column; our pod is the primary structure.,,False
00136,or/clackamas/lake-oswego/50.04.dimensional.txt,789,2,or/clackamas/lake-oswego,"a note on Table 50.04.001-5, the R-6 setback table: ""behind the front building line of the house (excluding a porch)"". R-6 is encoded now (2026-08-21), so it reaches this layer directly rather than through the width of the block's region. Still dismissed: the marker is on the accessory-structure setbacks, and it places an accessory building relative to the house rather than changing any figure in the Primary Structures column","['R-5', 'R-6']","['setback_front_ft', 'setback_rear_ft', 'setback_side_ft', 'setback_side_ft [attached_wall]', 'setback_street_side_ft', 'setback_street_side_ft [local_street]']",11,agree,not_ours,,inferred,"Qualifies the garage-vehicle-opening front setback; the pod has no garage, parking is a rear court.",,False
00137,or/clackamas/lake-oswego/50.04.dimensional.txt,790,3,or/clackamas/lake-oswego,"a note on Table 50.04.001-5, the R-6 setback table, and the one of the three that now sits directly on an encoded number: it marks the front setback cell this layer reads 20 ft off. R-6 is encoded as of 2026-08-21. Still dismissed, because it does not change the figure -- ""on corner lots, the front setback shall be measured on the narrow street frontage"" says which frontage the 20 ft is taken off, not how much. It decides where the pod sits on a corner lot rather than whether it fits, and `corner_lot` is a registered fact the screen assumes false rather than one it leaves open","['R-5', 'R-6']","['setback_front_ft', 'setback_rear_ft', 'setback_side_ft', 'setback_side_ft [attached_wall]', 'setback_street_side_ft', 'setback_street_side_ft [local_street]']",11,narrower,some_zones,neither,clear,"On an R-6 corner lot this forces the 20 ft front yard onto the narrow frontage and the street-side standard onto the long one, fixing orientation without changing a number - a screen that picks the frontage itself would put the setbacks on the wrong sides.",R-6,False
00138,or/clackamas/lake-oswego/50.04.dimensional.txt,1456,4,or/clackamas/lake-oswego,"how base height is measured on sloping ground. Still declined now that the flat-lot 28 is encoded for R-3 and R-0: a different measure rather than a second number for the same one, and one that only ever raises a building -- to 32 where the ground falls away. It needs a topography nothing reads","['R-0', 'R-2', 'R-3', 'R-5', 'R-6', 'R-DD', 'R-W']","['max_coverage_pct', 'max_coverage_pct []', 'max_coverage_pct [low_rise]', 'max_density_du_per_acre', 'max_height_ft', 'min_lot_sqft', 'min_lot_sqft [unit_lots]', 'quadplex_allowed [unit_lots]', 'setback_front_ft', 'setback_rear_ft', 'setback_side_ft', 'setback_side_ft [attached_wall]', 'setback_street_side_ft']",39,narrower,some_zones,stricter,inferred,"Same sloping-lot height plane, 28 ft above the highest natural grade with a hard 32 ft ceiling, tighter than the printed 28-32 read at its top; the [4] marker sits on the three columns carrying a sloping row, not on the R-W column, which shows a dash.","R-0,R-2,R-3",True
00139,or/clackamas/lake-oswego/50.04.dimensional.txt,1462,7,or/clackamas/lake-oswego,"cottage cluster floor area. A different housing type, and a floor-area standard this layer does not encode","['R-0', 'R-2', 'R-3', 'R-5', 'R-6', 'R-DD', 'R-W']","['max_coverage_pct', 'max_coverage_pct []', 'max_coverage_pct [low_rise]', 'max_density_du_per_acre', 'max_height_ft', 'min_lot_sqft', 'min_lot_sqft [unit_lots]', 'quadplex_allowed [unit_lots]', 'setback_front_ft', 'setback_rear_ft', 'setback_side_ft', 'setback_side_ft [attached_wall]', 'setback_street_side_ft']",39,agree,not_ours,,inferred,"The footnote itself is cottage-cluster only; the long tail run on after it (density bonus, accessory floor area, townhouse floor area per project) is separate code text and none of it tightens a standard on our pod.",,False
00140,or/clackamas/milwaukie/19.300.base-zones.txt,280,1,or/clackamas/milwaukie,"note 1 permits a townhouse on a corner lot of up to 3,500 sq ft, which widens where the townhouse path is available rather than narrowing it. Declining it costs a corner lot in the 3,000-3,500 range called ineligible for the split-plat route; it cannot certify one that is not",['R-MD'],"['max_coverage_pct', 'max_coverage_pct []', 'max_height_ft', 'min_lot_sqft', 'min_lot_sqft [unit_lots]', 'min_lot_width_ft', 'min_lot_width_ft []', 'quadplex_allowed', 'setback_front_ft', 'setback_rear_ft', 'setback_rear_ft []', 'setback_side_ft', 'setback_street_side_ft', 'setback_street_side_ft []']",14,disagree,reaches,looser,unclear,"A corner-lot allowance on townhouse lot area in R-MD, so it reaches four attached units; the sentence does not say whether 3,500 sq ft relaxes an existing townhouse lot-size ceiling (looser) or bars townhouses on larger corner lots (stricter), so it needs a human ruling.",,False
00141,or/clackamas/milwaukie/19.300.base-zones.txt,281,2,or/clackamas/milwaukie,"note 2 limits the minimum lot size for a SINGLE DETACHED dwelling to lots created on or after 3 June 2022. Neither half reaches this screen: the housing type is not the one being placed, and the vintage rule only exempts older lots from a standard",['R-MD'],"['max_coverage_pct', 'max_coverage_pct []', 'max_height_ft', 'min_lot_sqft', 'min_lot_sqft [unit_lots]', 'min_lot_width_ft', 'min_lot_width_ft []', 'quadplex_allowed', 'setback_front_ft', 'setback_rear_ft', 'setback_rear_ft []', 'setback_side_ft', 'setback_street_side_ft', 'setback_street_side_ft []']",14,agree,not_ours,,clear,"Scopes the single detached dwelling minimum lot size; our pod is attached, not detached.",,False
00142,or/clackamas/milwaukie/19.300.base-zones.txt,509,1,or/clackamas/milwaukie,"note 2 limits the minimum lot size for a SINGLE DETACHED dwelling to lots created on or after 3 June 2022. Neither half reaches this screen: the housing type is not the one being placed, and the vintage rule only exempts older lots from a standard",['R-HD'],"['max_coverage_pct', 'max_height_ft', 'min_lot_sqft', 'min_lot_sqft [unit_lots]', 'min_lot_width_ft', 'quadplex_allowed', 'setback_front_ft', 'setback_rear_ft', 'setback_street_side_ft']",9,agree,not_ours,,clear,Same detached-only scoping note in the R-HD table.,,False
00143,or/clackamas/milwaukie/19.300.base-zones.txt,511,3,or/clackamas/milwaukie,"note 3 counts four single room occupancy rooms as one dwelling unit for density purposes. It changes the arithmetic for a housing type this screen does not place, and in the direction that fits more of it",['R-HD'],"['max_coverage_pct', 'max_height_ft', 'min_lot_sqft', 'min_lot_sqft [unit_lots]', 'min_lot_width_ft', 'quadplex_allowed', 'setback_front_ft', 'setback_rear_ft', 'setback_street_side_ft']",9,agree,not_ours,,clear,SRO density conversion; our four dwelling units are not SRO rooms.,,False
00144,or/clackamas/milwaukie/19.300.base-zones.txt,921,1,or/clackamas/milwaukie,"note 1 lifts the four-consecutive-townhouse limit of 19.505.5 in the GMU zone only. This layer encodes no GMU zone. The limit itself binds R-MD and the High Density Zone at 4, and the pod is 4, so the relief this note grants is relief the screen has no use for",['R-HD'],['setback_side_ft'],1,agree,not_ours,,inferred,"Lifts the 4-consecutive-townhouse limit in the GMU zone only, a district not in this note's zone list; elsewhere the limit stands unchanged and our row of four is at it, not over it.",,False
00145,or/clackamas/milwaukie/19.300.base-zones.txt,923,2,or/clackamas/milwaukie,"note 2 exempts residential uses in a vertical mixed-use building from conditional use review in the NMU zone. No NMU zone is encoded, and the pod is not a vertical mixed-use building",['R-HD'],['setback_side_ft'],1,agree,not_ours,,clear,"NMU zone, vertical mixed-use building, and a review procedure - none of it ours.",,False
00146,or/clackamas/milwaukie/19.300.base-zones.txt,925,3,or/clackamas/milwaukie,"note 3 caps nonresidential uses in the NMU zone at 10,000 sq ft. No NMU zone is encoded and the pod is residential",['R-HD'],['setback_side_ft'],1,agree,not_ours,,clear,Size cap on nonresidential uses in the NMU zone.,,False
00147,or/clackamas/milwaukie/19.300.base-zones.txt,927,4,or/clackamas/milwaukie,"note 4 exempts one address, 4320 SE King Rd, from the 10,000 sq ft nonresidential cap of note 3. A single named lot, a nonresidential use, and a zone this layer does not encode",['R-HD'],['setback_side_ft'],1,agree,not_ours,,clear,Site-specific retail exemption at one address.,,False
00148,or/clackamas/milwaukie/19.300.base-zones.txt,929,5,or/clackamas/milwaukie,note 5 requires vehicle retail sales in the GMU zone to be conducted indoors. Not a residential use and not an encoded zone,['R-HD'],['setback_side_ft'],1,agree,not_ours,,clear,Vehicle sales use in the GMU zone.,,False
00149,or/clackamas/milwaukie/19.300.base-zones.txt,931,6,or/clackamas/milwaukie,note 6 requires vehicle repair and service in the commercial mixed-use zones to be conducted indoors. Not a residential use and not an encoded zone,['R-HD'],['setback_side_ft'],1,agree,not_ours,,clear,Vehicle repair use in commercial mixed-use zones.,,False
00150,or/clackamas/milwaukie/19.300.base-zones.txt,933,7,or/clackamas/milwaukie,"note 7 limits day care and child care uses to 5,000 sq ft. Not the use being placed",['R-HD'],['setback_side_ft'],1,agree,not_ours,,clear,"A size cap on day care / child care uses in the commercial mixed-use use table; our pod is a dwelling, not a child care use.",,False
00151,or/clackamas/milwaukie/19.300.base-zones.txt,935,8,or/clackamas/milwaukie,"note 8 limits manufacturing and production uses to 5,000 sq ft on the ground floor and only as accessory to a retail or eating and drinking use. Not the use being placed",['R-HD'],['setback_side_ft'],1,agree,not_ours,,clear,Caps and conditions manufacturing/production uses; nothing in it touches a residential building.,,False
00152,or/clackamas/milwaukie/19.600.parking.txt,293,2,or/clackamas/milwaukie,"note 2 asks 0.5 spaces per unit of ""townhouse developments of 8 or more townhouses"", and adds that successive or phased developments to avoid the requirement are not permitted. This building is four units on one lot or four townhouses on four, and four is not eight either way. The anti-phasing sentence bites a developer assembling a larger project out of small ones, which is a pattern this screen does not model and would have to be told about rather than infer from a single lot",['(defaults)'],['parking_max_per_unit'],1,agree,not_ours,,clear,"The trigger is a development of 8 or more townhouses; our pod is four attached units on one lot, so the 0.5/unit figure never binds.",,False
00153,or/clackamas/oregon-city/17.zoning.txt,4157,1,or/clackamas/oregon-city,"permits a lot size below the table minimum in a land division; it can only relax a minimum this screen enforces, so ignoring it is conservative","['R-10', 'R-6', 'R-8']","['max_coverage_pct', 'max_height_ft', 'min_lot_sqft', 'min_lot_sqft [unit_lots]', 'min_lot_width_ft', 'quadplex_allowed', 'setback_front_ft', 'setback_garage_entrance_ft', 'setback_garage_entrance_ft [abuts_alley]', 'setback_rear_ft', 'setback_side_ft', 'setback_street_side_ft']",36,agree,not_ours,,inferred,"A lot-size reduction available at land division; all four of our units sit on one undivided lot, and the note only ever lowers the minimum.",,False
00154,or/clackamas/oregon-city/17.zoning.txt,4159,2,or/clackamas/oregon-city,"governs accessory structures, which the pod is not, and grants them a reduction rather than imposing one","['R-10', 'R-6', 'R-8']","['max_coverage_pct', 'max_height_ft', 'min_lot_sqft', 'min_lot_sqft [unit_lots]', 'min_lot_width_ft', 'quadplex_allowed', 'setback_front_ft', 'setback_garage_entrance_ft', 'setback_garage_entrance_ft [abuts_alley]', 'setback_rear_ft', 'setback_side_ft', 'setback_street_side_ft']",36,agree,not_ours,,clear,Accessory structures only; our pod is the primary building on the lot.,,False
00155,or/clackamas/oregon-city/17.zoning.txt,4349,1,or/clackamas/oregon-city,"permits a lot size below the table minimum in a land division; it can only relax a minimum this screen enforces, so ignoring it is conservative","['R-10', 'R-3.5', 'R-5', 'R-6', 'R-8']","['max_coverage_pct', 'max_height_ft', 'min_density_du_per_acre', 'min_lot_sqft', 'min_lot_sqft [unit_lots]', 'min_lot_width_ft', 'min_lot_width_ft [unit_lots]', 'quadplex_allowed', 'setback_front_ft', 'setback_garage_entrance_ft', 'setback_garage_entrance_ft [abuts_alley]', 'setback_rear_ft', 'setback_side_ft', 'setback_street_side_ft']",29,agree,not_ours,,inferred,"Same land-division lot-size reduction as the R-10/R-8/R-6 table; we do no land division, and it only lowers a minimum.",,False
00156,or/clackamas/oregon-city/17.zoning.txt,4621,3,or/clackamas/oregon-city,"permits a maximum setback to be increased; it can only relax a maximum this screen enforces, so ignoring it is conservative","['R-3.5', 'R-5']",['min_density_du_per_acre'],2,disagree,reaches,looser,inferred,"Sits under the R-2 table, where a quadplex is a listed use, and lets a maximum setback be increased by cross-reference; it asks less, and states no number itself.",,False
00157,or/clackamas/wilsonville/4.planning.txt,5290,1,or/clackamas/wilsonville,"a higher off-street parking minimum for court facilities, in the Village Zone's Table V-2. Not a use this screen places, not a zone this layer holds, and the values the block's region reaches are setbacks and lot dimensions read from Sections 4.113, 4.122 and 4.123, printed pages earlier under different tables","['(defaults)', 'OTR', 'PDR1', 'PDR2', 'PDR3', 'PDR4', 'PDR5', 'PDR6', 'R', 'TC', 'V']","['driveway_approach_max_width_ft', 'max_coverage_pct', 'max_coverage_pct []', 'max_height_ft', 'min_frontage_ft', 'min_frontage_ft [unit_lots]', 'min_lot_depth_ft', 'min_lot_sqft', 'min_lot_sqft [unit_lots]', 'min_lot_width_ft', 'min_lot_width_ft [unit_lots]', 'parking_area_max_frontage_pct', 'parking_front_prohibited', 'parking_maneuvering_max_width_ft', 'parking_stall_depth_ft', 'parking_stall_width_ft', 'quadplex_allowed', 'setback_front_ft', 'setback_front_ft []', 'setback_front_ft [local_street]', 'setback_front_max_ft', 'setback_garage_entrance_ft', 'setback_garage_entrance_ft [abuts_alley]', 'setback_rear_ft', 'setback_rear_ft []', 'setback_rear_ft [multi_story]', 'setback_side_ft', 'setback_side_ft []', 'setback_side_ft [attached_wall]', 'setback_side_ft [multi_story]', 'setback_side_total_ft', 'setback_side_total_ft []', 'setback_street_side_ft', 'setback_street_side_ft [local_street]']",166,agree,not_ours,,clear,"A parking minimum for court facilities, a use we are not.",,False
00158,or/clackamas/wilsonville/4.planning.txt,5291,2,or/clackamas/wilsonville,"no additional off-street parking where middle housing is created by converting or adding to an existing single-family dwelling. It is a parking standard, which the screen does read -- but it relieves a conversion, and the pod is new construction on a lot, so the relief never reaches it. Nothing left to relieve either: the row it sits on reads NR for middle housing, and Section 4.155 Table 5 states the same absence citywide, which this layer now carries as an exempt parking_min_per_unit rather than as silence","['(defaults)', 'OTR', 'PDR1', 'PDR2', 'PDR3', 'PDR4', 'PDR5', 'PDR6', 'R', 'TC', 'V']","['driveway_approach_max_width_ft', 'max_coverage_pct', 'max_coverage_pct []', 'max_height_ft', 'min_frontage_ft', 'min_frontage_ft [unit_lots]', 'min_lot_depth_ft', 'min_lot_sqft', 'min_lot_sqft [unit_lots]', 'min_lot_width_ft', 'min_lot_width_ft [unit_lots]', 'parking_area_max_frontage_pct', 'parking_front_prohibited', 'parking_maneuvering_max_width_ft', 'parking_stall_depth_ft', 'parking_stall_width_ft', 'quadplex_allowed', 'setback_front_ft', 'setback_front_ft []', 'setback_front_ft [local_street]', 'setback_front_max_ft', 'setback_garage_entrance_ft', 'setback_garage_entrance_ft [abuts_alley]', 'setback_rear_ft', 'setback_rear_ft []', 'setback_rear_ft [multi_story]', 'setback_side_ft', 'setback_side_ft []', 'setback_side_ft [attached_wall]', 'setback_side_ft [multi_story]', 'setback_side_total_ft', 'setback_side_total_ft []', 'setback_street_side_ft', 'setback_street_side_ft [local_street]']",166,agree,not_ours,,clear,The parking exemption is limited to middle housing made by adding to or converting an existing detached house; our pod is new factory-built construction. (The note text also bleeds into an unrelated open-space section.),,False
00159,or/clackamas/wilsonville/4.planning.txt,6807,A,or/clackamas/wilsonville,"Table 6B counts middle housing toward a Stage I Master Plan's minimum unit mix; nothing in its notes permits a use, and the value they govern is a prohibition stated in 4.127(.02)B.1.a.ii","['RN', 'V']","['min_lot_sqft', 'quadplex_allowed']",2,agree,not_ours,,clear,"A counting rule for Cluster Housing only; our building is an attached four-unit row, not cluster or cottage housing.",,False
00160,or/clackamas/wilsonville/4.planning.txt,6826,B,or/clackamas/wilsonville,"Table 6B counts middle housing toward a Stage I Master Plan's minimum unit mix; nothing in its notes permits a use, and the value they govern is a prohibition stated in 4.127(.02)B.1.a.ii","['RN', 'V']","['min_lot_sqft', 'quadplex_allowed']",2,disagree,reaches,looser,inferred,"Table 6B's minimum unit counts can bind a Frog Pond lot, and this lets one of our ~1,000 sq ft attached units count in several categories at once, which only eases those minimums.",,False
00161,or/clackamas/wilsonville/4.planning.txt,6829,C,or/clackamas/wilsonville,"Table 6B counts middle housing toward a Stage I Master Plan's minimum unit mix; nothing in its notes permits a use, and the value they govern is a prohibition stated in 4.127(.02)B.1.a.ii","['RN', 'V']","['min_lot_sqft', 'quadplex_allowed']",2,disagree,reaches,neither,inferred,"Defines the small-unit category used by Table 6B's minimums; our ~1,000 sq ft units fall inside it, but the note moves no dimension of the building or lot.",,False
00162,or/clackamas/wilsonville/4.planning.txt,6831,D,or/clackamas/wilsonville,"Table 6B counts middle housing toward a Stage I Master Plan's minimum unit mix; nothing in its notes permits a use, and the value they govern is a prohibition stated in 4.127(.02)B.1.a.ii","['RN', 'V']","['min_lot_sqft', 'quadplex_allowed']",2,disagree,reaches,looser,inferred,"Limits when the minimum small-unit count applies, so it can only relieve our development, never tighten it.",,False
00163,or/clackamas/wilsonville/4.planning.txt,6833,E,or/clackamas/wilsonville,"Table 6B counts middle housing toward a Stage I Master Plan's minimum unit mix; nothing in its notes permits a use, and the value they govern is a prohibition stated in 4.127(.02)B.1.a.ii","['RN', 'V']","['min_lot_sqft', 'quadplex_allowed']",2,disagree,reaches,looser,inferred,"Limits when the minimum mobility-ready count applies; a narrowing of a requirement, so it only asks less.",,False
00164,or/clackamas/wilsonville/4.planning.txt,6835,F,or/clackamas/wilsonville,"Table 6B counts middle housing toward a Stage I Master Plan's minimum unit mix; nothing in its notes permits a use, and the value they govern is a prohibition stated in 4.127(.02)B.1.a.ii","['RN', 'V']","['min_lot_sqft', 'quadplex_allowed']",2,disagree,reaches,looser,inferred,"Relaxes the mobility-ready requirement that a two-storey no-elevator pod would otherwise struggle with, letting a share of units have stair-accessed floor area.",,False
00165,or/clackamas/wilsonville/4.planning.txt,6839,G,or/clackamas/wilsonville,"Table 6B counts middle housing toward a Stage I Master Plan's minimum unit mix; nothing in its notes permits a use, and the value they govern is a prohibition stated in 4.127(.02)B.1.a.ii","['RN', 'V']","['min_lot_sqft', 'quadplex_allowed']",2,disagree,reaches,looser,inferred,Cross-subdistrict credit toward Table 6B's middle-housing and small-unit minimums; it only makes those minimums easier to satisfy.,,False
00166,or/clackamas/wilsonville/4.planning.txt,6854,H,or/clackamas/wilsonville,"Table 6B counts middle housing toward a Stage I Master Plan's minimum unit mix; nothing in its notes permits a use, and the value they govern is a prohibition stated in 4.127(.02)B.1.a.ii","['RN', 'V']","['min_lot_sqft', 'quadplex_allowed']",2,disagree,reaches,looser,inferred,"Same cross-subdistrict credit for the mobility-ready minimum; a relaxation of a unit-mix requirement, not of a dimension.",,False
00167,or/clackamas/wilsonville/4.planning.txt,6867,I,or/clackamas/wilsonville,"Table 6B counts middle housing toward a Stage I Master Plan's minimum unit mix; nothing in its notes permits a use, and the value they govern is a prohibition stated in 4.127(.02)B.1.a.ii","['RN', 'V']","['min_lot_sqft', 'quadplex_allowed']",2,disagree,reaches,looser,inferred,"Lets Table 6B's per-tax-lot minimum unit count be met across two or more adjacent tax lots in one application, relaxing a minimum-density standard our pod could otherwise fail.",,False
00168,or/clackamas/wilsonville/4.planning.txt,6871,J,or/clackamas/wilsonville,"Table 6B counts middle housing toward a Stage I Master Plan's minimum unit mix; nothing in its notes permits a use, and the value they govern is a prohibition stated in 4.127(.02)B.1.a.ii","['RN', 'V']","['min_lot_sqft', 'quadplex_allowed']",2,disagree,reaches,looser,inferred,"Narrows when the marked Table 6B minimums apply, so it relieves a single-lot project; its second sentence bars concurrent master plans by related owners, which is a process rule, not a dimension.",,False
00169,or/clackamas/wilsonville/4.planning.txt,7238,A,or/clackamas/wilsonville,"note A lets the minimum lot size drop to 80 percent to preserve natural resources, for cluster housing, or to trade one undersized lot against one that meets the minimum. Every branch loosens a standard this screen enforces, so declining the relief can only call a lot too small -- never buildable when it is not",['RN'],"['max_coverage_pct', 'min_frontage_ft', 'min_lot_depth_ft', 'min_lot_sqft', 'min_lot_width_ft', 'setback_front_ft', 'setback_garage_entrance_ft', 'setback_rear_ft']",8,disagree,reaches,looser,inferred,An 80% minimum-lot-size allowance for named reasons in the Frog Pond West table; it can only lower the lot-area bar our pod must clear.,,False
00170,or/clackamas/wilsonville/4.planning.txt,7244,C,or/clackamas/wilsonville,"note C states 7,000 sq ft for a quadplex in R-5 and R-7. This zone is encoded on the R-10 Large Lot column, which the note does not name, so the 8,000 sq ft single-family base governs and is the larger number besides. If the sub-district a lot sits in becomes knowable, this note is an encoding rather than a dismissal",['RN'],"['max_coverage_pct', 'min_frontage_ft', 'min_lot_depth_ft', 'min_lot_sqft', 'min_lot_width_ft', 'setback_front_ft', 'setback_garage_entrance_ft', 'setback_rear_ft']",8,disagree,reaches,stricter,clear,"Our building is a quadplex, and this raises the minimum lot size above the table's 4,000 sq ft (R-5) and 6,000 sq ft (R-7) to 7,000 sq ft, so waving it away leaves the lot-size standard a full condition too loose.",,True
00171,or/clackamas/wilsonville/4.planning.txt,7245,D,or/clackamas/wilsonville,"note D states the minimum lot size for a triplex, which is not the housing type this screen places",['RN'],"['max_coverage_pct', 'min_frontage_ft', 'min_lot_depth_ft', 'min_lot_sqft', 'min_lot_width_ft', 'setback_front_ft', 'setback_garage_entrance_ft', 'setback_rear_ft']",8,agree,not_ours,,clear,A triplex-only lot size; our building has four units.,,False
00172,or/clackamas/wilsonville/4.planning.txt,7246,E,or/clackamas/wilsonville,"note E raises maximum lot coverage by 10 percent where several buildings are built, and exempts cottage clusters outright. Both loosen a ceiling this screen enforces, and the pod is one building",['RN'],"['max_coverage_pct', 'min_frontage_ft', 'min_lot_depth_ft', 'min_lot_sqft', 'min_lot_width_ft', 'setback_front_ft', 'setback_garage_entrance_ft', 'setback_rear_ft']",8,agree,not_ours,,inferred,"Both halves are conditioned on circumstances our pod does not have - several buildings on the lot, or a cottage cluster - and both would only loosen coverage.",,False
00173,or/clackamas/wilsonville/4.planning.txt,7248,F,or/clackamas/wilsonville,"note F lets a front porch extend 5 feet into the front setback. It relaxes the setback for a projection the pod does not have, and the envelope is screened against the unrelaxed number",['RN'],"['max_coverage_pct', 'min_frontage_ft', 'min_lot_depth_ft', 'min_lot_sqft', 'min_lot_width_ft', 'setback_front_ft', 'setback_garage_entrance_ft', 'setback_rear_ft']",8,disagree,reaches,looser,inferred,"A front-setback encroachment open to any dwelling in these sub-districts, ours included; it only relaxes the setback.",,False
00174,or/clackamas/wilsonville/4.planning.txt,7251,H,or/clackamas/wilsonville,"note H allows vertical encroachments of up to ten additional feet over a tenth of the footprint, and this layer encodes no height standard for the zone. A relief on a ceiling nobody is testing against changes no answer",['RN'],"['max_coverage_pct', 'min_frontage_ft', 'min_lot_depth_ft', 'min_lot_sqft', 'min_lot_width_ft', 'setback_front_ft', 'setback_garage_entrance_ft', 'setback_rear_ft']",8,disagree,reaches,looser,inferred,"Lets part of a building exceed the height limit by up to ten feet over 10% of the footprint - a height relaxation available to our 26 ft pod, which does not need it.",,False
00175,or/clackamas/wilsonville/4.planning.txt,7254,J,or/clackamas/wilsonville,"note J drops the frontage requirement to 24 feet on a cul-de-sac and waives it entirely for a lot fronting a platted private drive or a cluster-housing pedestrian access. Both loosen the standard, and neither condition is one this screen observes -- declining them costs a lot called too narrow, never a lot called buildable that is not",['RN'],"['max_coverage_pct', 'min_frontage_ft', 'min_lot_depth_ft', 'min_lot_sqft', 'min_lot_width_ft', 'setback_front_ft', 'setback_garage_entrance_ft', 'setback_rear_ft']",8,disagree,reaches,looser,clear,"Any lot in this table that fronts a cul-de-sac may take a 24 ft minimum width/frontage, which relaxes a standard our pod lot must meet.",,False
00176,or/clackamas/wilsonville/4.planning.txt,7259,L,or/clackamas/wilsonville,"note L reduces setbacks over 10 feet to 10 feet for cottage clusters and accessory dwelling units, neither of which is the housing type this screen places",['RN'],"['max_coverage_pct', 'min_frontage_ft', 'min_lot_depth_ft', 'min_lot_sqft', 'min_lot_width_ft', 'setback_front_ft', 'setback_garage_entrance_ft', 'setback_rear_ft']",8,agree,not_ours,,clear,Cottage clusters and ADUs only; we are neither.,,False
00177,or/clackamas/wilsonville/4.planning.txt,7266,N,or/clackamas/wilsonville,"note N measures frontage at the front door face for cluster housing arranged on a courtyard, which is a different housing type from the one this screen places and a measurement that only helps a lot meet the standard",['RN'],"['max_coverage_pct', 'min_frontage_ft', 'min_lot_depth_ft', 'min_lot_sqft', 'min_lot_width_ft', 'setback_front_ft', 'setback_garage_entrance_ft', 'setback_rear_ft']",8,agree,not_ours,,inferred,"Frontage-measurement rule tied to master-plan cluster housing on courtyard lots, not a four-unit pod on its own lot.",,False
00178,or/clackamas/wilsonville/4.planning.txt,7269,O,or/clackamas/wilsonville,"note O limits a lot with front-loaded garages to one shared driveway and apron per street however many units it holds. The pod this screen places takes exactly one shared driveway to a rear court, so the note is satisfied by the design rather than by the lot -- a site plan giving each unit its own apron would fail it, and would have to be caught where the plan is drawn",['RN'],"['max_coverage_pct', 'min_frontage_ft', 'min_lot_depth_ft', 'min_lot_sqft', 'min_lot_width_ft', 'setback_front_ft', 'setback_garage_entrance_ft', 'setback_rear_ft']",8,disagree,reaches,stricter,inferred,"It caps a multi-unit lot at one driveway/apron per street and says so expressly for lots carrying several units, limiting vehicle access for a four-unit pod with front-loaded garages.",,True
00179,or/clackamas/wilsonville/4.planning.txt,8677,1,or/clackamas/wilsonville,"note 1 of Table 1 counts the landscaping area inside the sidewalk width and requires root barriers or structural soils in tree wells. A public realm standard about what goes in the right of way, not a standard on the lot; and the quadplex is not a permitted use in the Town Center Zone (4.132(.02)B with 4.001(96)), so no standard of 4.132 reaches this building",['TC'],['quadplex_allowed'],1,disagree,reaches,neither,inferred,"A frontage sidewalk and tree-well spec any Town Center development builds to, but it moves no dimension a lot-fitment screen holds.",,False
00180,or/clackamas/wilsonville/4.planning.txt,8680,2,or/clackamas/wilsonville,"note 2 permits at most two parklets per block per side of street. A parklet occupies on-street parking spaces, which are not the off-street stalls this screen fits; and the quadplex is not a permitted use in the Town Center Zone (4.132(.02)B with 4.001(96)), so no standard of 4.132 reaches this building",['TC'],['quadplex_allowed'],1,agree,not_ours,,clear,"Streetscape parklets, an amenity we are not proposing.",,False
00181,or/clackamas/wilsonville/4.planning.txt,13562,1,or/clackamas/wilsonville,"note 1 caps surface parking at the building's own floor area for land uses over 65,000 square feet. The pod's footprint is roughly 2,000 square feet, two orders of magnitude under the trigger, and the standard is a ratio between two areas rather than a stall count",['(defaults)'],"['parking_max_per_unit', 'parking_min_per_unit']",2,agree,not_ours,,clear,"Our pod is roughly 4,000 sq ft of floor area, far under the 65,000 sq ft trigger.",,False
00182,or/clackamas/wilsonville/4.planning.txt,13564,2,or/clackamas/wilsonville,"note 2 exempts tuck-under, underground and structured parking from the maximums. It relieves a ceiling that reads ""No Limit"" for this housing type, so there is nothing for the relief to act on, and the pod parks at grade in any case",['(defaults)'],"['parking_max_per_unit', 'parking_min_per_unit']",2,disagree,reaches,looser,inferred,"It relaxes the parking maximum that governs our use for tuck-under or structured stalls; our surface court gains nothing, but the note can only loosen.",,False
00183,or/multnomah/_unincorporated/33.100.txt,121,1,or/multnomah/portland,"note 1 makes Retail Sales And Service a conditional use only where it is associated with a Park And Open Areas use, and prohibits it otherwise. a limitation on a use this screen does not place. It is governed here because Table 100-1's cells are quoted for the permission, and the note sits on another row of the same table",['OS'],['quadplex_allowed'],1,agree,not_ours,,clear,"Retail use category, not household living.",,False
00184,or/multnomah/_unincorporated/33.100.txt,124,2,or/multnomah/portland,"note 2 allows Parks And Open Areas by right and sends six accessory facilities -- swimming pools, cemeteries, golf courses, boat ramps, parking areas, organised sports fields -- to conditional use review. The use this zone exists for, and not this building. a limitation on a use this screen does not place. It is governed here because Table 100-1's cells are quoted for the permission, and the note sits on another row of the same table",['OS'],['quadplex_allowed'],1,agree,not_ours,,clear,Parks and open-areas uses and their accessory facilities.,,False
00185,or/multnomah/_unincorporated/33.100.txt,137,3,or/multnomah/portland,"note 3 allows some Radio Frequency Transmission Facilities by right and sends the rest to Chapter 33.274. a limitation on a use this screen does not place. It is governed here because Table 100-1's cells are quoted for the permission, and the note sits on another row of the same table",['OS'],['quadplex_allowed'],1,agree,not_ours,,clear,"Radio frequency transmission facilities, a different use.",,False
00186,or/multnomah/_unincorporated/33.100.txt,146,4,or/multnomah/portland,"note 4 makes most Community Service uses a conditional use and prohibits short term, mass and outdoor shelters. a limitation on a use this screen does not place. It is governed here because Table 100-1's cells are quoted for the permission, and the note sits on another row of the same table",['OS'],['quadplex_allowed'],1,agree,not_ours,,clear,"Community service uses and shelters, not a fourplex.",,False
00187,or/multnomah/_unincorporated/33.100.txt,149,5,or/multnomah/portland,"note 5 treats Basic Utilities serving a development site as accessory, treats small scale energy production as accessory where it burns the site's own material, and makes every other Basic Utility a conditional use. a limitation on a use this screen does not place. It is governed here because Table 100-1's cells are quoted for the permission, and the note sits on another row of the same table",['OS'],['quadplex_allowed'],1,agree,not_ours,,clear,"Basic utilities and small-scale energy production, a different use category.",,False
00188,or/multnomah/_unincorporated/33.100.txt,159,6,or/multnomah/portland,"note 6 prohibits Manufacturing And Production except utility scale energy production from large wind turbines, which is a conditional use. a limitation on a use this screen does not place. It is governed here because Table 100-1's cells are quoted for the permission, and the note sits on another row of the same table",['OS'],['quadplex_allowed'],1,agree,not_ours,,clear,Industrial use category.,,False
00189,or/multnomah/_unincorporated/33.100.txt,162,7,or/multnomah/portland,"note 7 allows Agriculture and lets an applicant elect Market Garden status under Chapter 33.237. a limitation on a use this screen does not place. It is governed here because Table 100-1's cells are quoted for the permission, and the note sits on another row of the same table",['OS'],['quadplex_allowed'],1,agree,not_ours,,clear,Agricultural use category.,,False
00190,or/multnomah/_unincorporated/33.110.txt,396,1,or/multnomah/portland,"a primary structure stays allowed on a lot that met Table 110-3 until a condemnation or a right-of-way dedication shrank it. A grandfathering clause: it keeps a use on land the table would now refuse, and declining it can only cost a lot that would have qualified. The digest moved because the body used to carry the page footer it was printed under; Portland's frame is recognised now -- this one ended on the page stamp ""110-8""","['R10', 'R20', 'R5', 'R7', 'RF']",['quadplex_allowed'],5,disagree,reaches,looser,clear,"Our building is the primary structure, and this lets it go on a lot now under the minimum solely because of condemnation or right-of-way dedication, in every listed zone.",,False
00191,or/multnomah/_unincorporated/33.110.txt,404,2,or/multnomah/portland,"the R5 minimums for adjusted lots and lot remnants approved through a property line adjustment -- 36 ft wide and 1,600 sq ft. A relaxation, and one that attaches to a lot's paperwork history rather than to the lot","['R10', 'R20', 'R5', 'R7', 'RF']",['quadplex_allowed'],5,narrower,some_zones,looser,inferred,"R5 only: an adjusted lot or remnant from a property line adjustment carries a 36 ft by 1,600 sq ft minimum in place of the Table 610-2 area, a lower bar the lot under our pod could sit on.",R5,False
00192,or/multnomah/_unincorporated/33.110.txt,407,3,or/multnomah/portland,grandfathering in R20 for lots made non-conforming solely by the zone change of 24 May 2018. A relaxation with a date on it,"['R10', 'R20', 'R5', 'R7', 'RF']",['quadplex_allowed'],5,narrower,some_zones,looser,clear,"R20 only: a lot made substandard solely by the May 2018 zone change still takes a primary structure, so the minimum-lot gate is relieved there.",R20,False
00193,or/multnomah/_unincorporated/33.110.txt,410,4,or/multnomah/portland,grandfathering for lots separated through a lot confirmation finalised before 11 September 2020. A relaxation with a date on it,"['R10', 'R20', 'R5', 'R7', 'RF']",['quadplex_allowed'],5,disagree,reaches,looser,clear,"Relief that lets our primary structure be built on a lot confirmed before 11 September 2020 even where it misses Table 110-3, in all listed zones.",,False
00194,or/multnomah/_unincorporated/33.110.txt,413,5,or/multnomah/portland,"""lot width for a flag lot is measured at the midpoint of the flag portion of the lot"". It says where to measure, not what is required, so there is no number here to encode -- and measuring a flag lot's width across the pole rather than the flag is a geometry question this layer cannot answer in a rule file. `flag_lot` is registered and assumed false, which is where that gap is carried","['R10', 'R20', 'R5', 'R7', 'RF']",['quadplex_allowed'],5,disagree,reaches,neither,clear,"It fixes where the lot-width test is measured on a flag lot our pod might sit on, without moving the number.",,False
00195,or/multnomah/_unincorporated/33.110.txt,475,1,or/multnomah/portland,"""including any site with a congregate housing facility"". A different building, and the row it marks is not one this layer encodes","['R10', 'R20', 'R5', 'R7', 'RF']","['max_height_ft', 'min_density_trigger_lot_sqft', 'min_units_at_trigger', 'setback_front_ft', 'setback_garage_entrance_ft', 'setback_rear_ft', 'setback_side_ft']",29,agree,not_ours,,clear,Marks the one-dwelling-unit FAR row and congregate housing; we are four units and not congregate living.,,False
00196,or/multnomah/_unincorporated/33.110.txt,476,2,or/multnomah/portland,"""including accessory dwelling units"" -- a counting rule for the density row, saying an ADU counts toward the units allowed. The pod has none","['R10', 'R20', 'R5', 'R7', 'RF']","['max_height_ft', 'min_density_trigger_lot_sqft', 'min_units_at_trigger', 'setback_front_ft', 'setback_garage_entrance_ft', 'setback_rear_ft', 'setback_side_ft']",29,agree,not_ours,,inferred,"The [2] marker sits on the two- and three-unit FAR rows and counts ADUs; our pod is four units with no ADU, so it falls in the 4-or-more row.",,False
00197,or/multnomah/_unincorporated/33.110.txt,477,3,or/multnomah/portland,"additional FAR and height may be allowed under 33.110.265.F. A relaxation of two standards, and it can only raise the ceiling. The digest moved because the body used to carry the page footer it was printed under; Portland's frame is recognised now -- this one ended on the edition date ""1/1/25""","['R10', 'R20', 'R5', 'R7', 'RF']","['max_height_ft', 'min_density_trigger_lot_sqft', 'min_units_at_trigger', 'setback_front_ft', 'setback_garage_entrance_ft', 'setback_rear_ft', 'setback_side_ft']",29,narrower,some_zones,looser,inferred,"The [3] marker sits on the 4-or-more-unit FAR values in R20, R10, R7 and R5 (RF is no limit and carries no marker), and it offers extra FAR and height, so it can only relax what binds us.","R20,R10,R7,R5",False
00198,or/multnomah/_unincorporated/33.110.txt,1999,1,or/multnomah/portland,"""the standards of this table are minimums or maximums as indicated; compliance with the conditional use approval criteria might preclude development to the maximum intensity"". The institutional development standards tables of 33.110.240 and 33.120.240 both print it, and neither table is encoded here -- an institution in a residential zone is a conditional use, and the pod is not one","['R10', 'R20', 'R5', 'R7']","['coverage_curve', 'min_lot_sqft']",8,agree,not_ours,,clear,Table 110-9 is institutional development under conditional-use review: a different use and a different stage.,,False
00199,or/multnomah/_unincorporated/33.110.txt,2001,2,or/multnomah/portland,"campus-type developments are treated as one site, and the table's setbacks supersede Table 110-4's only at the campus perimeter. An institutional standard, on a table this layer does not encode","['R10', 'R20', 'R5', 'R7']","['coverage_curve', 'min_lot_sqft']",8,agree,not_ours,,clear,"Campus-type institutional development, not a four-unit residential pod on one lot.",,False
00200,or/multnomah/_unincorporated/33.110.txt,2004,3,or/multnomah/portland,"towers, spires, elevator equipment and stairwell enclosures may exceed the height limit. A relaxation, on the institutional table's height","['R10', 'R20', 'R5', 'R7']","['coverage_curve', 'min_lot_sqft']",8,agree,not_ours,,clear,"Note to Table 110-9, Institutional Development Standards; a household-living fourplex is not an institutional use, and the note is a height relaxation in any case.",,False
00201,or/multnomah/_unincorporated/33.110.txt,2010,4,or/multnomah/portland,required landscaping counts toward the landscaped area standard. A relaxation of the institutional table's minimum landscaped area,"['R10', 'R20', 'R5', 'R7']","['coverage_curve', 'min_lot_sqft']",8,agree,not_ours,,clear,"Note to the Institutional Development Standards table, not to household living.",,False
00202,or/multnomah/_unincorporated/33.110.txt,2012,5,or/multnomah/portland,vehicle areas are subject to the parking lot setback and landscaping standards of Chapter 33.266. A cross-reference on the institutional table; what 33.266 requires of this pod is encoded from 33.266 itself,"['R10', 'R20', 'R5', 'R7']","['coverage_curve', 'min_lot_sqft']",8,agree,not_ours,,clear,Note to the Table 110-9 institutional standards; it is also only a pointer to Chapter 33.266 and moves no number itself.,,False
00203,or/multnomah/_unincorporated/33.110.txt,2014,6,or/multnomah/portland,setbacks for structures accessory to recreational fields for organized sports are in Chapter 33.279. A different chapter for a different use,"['R10', 'R20', 'R5', 'R7']","['coverage_curve', 'min_lot_sqft']",8,agree,not_ours,,clear,"Accessory structures at school and park sports fields, a different use entirely.",,False
00204,or/multnomah/_unincorporated/33.110.txt,2016,7,or/multnomah/portland,"""the maximum building setbacks are described in 33.110.270.C"". A cross-reference on the institutional table's maximum-setback row. A maximum setback is a real standard and `setback_front_max_ft` exists to hold one, but the sentence carries no number and the row it marks is not this pod's; reading 33.110.270.C for the single-dwelling zones is encoding work, not a footnote ruling","['R10', 'R20', 'R5', 'R7']","['coverage_curve', 'min_lot_sqft']",8,agree,not_ours,,clear,"Maximum setbacks for institutional development under 33.110.270; our fourplex is a household-living use held to Table 110-4, not this table.",,False
00205,or/multnomah/_unincorporated/33.140.txt,201,3,or/multnomah/portland,"note 3 caps Retail Sales And Service in the EG zones at 20,000 square feet of net building area plus exterior activity area, or the site's own square footage, whichever is less. a limitation on a use this screen does not place. It is governed here because Table 140-1's cells are quoted for the permission, and the note sits on another row of the same table","['EG2', 'IG2']",['quadplex_allowed'],2,agree,not_ours,,clear,Limits Retail Sales And Service floor area; nothing in it touches Household Living.,,False
00206,or/multnomah/_unincorporated/33.140.txt,212,4,or/multnomah/portland,"note 4 allows one Retail or Office use per site in IG1, up to 3,000 square feet. a limitation on a use this screen does not place. It is governed here because Table 140-1's cells are quoted for the permission, and the note sits on another row of the same table","['EG2', 'IG2']",['quadplex_allowed'],2,agree,not_ours,,clear,"Retail/Office use limitation in IG1, not a residential standard.",,False
00207,or/multnomah/_unincorporated/33.140.txt,241,5,or/multnomah/portland,"note 5 is note 4 for IG2, at up to four uses per site. a limitation on a use this screen does not place. It is governed here because Table 140-1's cells are quoted for the permission, and the note sits on another row of the same table","['EG2', 'IG2']",['quadplex_allowed'],2,agree,not_ours,,clear,"Commercial-use limitation carried by the [5] mark on the Retail and Office rows, not the Household Living row.",,False
00208,or/multnomah/_unincorporated/33.140.txt,266,6,or/multnomah/portland,"note 6 is note 5 for IH. a limitation on a use this screen does not place. It is governed here because Table 140-1's cells are quoted for the permission, and the note sits on another row of the same table","['EG2', 'IG2']",['quadplex_allowed'],2,agree,not_ours,,clear,"Retail/Office limitation in the IH zone, a commercial use we are not proposing.",,False
00209,or/multnomah/_unincorporated/33.140.txt,296,7,or/multnomah/portland,"note 7 sends Self-Service Storage to its special regulations. a limitation on a use this screen does not place. It is governed here because Table 140-1's cells are quoted for the permission, and the note sits on another row of the same table","['EG2', 'IG2']",['quadplex_allowed'],2,agree,not_ours,,clear,Self-Service Storage is a different use category.,,False
00210,or/multnomah/_unincorporated/33.140.txt,299,8,or/multnomah/portland,"note 8 makes Waste-Related uses conditional unless Metro has approved them with a mitigation plan under ORS 268.317 and the location conforms to the Regional Solid Waste Management Plan. a limitation on a use this screen does not place. It is governed here because Table 140-1's cells are quoted for the permission, and the note sits on another row of the same table","['EG2', 'IG2']",['quadplex_allowed'],2,agree,not_ours,,clear,Waste-Related uses only.,,False
00211,or/multnomah/_unincorporated/33.140.txt,310,9,or/multnomah/portland,"note 9 allows most Community Service uses by right in the E zones and sends shelters to Chapter 33.285. a limitation on a use this screen does not place. It is governed here because Table 140-1's cells are quoted for the permission, and the note sits on another row of the same table","['EG2', 'IG2']",['quadplex_allowed'],2,agree,not_ours,,clear,"Community Service uses and shelters, not household living.",,False
00212,or/multnomah/_unincorporated/33.140.txt,385,10,or/multnomah/portland,"note 10 prohibits short term and mass shelters in the I zones and makes Daycare and Community Service over 3,000 square feet a conditional use. a limitation on a use this screen does not place. It is governed here because Table 140-1's cells are quoted for the permission, and the note sits on another row of the same table","['EG2', 'IG2']",['quadplex_allowed'],2,agree,not_ours,,clear,"Daycare, Community Service and shelters, none of them our use.",,False
00213,or/multnomah/_unincorporated/33.140.txt,392,11,or/multnomah/portland,"note 11 allows Basic Utilities in the E zones and sends public safety transmission facilities to Chapter 33.274. a limitation on a use this screen does not place. It is governed here because Table 140-1's cells are quoted for the permission, and the note sits on another row of the same table","['EG2', 'IG2']",['quadplex_allowed'],2,agree,not_ours,,clear,Basic Utilities use category.,,False
00214,or/multnomah/_unincorporated/33.140.txt,395,12,or/multnomah/portland,"note 12 is note 11 for the I zones, with public safety facilities over 3,000 square feet a conditional use. a limitation on a use this screen does not place. It is governed here because Table 140-1's cells are quoted for the permission, and the note sits on another row of the same table","['EG2', 'IG2']",['quadplex_allowed'],2,agree,not_ours,,clear,"Basic Utilities and public safety facilities, not dwellings.",,False
00215,or/multnomah/_unincorporated/33.140.txt,405,13,or/multnomah/portland,"note 13 allows some Radio Frequency Transmission Facilities by right. a limitation on a use this screen does not place. It is governed here because Table 140-1's cells are quoted for the permission, and the note sits on another row of the same table","['EG2', 'IG2']",['quadplex_allowed'],2,agree,not_ours,,clear,Radio frequency transmission facilities only.,,False
00216,or/multnomah/_unincorporated/33.140.txt,408,14,or/multnomah/portland,"note 14 makes Commercial Parking a conditional use in the E and I zones unless a plan district says otherwise. a limitation on a use this screen does not place. It is governed here because Table 140-1's cells are quoted for the permission, and the note sits on another row of the same table","['EG2', 'IG2']",['quadplex_allowed'],2,agree,not_ours,,clear,"Commercial Parking is a primary use category, parking run as a business; the parking court serving our units is accessory parking and is not this use.",,False
00217,or/multnomah/_unincorporated/33.140.txt,412,15,or/multnomah/portland,"note 15 allows Agriculture with a Market Garden election. a limitation on a use this screen does not place. It is governed here because Table 140-1's cells are quoted for the permission, and the note sits on another row of the same table","['EG2', 'IG2']",['quadplex_allowed'],2,agree,not_ours,,clear,Agriculture use category.,,False
00218,or/multnomah/_unincorporated/33.140.txt,416,16,or/multnomah/portland,"note 16 freezes Bulk Fossil Fuel Terminals at their 31 August 2022 storage capacity, prohibits coal storage, and prohibits new terminals outright. a limitation on a use this screen does not place. It is governed here because Table 140-1's cells are quoted for the permission, and the note sits on another row of the same table","['EG2', 'IG2']",['quadplex_allowed'],2,agree,not_ours,,clear,Bulk Fossil Fuel Terminals only.,,False
00219,or/multnomah/_unincorporated/33.140.txt,631,1,or/multnomah/portland,"Table 140-3's residential setbacks ""do not apply to lot lines that abut lots in the RX zone"". A relief, and one that rests on the neighbour's zoning rather than on this lot -- the same unheld fact the EX side and rear setbacks already stand at 10 ft for. Declining it keeps the 10; taking it would need the abutting parcel's zone, which this screen does not read. Not `unmeasured`, because the standard the note relieves is already encoded at its binding value and no verdict waits on the note. The digest moved because the body used to carry the page footer it was printed under; Portland's frame is recognised now -- this one ended on ""Title 33, Planning and Zoning""","['EG2', 'IG2']",['quadplex_allowed'],2,disagree,reaches,looser,clear,"Table 140-3 imposes the 15 ft building setback and 10 ft L3 buffer our building must meet in EG2 and IG2 on any lot line abutting an R-zoned lot, and this note lifts that requirement where the abutting lot is RX, so it relaxes a standard we are otherwise held to.",,False
00220,or/multnomah/fairview/19.30.txt,181,1,or/multnomah/fairview,"FMC 19.30.080 ""provides standards for the following land uses"" and then lists six: accessory dwellings, manufactured homes, residential care homes and facilities, community services and parks, accessory uses and structures, and bed and breakfast inns. A quadplex is none of them. The note marks the multi-unit, manufactured home park and conditional-use rows of Table 19.30.020.A, and it blocks the pod's value only because the region rule governs by table rather than by row","['R-10', 'R-6', 'R-7.5', 'R/MH', 'RM']",['quadplex_allowed'],5,agree,not_ours,,unclear,"Every row carrying (1) that is visible in the passage is a conditional non-residential use (bed and breakfast inns, community services/parks), but the dwelling-type rows of the table are cropped out, so the passage cannot prove no residential row carries this mark.",,False
00221,or/multnomah/fairview/19.30.txt,182,2,or/multnomah/fairview,"FMC 19.30.090 is the RM district's own section, and its standards are headed ""Multi-Unit Housing Development Standards"" and ""Design Standards for Muti-Unit Housing, Public and Institutional Buildings, Residential Commercial/Mixed Use Buildings"". Fairview defines a multi-unit dwelling as ""a building containing five or more dwelling units or five or more dwelling units in two or more buildings"" (FMC 19.13, L383) and a quadplex as four on a lot (L465), so the four-unit pod is not multi-unit housing and does not owe 19.30.090.B.1's 10 percent common open space or B.2's per- unit patios and balconies. The note marks the Multi-Unit Dwellings row, which is the row those definitions belong to","['R-10', 'R-6', 'R-7.5', 'R/MH', 'RM']",['quadplex_allowed'],5,narrower,some_zones,neither,inferred,"It adds a further body of standards to residential development in the RM district only, so it reaches our pod in RM and not in R-6, R-7.5, R-10 or R/MH; the note itself only points at 19.30.090 and states no number, though 'additional standards' implies requirements nobody has read.",RM,False
00222,or/multnomah/fairview/19.30.txt,183,3,or/multnomah/fairview,"Chapter 19.490 FMC is Miscellaneous Permits -- temporary uses, home occupations and the like -- and the note marks the rows for those uses. Placing a permanent four-unit dwelling is not a temporary use or a home occupation, and the chapter is not fetched because nothing in it reaches a value this layer encodes","['R-10', 'R-6', 'R-7.5', 'R/MH', 'RM']",['quadplex_allowed'],5,agree,not_ours,,clear,Marked on the home occupations and temporary uses row; neither is our use.,,False
00223,or/multnomah/fairview/19.30.txt,184,4,or/multnomah/fairview,"FMC 19.30.050 is the townhouse design standards, and Fairview defines a townhouse as a unit in a row of attached units ""where each dwelling unit is located on an individual lot or parcel"" (FMC 19.13, L573). The pod is four attached units on one lot, which is the definition of a quadplex in the same glossary, so the townhouse row and this note are not its row and not its note. The distinction matters twice over: Fairview also runs a Townhouse Overlay zone off the same word","['R-10', 'R-6', 'R-7.5', 'R/MH', 'RM']",['quadplex_allowed'],5,disagree,reaches,neither,inferred,"Our pod is four attached units, so Fairview's townhouse design standards plausibly bind it in every listed residential district (the code also runs a separate quadplex track at note (5)); the note itself only points at 19.30.050 and moves no number, but the standards it invokes have never been read.",,False
00224,or/multnomah/fairview/19.30.txt,186,6,or/multnomah/fairview,"FMC 19.30.060 is the cottage cluster design standards and the note marks the Cottage Cluster row. A cottage cluster is detached units around a common courtyard; the pod is one attached building of four, and Fairview gives it its own row and its own note","['R-10', 'R-6', 'R-7.5', 'R/MH', 'RM']",['quadplex_allowed'],5,agree,not_ours,,clear,Cottage cluster is a different building type; our pod is one attached four-unit building.,,False
00225,or/multnomah/gresham/4.0100.residential.txt,194,1,or/multnomah/gresham,"Table 4.0120 marks the cells it limits; the Quadplex and Townhouse rows are a bare P in all seven districts, so no note of this table reaches the use this layer encodes","['LDR-5', 'LDR-7', 'MDR-12', 'MDR-24', 'OFR', 'TLDR', 'TR']",['quadplex_allowed'],7,agree,not_ours,,inferred,Both sentences are about single detached dwellings; our four attached units on one lot are not a detached dwelling.,,False
00226,or/multnomah/gresham/4.0100.residential.txt,195,2,or/multnomah/gresham,"transitional housing for individuals leaving incarceration facilities is subject to Special Use Review. Marked on the Multi- Family/Shared Housing Facility row label. The pod reads the Quadplex row, which carries only the L1 in DCC and DTM, and the Townhouse row, which is a bare P in all six sub-districts","['LDR-5', 'LDR-7', 'MDR-12', 'MDR-24', 'OFR', 'TLDR', 'TR']",['quadplex_allowed'],7,agree,not_ours,,clear,"Different use (transitional housing), not a four-unit attached townhome.",,False
00227,or/multnomah/gresham/4.0100.residential.txt,196,3,or/multnomah/gresham,"Table 4.0120 marks the cells it limits; the Quadplex and Townhouse rows are a bare P in all seven districts, so no note of this table reaches the use this layer encodes","['LDR-5', 'LDR-7', 'MDR-12', 'MDR-24', 'OFR', 'TLDR', 'TR']",['quadplex_allowed'],7,agree,not_ours,,clear,"Applies to hotel/motel conversions to shelter or affordable housing, not to new construction of a fourplex.",,False
00228,or/multnomah/gresham/4.0100.residential.txt,198,4,or/multnomah/gresham,"Table 4.0120 marks the cells it limits; the Quadplex and Townhouse rows are a bare P in all seven districts, so no note of this table reaches the use this layer encodes","['LDR-5', 'LDR-7', 'MDR-12', 'MDR-24', 'OFR', 'TLDR', 'TR']",['quadplex_allowed'],7,disagree,reaches,stricter,unclear,"The note names no use and the row carrying mark 4 is not in the excerpt, so it cannot be ruled out; if it marks a housing row the locational limits in Section 8.0114 would restrict where our pod may be placed, so it should be read rather than waved away.",,True
00229,or/multnomah/gresham/4.0100.residential.txt,199,5,or/multnomah/gresham,"Table 4.0120 marks the cells it limits; the Quadplex and Townhouse rows are a bare P in all seven districts, so no note of this table reaches the use this layer encodes","['LDR-5', 'LDR-7', 'MDR-12', 'MDR-24', 'OFR', 'TLDR', 'TR']",['quadplex_allowed'],7,agree,not_ours,,inferred,"Conditioned on the development being affordable housing, which our pod is not, and it only permits more rather than less.",,False
00230,or/multnomah/gresham/4.0100.residential.txt,202,6,or/multnomah/gresham,"Table 4.0120 marks the cells it limits; the Quadplex and Townhouse rows are a bare P in all seven districts, so no note of this table reaches the use this layer encodes","['LDR-5', 'LDR-7', 'MDR-12', 'MDR-24', 'OFR', 'TLDR', 'TR']",['quadplex_allowed'],7,agree,not_ours,,inferred,Applies only to affordable housing developments; our market-rate pod is not one.,,False
00231,or/multnomah/gresham/4.0100.residential.txt,203,7,or/multnomah/gresham,"Table 4.0120 marks the cells it limits; the Quadplex and Townhouse rows are a bare P in all seven districts, so no note of this table reaches the use this layer encodes","['LDR-5', 'LDR-7', 'MDR-12', 'MDR-24', 'OFR', 'TLDR', 'TR']",['quadplex_allowed'],7,agree,not_ours,,clear,"Commercial uses, not a dwelling.",,False
00232,or/multnomah/gresham/4.0100.residential.txt,205,8,or/multnomah/gresham,"a cross-reference to Section 10.0900 for additional standards, marked on the Renewable Energy Uses category heading","['LDR-5', 'LDR-7', 'MDR-12', 'MDR-24', 'OFR', 'TLDR', 'TR']",['quadplex_allowed'],7,agree,not_ours,,clear,"Mark 8 sits on the RENEWABLE ENERGY category heading in the passage (L177), so the additional standards are for energy systems, not for our building.",,False
00233,or/multnomah/gresham/4.0100.residential.txt,206,9,or/multnomah/gresham,"Table 4.0120 marks the cells it limits; the Quadplex and Townhouse rows are a bare P in all seven districts, so no note of this table reaches the use this layer encodes","['LDR-5', 'LDR-7', 'MDR-12', 'MDR-24', 'OFR', 'TLDR', 'TR']",['quadplex_allowed'],7,agree,not_ours,,clear,Mark 9 is on the Solar Energy Systems row; not our use.,,False
00234,or/multnomah/gresham/4.0100.residential.txt,207,10,or/multnomah/gresham,"Table 4.0120 marks the cells it limits; the Quadplex and Townhouse rows are a bare P in all seven districts, so no note of this table reaches the use this layer encodes","['LDR-5', 'LDR-7', 'MDR-12', 'MDR-24', 'OFR', 'TLDR', 'TR']",['quadplex_allowed'],7,agree,not_ours,,clear,Mark 10 is on the Wind Energy Systems row; not our use.,,False
00235,or/multnomah/gresham/4.0100.residential.txt,208,11,or/multnomah/gresham,"Table 4.0120 marks the cells it limits; the Quadplex and Townhouse rows are a bare P in all seven districts, so no note of this table reaches the use this layer encodes","['LDR-5', 'LDR-7', 'MDR-12', 'MDR-24', 'OFR', 'TLDR', 'TR']",['quadplex_allowed'],7,agree,not_ours,,clear,Mark 11 is on the Biomass Energy Systems row; not our use.,,False
00236,or/multnomah/gresham/4.0100.residential.txt,209,12,or/multnomah/gresham,"Table 4.0120 marks the cells it limits; the Quadplex and Townhouse rows are a bare P in all seven districts, so no note of this table reaches the use this layer encodes","['LDR-5', 'LDR-7', 'MDR-12', 'MDR-24', 'OFR', 'TLDR', 'TR']",['quadplex_allowed'],7,agree,not_ours,,clear,Mark 12 is on the Geothermal Energy Systems row; not our use.,,False
00237,or/multnomah/gresham/4.0100.residential.txt,213,13,or/multnomah/gresham,"Table 4.0120 marks the cells it limits; the Quadplex and Townhouse rows are a bare P in all seven districts, so no note of this table reaches the use this layer encodes","['LDR-5', 'LDR-7', 'MDR-12', 'MDR-24', 'OFR', 'TLDR', 'TR']",['quadplex_allowed'],7,agree,not_ours,,clear,Mark 13 is on the Micro-Hydro Energy Systems row; not our use.,,False
00238,or/multnomah/gresham/4.0100.residential.txt,214,14,or/multnomah/gresham,"Table 4.0120 marks the cells it limits; the Quadplex and Townhouse rows are a bare P in all seven districts, so no note of this table reaches the use this layer encodes","['LDR-5', 'LDR-7', 'MDR-12', 'MDR-24', 'OFR', 'TLDR', 'TR']",['quadplex_allowed'],7,agree,not_ours,,clear,"Mark 14 is on the Major basic utilities row; a prohibition on a utility use, not on a dwelling.",,False
00239,or/multnomah/gresham/4.0100.residential.txt,215,15,or/multnomah/gresham,"Table 4.0120 marks the cells it limits; the Quadplex and Townhouse rows are a bare P in all seven districts, so no note of this table reaches the use this layer encodes","['LDR-5', 'LDR-7', 'MDR-12', 'MDR-24', 'OFR', 'TLDR', 'TR']",['quadplex_allowed'],7,agree,not_ours,,clear,Mark 15 is on the Heliports row; not our use.,,False
00240,or/multnomah/gresham/4.0100.residential.txt,216,16,or/multnomah/gresham,"Table 4.0120 marks the cells it limits; the Quadplex and Townhouse rows are a bare P in all seven districts, so no note of this table reaches the use this layer encodes","['LDR-5', 'LDR-7', 'MDR-12', 'MDR-24', 'OFR', 'TLDR', 'TR']",['quadplex_allowed'],7,agree,not_ours,,clear,"Limits cottage clusters, a housing type our pod explicitly is not.",,False
00241,or/multnomah/gresham/4.0100.residential.txt,373,1,or/multnomah/gresham,"note 1, and it is about when a manufactured dwelling park must meet the site minimum; the pod is neither","['CMF', 'LDR-5', 'LDR-7', 'MDR-12', 'MDR-24', 'OFR', 'TLDR', 'TR']","['max_density_du_per_acre', 'max_density_du_per_acre [unit_lots]', 'max_far', 'max_height_ft', 'max_height_ft [civic_corridor]', 'min_density_du_per_acre', 'min_density_du_per_acre []', 'min_frontage_ft', 'min_frontage_ft [abuts_alley+corner_lot+unit_lots]', 'min_frontage_ft [corner_lot+unit_lots]', 'min_frontage_ft [corner_lot]', 'min_frontage_ft [unit_lots]', 'min_lot_depth_ft', 'min_lot_depth_ft [corner_lot]', 'min_lot_depth_ft [unit_lots]', 'min_lot_sqft', 'min_lot_sqft [unit_lots]', 'min_lot_width_ft', 'min_lot_width_ft [abuts_alley+corner_lot+unit_lots]', 'min_lot_width_ft [corner_lot+unit_lots]', 'min_lot_width_ft [corner_lot]', 'min_lot_width_ft [unit_lots]']",100,agree,not_ours,,clear,Names manufactured dwelling parks only.,,False
00242,or/multnomah/gresham/4.0100.residential.txt,374,2,or/multnomah/gresham,"note 2 lets an undersized lot of record be developed anyway; it can only relax the minimum lot size this screen enforces, so ignoring it costs lots we called too small and never the other way","['CMF', 'LDR-5', 'LDR-7', 'MDR-12', 'MDR-24', 'OFR', 'TLDR', 'TR']","['max_density_du_per_acre', 'max_density_du_per_acre [unit_lots]', 'max_far', 'max_height_ft', 'max_height_ft [civic_corridor]', 'min_density_du_per_acre', 'min_density_du_per_acre []', 'min_frontage_ft', 'min_frontage_ft [abuts_alley+corner_lot+unit_lots]', 'min_frontage_ft [corner_lot+unit_lots]', 'min_frontage_ft [corner_lot]', 'min_frontage_ft [unit_lots]', 'min_lot_depth_ft', 'min_lot_depth_ft [corner_lot]', 'min_lot_depth_ft [unit_lots]', 'min_lot_sqft', 'min_lot_sqft [unit_lots]', 'min_lot_width_ft', 'min_lot_width_ft [abuts_alley+corner_lot+unit_lots]', 'min_lot_width_ft [corner_lot+unit_lots]', 'min_lot_width_ft [corner_lot]', 'min_lot_width_ft [unit_lots]']",100,disagree,reaches,looser,clear,"An undersized existing lot of record may still be developed with any use the district permits, which includes our fourplex where fourplexes are allowed, so it relaxes the minimum lot size our pod must meet.",,False
00243,or/multnomah/gresham/4.0100.residential.txt,376,3,or/multnomah/gresham,"note 3 switches off the minimum density for affordable housing -- a relaxation, and one that turns on an election nobody has made","['CMF', 'LDR-5', 'LDR-7', 'MDR-12', 'MDR-24', 'OFR', 'TLDR', 'TR']","['max_density_du_per_acre', 'max_density_du_per_acre [unit_lots]', 'max_far', 'max_height_ft', 'max_height_ft [civic_corridor]', 'min_density_du_per_acre', 'min_density_du_per_acre []', 'min_frontage_ft', 'min_frontage_ft [abuts_alley+corner_lot+unit_lots]', 'min_frontage_ft [corner_lot+unit_lots]', 'min_frontage_ft [corner_lot]', 'min_frontage_ft [unit_lots]', 'min_lot_depth_ft', 'min_lot_depth_ft [corner_lot]', 'min_lot_depth_ft [unit_lots]', 'min_lot_sqft', 'min_lot_sqft [unit_lots]', 'min_lot_width_ft', 'min_lot_width_ft [abuts_alley+corner_lot+unit_lots]', 'min_lot_width_ft [corner_lot+unit_lots]', 'min_lot_width_ft [corner_lot]', 'min_lot_width_ft [unit_lots]']",100,agree,not_ours,,inferred,"Waives minimum density only for affordable housing, which our pod is not, and only in the loosening direction.",,False
00244,or/multnomah/gresham/4.0100.residential.txt,377,4,or/multnomah/gresham,"note 4 switches off the minimum density on the partition of a parent parcel of 20,000 net sq ft or less in LDR-5, LDR-7 and TR, and 13,000 or less in TLDR. Declined on both readings: a partition is a division into three lots or fewer and the split-plat path makes four, and even where it did reach, switching a floor off is a relaxation. What the district characteristics say alongside it, and what this ruling has to be read against: 4.0110 through 4.0112 state the floor as ""for all subdivisions, and for those partitions of parent parcels greater than 20,000 square feet, a minimum net density of 6.22 units per acre is required"". Read strictly that is a standard on a land division, and a quadplex built on a lot nobody divides is neither a subdivision nor a partition. The floor is encoded from Table 4.0130 row C anyway, because the table states it without that limiter and the characteristics section describes rather than requires. It costs nothing today: a floor is checked against the lot's gross acre, which is a bound and not the net acre the standard names, so a lot that fails it is reported unobserved rather than red. If net area is ever measured, this paragraph is where the question lives","['CMF', 'LDR-5', 'LDR-7', 'MDR-12', 'MDR-24', 'OFR', 'TLDR', 'TR']","['max_density_du_per_acre', 'max_density_du_per_acre [unit_lots]', 'max_far', 'max_height_ft', 'max_height_ft [civic_corridor]', 'min_density_du_per_acre', 'min_density_du_per_acre []', 'min_frontage_ft', 'min_frontage_ft [abuts_alley+corner_lot+unit_lots]', 'min_frontage_ft [corner_lot+unit_lots]', 'min_frontage_ft [corner_lot]', 'min_frontage_ft [unit_lots]', 'min_lot_depth_ft', 'min_lot_depth_ft [corner_lot]', 'min_lot_depth_ft [unit_lots]', 'min_lot_sqft', 'min_lot_sqft [unit_lots]', 'min_lot_width_ft', 'min_lot_width_ft [abuts_alley+corner_lot+unit_lots]', 'min_lot_width_ft [corner_lot+unit_lots]', 'min_lot_width_ft [corner_lot]', 'min_lot_width_ft [unit_lots]']",100,agree,not_ours,,clear,"Attaches to partitions of a parent parcel; we are not dividing land, and it only waives a standard.",,False
00245,or/multnomah/gresham/4.0100.residential.txt,380,6,or/multnomah/gresham,"note 6 offers a density bonus to affordable housing; a relaxation, and one that turns on an election nobody has made","['CMF', 'LDR-5', 'LDR-7', 'MDR-12', 'MDR-24', 'OFR', 'TLDR', 'TR']","['max_density_du_per_acre', 'max_density_du_per_acre [unit_lots]', 'max_far', 'max_height_ft', 'max_height_ft [civic_corridor]', 'min_density_du_per_acre', 'min_density_du_per_acre []', 'min_frontage_ft', 'min_frontage_ft [abuts_alley+corner_lot+unit_lots]', 'min_frontage_ft [corner_lot+unit_lots]', 'min_frontage_ft [corner_lot]', 'min_frontage_ft [unit_lots]', 'min_lot_depth_ft', 'min_lot_depth_ft [corner_lot]', 'min_lot_depth_ft [unit_lots]', 'min_lot_sqft', 'min_lot_sqft [unit_lots]', 'min_lot_width_ft', 'min_lot_width_ft [abuts_alley+corner_lot+unit_lots]', 'min_lot_width_ft [corner_lot+unit_lots]', 'min_lot_width_ft [corner_lot]', 'min_lot_width_ft [unit_lots]']",100,agree,not_ours,,inferred,"A bonus available only to affordable housing developments, which our pod is not.",,False
00246,or/multnomah/gresham/4.0100.residential.txt,381,7,or/multnomah/gresham,"note 7 requires townhouse lots under 22 feet wide to take access from an alley or a shared access; the pod's four units are served by one shared driveway to a rear court, so it is satisfied by the design rather than by the parcel","['CMF', 'LDR-5', 'LDR-7', 'MDR-12', 'MDR-24', 'OFR', 'TLDR', 'TR']","['max_density_du_per_acre', 'max_density_du_per_acre [unit_lots]', 'max_far', 'max_height_ft', 'max_height_ft [civic_corridor]', 'min_density_du_per_acre', 'min_density_du_per_acre []', 'min_frontage_ft', 'min_frontage_ft [abuts_alley+corner_lot+unit_lots]', 'min_frontage_ft [corner_lot+unit_lots]', 'min_frontage_ft [corner_lot]', 'min_frontage_ft [unit_lots]', 'min_lot_depth_ft', 'min_lot_depth_ft [corner_lot]', 'min_lot_depth_ft [unit_lots]', 'min_lot_sqft', 'min_lot_sqft [unit_lots]', 'min_lot_width_ft', 'min_lot_width_ft [abuts_alley+corner_lot+unit_lots]', 'min_lot_width_ft [corner_lot+unit_lots]', 'min_lot_width_ft [corner_lot]', 'min_lot_width_ft [unit_lots]']",100,agree,not_ours,,inferred,"The trigger is a townhouse lot narrower than 22 feet; our four attached units share one undivided lot that must be far wider than that, so the condition cannot arise, though it would bind vehicle access if unit lots were ever created.",,False
00247,or/multnomah/gresham/4.0100.residential.txt,383,9,or/multnomah/gresham,"note 9 offers a discretionary reduction of the minimum street frontage under Section 10.1520; relief is priced after a standard is missed, not folded into which standard applies","['CMF', 'LDR-5', 'LDR-7', 'MDR-12', 'MDR-24', 'OFR', 'TLDR', 'TR']","['max_density_du_per_acre', 'max_density_du_per_acre [unit_lots]', 'max_far', 'max_height_ft', 'max_height_ft [civic_corridor]', 'min_density_du_per_acre', 'min_density_du_per_acre []', 'min_frontage_ft', 'min_frontage_ft [abuts_alley+corner_lot+unit_lots]', 'min_frontage_ft [corner_lot+unit_lots]', 'min_frontage_ft [corner_lot]', 'min_frontage_ft [unit_lots]', 'min_lot_depth_ft', 'min_lot_depth_ft [corner_lot]', 'min_lot_depth_ft [unit_lots]', 'min_lot_sqft', 'min_lot_sqft [unit_lots]', 'min_lot_width_ft', 'min_lot_width_ft [abuts_alley+corner_lot+unit_lots]', 'min_lot_width_ft [corner_lot+unit_lots]', 'min_lot_width_ft [corner_lot]', 'min_lot_width_ft [unit_lots]']",100,narrower,some_zones,looser,clear,"Minimum street frontage is a standard our pod must satisfy and this note allows it to be reduced on documented compliance, but only in the four districts it names, not in MDR-12, MDR-24 or OFR.","LDR-5,LDR-7,TR,TLDR",False
00248,or/multnomah/gresham/4.0100.residential.txt,387,11,or/multnomah/gresham,"note 11 offers a height bonus to affordable housing; a relaxation, and one that turns on an election nobody has made","['CMF', 'LDR-5', 'LDR-7', 'MDR-12', 'MDR-24', 'OFR', 'TLDR', 'TR']","['max_density_du_per_acre', 'max_density_du_per_acre [unit_lots]', 'max_far', 'max_height_ft', 'max_height_ft [civic_corridor]', 'min_density_du_per_acre', 'min_density_du_per_acre []', 'min_frontage_ft', 'min_frontage_ft [abuts_alley+corner_lot+unit_lots]', 'min_frontage_ft [corner_lot+unit_lots]', 'min_frontage_ft [corner_lot]', 'min_frontage_ft [unit_lots]', 'min_lot_depth_ft', 'min_lot_depth_ft [corner_lot]', 'min_lot_depth_ft [unit_lots]', 'min_lot_sqft', 'min_lot_sqft [unit_lots]', 'min_lot_width_ft', 'min_lot_width_ft [abuts_alley+corner_lot+unit_lots]', 'min_lot_width_ft [corner_lot+unit_lots]', 'min_lot_width_ft [corner_lot]', 'min_lot_width_ft [unit_lots]']",100,agree,not_ours,,inferred,"A height bonus reserved for affordable housing developments, which our pod is not.",,False
00249,or/multnomah/gresham/4.0100.residential.txt,426,3,or/multnomah/gresham,"the zero lot line option is only available on a lot a land division designated as one; the pod is screened against the ordinary side yards, which is a compliance path that needs no designation","['LDR-5', 'LDR-7', 'MDR-12', 'MDR-24', 'OFR', 'TLDR', 'TR']","['setback_front_ft', 'setback_garage_entrance_ft', 'setback_rear_ft', 'setback_rear_ft [abuts_alley+unit_lots]', 'setback_rear_ft [abuts_alley]', 'setback_rear_ft [unit_lots]', 'setback_side_ft', 'setback_side_ft [unit_lots]', 'setback_street_side_ft', 'setback_street_side_ft [unit_lots]']",51,disagree,reaches,stricter,clear,"The zero-lot-line side setback is available only on a lot designated as such through a land division, and our pod involves no land division, so it must meet the ordinary side setback rather than the zero option.",,True
00250,or/multnomah/gresham/4.0100.residential.txt,427,4,or/multnomah/gresham,points at Section 10.0200 for detached accessory structures and patio covers; the pod is neither,"['LDR-5', 'LDR-7', 'MDR-12', 'MDR-24', 'OFR', 'TLDR', 'TR']","['setback_front_ft', 'setback_garage_entrance_ft', 'setback_rear_ft', 'setback_rear_ft [abuts_alley+unit_lots]', 'setback_rear_ft [abuts_alley]', 'setback_rear_ft [unit_lots]', 'setback_side_ft', 'setback_side_ft [unit_lots]', 'setback_street_side_ft', 'setback_street_side_ft [unit_lots]']",51,agree,not_ours,,clear,A pointer to accessory-structure and patio-cover setbacks; our pod is neither and builds neither.,,False
00251,or/multnomah/gresham/4.0100.residential.txt,430,6,or/multnomah/gresham,"note 6 sets the distance between two major structures on one lot -- 20 feet, or 10 for townhouse-style multi-family; the pod is a single structure, so there is no second one to stand away from. The digest moved because the 10-foot figure used to be read as a note ten of its own, and is part of note 6's body now","['LDR-5', 'LDR-7', 'MDR-12', 'MDR-24', 'OFR', 'TLDR', 'TR']","['setback_front_ft', 'setback_garage_entrance_ft', 'setback_rear_ft', 'setback_rear_ft [abuts_alley+unit_lots]', 'setback_rear_ft [abuts_alley]', 'setback_rear_ft [unit_lots]', 'setback_side_ft', 'setback_side_ft [unit_lots]', 'setback_street_side_ft', 'setback_street_side_ft [unit_lots]']",51,disagree,reaches,stricter,inferred,"It names townhouse style multi-family dwellings on the same lot and sets a minimum separation between major structures (10 ft for us, 20 ft otherwise) - a distance standard the screen does not hold, binding as soon as anything else major shares the lot.",,True
00252,or/multnomah/gresham/4.0100.residential.txt,433,7,or/multnomah/gresham,"note 7 gives MDR-12, MDR-24 and OFR the maximum front and street- side setbacks that Table 4.0430 states for the Corridor Multi- family district -- 20 feet. It is marked on the Multi-family heading at L412 and nowhere else. This layer reads the MDR setbacks off L403, the row for a single detached dwelling, duplex, triplex and quadplex, so the maximum does not reach the pod. Worth remembering if a zone is ever encoded off the Multi-family row: the field exists for the front (setback_front_max_ft, as CMF carries it) and there is no field yet for a street-side maximum","['LDR-5', 'LDR-7', 'MDR-12', 'MDR-24', 'OFR', 'TLDR', 'TR']","['setback_front_ft', 'setback_garage_entrance_ft', 'setback_rear_ft', 'setback_rear_ft [abuts_alley+unit_lots]', 'setback_rear_ft [abuts_alley]', 'setback_rear_ft [unit_lots]', 'setback_side_ft', 'setback_side_ft [unit_lots]', 'setback_street_side_ft', 'setback_street_side_ft [unit_lots]']",51,narrower,some_zones,stricter,inferred,Its own words add MAXIMUM front and street-side setbacks in exactly those three zones - a ceiling the table's minimums do not imply and that a screen holding only minimums would miss.,"MDR-12,MDR-24,OFR",True
00253,or/multnomah/gresham/4.0200.commercial.txt,123,1,or/multnomah/gresham,"a note of Section 4.0200, whose use table has one column and reads NP on the Quadplex row with no marker on it; note 1 marks the RESIDENTIAL heading and permits home occupations and a temporary health hardship dwelling alongside a PRE-EXISTING dwelling; it creates no dwelling and reaches nothing new",['NC'],['quadplex_allowed'],1,agree,not_ours,,clear,Home occupations and temporary health-hardship dwellings - different uses.,,False
00254,or/multnomah/gresham/4.0200.commercial.txt,125,2,or/multnomah/gresham,"a note of Section 4.0200, whose use table has one column and reads NP on the Quadplex row with no marker on it; an affordable housing note; a permission resting on an election nobody has made",['NC'],['quadplex_allowed'],1,disagree,reaches,stricter,unclear,"This note sits over NC fourplex-allowed and the only residential permission it states is for an Affordable Housing Development; if it is the footnote on the household-living row then a market-rate fourplex is not permitted in NC, but the passage does not show which use row carries the marker.",,True
00255,or/multnomah/gresham/4.0200.commercial.txt,129,3,or/multnomah/gresham,"a note of Table 4.1520, the use table for the Village Center, Regional Transit Industrial, Industrial and Neighbourhood Commercial districts; the Quadplex and Townhouse rows read NP in every column of that table, so no note of it can reach the use this layer screens in RTI-SW or IND-SW, and the other two columns are not encoded",['NC'],['quadplex_allowed'],1,agree,not_ours,,clear,Gas stations and retail - a different use.,,False
00256,or/multnomah/gresham/4.0200.commercial.txt,130,4,or/multnomah/gresham,"a note of Table 4.1520, the use table for the Village Center, Regional Transit Industrial, Industrial and Neighbourhood Commercial districts; the Quadplex and Townhouse rows read NP in every column of that table, so no note of it can reach the use this layer screens in RTI-SW or IND-SW, and the other two columns are not encoded",['NC'],['quadplex_allowed'],1,agree,not_ours,,clear,"Commercial tenant-size limits, not a dwelling standard.",,False
00257,or/multnomah/gresham/4.0200.commercial.txt,137,5,or/multnomah/gresham,an accessory use to Medical and Civic Uses; not our use,['NC'],['quadplex_allowed'],1,agree,not_ours,,clear,Heliports accessory to medical and civic uses.,,False
00258,or/multnomah/gresham/4.0200.commercial.txt,138,6,or/multnomah/gresham,"a cross-reference to Section 10.0900 for additional standards, marked on the Renewable Energy Uses category heading",['NC'],['quadplex_allowed'],1,agree,not_ours,,clear,Marker 6 sits on the RENEWABLE ENERGY heading row; not our building.,,False
00259,or/multnomah/gresham/4.0200.commercial.txt,139,7,or/multnomah/gresham,"a note of Section 4.0200, whose use table has one column and reads NP on the Quadplex row with no marker on it; marks the Solar Energy Systems row",['NC'],['quadplex_allowed'],1,agree,not_ours,,clear,Solar energy systems.,,False
00260,or/multnomah/gresham/4.0200.commercial.txt,140,8,or/multnomah/gresham,"a note of Section 4.0200, whose use table has one column and reads NP on the Quadplex row with no marker on it; marks the Wind Energy Systems row",['NC'],['quadplex_allowed'],1,agree,not_ours,,clear,Wind energy systems.,,False
00261,or/multnomah/gresham/4.0200.commercial.txt,141,9,or/multnomah/gresham,"a note of Section 4.0200, whose use table has one column and reads NP on the Quadplex row with no marker on it; marks the Biomass Energy Systems row",['NC'],['quadplex_allowed'],1,agree,not_ours,,clear,Biomass energy systems.,,False
00262,or/multnomah/gresham/4.0200.commercial.txt,142,10,or/multnomah/gresham,"a note of Section 4.0200, whose use table has one column and reads NP on the Quadplex row with no marker on it; marks the Geothermal Energy Systems row",['NC'],['quadplex_allowed'],1,agree,not_ours,,clear,Geothermal energy systems.,,False
00263,or/multnomah/gresham/4.0200.commercial.txt,143,11,or/multnomah/gresham,"a note of Section 4.0200, whose use table has one column and reads NP on the Quadplex row with no marker on it; marks the Micro-Hydro Energy Systems row",['NC'],['quadplex_allowed'],1,agree,not_ours,,clear,Micro-hydro energy systems.,,False
00264,or/multnomah/gresham/4.0200.commercial.txt,144,12,or/multnomah/gresham,"a note of Section 4.0200, whose use table has one column and reads NP on the Quadplex row with no marker on it; sends marijuana businesses to GRC 9.63.090; not our use",['NC'],['quadplex_allowed'],1,agree,not_ours,,clear,Marijuana businesses.,,False
00265,or/multnomah/gresham/4.0300.industrial.txt,130,1,or/multnomah/gresham,"a note of Section 4.0300, whose use table reads NP down the whole residential block in both columns and puts no marker on the Quadplex row; an affordable housing note, and one gated on public-body ownership or a 2009 title; a permission resting on an election nobody has made and a fact nobody holds","['GI', 'HI']",['quadplex_allowed'],2,disagree,reaches,stricter,inferred,"In the GI/HI industrial table this is the residential permission, and it is conditioned on public-body ownership or a title held by the governing body as of April 2, 2009 - a market-rate fourplex meets neither, so an unconditional fourplex-allowed in GI and HI is one condition looser than the code.",,True
00266,or/multnomah/gresham/4.0300.industrial.txt,134,2,or/multnomah/gresham,"a note of Section 4.0300, whose use table reads NP down the whole residential block in both columns and puts no marker on the Quadplex row; defines which retail and professional services the Business and Retail Service and Trade row covers; not our use","['GI', 'HI']",['quadplex_allowed'],2,agree,not_ours,,clear,Retail and office space inside industrial districts.,,False
00267,or/multnomah/gresham/4.0300.industrial.txt,151,3,or/multnomah/gresham,"a note of Section 4.0300, whose use table reads NP down the whole residential block in both columns and puts no marker on the Quadplex row; limits administrative offices in HI to 20 percent of floor area; not our use","['GI', 'HI']",['quadplex_allowed'],2,agree,not_ours,,clear,Administrative offices in HI.,,False
00268,or/multnomah/gresham/4.0300.industrial.txt,154,4,or/multnomah/gresham,"a note of Section 4.0300, whose use table reads NP down the whole residential block in both columns and puts no marker on the Quadplex row; prohibits auto and truck salvaging in GI and sets a 100-foot separation for miscellaneous industrial uses; not our use","['GI', 'HI']",['quadplex_allowed'],2,agree,not_ours,,clear,"Constrains where industrial uses may sit relative to residential land, not what our dwelling must satisfy.",,False
00269,or/multnomah/gresham/4.0300.industrial.txt,157,5,or/multnomah/gresham,"a note of Section 4.0300, whose use table reads NP down the whole residential block in both columns and puts no marker on the Quadplex row; governs waste management uses and their separation from residentially designated land; not our use","['GI', 'HI']",['quadplex_allowed'],2,agree,not_ours,,clear,Waste management uses.,,False
00270,or/multnomah/gresham/4.0300.industrial.txt,160,6,or/multnomah/gresham,"a note of Section 4.0300, whose use table reads NP down the whole residential block in both columns and puts no marker on the Quadplex row; lists the Community Service uses the two districts refuse; not our use","['GI', 'HI']",['quadplex_allowed'],2,agree,not_ours,,clear,Community service uses.,,False
00271,or/multnomah/gresham/4.0300.industrial.txt,162,7,or/multnomah/gresham,"a note of Section 4.0300, whose use table reads NP down the whole residential block in both columns and puts no marker on the Quadplex row; governs parks, plazas and golf courses; not our use","['GI', 'HI']",['quadplex_allowed'],2,agree,not_ours,,clear,"Parks, open spaces and trails.",,False
00272,or/multnomah/gresham/4.0300.industrial.txt,167,8,or/multnomah/gresham,"a note of Section 4.0300, whose use table reads NP down the whole residential block in both columns and puts no marker on the Quadplex row; permits religious institutions and schools on a 2009 title; not our use","['GI', 'HI']",['quadplex_allowed'],2,agree,not_ours,,clear,Religious institutions and schools.,,False
00273,or/multnomah/gresham/4.0300.industrial.txt,170,9,or/multnomah/gresham,"a cross-reference to Section 10.0900 for additional standards, marked on the Renewable Energy Uses category heading","['GI', 'HI']",['quadplex_allowed'],2,agree,not_ours,,clear,Marker 9 sits on the Renewable Energy heading row of the industrial table.,,False
00274,or/multnomah/gresham/4.0300.industrial.txt,171,10,or/multnomah/gresham,"a note of Section 4.0300, whose use table reads NP down the whole residential block in both columns and puts no marker on the Quadplex row; marks the Solar Energy Systems row","['GI', 'HI']",['quadplex_allowed'],2,agree,not_ours,,clear,Solar energy systems.,,False
00275,or/multnomah/gresham/4.0300.industrial.txt,172,11,or/multnomah/gresham,"a note of Section 4.0300, whose use table reads NP down the whole residential block in both columns and puts no marker on the Quadplex row; marks the Wind Energy Systems row","['GI', 'HI']",['quadplex_allowed'],2,agree,not_ours,,clear,"Points to standards for wind energy systems, a use our residential pod does not include.",,False
00276,or/multnomah/gresham/4.0300.industrial.txt,176,12,or/multnomah/gresham,"a note of Section 4.0300, whose use table reads NP down the whole residential block in both columns and puts no marker on the Quadplex row; marks the Biomass Energy Systems row","['GI', 'HI']",['quadplex_allowed'],2,agree,not_ours,,clear,"Limits biomass energy systems, not a four-unit attached townhome.",,False
00277,or/multnomah/gresham/4.0300.industrial.txt,177,13,or/multnomah/gresham,"a note of Section 4.0300, whose use table reads NP down the whole residential block in both columns and puts no marker on the Quadplex row; marks the Geothermal Energy Systems row","['GI', 'HI']",['quadplex_allowed'],2,agree,not_ours,,clear,"Limits geothermal energy systems, not a four-unit attached townhome.",,False
00278,or/multnomah/gresham/4.0300.industrial.txt,178,14,or/multnomah/gresham,"a note of Section 4.0300, whose use table reads NP down the whole residential block in both columns and puts no marker on the Quadplex row; marks the Micro-Hydro Energy Systems row","['GI', 'HI']",['quadplex_allowed'],2,agree,not_ours,,clear,"Limits micro-hydro energy systems, not a four-unit attached townhome.",,False
00279,or/multnomah/gresham/4.0300.industrial.txt,179,15,or/multnomah/gresham,"a note of Section 4.0300, whose use table reads NP down the whole residential block in both columns and puts no marker on the Quadplex row; sends marijuana businesses to GRC 9.63.090; not our use","['GI', 'HI']",['quadplex_allowed'],2,agree,not_ours,,inferred,"The note names no use of its own; the identically worded corridor note (27) sits on the Marijuana Businesses row, so it points at a business-licensing chapter rather than at a dwelling, but its own words do not say what it hangs on.",,False
00280,or/multnomah/gresham/4.0400.corridor.txt,213,1,or/multnomah/gresham,"note 1 marks the Residential heading, and it permits an extra use -- temporary health hardship dwellings -- rather than limiting ours","['CC', 'CMF', 'CMU', 'MC', 'RTC', 'SC', 'SC-RJ']",['quadplex_allowed'],7,agree,not_ours,,clear,"Temporary health hardship dwellings are a separate temporary use, not our permanent four-unit building.",,False
00281,or/multnomah/gresham/4.0400.corridor.txt,219,3,or/multnomah/gresham,requires ground-floor non-residential frontage inside the Rockwood Town Center Mixed-Use Area; it marks a cell in a district this layer does not encode,"['CC', 'CMF', 'CMU', 'MC', 'RTC', 'SC', 'SC-RJ']",['quadplex_allowed'],7,disagree,reaches,stricter,inferred,"It governs 'all buildings', so an all-residential fourplex on a qualifying Stark frontage parcel inside the Rockwood mapped area is barred from occupying its own ground floor; the note names a map area rather than districts, so it can bite in any listed district the area covers.",,True
00282,or/multnomah/gresham/4.0400.corridor.txt,223,4,or/multnomah/gresham,"governs conversion of hotels, motels and commercial buildings to housing; the pod is new construction","['CC', 'CMF', 'CMU', 'MC', 'RTC', 'SC', 'SC-RJ']",['quadplex_allowed'],7,agree,not_ours,,clear,"Covers conversions of existing hotels, motels and commercial buildings; our pod is new factory-built construction, not a conversion.",,False
00283,or/multnomah/gresham/4.0400.corridor.txt,226,5,or/multnomah/gresham,applies to new multi-family in the SC district; neither the use nor the district is ours,"['CC', 'CMF', 'CMU', 'MC', 'RTC', 'SC', 'SC-RJ']",['quadplex_allowed'],7,narrower,some_zones,stricter,inferred,"On qualifying East Burnside parcels in SC a new multi-dwelling building must include commercial or institutional space, which an all-residential fourplex cannot supply; it turns on whether Gresham counts a four-unit building as Multi-family.",SC,True
00284,or/multnomah/gresham/4.0400.corridor.txt,232,6,or/multnomah/gresham,"requires commercial ground floors on arterials and boulevards in the CC and MC districts, and it marks the Multi-family and Residential Facility cells in those two columns -- neither of which is the use this screens. Both districts read NP for Quadplex regardless. This used to be dismissed on the grounds that CC and MC were not encoded here, which stopped being true when both were encoded on 2026-08-21 and nobody came back to the sentence.","['CC', 'CMF', 'CMU', 'MC', 'RTC', 'SC', 'SC-RJ']",['quadplex_allowed'],7,narrower,some_zones,stricter,clear,"In CC and MC on an arterial or boulevard, half the ground-floor street frontage must be commercial or institutional, which an all-residential fourplex cannot meet.","CC,MC",True
00285,or/multnomah/gresham/4.0400.corridor.txt,236,7,or/multnomah/gresham,"caps building footprint and commercial floor area in Community Commercial, a district this layer does not encode","['CC', 'CMF', 'CMU', 'MC', 'RTC', 'SC', 'SC-RJ']",['quadplex_allowed'],7,narrower,some_zones,stricter,clear,"By its own words it caps every building 'regardless of the type of uses within it', so it applies to our pod in Community Commercial, though at roughly 2,000 sq ft of footprint the cap never binds.",CC,True
00286,or/multnomah/gresham/4.0400.corridor.txt,239,8,or/multnomah/gresham,"the same caps for Moderate Commercial, also not encoded here","['CC', 'CMF', 'CMU', 'MC', 'RTC', 'SC', 'SC-RJ']",['quadplex_allowed'],7,narrower,some_zones,stricter,clear,"The same explicit 'regardless of the type of uses' language caps our building's footprint in Moderate Commercial, far above the size we build.",MC,True
00287,or/multnomah/gresham/4.0400.corridor.txt,243,9,or/multnomah/gresham,"permits affordable housing under Section 10.1700; an election nobody has made, and a permission rather than a limit","['CC', 'CMF', 'CMU', 'MC', 'RTC', 'SC', 'SC-RJ']",['quadplex_allowed'],7,agree,not_ours,,inferred,"Permits a distinct use category (affordable housing development); our pod is not described as affordable housing, so nothing here changes what it must satisfy.",,False
00288,or/multnomah/gresham/4.0400.corridor.txt,244,10,or/multnomah/gresham,limits Auto-Dependent Uses in Rockwood Town Center; not our use,"['CC', 'CMF', 'CMU', 'MC', 'RTC', 'SC', 'SC-RJ']",['quadplex_allowed'],7,agree,not_ours,,clear,"Restricts auto-dependent commercial uses, not a residential building.",,False
00289,or/multnomah/gresham/4.0400.corridor.txt,246,11,or/multnomah/gresham,caps the footprint of buildings occupied entirely by commercial use; the pod is residential,"['CC', 'CMF', 'CMU', 'MC', 'RTC', 'SC', 'SC-RJ']",['quadplex_allowed'],7,agree,not_ours,,clear,Explicitly limited to buildings occupied entirely by commercial uses; our building is entirely residential.,,False
00290,or/multnomah/gresham/4.0400.corridor.txt,248,12,or/multnomah/gresham,"locates commercial uses in the Station Center district; not our use, not our district","['CC', 'CMF', 'CMU', 'MC', 'RTC', 'SC', 'SC-RJ']",['quadplex_allowed'],7,agree,not_ours,,clear,Locational limit on commercial uses only.,,False
00291,or/multnomah/gresham/4.0400.corridor.txt,251,13,or/multnomah/gresham,prohibits certain Outdoor Commercial uses in SC-RJ and CMU; not our use,"['CC', 'CMF', 'CMU', 'MC', 'RTC', 'SC', 'SC-RJ']",['quadplex_allowed'],7,agree,not_ours,,clear,"Concerns Outdoor Commercial uses and their site size, not a dwelling.",,False
00292,or/multnomah/gresham/4.0400.corridor.txt,253,14,or/multnomah/gresham,caps industrial floor area and sets an employee density; not our use,"['CC', 'CMF', 'CMU', 'MC', 'RTC', 'SC', 'SC-RJ']",['quadplex_allowed'],7,agree,not_ours,,clear,Floor-area and employee-density limits on industrial uses only.,,False
00293,or/multnomah/gresham/4.0400.corridor.txt,258,15,or/multnomah/gresham,governs waste management uses; not our use,"['CC', 'CMF', 'CMU', 'MC', 'RTC', 'SC', 'SC-RJ']",['quadplex_allowed'],7,agree,not_ours,,clear,"The 100-foot separation is imposed on the waste-management use, not on a residential building, so it changes nothing our pod must satisfy.",,False
00294,or/multnomah/gresham/4.0400.corridor.txt,261,16,or/multnomah/gresham,golf courses; not our use,"['CC', 'CMF', 'CMU', 'MC', 'RTC', 'SC', 'SC-RJ']",['quadplex_allowed'],7,agree,not_ours,,clear,About golf courses.,,False
00295,or/multnomah/gresham/4.0400.corridor.txt,262,17,or/multnomah/gresham,locates schools in the SC district; not our use,"['CC', 'CMF', 'CMU', 'MC', 'RTC', 'SC', 'SC-RJ']",['quadplex_allowed'],7,agree,not_ours,,clear,About schools and their review path.,,False
00296,or/multnomah/gresham/4.0400.corridor.txt,268,18,or/multnomah/gresham,electrical generating facilities; not our use,"['CC', 'CMF', 'CMU', 'MC', 'RTC', 'SC', 'SC-RJ']",['quadplex_allowed'],7,agree,not_ours,,clear,About electrical generating facilities.,,False
00297,or/multnomah/gresham/4.0400.corridor.txt,269,19,or/multnomah/gresham,an accessory use to Medical and Civic Uses; not our use,"['CC', 'CMF', 'CMU', 'MC', 'RTC', 'SC', 'SC-RJ']",['quadplex_allowed'],7,agree,not_ours,,clear,"The marker sits on the Heliports row in the passage; it concerns an accessory use to medical and civic uses, not a dwelling.",,False
00298,or/multnomah/gresham/4.0400.corridor.txt,270,20,or/multnomah/gresham,"schools in an existing commercial space against schools in new construction, marked on the Schools row","['CC', 'CMF', 'CMU', 'MC', 'RTC', 'SC', 'SC-RJ']",['quadplex_allowed'],7,agree,not_ours,,clear,About schools and whether they need a Special Use Review.,,False
00299,or/multnomah/gresham/4.0400.corridor.txt,272,21,or/multnomah/gresham,points at Section 10.0900 from a cell in a row this layer does not encode,"['CC', 'CMF', 'CMU', 'MC', 'RTC', 'SC', 'SC-RJ']",['quadplex_allowed'],7,agree,not_ours,,inferred,"The marker sits on the 'Renewable Energy' category heading in the passage (L195), so the additional standards attach to renewable energy systems, not to our building.",,False
00300,or/multnomah/gresham/4.0400.corridor.txt,273,22,or/multnomah/gresham,solar energy standards; not our use,"['CC', 'CMF', 'CMU', 'MC', 'RTC', 'SC', 'SC-RJ']",['quadplex_allowed'],7,agree,not_ours,,clear,Use-table footnote on the renewable-energy-system use rows; it limits an energy facility as a use and changes nothing a four-unit attached townhome must satisfy.,,False
00301,or/multnomah/gresham/4.0400.corridor.txt,274,23,or/multnomah/gresham,wind energy standards; not our use,"['CC', 'CMF', 'CMU', 'MC', 'RTC', 'SC', 'SC-RJ']",['quadplex_allowed'],7,agree,not_ours,,clear,Use-table footnote on the renewable-energy-system use rows; it limits an energy facility as a use and changes nothing a four-unit attached townhome must satisfy.,,False
00302,or/multnomah/gresham/4.0400.corridor.txt,275,24,or/multnomah/gresham,biomass energy standards; not our use,"['CC', 'CMF', 'CMU', 'MC', 'RTC', 'SC', 'SC-RJ']",['quadplex_allowed'],7,agree,not_ours,,clear,Use-table footnote on the renewable-energy-system use rows; it limits an energy facility as a use and changes nothing a four-unit attached townhome must satisfy.,,False
00303,or/multnomah/gresham/4.0400.corridor.txt,276,25,or/multnomah/gresham,geothermal energy standards; not our use,"['CC', 'CMF', 'CMU', 'MC', 'RTC', 'SC', 'SC-RJ']",['quadplex_allowed'],7,agree,not_ours,,clear,Use-table footnote on the renewable-energy-system use rows; it limits an energy facility as a use and changes nothing a four-unit attached townhome must satisfy.,,False
00304,or/multnomah/gresham/4.0400.corridor.txt,277,26,or/multnomah/gresham,micro-hydro energy standards; not our use,"['CC', 'CMF', 'CMU', 'MC', 'RTC', 'SC', 'SC-RJ']",['quadplex_allowed'],7,agree,not_ours,,clear,Use-table footnote on the renewable-energy-system use rows; it limits an energy facility as a use and changes nothing a four-unit attached townhome must satisfy.,,False
00305,or/multnomah/gresham/4.0400.corridor.txt,278,27,or/multnomah/gresham,points at GRC 9.63.090 from a marijuana-business cell; not our use,"['CC', 'CMF', 'CMU', 'MC', 'RTC', 'SC', 'SC-RJ']",['quadplex_allowed'],7,agree,not_ours,,unclear,"An opaque cross-reference; the passage never shows which use row carries note 27, and the note names no dwelling and no dimension, so it cannot be settled either way from its own words.",,False
00306,or/multnomah/gresham/4.0400.corridor.txt,279,28,or/multnomah/gresham,"transitional housing for individuals leaving incarceration facilities is subject to Special Use Review. Marked on the Multi- Family/Shared Housing Facility row label. The pod reads the Quadplex row, which carries only the L1 in DCC and DTM, and the Townhouse row, which is a bare P in all six sub-districts","['CC', 'CMF', 'CMU', 'MC', 'RTC', 'SC', 'SC-RJ']",['quadplex_allowed'],7,agree,not_ours,,clear,"Applies to transitional housing, a different use, and only adds a review process.",,False
00307,or/multnomah/gresham/4.0400.corridor.txt,280,29,or/multnomah/gresham,one cottage cluster per parent parcel; the pod is not a cottage cluster,"['CC', 'CMF', 'CMU', 'MC', 'RTC', 'SC', 'SC-RJ']",['quadplex_allowed'],7,agree,not_ours,,clear,"Limits cottage clusters, which our pod explicitly is not.",,False
00308,or/multnomah/gresham/4.0400.corridor.txt,429,2,or/multnomah/gresham,permits a maximum front or streetside setback of up to 20 feet where enhanced pedestrian amenities are provided; it can only relax the maximum this screen enforces,"['CC', 'CMF', 'CMU', 'MC', 'RTC', 'SC', 'SC-RJ']","['max_density_du_per_acre', 'max_height_ft', 'max_height_stories', 'min_density_du_per_acre', 'min_density_du_per_acre [unit_lots]', 'min_frontage_ft', 'min_lot_sqft', 'parking_min_per_unit', 'setback_front_ft', 'setback_front_max_ft', 'setback_rear_ft', 'setback_side_ft', 'setback_street_side_ft']",80,disagree,reaches,looser,clear,"Not use-restricted: it lets any building in the Corridor Districts, ours included, exceed the table maximum front/streetside setback up to 20 feet when pedestrian amenities are provided.",,False
00309,or/multnomah/gresham/4.0400.corridor.txt,431,3,or/multnomah/gresham,raises the maximum front or streetside setback to 30 feet on arterials and boulevards; the encoded 20 is the stricter number and stays,"['CC', 'CMF', 'CMU', 'MC', 'RTC', 'SC', 'SC-RJ']","['max_density_du_per_acre', 'max_height_ft', 'max_height_stories', 'min_density_du_per_acre', 'min_density_du_per_acre [unit_lots]', 'min_frontage_ft', 'min_lot_sqft', 'parking_min_per_unit', 'setback_front_ft', 'setback_front_max_ft', 'setback_rear_ft', 'setback_side_ft', 'setback_street_side_ft']",80,disagree,reaches,stricter,inferred,"It applies expressly to a building containing dwelling units and replaces the table maximum front/streetside setback with street-class values; the 5-foot cap on Collector/Community/Local streets, the usual frontage for these lots, is tighter than the table value it displaces.",,True
00310,or/multnomah/gresham/4.0400.corridor.txt,442,4,or/multnomah/gresham,removes the parking maximum for townhouses; a relaxation of a standard that cannot stop a pod fitting,"['CC', 'CMF', 'CMU', 'MC', 'RTC', 'SC', 'SC-RJ']","['max_density_du_per_acre', 'max_height_ft', 'max_height_stories', 'min_density_du_per_acre', 'min_density_du_per_acre [unit_lots]', 'min_frontage_ft', 'min_lot_sqft', 'parking_min_per_unit', 'setback_front_ft', 'setback_front_max_ft', 'setback_rear_ft', 'setback_side_ft', 'setback_street_side_ft']",80,disagree,reaches,looser,inferred,"Removes the maximum-parking cap for townhouses; read as reaching our attached four-unit building, though Gresham townhouse notes elsewhere assume one unit per divided lot, which our single-lot pod is not.",,False
00311,or/multnomah/gresham/4.0400.corridor.txt,443,5,or/multnomah/gresham,sets the commercial parking maximum in a mixed-use development; not our use,"['CC', 'CMF', 'CMU', 'MC', 'RTC', 'SC', 'SC-RJ']","['max_density_du_per_acre', 'max_height_ft', 'max_height_stories', 'min_density_du_per_acre', 'min_density_du_per_acre [unit_lots]', 'min_frontage_ft', 'min_lot_sqft', 'parking_min_per_unit', 'setback_front_ft', 'setback_front_max_ft', 'setback_rear_ft', 'setback_side_ft', 'setback_street_side_ft']",80,agree,not_ours,,clear,Sets the parking maximum for commercial uses in a mixed-use development; our pod is entirely residential.,,False
00312,or/multnomah/gresham/4.0400.corridor.txt,453,7,or/multnomah/gresham,removes the minimum lot size for duplexes; the pod is four units,"['CC', 'CMF', 'CMU', 'MC', 'RTC', 'SC', 'SC-RJ']","['max_density_du_per_acre', 'max_height_ft', 'max_height_stories', 'min_density_du_per_acre', 'min_density_du_per_acre [unit_lots]', 'min_frontage_ft', 'min_lot_sqft', 'parking_min_per_unit', 'setback_front_ft', 'setback_front_max_ft', 'setback_rear_ft', 'setback_side_ft', 'setback_street_side_ft']",80,agree,not_ours,,clear,"Duplex-only relaxation; our building is a fourplex, not a duplex.",,False
00313,or/multnomah/gresham/4.0400.corridor.txt,454,8,or/multnomah/gresham,states the minimum street frontage for duplexes; the pod is four units,"['CC', 'CMF', 'CMU', 'MC', 'RTC', 'SC', 'SC-RJ']","['max_density_du_per_acre', 'max_height_ft', 'max_height_stories', 'min_density_du_per_acre', 'min_density_du_per_acre [unit_lots]', 'min_frontage_ft', 'min_lot_sqft', 'parking_min_per_unit', 'setback_front_ft', 'setback_front_max_ft', 'setback_rear_ft', 'setback_side_ft', 'setback_street_side_ft']",80,agree,not_ours,,clear,Sets frontage for duplexes only; our building is a fourplex.,,False
00314,or/multnomah/gresham/4.0400.corridor.txt,457,9,or/multnomah/gresham,removes screening and buffering for townhouses abutting the lower density districts; a relaxation of a standard this screen does not encode,"['CC', 'CMF', 'CMU', 'MC', 'RTC', 'SC', 'SC-RJ']","['max_density_du_per_acre', 'max_height_ft', 'max_height_stories', 'min_density_du_per_acre', 'min_density_du_per_acre [unit_lots]', 'min_frontage_ft', 'min_lot_sqft', 'parking_min_per_unit', 'setback_front_ft', 'setback_front_max_ft', 'setback_rear_ft', 'setback_side_ft', 'setback_street_side_ft']",80,disagree,reaches,looser,inferred,"Waives screening and buffering for townhouse development abutting the named residential districts; it reaches an attached four-unit building, but what it waives is a landscape standard a dimensional screen does not hold.",,False
00315,or/multnomah/gresham/4.0400.corridor.txt,458,10,or/multnomah/gresham,"defines where the Central Rockwood Plan Area is; a definition pointing at a map, stating no standard","['CC', 'CMF', 'CMU', 'MC', 'RTC', 'SC', 'SC-RJ']","['max_density_du_per_acre', 'max_height_ft', 'max_height_stories', 'min_density_du_per_acre', 'min_density_du_per_acre [unit_lots]', 'min_frontage_ft', 'min_lot_sqft', 'parking_min_per_unit', 'setback_front_ft', 'setback_front_max_ft', 'setback_rear_ft', 'setback_side_ft', 'setback_street_side_ft']",80,disagree,reaches,neither,clear,Purely definitional: it locates a mapped plan area referenced by the table and moves no number.,,False
00316,or/multnomah/gresham/4.0400.corridor.txt,465,12,or/multnomah/gresham,limits buildings in the Rockwood Design District to four or six stories; the pod is two,"['CC', 'CMF', 'CMU', 'MC', 'RTC', 'SC', 'SC-RJ']","['max_density_du_per_acre', 'max_height_ft', 'max_height_stories', 'min_density_du_per_acre', 'min_density_du_per_acre [unit_lots]', 'min_frontage_ft', 'min_lot_sqft', 'parking_min_per_unit', 'setback_front_ft', 'setback_front_max_ft', 'setback_rear_ft', 'setback_side_ft', 'setback_street_side_ft']",80,disagree,reaches,stricter,inferred,"Caps building height by storeys for any building that includes residential uses inside the Rockwood Design District, an added ceiling over the table height standard; it binds by geography rather than by zone, so the zone list cannot be narrowed from the passage.",,True
00317,or/multnomah/gresham/4.0400.corridor.txt,485,14,or/multnomah/gresham,"sends the NE Glisan and NE 162nd corridor areas of CMF to the TLDR standards, which are looser than the CMF ones encoded here; applying the base CMF regime to the whole district is the stricter reading and the one this layer takes. That holds for every standard encoded in CMF and not for the one it does not encode. The same note states a density regime -- ""minimum net density for middle housing shall be 12 units per acre and maximum density shall be 25 units per acre for townhouses and 24 units per acre for all other middle housing uses"" -- and CMF carries no density at all, so on that row the base regime is the LOOSER reading rather than the stricter one. It is still not encoded, because the note reaches only ""the areas of CMF along the NE Glisan Street and NE 162nd Avenue corridors"" and nothing here decides which parcels are in them. Writing the floor against all 665 CMF lots would apply a corridor standard to a district, which is a worse error than a check that does not run","['CC', 'CMF', 'CMU', 'MC', 'RTC', 'SC', 'SC-RJ']","['max_density_du_per_acre', 'max_height_ft', 'max_height_stories', 'min_density_du_per_acre', 'min_density_du_per_acre [unit_lots]', 'min_frontage_ft', 'min_lot_sqft', 'parking_min_per_unit', 'setback_front_ft', 'setback_front_max_ft', 'setback_rear_ft', 'setback_side_ft', 'setback_street_side_ft']",80,narrower,some_zones,stricter,inferred,"Middle housing includes a fourplex, and in the NE Glisan and NE 162nd areas of CMF this swaps the whole corridor standards set for the low-density TLDR tables and imposes a 24 units-per-acre maximum density, a wholesale replacement of the encoded values.",CMF,True
00318,or/multnomah/gresham/4.0400.corridor.txt,489,15,or/multnomah/gresham,switches off the minimum net density for affordable housing; a relaxation resting on an election nobody has made,"['CC', 'CMF', 'CMU', 'MC', 'RTC', 'SC', 'SC-RJ']","['max_density_du_per_acre', 'max_height_ft', 'max_height_stories', 'min_density_du_per_acre', 'min_density_du_per_acre [unit_lots]', 'min_frontage_ft', 'min_lot_sqft', 'parking_min_per_unit', 'setback_front_ft', 'setback_front_max_ft', 'setback_rear_ft', 'setback_side_ft', 'setback_street_side_ft']",80,disagree,reaches,looser,inferred,"Waives the minimum net density, but only where the development is affordable housing, a condition our market-rate pod is not stated to meet; either way it only relaxes a standard.",,False
00319,or/multnomah/gresham/4.0400.corridor.txt,490,16,or/multnomah/gresham,"note 6 offers a density bonus to affordable housing; a relaxation, and one that turns on an election nobody has made","['CC', 'CMF', 'CMU', 'MC', 'RTC', 'SC', 'SC-RJ']","['max_density_du_per_acre', 'max_height_ft', 'max_height_stories', 'min_density_du_per_acre', 'min_density_du_per_acre [unit_lots]', 'min_frontage_ft', 'min_lot_sqft', 'parking_min_per_unit', 'setback_front_ft', 'setback_front_max_ft', 'setback_rear_ft', 'setback_side_ft', 'setback_street_side_ft']",80,disagree,reaches,looser,inferred,"A bonus conditioned on affordable housing; it can only raise allowed density, never tighten it.",,False
00320,or/multnomah/gresham/4.0400.corridor.txt,491,17,or/multnomah/gresham,"note 11 offers a height bonus to affordable housing; a relaxation, and one that turns on an election nobody has made","['CC', 'CMF', 'CMU', 'MC', 'RTC', 'SC', 'SC-RJ']","['max_density_du_per_acre', 'max_height_ft', 'max_height_stories', 'min_density_du_per_acre', 'min_density_du_per_acre [unit_lots]', 'min_frontage_ft', 'min_lot_sqft', 'parking_min_per_unit', 'setback_front_ft', 'setback_front_max_ft', 'setback_rear_ft', 'setback_side_ft', 'setback_street_side_ft']",80,disagree,reaches,looser,inferred,A height bonus conditioned on affordable housing; it can only raise the height ceiling.,,False
00321,or/multnomah/gresham/4.0400.corridor.txt,492,18,or/multnomah/gresham,"sets townhouse height in CMF at a one-storey minimum and a 45-foot maximum; the pod is two storeys at 26 feet, inside both ends. The digest moved because the body used to stop mid-sentence at ""CMU and CMF districts: 1 Story"" -- the block cap cut it three lines short -- and now carries the maximum this reason was already written against","['CC', 'CMF', 'CMU', 'MC', 'RTC', 'SC', 'SC-RJ']","['max_density_du_per_acre', 'max_height_ft', 'max_height_stories', 'min_density_du_per_acre', 'min_density_du_per_acre [unit_lots]', 'min_frontage_ft', 'min_lot_sqft', 'parking_min_per_unit', 'setback_front_ft', 'setback_front_max_ft', 'setback_rear_ft', 'setback_side_ft', 'setback_street_side_ft']",80,disagree,reaches,stricter,inferred,"Replaces the table height standard for townhouses with a 45-foot maximum and, in every district other than CMU and CMF, a new minimum of two storeys that the base table does not impose; our 26-foot two-storey pod only just satisfies it, so dismissing this hides a live constraint.",,True
00322,or/multnomah/gresham/4.1100.downtown.txt,312,2,or/multnomah/gresham,"hotel and motel conversion to an emergency shelter or to affordable housing, and the sentence that multi-family is otherwise not permitted in DRL-1. The marker is on the Multi- Family/Shared Housing Facility row. The pod reads the Quadplex row, which carries only the L1 in DCC and DTM, and the Townhouse row, which is a bare P in all six sub-districts, and Gresham's multi-family category is five or more units","['DCC', 'DCL', 'DEM', 'DMU', 'DRL-1', 'DRL-2', 'DTM']",['quadplex_allowed'],7,narrower,some_zones,stricter,inferred,"The table preamble says these notes state limitations on cells marked limited, and this one sits on the DRL-1 fourplex value: outside a hotel or motel conversion, multi-family residential development is barred in DRL-1, a use prohibition that would otherwise call a DRL-1 parcel buildable.",DRL-1,True
00323,or/multnomah/gresham/4.1100.downtown.txt,314,3,or/multnomah/gresham,"affordable housing development is permitted, marked on the Affordable Housing row. The pod reads the Quadplex row, which carries only the L1 in DCC and DTM, and the Townhouse row, which is a bare P in all six sub-districts. A pod that qualified as affordable housing would gain a permission, never lose one","['DCC', 'DCL', 'DEM', 'DMU', 'DRL-1', 'DRL-2', 'DTM']",['quadplex_allowed'],7,disagree,reaches,stricter,unclear,"Read alone it sounds permissive, but the table preamble states these notes describe limitations on use categories marked as limited, so a fourplex cell carrying this note may be allowed only as affordable housing; the passage does not show which cells carry it, so direction and zone list are both unresolved.",,True
00324,or/multnomah/gresham/4.1100.downtown.txt,315,4,or/multnomah/gresham,"a cross-reference to the auto sales and service limits in the Outdoor Commercial configuration. The pod reads the Quadplex row, which carries only the L1 in DCC and DTM, and the Townhouse row, which is a bare P in all six sub-districts","['DCC', 'DCL', 'DEM', 'DMU', 'DRL-1', 'DRL-2', 'DTM']",['quadplex_allowed'],7,agree,not_ours,,clear,"Points at limits on auto sales and service, a commercial use we are not proposing.",,False
00325,or/multnomah/gresham/4.1100.downtown.txt,316,5,or/multnomah/gresham,"a 5,000 square foot floor-area cap on Clinics and Business and Retail Service and Trade in DRL-1, with a frontage condition on N Main Avenue or NW Ava Avenue. Commercial rows. The pod reads the Quadplex row, which carries only the L1 in DCC and DTM, and the Townhouse row, which is a bare P in all six sub-districts","['DCC', 'DCL', 'DEM', 'DMU', 'DRL-1', 'DRL-2', 'DTM']",['quadplex_allowed'],7,agree,not_ours,,clear,Caps floor area of Clinics and Business and Retail Service and Trade uses; our pod is an all-residential fourplex with no commercial floor area.,,False
00326,or/multnomah/gresham/4.1100.downtown.txt,319,6,or/multnomah/gresham,"the same cap at 7,500 square feet in DRL-2, on the same two commercial rows. The pod reads the Quadplex row, which carries only the L1 in DCC and DTM, and the Townhouse row, which is a bare P in all six sub-districts","['DCC', 'DCL', 'DEM', 'DMU', 'DRL-1', 'DRL-2', 'DTM']",['quadplex_allowed'],7,agree,not_ours,,clear,Same commercial floor-area cap for DRL-2; it governs non-residential uses we do not have.,,False
00327,or/multnomah/gresham/4.1100.downtown.txt,322,7,or/multnomah/gresham,"structured parking only, marked on the Commercial Parking row. That row is the parking *use category* -- a lot whose business is parking -- not the accessory stalls a dwelling provides, which Section 9.0800 governs. The pod reads the Quadplex row, which carries only the L1 in DCC and DTM, and the Townhouse row, which is a bare P in all six sub-districts","['DCC', 'DCL', 'DEM', 'DMU', 'DRL-1', 'DRL-2', 'DTM']",['quadplex_allowed'],7,disagree,reaches,stricter,unclear,"The note is a bare parking restriction and the passage does not show which use row carries mark 7, so I cannot rule out that it forces structured parking on a use we would build - our parking is a surface court, so if it reaches, it binds hard; flagging rather than waving away.",,True
00328,or/multnomah/gresham/4.1100.downtown.txt,323,8,or/multnomah/gresham,"the frontage and site-coverage conditions on Outdoor Commercial in DCL. The pod reads the Quadplex row, which carries only the L1 in DCC and DTM, and the Townhouse row, which is a bare P in all six sub-districts","['DCC', 'DCL', 'DEM', 'DMU', 'DRL-1', 'DRL-2', 'DTM']",['quadplex_allowed'],7,agree,not_ours,,clear,Limits the Outdoor Commercial use category in DCL; not a residential standard.,,False
00329,or/multnomah/gresham/4.1100.downtown.txt,337,9,or/multnomah/gresham,"the conditions on a Manufacturing use: it must accompany an allowed retail use, occupy no more than 10,000 or 20,000 square feet, and emit nothing detectable at the property line. The pod reads the Quadplex row, which carries only the L1 in DCC and DTM, and the Townhouse row, which is a bare P in all six sub-districts","['DCC', 'DCL', 'DEM', 'DMU', 'DRL-1', 'DRL-2', 'DTM']",['quadplex_allowed'],7,agree,not_ours,,clear,Conditions on manufacturing uses only.,,False
00330,or/multnomah/gresham/4.1100.downtown.txt,346,10,or/multnomah/gresham,"what the prohibition on warehousing and storage as a stand-alone use does not preclude. Marked on the Warehousing/Storage row. The pod reads the Quadplex row, which carries only the L1 in DCC and DTM, and the Townhouse row, which is a bare P in all six sub- districts","['DCC', 'DCL', 'DEM', 'DMU', 'DRL-1', 'DRL-2', 'DTM']",['quadplex_allowed'],7,agree,not_ours,,clear,Clarifies the warehousing/storage/distribution prohibition for other uses; nothing about a dwelling.,,False
00331,or/multnomah/gresham/4.1100.downtown.txt,350,11,or/multnomah/gresham,golf courses are not permitted,"['DCC', 'DCL', 'DEM', 'DMU', 'DRL-1', 'DRL-2', 'DTM']",['quadplex_allowed'],7,agree,not_ours,,clear,Prohibits golf courses.,,False
00332,or/multnomah/gresham/4.1100.downtown.txt,351,12,or/multnomah/gresham,"schools in an existing commercial space against schools in new construction, marked on the Schools row","['DCC', 'DCL', 'DEM', 'DMU', 'DRL-1', 'DRL-2', 'DTM']",['quadplex_allowed'],7,agree,not_ours,,clear,Review path for schools only.,,False
00333,or/multnomah/gresham/4.1100.downtown.txt,353,13,or/multnomah/gresham,"electrical generating facilities and sewage treatment plants are not available through Special Use Review. Marked on the Parks, Open Spaces and Trails row","['DCC', 'DCL', 'DEM', 'DMU', 'DRL-1', 'DRL-2', 'DTM']",['quadplex_allowed'],7,agree,not_ours,,clear,"Concerns major basic utilities (the row marked L/SUR13), not housing.",,False
00334,or/multnomah/gresham/4.1100.downtown.txt,354,14,or/multnomah/gresham,"permitted as an accessory use to Medical and Civic Uses through Special Use Review, marked on the Helicopter Landing Facilities row","['DCC', 'DCL', 'DEM', 'DMU', 'DRL-1', 'DRL-2', 'DTM']",['quadplex_allowed'],7,agree,not_ours,,clear,"Mark 14 sits on the Helicopter Landing Facilities row in the passage, so this is about that use, not our building.",,False
00335,or/multnomah/gresham/4.1100.downtown.txt,355,15,or/multnomah/gresham,"a cross-reference to Section 10.0900 for additional standards, marked on the Renewable Energy Uses category heading","['DCC', 'DCL', 'DEM', 'DMU', 'DRL-1', 'DRL-2', 'DTM']",['quadplex_allowed'],7,disagree,reaches,neither,unclear,"A bare cross-reference to Section 10.0900 whose use row is not visible in the passage and whose contents I cannot see, so I cannot confirm it misses a fourplex; it moves no number itself, but it should be read rather than dropped.",,False
00336,or/multnomah/gresham/4.1100.downtown.txt,356,16,or/multnomah/gresham,"a cross-reference to the Solar Energy System standards, marked on that row","['DCC', 'DCL', 'DEM', 'DMU', 'DRL-1', 'DRL-2', 'DTM']",['quadplex_allowed'],7,agree,not_ours,,clear,Governs the Solar Energy Systems use category.,,False
00337,or/multnomah/gresham/4.1100.downtown.txt,357,17,or/multnomah/gresham,"a cross-reference to the Wind Energy System standards, marked on that row","['DCC', 'DCL', 'DEM', 'DMU', 'DRL-1', 'DRL-2', 'DTM']",['quadplex_allowed'],7,agree,not_ours,,clear,Governs the Wind Energy Systems use category.,,False
00338,or/multnomah/gresham/4.1100.downtown.txt,358,18,or/multnomah/gresham,"a cross-reference to the Biomass Energy System standards, marked on that row","['DCC', 'DCL', 'DEM', 'DMU', 'DRL-1', 'DRL-2', 'DTM']",['quadplex_allowed'],7,agree,not_ours,,clear,Governs the Biomass Energy Systems use category.,,False
00339,or/multnomah/gresham/4.1100.downtown.txt,359,19,or/multnomah/gresham,"a cross-reference to the Geothermal Energy System standards, marked on that row","['DCC', 'DCL', 'DEM', 'DMU', 'DRL-1', 'DRL-2', 'DTM']",['quadplex_allowed'],7,agree,not_ours,,clear,Governs the Geothermal Energy Systems use category (the L/SUR19 row in the passage).,,False
00340,or/multnomah/gresham/4.1100.downtown.txt,360,20,or/multnomah/gresham,"a cross-reference to the Micro-Hydro Energy System standards, marked on that row","['DCC', 'DCL', 'DEM', 'DMU', 'DRL-1', 'DRL-2', 'DTM']",['quadplex_allowed'],7,agree,not_ours,,clear,Governs the Micro-Hydro Energy Systems use category (the L20 row in the passage).,,False
00341,or/multnomah/gresham/4.1100.downtown.txt,361,21,or/multnomah/gresham,"transitional housing for individuals leaving incarceration facilities is subject to Special Use Review. Marked on the Multi- Family/Shared Housing Facility row label. The pod reads the Quadplex row, which carries only the L1 in DCC and DTM, and the Townhouse row, which is a bare P in all six sub-districts","['DCC', 'DCL', 'DEM', 'DMU', 'DRL-1', 'DRL-2', 'DTM']",['quadplex_allowed'],7,agree,not_ours,,clear,A distinct housing use category - transitional housing tied to incarceration release - not a four-unit attached townhome.,,False
00342,or/multnomah/gresham/4.1100.downtown.txt,362,22,or/multnomah/gresham,"certain locations in DCC require non-residential uses on the ground floor. The marker is in the Multi-Family/Shared Housing Facility row's DCC cell, which reads P/L2, 22. The pod reads the Quadplex row, which carries only the L1 in DCC and DTM, and the Townhouse row, which is a bare P in all six sub-districts, and neither carries this marker -- but the section it cites, 4.1121, is a first-floor requirement that names its locations rather than a use category, so it is worth re-reading if a DCC lot on N Main Avenue or E Powell Boulevard ever screens GREEN","['DCC', 'DCL', 'DEM', 'DMU', 'DRL-1', 'DRL-2', 'DTM']",['quadplex_allowed'],7,narrower,some_zones,stricter,clear,"In the DCC locations listed at 4.1121 in the passage, 75 percent of the ground floor within 40 feet of the right-of-way must be Commercial or Civic use, which an all-residential fourplex cannot satisfy.",DCC,True
00343,or/multnomah/gresham/4.1100.downtown.txt,363,23,or/multnomah/gresham,"cross-references to the outdoor commercial and drive-through limits, marked on the Business and Retail Service and Trade row label","['DCC', 'DCL', 'DEM', 'DMU', 'DRL-1', 'DRL-2', 'DTM']",['quadplex_allowed'],7,agree,not_ours,,clear,"Points at outdoor commercial and drive-through limits, both commercial uses.",,False
00344,or/multnomah/gresham/4.1100.downtown.txt,364,24,or/multnomah/gresham,"no more than one cottage cluster per parent parcel, marked on the Cottage Cluster row. The pod reads the Quadplex row, which carries only the L1 in DCC and DTM, and the Townhouse row, which is a bare P in all six sub-districts. A cottage cluster is detached units around a common court and the pod is one attached building","['DCC', 'DCL', 'DEM', 'DMU', 'DRL-1', 'DRL-2', 'DTM']",['quadplex_allowed'],7,agree,not_ours,,clear,"Limits cottage clusters, a building type we are explicitly not building.",,False
00345,or/multnomah/gresham/4.1100.downtown.txt,528,1,or/multnomah/gresham,"note 1 limits height and floor area ratio on the strip within 110 feet of the N Main Avenue centre line and sends it to the DCC -- N Main Avenue column, which is the table's second column and not a district of its own. It did not reach this layer while only DRL-1 and DRL-2 were held; it reaches DCC now. What the strip states is 45 feet and a ratio of 1.5 against the district's 85 and 3.0 -- a real cut, and still far above what a 26 ft four-unit pod asks of either. No lot changes colour on which side of the 110 feet it falls, so the strip is ruled here rather than carried as a variant on an unmeasured line","['DCC', 'DRL-1', 'DRL-2', 'DTM']","['max_density_du_per_acre', 'max_density_du_per_acre [unit_lots]', 'max_far', 'max_height_ft', 'min_density_du_per_acre', 'min_frontage_ft', 'min_frontage_ft [corner_lot+unit_lots]', 'min_frontage_ft [corner_lot]', 'min_frontage_ft [unit_lots]', 'min_lot_depth_ft', 'min_lot_sqft', 'min_lot_sqft [unit_lots]', 'min_lot_width_ft', 'min_lot_width_ft [corner_lot+unit_lots]', 'min_lot_width_ft [corner_lot]', 'min_lot_width_ft [unit_lots]', 'setback_front_ft', 'setback_garage_entrance_ft', 'setback_rear_ft', 'setback_rear_ft [abuts_alley]', 'setback_side_ft', 'setback_street_side_ft']",85,narrower,some_zones,stricter,inferred,"For sites within 110 feet of the N Main Avenue centerline it substitutes the lower DCC - N Main Avenue maximum height and FAR and adds a 10-foot step-back above 35 feet; N Main Avenue is a DCC sub-area, so it reaches only there.",DCC,True
00346,or/multnomah/gresham/4.1100.downtown.txt,532,2,or/multnomah/gresham,"note 2 lets buildings exceed the maximum height by up to 8 feet for parapets and pitched roofs in every Downtown sub-district except DRL-1 and DRL-2. It excluded the whole of this layer when only the two DRL districts were held and now reaches DCC and DTM, which changes nothing: it only ever raises a ceiling, and the ceiling it raises is already three times the pod","['DCC', 'DRL-1', 'DRL-2', 'DTM']","['max_density_du_per_acre', 'max_density_du_per_acre [unit_lots]', 'max_far', 'max_height_ft', 'min_density_du_per_acre', 'min_frontage_ft', 'min_frontage_ft [corner_lot+unit_lots]', 'min_frontage_ft [corner_lot]', 'min_frontage_ft [unit_lots]', 'min_lot_depth_ft', 'min_lot_sqft', 'min_lot_sqft [unit_lots]', 'min_lot_width_ft', 'min_lot_width_ft [corner_lot+unit_lots]', 'min_lot_width_ft [corner_lot]', 'min_lot_width_ft [unit_lots]', 'setback_front_ft', 'setback_garage_entrance_ft', 'setback_rear_ft', 'setback_rear_ft [abuts_alley]', 'setback_side_ft', 'setback_street_side_ft']",85,narrower,some_zones,looser,clear,Lets a building exceed the maximum height by up to 8 feet for parapets and pitched roofs in every Downtown sub-district except DRL-1 and DRL-2 - a relaxation of a height standard our pod must meet.,"DCC,DMU,DTM,DEM,DCL",False
00347,or/multnomah/gresham/4.1100.downtown.txt,534,3,or/multnomah/gresham,"note 3 caps height at 45 feet within 50 feet of a district whose own limit is 40 feet or less, and 50 feet in DCC along the north side of Division Street. Against DRL-1 and DRL-2 it was no cut at all; against the 85 feet now encoded for DCC and DTM it is a real one, and it is still nearly twice a two-storey pod. Every number in the note clears the building, so no lot in the district turns on it","['DCC', 'DRL-1', 'DRL-2', 'DTM']","['max_density_du_per_acre', 'max_density_du_per_acre [unit_lots]', 'max_far', 'max_height_ft', 'min_density_du_per_acre', 'min_frontage_ft', 'min_frontage_ft [corner_lot+unit_lots]', 'min_frontage_ft [corner_lot]', 'min_frontage_ft [unit_lots]', 'min_lot_depth_ft', 'min_lot_sqft', 'min_lot_sqft [unit_lots]', 'min_lot_width_ft', 'min_lot_width_ft [corner_lot+unit_lots]', 'min_lot_width_ft [corner_lot]', 'min_lot_width_ft [unit_lots]', 'setback_front_ft', 'setback_garage_entrance_ft', 'setback_rear_ft', 'setback_rear_ft [abuts_alley]', 'setback_side_ft', 'setback_street_side_ft']",85,disagree,reaches,stricter,inferred,"Replaces the sub-district maximum height with 45 feet within 50 feet of an abutting district capped at 40 feet or less (and 50 feet in DCC along Division Street), so it changes a height standard we must satisfy wherever that adjacency exists.",,True
00348,or/multnomah/gresham/4.1100.downtown.txt,538,4,or/multnomah/gresham,"note 4 offers a height bonus to affordable housing; a relaxation, and one that turns on an election nobody has made","['DCC', 'DRL-1', 'DRL-2', 'DTM']","['max_density_du_per_acre', 'max_density_du_per_acre [unit_lots]', 'max_far', 'max_height_ft', 'min_density_du_per_acre', 'min_frontage_ft', 'min_frontage_ft [corner_lot+unit_lots]', 'min_frontage_ft [corner_lot]', 'min_frontage_ft [unit_lots]', 'min_lot_depth_ft', 'min_lot_sqft', 'min_lot_sqft [unit_lots]', 'min_lot_width_ft', 'min_lot_width_ft [corner_lot+unit_lots]', 'min_lot_width_ft [corner_lot]', 'min_lot_width_ft [unit_lots]', 'setback_front_ft', 'setback_garage_entrance_ft', 'setback_rear_ft', 'setback_rear_ft [abuts_alley]', 'setback_side_ft', 'setback_street_side_ft']",85,disagree,reaches,looser,inferred,"Adds a height bonus for affordable housing development; it relaxes the maximum height rather than tightening it, and it only bites if the pod is built as affordable housing.",,False
00349,or/multnomah/gresham/4.1100.downtown.txt,539,5,or/multnomah/gresham,"note 5 exempts transit shelters, parks, utilities, wireless facilities, portable classrooms, cemeteries and museums from minimum floor area ratio and maximum setbacks; not our use","['DCC', 'DRL-1', 'DRL-2', 'DTM']","['max_density_du_per_acre', 'max_density_du_per_acre [unit_lots]', 'max_far', 'max_height_ft', 'min_density_du_per_acre', 'min_frontage_ft', 'min_frontage_ft [corner_lot+unit_lots]', 'min_frontage_ft [corner_lot]', 'min_frontage_ft [unit_lots]', 'min_lot_depth_ft', 'min_lot_sqft', 'min_lot_sqft [unit_lots]', 'min_lot_width_ft', 'min_lot_width_ft [corner_lot+unit_lots]', 'min_lot_width_ft [corner_lot]', 'min_lot_width_ft [unit_lots]', 'setback_front_ft', 'setback_garage_entrance_ft', 'setback_rear_ft', 'setback_rear_ft [abuts_alley]', 'setback_side_ft', 'setback_street_side_ft']",85,agree,not_ours,,clear,"The exemption list is transit, parks, utilities, wireless, helicopter pads, portable classrooms, cemeteries and museums - no dwelling, so minimum FAR and maximum setback still apply to us.",,False
00350,or/multnomah/gresham/4.1100.downtown.txt,549,6,or/multnomah/gresham,"note 6 takes the flag pole out of the site area a floor area ratio is measured against. It shrinks the denominator rather than changing the ratio, so there is no number here for the ratio field to hold; the layer assumes no flag lot (`flag_lot`), and applying the smaller site area where one is detected is geometry's job rather than this table's","['DCC', 'DRL-1', 'DRL-2', 'DTM']","['max_density_du_per_acre', 'max_density_du_per_acre [unit_lots]', 'max_far', 'max_height_ft', 'min_density_du_per_acre', 'min_frontage_ft', 'min_frontage_ft [corner_lot+unit_lots]', 'min_frontage_ft [corner_lot]', 'min_frontage_ft [unit_lots]', 'min_lot_depth_ft', 'min_lot_sqft', 'min_lot_sqft [unit_lots]', 'min_lot_width_ft', 'min_lot_width_ft [corner_lot+unit_lots]', 'min_lot_width_ft [corner_lot]', 'min_lot_width_ft [unit_lots]', 'setback_front_ft', 'setback_garage_entrance_ft', 'setback_rear_ft', 'setback_rear_ft [abuts_alley]', 'setback_side_ft', 'setback_street_side_ft']",85,disagree,reaches,stricter,inferred,"Our pod is subject to the Downtown FAR standards, and on a flag lot this note strips the pole area out of the site size, shrinking the floor area the maximum FAR allows.",,True
00351,or/multnomah/gresham/4.1100.downtown.txt,551,7,or/multnomah/gresham,note 7 switches off the minimum residential net density for affordable housing; a relaxation resting on an election nobody has made,"['DCC', 'DRL-1', 'DRL-2', 'DTM']","['max_density_du_per_acre', 'max_density_du_per_acre [unit_lots]', 'max_far', 'max_height_ft', 'min_density_du_per_acre', 'min_frontage_ft', 'min_frontage_ft [corner_lot+unit_lots]', 'min_frontage_ft [corner_lot]', 'min_frontage_ft [unit_lots]', 'min_lot_depth_ft', 'min_lot_sqft', 'min_lot_sqft [unit_lots]', 'min_lot_width_ft', 'min_lot_width_ft [corner_lot+unit_lots]', 'min_lot_width_ft [corner_lot]', 'min_lot_width_ft [unit_lots]', 'setback_front_ft', 'setback_garage_entrance_ft', 'setback_rear_ft', 'setback_rear_ft [abuts_alley]', 'setback_side_ft', 'setback_street_side_ft']",85,agree,not_ours,,clear,Relief limited to affordable housing development; our pod is not affordable housing.,,False
00352,or/multnomah/gresham/4.1100.downtown.txt,552,8,or/multnomah/gresham,note 8 offers a density bonus to affordable housing; the same ground,"['DCC', 'DRL-1', 'DRL-2', 'DTM']","['max_density_du_per_acre', 'max_density_du_per_acre [unit_lots]', 'max_far', 'max_height_ft', 'min_density_du_per_acre', 'min_frontage_ft', 'min_frontage_ft [corner_lot+unit_lots]', 'min_frontage_ft [corner_lot]', 'min_frontage_ft [unit_lots]', 'min_lot_depth_ft', 'min_lot_sqft', 'min_lot_sqft [unit_lots]', 'min_lot_width_ft', 'min_lot_width_ft [corner_lot+unit_lots]', 'min_lot_width_ft [corner_lot]', 'min_lot_width_ft [unit_lots]', 'setback_front_ft', 'setback_garage_entrance_ft', 'setback_rear_ft', 'setback_rear_ft [abuts_alley]', 'setback_side_ft', 'setback_street_side_ft']",85,agree,not_ours,,clear,Bonus limited to affordable housing development.,,False
00353,or/multnomah/gresham/4.1100.downtown.txt,553,9,or/multnomah/gresham,note 9 exempts Civic Uses and schools from maximum setbacks; not our use,"['DCC', 'DRL-1', 'DRL-2', 'DTM']","['max_density_du_per_acre', 'max_density_du_per_acre [unit_lots]', 'max_far', 'max_height_ft', 'min_density_du_per_acre', 'min_frontage_ft', 'min_frontage_ft [corner_lot+unit_lots]', 'min_frontage_ft [corner_lot]', 'min_frontage_ft [unit_lots]', 'min_lot_depth_ft', 'min_lot_sqft', 'min_lot_sqft [unit_lots]', 'min_lot_width_ft', 'min_lot_width_ft [corner_lot+unit_lots]', 'min_lot_width_ft [corner_lot]', 'min_lot_width_ft [unit_lots]', 'setback_front_ft', 'setback_garage_entrance_ft', 'setback_rear_ft', 'setback_rear_ft [abuts_alley]', 'setback_side_ft', 'setback_street_side_ft']",85,agree,not_ours,,clear,"Exemption is for civic uses and schools, a different use.",,False
00354,or/multnomah/gresham/4.1100.downtown.txt,554,10,or/multnomah/gresham,"note 10 defines the setback column headings rather than stating a standard, and the distinction it draws is the one already encoded: Interior means an interior side that is not a common wall, Common means one that is -- which is the `attached_wall` variant -- and Garage means the streetside garage face, which is why the 20-foot front garage number is held apart from the 10-foot facade","['DCC', 'DRL-1', 'DRL-2', 'DTM']","['max_density_du_per_acre', 'max_density_du_per_acre [unit_lots]', 'max_far', 'max_height_ft', 'min_density_du_per_acre', 'min_frontage_ft', 'min_frontage_ft [corner_lot+unit_lots]', 'min_frontage_ft [corner_lot]', 'min_frontage_ft [unit_lots]', 'min_lot_depth_ft', 'min_lot_sqft', 'min_lot_sqft [unit_lots]', 'min_lot_width_ft', 'min_lot_width_ft [corner_lot+unit_lots]', 'min_lot_width_ft [corner_lot]', 'min_lot_width_ft [unit_lots]', 'setback_front_ft', 'setback_garage_entrance_ft', 'setback_rear_ft', 'setback_rear_ft [abuts_alley]', 'setback_side_ft', 'setback_street_side_ft']",85,disagree,reaches,neither,inferred,"This note decides which side-setback column an attached four-unit row reads: its lot-line sides are interior sides with no common wall at the line while its shared walls are internal, so it selects the standard without itself moving a number.",,False
00355,or/multnomah/gresham/4.1100.downtown.txt,560,11,or/multnomah/gresham,"note 11 raises the side and rear setback to 10 feet where the yard abuts DRL-1, DRL-2, LDR-5, LDR-7, TR or TLDR, and its marker sits on the zero side and rear cells of the Commercial/Industrial/Institutional and Multi-Family rows; the row this layer reads already states 5 and 10 and carries no such marker","['DCC', 'DRL-1', 'DRL-2', 'DTM']","['max_density_du_per_acre', 'max_density_du_per_acre [unit_lots]', 'max_far', 'max_height_ft', 'min_density_du_per_acre', 'min_frontage_ft', 'min_frontage_ft [corner_lot+unit_lots]', 'min_frontage_ft [corner_lot]', 'min_frontage_ft [unit_lots]', 'min_lot_depth_ft', 'min_lot_sqft', 'min_lot_sqft [unit_lots]', 'min_lot_width_ft', 'min_lot_width_ft [corner_lot+unit_lots]', 'min_lot_width_ft [corner_lot]', 'min_lot_width_ft [unit_lots]', 'setback_front_ft', 'setback_garage_entrance_ft', 'setback_rear_ft', 'setback_rear_ft [abuts_alley]', 'setback_side_ft', 'setback_street_side_ft']",85,disagree,reaches,stricter,clear,"A flat 10-foot minimum side and rear setback whenever the lot abuts the listed low-density districts, overriding the smaller table setbacks our pod would otherwise use.",,True
00356,or/multnomah/gresham/4.1100.downtown.txt,562,12,or/multnomah/gresham,"note 12 exempts courtyard developments from the maximum setbacks; its marker does sit on this row, and it can only relax a maximum","['DCC', 'DRL-1', 'DRL-2', 'DTM']","['max_density_du_per_acre', 'max_density_du_per_acre [unit_lots]', 'max_far', 'max_height_ft', 'min_density_du_per_acre', 'min_frontage_ft', 'min_frontage_ft [corner_lot+unit_lots]', 'min_frontage_ft [corner_lot]', 'min_frontage_ft [unit_lots]', 'min_lot_depth_ft', 'min_lot_sqft', 'min_lot_sqft [unit_lots]', 'min_lot_width_ft', 'min_lot_width_ft [corner_lot+unit_lots]', 'min_lot_width_ft [corner_lot]', 'min_lot_width_ft [unit_lots]', 'setback_front_ft', 'setback_garage_entrance_ft', 'setback_rear_ft', 'setback_rear_ft [abuts_alley]', 'setback_side_ft', 'setback_street_side_ft']",85,agree,not_ours,,inferred,"Exemption is for courtyard-type developments; our pod is a single attached row with a parking court behind it, not a courtyard between building and street.",,False
00357,or/multnomah/gresham/4.1100.downtown.txt,564,13,or/multnomah/gresham,"note 13 sets the townhouse street facade and garage side setbacks from the side street's type, and its marker sits on the SIDE cells of the ""Townhouse in DCC, DMU, DTM, DEM, and DCL"" row. That row names three districts this layer now holds, so the reason has to be the row rather than the district: every Downtown district here is read from ""Single-detached, duplex, triplex, and quadplex dwellings in any district"" below it, which carries no such note. The townhouse row is what a genuine townhouse subdivision would be read against, and the DMU, DEM and DCL notes say why that path is written down rather than encoded","['DCC', 'DRL-1', 'DRL-2', 'DTM']","['max_density_du_per_acre', 'max_density_du_per_acre [unit_lots]', 'max_far', 'max_height_ft', 'min_density_du_per_acre', 'min_frontage_ft', 'min_frontage_ft [corner_lot+unit_lots]', 'min_frontage_ft [corner_lot]', 'min_frontage_ft [unit_lots]', 'min_lot_depth_ft', 'min_lot_sqft', 'min_lot_sqft [unit_lots]', 'min_lot_width_ft', 'min_lot_width_ft [corner_lot+unit_lots]', 'min_lot_width_ft [corner_lot]', 'min_lot_width_ft [unit_lots]', 'setback_front_ft', 'setback_garage_entrance_ft', 'setback_rear_ft', 'setback_rear_ft [abuts_alley]', 'setback_side_ft', 'setback_street_side_ft']",85,disagree,reaches,stricter,inferred,"Townhouses reaches a four-unit attached row, and on a corner lot this replaces the street-side and garage side setbacks with the side street front-facade setback; the substituted value is normally the larger one, though the passage does not print both to confirm.",,True
00358,or/multnomah/gresham/4.1100.downtown.txt,566,14,or/multnomah/gresham,"note 14 does the same for Commercial, Industrial, Institutional and Multi-Family; not our use","['DCC', 'DRL-1', 'DRL-2', 'DTM']","['max_density_du_per_acre', 'max_density_du_per_acre [unit_lots]', 'max_far', 'max_height_ft', 'min_density_du_per_acre', 'min_frontage_ft', 'min_frontage_ft [corner_lot+unit_lots]', 'min_frontage_ft [corner_lot]', 'min_frontage_ft [unit_lots]', 'min_lot_depth_ft', 'min_lot_sqft', 'min_lot_sqft [unit_lots]', 'min_lot_width_ft', 'min_lot_width_ft [corner_lot+unit_lots]', 'min_lot_width_ft [corner_lot]', 'min_lot_width_ft [unit_lots]', 'setback_front_ft', 'setback_garage_entrance_ft', 'setback_rear_ft', 'setback_rear_ft [abuts_alley]', 'setback_side_ft', 'setback_street_side_ft']",85,disagree,reaches,stricter,unclear,"Four units on one lot may be classified Multi-Family rather than townhouses in this code, in which case the street-side setback becomes the side street front-facade setback; the passage does not say which classification a one-lot quadplex takes.",,True
00359,or/multnomah/gresham/4.1100.downtown.txt,568,15,or/multnomah/gresham,note 15 encourages townhouses to take access from a rear alley; an encouragement states no standard,"['DCC', 'DRL-1', 'DRL-2', 'DTM']","['max_density_du_per_acre', 'max_density_du_per_acre [unit_lots]', 'max_far', 'max_height_ft', 'min_density_du_per_acre', 'min_frontage_ft', 'min_frontage_ft [corner_lot+unit_lots]', 'min_frontage_ft [corner_lot]', 'min_frontage_ft [unit_lots]', 'min_lot_depth_ft', 'min_lot_sqft', 'min_lot_sqft [unit_lots]', 'min_lot_width_ft', 'min_lot_width_ft [corner_lot+unit_lots]', 'min_lot_width_ft [corner_lot]', 'min_lot_width_ft [unit_lots]', 'setback_front_ft', 'setback_garage_entrance_ft', 'setback_rear_ft', 'setback_rear_ft [abuts_alley]', 'setback_side_ft', 'setback_street_side_ft']",85,disagree,reaches,neither,inferred,"It speaks to our building type and to vehicle access, but it is hortatory and sets no dimension or requirement.",,False
00360,or/multnomah/gresham/4.1100.downtown.txt,569,16,or/multnomah/gresham,"note 16 releases the maximum front setback once the street type's building frontage requirement is met; it is a relaxation of a maximum, and the orientation constraint encoded for these zones already reads it","['DCC', 'DRL-1', 'DRL-2', 'DTM']","['max_density_du_per_acre', 'max_density_du_per_acre [unit_lots]', 'max_far', 'max_height_ft', 'min_density_du_per_acre', 'min_frontage_ft', 'min_frontage_ft [corner_lot+unit_lots]', 'min_frontage_ft [corner_lot]', 'min_frontage_ft [unit_lots]', 'min_lot_depth_ft', 'min_lot_sqft', 'min_lot_sqft [unit_lots]', 'min_lot_width_ft', 'min_lot_width_ft [corner_lot+unit_lots]', 'min_lot_width_ft [corner_lot]', 'min_lot_width_ft [unit_lots]', 'setback_front_ft', 'setback_garage_entrance_ft', 'setback_rear_ft', 'setback_rear_ft [abuts_alley]', 'setback_side_ft', 'setback_street_side_ft']",85,disagree,reaches,looser,clear,"It waives the maximum front setback for any development on a site that has met its street-type frontage requirement, our pod included.",,False
00361,or/multnomah/gresham/4.1200.civic-neighborhood.txt,210,1,or/multnomah/gresham,"note 1 permits a temporary health hardship dwelling alongside a pre-existing single detached dwelling. Another housing type, and a permission rather than a limit. The only Civic Neighborhood field this layer encodes is quadplex_allowed, read off Table 4.1220(A)'s Quadplex row, which reads NP","['CNRM', 'CNTH', 'CNTM']",['quadplex_allowed'],3,agree,not_ours,,clear,"Temporary hardship dwellings accessory to an existing detached house, a different use.",,False
00362,or/multnomah/gresham/4.1200.civic-neighborhood.txt,211,2,or/multnomah/gresham,note 2 permits conversion of a hotel or motel to an emergency shelter or to affordable housing. Neither the use nor the building being placed,"['CNRM', 'CNTH', 'CNTM']",['quadplex_allowed'],3,agree,not_ours,,clear,"Conversion of an existing hotel or motel, a different use and a different project.",,False
00363,or/multnomah/gresham/4.1200.civic-neighborhood.txt,212,3,or/multnomah/gresham,"note 3 permits affordable housing development subject to Section 10.1700. A relaxation resting on an election nobody has made, and it would widen the Quadplex row rather than narrow it","['CNRM', 'CNTH', 'CNTM']",['quadplex_allowed'],3,agree,not_ours,,inferred,"The note opens the Affordable Housing row under Section 10.1700; our pod is a market-rate quadplex, which the table lists separately as NP.",,False
00364,or/multnomah/gresham/4.1300.gresham-butte.txt,57,1,or/multnomah/gresham,"Table 4.1311 note 1 credits a small vacant property with one dwelling unit under the plan district's 1 unit per acre density cap; a density credit cannot make a use the district prohibits outright permitted, and Gresham Butte prohibits quadplexes by name",['LDR/GB'],['quadplex_allowed'],1,disagree,reaches,looser,inferred,"It changes the maximum-density calculation our pod must satisfy on a small existing vacant lot, granting one dwelling unit where the 1 DU/acre rounding rule would otherwise give none - a relaxation, and one that still stops far short of four units.",,False
00365,or/multnomah/gresham/4.1300.gresham-butte.txt,58,2,or/multnomah/gresham,note 2 requires separate open space to sit in a commonly owned tract with approved deeds; a land-division condition in a district where the use is prohibited by name,['LDR/GB'],['quadplex_allowed'],1,agree,not_ours,,clear,A plat-recording condition on a land division; we are not dividing the lot.,,False
00366,or/multnomah/gresham/4.1400.pleasant-valley.txt,210,1,or/multnomah/gresham,Table 4.1413 marks the cells it limits and note 1 marks the Single Detached Dwelling cell in HDR-PV; the Quadplex and Townhouse rows are a bare P in LDR-PV,"['HDR-PV', 'LDR-PV', 'MDR-PV']",['quadplex_allowed'],3,agree,not_ours,,inferred,"It permits an added single detached dwelling alongside middle housing; our development contains no detached dwelling, so the allowance is not one we use.",,False
00367,or/multnomah/gresham/4.1400.pleasant-valley.txt,212,2,or/multnomah/gresham,Table 4.1413 marks the cells it limits and note 2 marks the Multi-Family/Shared Housing Facility row; the Quadplex and Townhouse rows are a bare P in LDR-PV,"['HDR-PV', 'LDR-PV', 'MDR-PV']",['quadplex_allowed'],3,agree,not_ours,,clear,"Transitional housing for a specific population, a different use.",,False
00368,or/multnomah/gresham/4.1400.pleasant-valley.txt,214,3,or/multnomah/gresham,"Table 4.0120 marks the cells it limits; the Quadplex and Townhouse rows are a bare P in all seven districts, so no note of this table reaches the use this layer encodes","['HDR-PV', 'LDR-PV', 'MDR-PV']",['quadplex_allowed'],3,agree,not_ours,,clear,Applies to affordable housing under Section 10.1700; our pod is market rate.,,False
00369,or/multnomah/gresham/4.1400.pleasant-valley.txt,217,4,or/multnomah/gresham,"a note of Section 4.0200, whose use table has one column and reads NP on the Quadplex row with no marker on it; an affordable housing note; a permission resting on an election nobody has made","['HDR-PV', 'LDR-PV', 'MDR-PV']",['quadplex_allowed'],3,agree,not_ours,,clear,Affordable housing only.,,False
00370,or/multnomah/gresham/4.1400.pleasant-valley.txt,218,5,or/multnomah/gresham,Table 4.1413 marks the cells it limits and sends commercial uses to the limitations in Section 4.1414; not our use; the Quadplex and Townhouse rows are a bare P in LDR-PV,"['HDR-PV', 'LDR-PV', 'MDR-PV']",['quadplex_allowed'],3,agree,not_ours,,clear,Commercial uses; our pod is entirely residential.,,False
00371,or/multnomah/gresham/4.1400.pleasant-valley.txt,219,6,or/multnomah/gresham,Table 4.1413 marks the cells it limits and governs the commercial half of a live-work unit; not our use; the Quadplex and Townhouse rows are a bare P in LDR-PV,"['HDR-PV', 'LDR-PV', 'MDR-PV']",['quadplex_allowed'],3,agree,not_ours,,clear,"Live/work units with a commercial portion, their garage access and their signage; our pod has no commercial component.",,False
00372,or/multnomah/gresham/4.1400.pleasant-valley.txt,222,7,or/multnomah/gresham,Table 4.1413 marks the cells it limits and limits religious assembly seating; not our use; the Quadplex and Townhouse rows are a bare P in LDR-PV,"['HDR-PV', 'LDR-PV', 'MDR-PV']",['quadplex_allowed'],3,agree,not_ours,,clear,Religious assembly use.,,False
00373,or/multnomah/gresham/4.1400.pleasant-valley.txt,224,8,or/multnomah/gresham,"a cross-reference to Section 10.0900 for additional standards, marked on the Renewable Energy Uses category heading","['HDR-PV', 'LDR-PV', 'MDR-PV']",['quadplex_allowed'],3,disagree,reaches,neither,unclear,"A bare pointer to another chapter of additional standards; the passage does not print the table rows that carry note 8, so I cannot tell whether it hangs off a residential row a quadplex falls in - flagged rather than waved because additional standards could tighten something.",,False
00374,or/multnomah/gresham/4.1400.pleasant-valley.txt,225,9,or/multnomah/gresham,Table 4.1413 marks the cells it limits and marks the Solar Energy Systems row; the Quadplex and Townhouse rows are a bare P in LDR-PV,"['HDR-PV', 'LDR-PV', 'MDR-PV']",['quadplex_allowed'],3,agree,not_ours,,clear,"Solar energy system standards, not a dwelling standard.",,False
00375,or/multnomah/gresham/4.1400.pleasant-valley.txt,226,10,or/multnomah/gresham,Table 4.1413 marks the cells it limits and marks the Wind Energy Systems row; the Quadplex and Townhouse rows are a bare P in LDR-PV,"['HDR-PV', 'LDR-PV', 'MDR-PV']",['quadplex_allowed'],3,agree,not_ours,,clear,"Wind energy systems, not a dwelling standard.",,False
00376,or/multnomah/gresham/4.1400.pleasant-valley.txt,227,11,or/multnomah/gresham,Table 4.1413 marks the cells it limits and marks the Biomass Energy Systems row; the Quadplex and Townhouse rows are a bare P in LDR-PV,"['HDR-PV', 'LDR-PV', 'MDR-PV']",['quadplex_allowed'],3,agree,not_ours,,clear,"Biomass energy systems, not a dwelling standard.",,False
00377,or/multnomah/gresham/4.1400.pleasant-valley.txt,228,12,or/multnomah/gresham,Table 4.1413 marks the cells it limits and marks the Geothermal Energy Systems row; the Quadplex and Townhouse rows are a bare P in LDR-PV,"['HDR-PV', 'LDR-PV', 'MDR-PV']",['quadplex_allowed'],3,agree,not_ours,,clear,"Geothermal energy systems, not a dwelling standard.",,False
00378,or/multnomah/gresham/4.1400.pleasant-valley.txt,229,13,or/multnomah/gresham,Table 4.1413 marks the cells it limits and marks the Micro-Hydro Energy Systems row; the Quadplex and Townhouse rows are a bare P in LDR-PV,"['HDR-PV', 'LDR-PV', 'MDR-PV']",['quadplex_allowed'],3,agree,not_ours,,clear,"Micro-hydro energy systems, not a dwelling standard.",,False
00379,or/multnomah/gresham/4.1400.pleasant-valley.txt,230,14,or/multnomah/gresham,Table 4.1413 marks the cells it limits and prohibits electrical generating facilities and wastewater treatment plants; not our use; the Quadplex and Townhouse rows are a bare P in LDR-PV,"['HDR-PV', 'LDR-PV', 'MDR-PV']",['quadplex_allowed'],3,agree,not_ours,,clear,Prohibits utility uses we are not proposing.,,False
00380,or/multnomah/gresham/4.1400.pleasant-valley.txt,231,15,or/multnomah/gresham,Table 4.1413 marks the cells it limits and marks the Heliports row; the Quadplex and Townhouse rows are a bare P in LDR-PV,"['HDR-PV', 'LDR-PV', 'MDR-PV']",['quadplex_allowed'],3,agree,not_ours,,clear,"An accessory use to a medical or civic use, not our residential pod.",,False
00381,or/multnomah/gresham/4.1400.pleasant-valley.txt,232,16,or/multnomah/gresham,"no more than one cottage cluster per parent parcel, marked on the Cottage Cluster row. The pod reads the Quadplex row, which carries only the L1 in DCC and DTM, and the Townhouse row, which is a bare P in all six sub-districts. A cottage cluster is detached units around a common court and the pod is one attached building","['HDR-PV', 'LDR-PV', 'MDR-PV']",['quadplex_allowed'],3,agree,not_ours,,clear,"Caps cottage clusters per parcel, and our building is an attached fourplex, not a cottage cluster.",,False
00382,or/multnomah/gresham/4.1400.pleasant-valley.txt,352,1,or/multnomah/gresham,Table 4.1415A note 1 switches off the minimum net density for affordable housing; a relaxation resting on an election nobody has made,"['HDR-PV', 'LDR-PV', 'MDR-PV']","['max_density_du_per_acre', 'max_density_du_per_acre [unit_lots]', 'max_far', 'max_far [unit_lots]', 'max_height_ft', 'min_density_du_per_acre', 'min_frontage_ft', 'min_frontage_ft [corner_lot+unit_lots]', 'min_frontage_ft [corner_lot]', 'min_frontage_ft [unit_lots]', 'min_lot_sqft', 'min_lot_sqft [unit_lots]']",32,agree,not_ours,,inferred,"The relief is conditioned on affordable-housing status our market-rate pod does not have, so minimum net density still applies to us unchanged.",,False
00383,or/multnomah/gresham/4.1400.pleasant-valley.txt,353,2,or/multnomah/gresham,"note 6 offers a density bonus to affordable housing; a relaxation, and one that turns on an election nobody has made","['HDR-PV', 'LDR-PV', 'MDR-PV']","['max_density_du_per_acre', 'max_density_du_per_acre [unit_lots]', 'max_far', 'max_far [unit_lots]', 'max_height_ft', 'min_density_du_per_acre', 'min_frontage_ft', 'min_frontage_ft [corner_lot+unit_lots]', 'min_frontage_ft [corner_lot]', 'min_frontage_ft [unit_lots]', 'min_lot_sqft', 'min_lot_sqft [unit_lots]']",32,agree,not_ours,,inferred,The bonus is conditioned on affordable-housing status our pod does not have; the maximum density we face is unchanged.,,False
00384,or/multnomah/gresham/4.1400.pleasant-valley.txt,354,3,or/multnomah/gresham,"note 3 marks the Minimum Street Frontage heading and offers a reduction the applicant may be granted on documenting compliance with Section 10.1520; the encoded minimum is the number that binds without an approval nobody has applied for. The digest moved because the body used to stop at ""compliance with"" -- the wrapped citation on the next line was read as the start of a new section, which is also what cost notes 4 through 7","['HDR-PV', 'LDR-PV', 'MDR-PV']","['max_density_du_per_acre', 'max_density_du_per_acre [unit_lots]', 'max_far', 'max_far [unit_lots]', 'max_height_ft', 'min_density_du_per_acre', 'min_frontage_ft', 'min_frontage_ft [corner_lot+unit_lots]', 'min_frontage_ft [corner_lot]', 'min_frontage_ft [unit_lots]', 'min_lot_sqft', 'min_lot_sqft [unit_lots]']",32,disagree,reaches,looser,clear,"It can relax the minimum street frontage our pod must meet in all three PV residential sub-districts, so it does move a standard we are screened against - downward.",,False
00385,or/multnomah/gresham/4.1400.pleasant-valley.txt,356,4,or/multnomah/gresham,"note 11 offers a height bonus to affordable housing; a relaxation, and one that turns on an election nobody has made","['HDR-PV', 'LDR-PV', 'MDR-PV']","['max_density_du_per_acre', 'max_density_du_per_acre [unit_lots]', 'max_far', 'max_far [unit_lots]', 'max_height_ft', 'min_density_du_per_acre', 'min_frontage_ft', 'min_frontage_ft [corner_lot+unit_lots]', 'min_frontage_ft [corner_lot]', 'min_frontage_ft [unit_lots]', 'min_lot_sqft', 'min_lot_sqft [unit_lots]']",32,agree,not_ours,,inferred,The bonus is conditioned on affordable-housing status our pod does not have; the maximum height we face is unchanged.,,False
00386,or/multnomah/gresham/4.1400.pleasant-valley.txt,357,5,or/multnomah/gresham,"note 5 attaches Section 4.1416's building height transition standards to the height row wherever an abutting lot is in the LDR-PV sub-district. It is read and it cannot bind: 4.1416(B) allows 35 feet AT the minimum building setback from that lot line and adds a foot of height for every additional foot of setback, and the pod is 26 feet -- nine feet under the allowance before it steps back at all. Pleasant Valley writes its own transition rather than using Section 9.0600, which 9.0602 excludes this plan district from by name","['HDR-PV', 'LDR-PV', 'MDR-PV']","['max_density_du_per_acre', 'max_density_du_per_acre [unit_lots]', 'max_far', 'max_far [unit_lots]', 'max_height_ft', 'min_density_du_per_acre', 'min_frontage_ft', 'min_frontage_ft [corner_lot+unit_lots]', 'min_frontage_ft [corner_lot]', 'min_frontage_ft [unit_lots]', 'min_lot_sqft', 'min_lot_sqft [unit_lots]']",32,narrower,some_zones,stricter,inferred,"Section 4.1416, printed in this same document, applies the transition only to lots in HDR-PV (plus TC/NC/ME-PV) that abut LDR-PV, capping height at 35 ft at the minimum setback - a real height limit on our pod in HDR-PV (our 26 ft clears it) that does not reach an LDR-PV or MDR-PV site.",HDR-PV,True
00387,or/multnomah/gresham/4.1400.pleasant-valley.txt,358,6,or/multnomah/gresham,"note 6 narrows row K, the alley access requirement for garage entrances, to developments in which dwelling units have individual garage entrances, and exempts developments with shared parking areas or parking garages. The pod parks in a shared rear court and has no individual garage entrances, so the requirement the note qualifies does not reach it. Row K itself is unencoded and has no field","['HDR-PV', 'LDR-PV', 'MDR-PV']","['max_density_du_per_acre', 'max_density_du_per_acre [unit_lots]', 'max_far', 'max_far [unit_lots]', 'max_height_ft', 'min_density_du_per_acre', 'min_frontage_ft', 'min_frontage_ft [corner_lot+unit_lots]', 'min_frontage_ft [corner_lot]', 'min_frontage_ft [unit_lots]', 'min_lot_sqft', 'min_lot_sqft [unit_lots]']",32,disagree,reaches,looser,inferred,"Our pod parks in a shared rear court rather than individual garages, so this note switches the marked garage-entrance requirement off for us - it changes what we must satisfy, in our favour.",,False
00388,or/multnomah/gresham/4.1400.pleasant-valley.txt,360,7,or/multnomah/gresham,"note 7 sends new multi-family, elderly housing, residential facilities, mixed-use and non-residential development to the Corridor Design District standards of Section 7.0112. It is marked on row O's ""All Other Uses"" line; the row above it sends single detached, duplex, triplex, quadplex, townhouse and cottage cluster to Section 7.0400 instead, and the pod is on that line","['HDR-PV', 'LDR-PV', 'MDR-PV']","['max_density_du_per_acre', 'max_density_du_per_acre [unit_lots]', 'max_far', 'max_far [unit_lots]', 'max_height_ft', 'min_density_du_per_acre', 'min_frontage_ft', 'min_frontage_ft [corner_lot+unit_lots]', 'min_frontage_ft [corner_lot]', 'min_frontage_ft [unit_lots]', 'min_lot_sqft', 'min_lot_sqft [unit_lots]']",32,agree,not_ours,,inferred,The same table sends Quadplex/Townhouse to the Section 7.0400 residential design standards and reserves these Section 7.0112 Corridor Design District standards for the 'All Other Uses' row.,,False
00389,or/multnomah/gresham/4.1400.pleasant-valley.txt,418,1,or/multnomah/gresham,"Table 4.1415B note 1 lets the garage setback drop to 5 feet where the garage is flush with the front wall or the design standards of Section 7.0400 are met; a relaxation, and 20 feet is the number that binds without it","['HDR-PV', 'LDR-PV', 'MDR-PV']","['setback_front_ft', 'setback_garage_entrance_ft', 'setback_rear_ft', 'setback_rear_ft [abuts_alley+unit_lots]', 'setback_rear_ft [abuts_alley]', 'setback_rear_ft [unit_lots]', 'setback_side_ft', 'setback_side_ft [attached_wall]', 'setback_street_side_ft', 'setback_street_side_ft [unit_lots]']",25,disagree,reaches,looser,inferred,"It cuts the 20 ft garage setback to 5 ft on conditions; our pod parks in a rear court so it may not bite at all, but nothing in it tightens anything.",,False
00390,or/multnomah/gresham/4.1400.pleasant-valley.txt,423,2,or/multnomah/gresham,"note 2 raises the MAXIMUM front and street side setback to 30 feet on an arterial and lets it be exceeded for pedestrian amenities; this layer encodes no maximum setback in Pleasant Valley, and a maximum cannot stop a pod fitting","['HDR-PV', 'LDR-PV', 'MDR-PV']","['setback_front_ft', 'setback_garage_entrance_ft', 'setback_rear_ft', 'setback_rear_ft [abuts_alley+unit_lots]', 'setback_rear_ft [abuts_alley]', 'setback_rear_ft [unit_lots]', 'setback_side_ft', 'setback_side_ft [attached_wall]', 'setback_street_side_ft', 'setback_street_side_ft [unit_lots]']",25,disagree,reaches,stricter,unclear,"On its own words it puts a 30 ft MAXIMUM front/street-side setback on any dwelling-unit building abutting an arterial - a ceiling our screen holds none of - though the maximum-setback block is printed only for the 'All Other Uses' row, and the passage does not settle which reading governs a quadplex.",,True
00391,or/multnomah/gresham/4.1400.pleasant-valley.txt,585,1,or/multnomah/gresham,"Table 4.1423 marks the cells it limits and the Quadplex row is a bare NP in all three columns, carrying no marker; note 1 governs the ground-floor street-facing facade on three named streets, which is a standard for the commercial or institutional use that has to occupy it",['NC-PV'],['quadplex_allowed'],1,disagree,reaches,stricter,clear,"On the three named NC-PV streets a wholly residential fourplex cannot occupy the ground-floor street frontage, which bars our pod on those frontages.",,True
00392,or/multnomah/gresham/4.1400.pleasant-valley.txt,589,2,or/multnomah/gresham,"Table 4.1423 marks the cells it limits and the Quadplex row is a bare NP in all three columns, carrying no marker; note 2 permits residential use as part of a MIXED-USE building above the ground floor -- it is the content of the L2 on Multi-Family and Residential Facility in ME-PV, and a four-unit attached townhome on its own lot is neither mixed-use nor above a ground floor",['NC-PV'],['quadplex_allowed'],1,disagree,reaches,stricter,clear,"In NC-PV this confines residential to the upper floors of a mixed-use building, which a standalone two-storey fourplex with ground-floor units cannot satisfy - dismissing it leaves 'fourplex allowed' recorded flat where the code makes it conditional.",,True
00393,or/multnomah/gresham/4.1400.pleasant-valley.txt,590,3,or/multnomah/gresham,"a note of Table 4.1520, the use table for the Village Center, Regional Transit Industrial, Industrial and Neighbourhood Commercial districts; the Quadplex and Townhouse rows read NP in every column of that table, so no note of it can reach the use this layer screens in RTI-SW or IND-SW, and the other two columns are not encoded",['NC-PV'],['quadplex_allowed'],1,agree,not_ours,,clear,"A conversion of an existing hotel or motel, not new construction of our pod.",,False
00394,or/multnomah/gresham/4.1400.pleasant-valley.txt,591,4,or/multnomah/gresham,"a note of Section 4.0200, whose use table has one column and reads NP on the Quadplex row with no marker on it; an affordable housing note; a permission resting on an election nobody has made",['NC-PV'],['quadplex_allowed'],1,agree,not_ours,,inferred,The permission is conditioned on affordable-housing status our market-rate pod does not have.,,False
00395,or/multnomah/gresham/4.1400.pleasant-valley.txt,592,5,or/multnomah/gresham,"Table 4.1423 marks the cells it limits and the Quadplex row is a bare NP in all three columns, carrying no marker; note 5 caps the footprint of a building occupied ENTIRELY by commercial use at 15,000 sq ft; not our building",['NC-PV'],['quadplex_allowed'],1,agree,not_ours,,clear,"A footprint cap on wholly commercial buildings and on religious institutions, not on a dwelling.",,False
00396,or/multnomah/gresham/4.1400.pleasant-valley.txt,594,6,or/multnomah/gresham,"Table 4.1423 marks the cells it limits and the Quadplex row is a bare NP in all three columns, carrying no marker; note 6 caps retail gross leasable area at 60,000 sq ft; not our use",['NC-PV'],['quadplex_allowed'],1,agree,not_ours,,clear,A retail floor-area cap; our pod has no retail.,,False
00397,or/multnomah/gresham/4.1400.pleasant-valley.txt,600,7,or/multnomah/gresham,"Table 4.1423 marks the cells it limits and the Quadplex row is a bare NP in all three columns, carrying no marker; note 7 governs the commercial half of a live-work unit; not our use",['NC-PV'],['quadplex_allowed'],1,agree,not_ours,,clear,"Live-work units with a commercial ground floor, not our all-residential pod.",,False
00398,or/multnomah/gresham/4.1400.pleasant-valley.txt,603,8,or/multnomah/gresham,"a note of Table 4.1520, the use table for the Village Center, Regional Transit Industrial, Industrial and Neighbourhood Commercial districts; the Quadplex and Townhouse rows read NP in every column of that table, so no note of it can reach the use this layer screens in RTI-SW or IND-SW, and the other two columns are not encoded",['NC-PV'],['quadplex_allowed'],1,agree,not_ours,,clear,A prohibition on a use we are not proposing.,,False
00399,or/multnomah/gresham/4.1400.pleasant-valley.txt,604,9,or/multnomah/gresham,"Table 4.1423 marks the cells it limits and the Quadplex row is a bare NP in all three columns, carrying no marker; note 9 limits a cell to mixed-use buildings and caps retail at half the floor area; it is a limitation ON a commercial permission, not a residential one, and the Quadplex cell it would have to reach is NP",['NC-PV'],['quadplex_allowed'],1,agree,not_ours,,inferred,"The limitation is on a retail use's share of a mixed-use building rather than on a dwelling, and residential in this table is limited by note 2 instead - though the marked row itself is not visible in the passage.",,False
00400,or/multnomah/gresham/4.1400.pleasant-valley.txt,606,10,or/multnomah/gresham,"Table 4.1423 marks the cells it limits and the Quadplex row is a bare NP in all three columns, carrying no marker; note 10 caps an Outdoor Commercial Use site at two acres; not our use",['NC-PV'],['quadplex_allowed'],1,agree,not_ours,,clear,"Caps the site size of an Outdoor Commercial Use; our pod is a dwelling, not a commercial use.",,False
00401,or/multnomah/gresham/4.1400.pleasant-valley.txt,607,11,or/multnomah/gresham,"Table 4.1423 marks the cells it limits and the Quadplex row is a bare NP in all three columns, carrying no marker; note 11 requires industrial activity and storage to be indoors or screened; not our use",['NC-PV'],['quadplex_allowed'],1,agree,not_ours,,clear,A screening condition on industrial uses only.,,False
00402,or/multnomah/gresham/4.1400.pleasant-valley.txt,609,12,or/multnomah/gresham,"Table 4.1423 marks the cells it limits and the Quadplex row is a bare NP in all three columns, carrying no marker; note 12 lists which industrial functions the table permits; not our use",['NC-PV'],['quadplex_allowed'],1,agree,not_ours,,clear,Defines which employment/industrial functions the table permits; says nothing about dwellings.,,False
00403,or/multnomah/gresham/4.1400.pleasant-valley.txt,611,13,or/multnomah/gresham,"Table 4.1423 marks the cells it limits and the Quadplex row is a bare NP in all three columns, carrying no marker; note 13 governs golf courses, plazas and public parks in ME-PV; not our use",['NC-PV'],['quadplex_allowed'],1,agree,not_ours,,clear,Prohibits golf courses and certain public parks in ME-PV; a different use category.,,False
00404,or/multnomah/gresham/4.1400.pleasant-valley.txt,619,14,or/multnomah/gresham,"Table 4.1507 states the district's uses and marks the cells it limits; note 7 prohibits electrical generating facilities, and the Quadplex and Townhouse rows are a bare P in all three columns",['NC-PV'],['quadplex_allowed'],1,agree,not_ours,,clear,"Prohibits a utility use, not a residential building.",,False
00405,or/multnomah/gresham/4.1400.pleasant-valley.txt,620,15,or/multnomah/gresham,"schools in an existing commercial space against schools in new construction, marked on the Schools row",['NC-PV'],['quadplex_allowed'],1,agree,not_ours,,clear,A review-path rule for schools.,,False
00406,or/multnomah/gresham/4.1400.pleasant-valley.txt,622,16,or/multnomah/gresham,"a cross-reference to Section 10.0900 for additional standards, marked on the Renewable Energy Uses category heading",['NC-PV'],['quadplex_allowed'],1,agree,not_ours,,inferred,"A bare cross-reference that names no use; the note numbers in this table track row order (17-21 map to the solar, wind, biomass, geothermal and micro-hydro rows in that order), so note 16 hangs on a row between Schools and the energy systems, a civic or utility row rather than a dwelling row.",,False
00407,or/multnomah/gresham/4.1400.pleasant-valley.txt,623,17,or/multnomah/gresham,"Table 4.1423 marks the cells it limits and the Quadplex row is a bare NP in all three columns, carrying no marker; marks the Solar Energy Systems row",['NC-PV'],['quadplex_allowed'],1,agree,not_ours,,clear,Points at solar energy system use standards.,,False
00408,or/multnomah/gresham/4.1400.pleasant-valley.txt,624,18,or/multnomah/gresham,"Table 4.1423 marks the cells it limits and the Quadplex row is a bare NP in all three columns, carrying no marker; marks the Wind Energy Systems row",['NC-PV'],['quadplex_allowed'],1,agree,not_ours,,clear,Points at wind energy system use standards.,,False
00409,or/multnomah/gresham/4.1400.pleasant-valley.txt,625,19,or/multnomah/gresham,"Table 4.1423 marks the cells it limits and the Quadplex row is a bare NP in all three columns, carrying no marker; marks the Biomass Energy Systems row",['NC-PV'],['quadplex_allowed'],1,agree,not_ours,,clear,Points at biomass energy system use standards.,,False
00410,or/multnomah/gresham/4.1400.pleasant-valley.txt,626,20,or/multnomah/gresham,"Table 4.1423 marks the cells it limits and the Quadplex row is a bare NP in all three columns, carrying no marker; marks the Geothermal Energy Systems row",['NC-PV'],['quadplex_allowed'],1,agree,not_ours,,clear,Points at geothermal energy system use standards.,,False
00411,or/multnomah/gresham/4.1400.pleasant-valley.txt,627,21,or/multnomah/gresham,"Table 4.1423 marks the cells it limits and the Quadplex row is a bare NP in all three columns, carrying no marker; marks the Micro-Hydro Energy Systems row",['NC-PV'],['quadplex_allowed'],1,agree,not_ours,,clear,Points at micro-hydro energy system use standards.,,False
00412,or/multnomah/gresham/4.1400.pleasant-valley.txt,628,22,or/multnomah/gresham,"a note of Table 4.1520, the use table for the Village Center, Regional Transit Industrial, Industrial and Neighbourhood Commercial districts; the Quadplex and Townhouse rows read NP in every column of that table, so no note of it can reach the use this layer screens in RTI-SW or IND-SW, and the other two columns are not encoded",['NC-PV'],['quadplex_allowed'],1,agree,not_ours,,inferred,"Last note in a table whose note numbers follow row order, so it hangs on a row below Micro-Hydro Energy Systems (utilities, heliports, wireless, temporary uses, marijuana businesses), none of which is a dwelling.",,False
00413,or/multnomah/gresham/4.1400.pleasant-valley.txt,846,1,or/multnomah/gresham,"a note of Section 4.0200, whose use table has one column and reads NP on the Quadplex row with no marker on it; an affordable housing note; a permission resting on an election nobody has made",['PUB-PV'],['quadplex_allowed'],1,disagree,reaches,looser,inferred,"An affordable fourplex is still a four-unit attached building, so this permission pathway reaches our building type and only ever adds permission; it is worth a look anyway because in a Public Land sub-district this note may be the only basis on which any fourplex is allowed, in which case the recorded 'fourplex allowed' is unconditioned and a market-rate pod would not qualify.",,False
00414,or/multnomah/gresham/4.1400.pleasant-valley.txt,847,2,or/multnomah/gresham,"a cross-reference to Section 10.0900 for additional standards, marked on the Renewable Energy Uses category heading",['PUB-PV'],['quadplex_allowed'],1,agree,not_ours,,inferred,"A bare cross-reference naming no use; note numbers in this table follow row order (3-7 map to the solar, wind, biomass, geothermal and micro-hydro rows), so note 2 sits on a row above the energy systems and below the affordable-housing row, a civic or institutional row rather than a dwelling row.",,False
00415,or/multnomah/gresham/4.1400.pleasant-valley.txt,848,3,or/multnomah/gresham,Table 4.1413 marks the cells it limits and marks the Solar Energy Systems row; the Quadplex and Townhouse rows are a bare P in LDR-PV,['PUB-PV'],['quadplex_allowed'],1,agree,not_ours,,clear,Points at solar energy system use standards.,,False
00416,or/multnomah/gresham/4.1400.pleasant-valley.txt,849,4,or/multnomah/gresham,Table 4.1413 marks the cells it limits and marks the Wind Energy Systems row; the Quadplex and Townhouse rows are a bare P in LDR-PV,['PUB-PV'],['quadplex_allowed'],1,agree,not_ours,,clear,Points at wind energy system use standards.,,False
00417,or/multnomah/gresham/4.1400.pleasant-valley.txt,850,5,or/multnomah/gresham,Table 4.1413 marks the cells it limits and marks the Biomass Energy Systems row; the Quadplex and Townhouse rows are a bare P in LDR-PV,['PUB-PV'],['quadplex_allowed'],1,agree,not_ours,,clear,Points at biomass energy system use standards.,,False
00418,or/multnomah/gresham/4.1400.pleasant-valley.txt,851,6,or/multnomah/gresham,Table 4.1413 marks the cells it limits and marks the Geothermal Energy Systems row; the Quadplex and Townhouse rows are a bare P in LDR-PV,['PUB-PV'],['quadplex_allowed'],1,agree,not_ours,,clear,Points at geothermal energy system use standards.,,False
00419,or/multnomah/gresham/4.1400.pleasant-valley.txt,852,7,or/multnomah/gresham,Table 4.1413 marks the cells it limits and marks the Micro-Hydro Energy Systems row; the Quadplex and Townhouse rows are a bare P in LDR-PV,['PUB-PV'],['quadplex_allowed'],1,agree,not_ours,,clear,Points at micro-hydro energy system use standards.,,False
00420,or/multnomah/gresham/4.1400.pleasant-valley.txt,853,8,or/multnomah/gresham,"Table 4.1431 note 8 prohibits electrical generating facilities in the Public Land sub-district; the Quadplex row of that table is a bare NP like every other residential row, and nothing here could turn it on",['PUB-PV'],['quadplex_allowed'],1,agree,not_ours,,clear,"Prohibits a utility use, not a residential building.",,False
00421,or/multnomah/gresham/4.1500.springwater.txt,213,1,or/multnomah/gresham,"Table 4.1507 states the district's uses and marks the cells it limits; note 1 marks the Multi-Family/Shared Housing Facility row, and the Quadplex and Townhouse rows are a bare P in all three columns","['LDR-SW', 'THR-SW', 'VLDR-SW']",['quadplex_allowed'],3,agree,not_ours,,clear,Transitional or group housing for a specific occupancy is a different use from the household living our four-unit pod is.,,False
00422,or/multnomah/gresham/4.1500.springwater.txt,214,2,or/multnomah/gresham,"Table 4.0120 marks the cells it limits; the Quadplex and Townhouse rows are a bare P in all seven districts, so no note of this table reaches the use this layer encodes","['LDR-SW', 'THR-SW', 'VLDR-SW']",['quadplex_allowed'],3,disagree,reaches,looser,inferred,"Affordable housing can be a four-unit attached building, so the note reaches our building type, but it only opens a permission pathway, and its second sentence binds only affordable housing that could not otherwise be permitted, so it tightens no dimension for a market-rate pod.",,False
00423,or/multnomah/gresham/4.1500.springwater.txt,217,3,or/multnomah/gresham,"a note of Section 4.0200, whose use table has one column and reads NP on the Quadplex row with no marker on it; an affordable housing note; a permission resting on an election nobody has made","['LDR-SW', 'THR-SW', 'VLDR-SW']",['quadplex_allowed'],3,disagree,reaches,looser,inferred,"Reaches our building type because an affordable fourplex is still a fourplex, but it purely adds a permission in zones where the table already allows the use.",,False
00424,or/multnomah/gresham/4.1500.springwater.txt,218,4,or/multnomah/gresham,"Table 4.1507 states the district's uses and marks the cells it limits; note 4 marks the Live-Work cell in THR-SW, and the Quadplex and Townhouse rows are a bare P in all three columns","['LDR-SW', 'THR-SW', 'VLDR-SW']",['quadplex_allowed'],3,agree,not_ours,,clear,"Every clause presupposes a commercial portion (this is the live-work note), and our pod is entirely residential, so its alley garage-access requirement does not attach to us.",,False
00425,or/multnomah/gresham/4.1500.springwater.txt,220,5,or/multnomah/gresham,"Table 4.1507 states the district's uses and marks the cells it limits; note 5 marks the same Live-Work cell, and the Quadplex and Townhouse rows are a bare P in all three columns","['LDR-SW', 'THR-SW', 'VLDR-SW']",['quadplex_allowed'],3,agree,not_ours,,clear,A sign allowance plus a siting rule for live-work units; our pod is neither a sign case nor a live-work use.,,False
00426,or/multnomah/gresham/4.1500.springwater.txt,222,6,or/multnomah/gresham,Table 4.1413 marks the cells it limits and limits religious assembly seating; not our use; the Quadplex and Townhouse rows are a bare P in LDR-PV,"['LDR-SW', 'THR-SW', 'VLDR-SW']",['quadplex_allowed'],3,agree,not_ours,,clear,"Places of worship, not a dwelling.",,False
00427,or/multnomah/gresham/4.1500.springwater.txt,224,7,or/multnomah/gresham,"Table 4.1507 states the district's uses and marks the cells it limits; note 7 prohibits electrical generating facilities, and the Quadplex and Townhouse rows are a bare P in all three columns","['LDR-SW', 'THR-SW', 'VLDR-SW']",['quadplex_allowed'],3,agree,not_ours,,clear,"A generating-facility use, not a dwelling.",,False
00428,or/multnomah/gresham/4.1500.springwater.txt,225,8,or/multnomah/gresham,"a cross-reference to Section 10.0900 for additional standards, marked on the Renewable Energy Uses category heading","['LDR-SW', 'THR-SW', 'VLDR-SW']",['quadplex_allowed'],3,disagree,reaches,neither,unclear,"A bare cross-reference naming no use, so nothing in it rules out a fourplex; it moves no number itself but imports an unread section, and the passage never shows which use row carries the mark.",,False
00429,or/multnomah/gresham/4.1500.springwater.txt,226,9,or/multnomah/gresham,"Table 4.1507 states the district's uses and marks the cells it limits; note 9 marks the Solar Energy Systems row, and the Quadplex and Townhouse rows are a bare P in all three columns","['LDR-SW', 'THR-SW', 'VLDR-SW']",['quadplex_allowed'],3,agree,not_ours,,clear,"Solar energy systems, a different use.",,False
00430,or/multnomah/gresham/4.1500.springwater.txt,227,10,or/multnomah/gresham,"Table 4.1507 states the district's uses and marks the cells it limits; note 10 marks the Wind Energy Systems row, and the Quadplex and Townhouse rows are a bare P in all three columns","['LDR-SW', 'THR-SW', 'VLDR-SW']",['quadplex_allowed'],3,agree,not_ours,,clear,"Wind energy systems, a different use.",,False
00431,or/multnomah/gresham/4.1500.springwater.txt,228,11,or/multnomah/gresham,"Table 4.1507 states the district's uses and marks the cells it limits; note 11 marks the Biomass Energy Systems row, and the Quadplex and Townhouse rows are a bare P in all three columns","['LDR-SW', 'THR-SW', 'VLDR-SW']",['quadplex_allowed'],3,agree,not_ours,,clear,"Biomass energy systems, a different use.",,False
00432,or/multnomah/gresham/4.1500.springwater.txt,229,12,or/multnomah/gresham,"Table 4.1507 states the district's uses and marks the cells it limits; note 12 marks the Geothermal Energy Systems row, and the Quadplex and Townhouse rows are a bare P in all three columns","['LDR-SW', 'THR-SW', 'VLDR-SW']",['quadplex_allowed'],3,agree,not_ours,,clear,"Geothermal energy systems, a different use.",,False
00433,or/multnomah/gresham/4.1500.springwater.txt,230,13,or/multnomah/gresham,"Table 4.1507 states the district's uses and marks the cells it limits; note 13 marks the Micro-Hydro Energy Systems row, and the Quadplex and Townhouse rows are a bare P in all three columns","['LDR-SW', 'THR-SW', 'VLDR-SW']",['quadplex_allowed'],3,agree,not_ours,,clear,"Micro-hydro energy systems, a different use.",,False
00434,or/multnomah/gresham/4.1500.springwater.txt,231,14,or/multnomah/gresham,Table 4.1413 marks the cells it limits and marks the Heliports row; the Quadplex and Townhouse rows are a bare P in LDR-PV,"['LDR-SW', 'THR-SW', 'VLDR-SW']",['quadplex_allowed'],3,agree,not_ours,,clear,"Marks the Heliports row at L208; accessory to a medical or civic use, not a dwelling.",,False
00435,or/multnomah/gresham/4.1500.springwater.txt,232,15,or/multnomah/gresham,"Table 4.1507 states the district's uses and marks the cells it limits; note 15 marks the Cottage Cluster row, and the Quadplex and Townhouse rows are a bare P in all three columns","['LDR-SW', 'THR-SW', 'VLDR-SW']",['quadplex_allowed'],3,agree,not_ours,,clear,"Cottage clusters, a building type our pod explicitly is not.",,False
00436,or/multnomah/gresham/4.1500.springwater.txt,311,1,or/multnomah/gresham,Table 4.1415A note 1 switches off the minimum net density for affordable housing; a relaxation resting on an election nobody has made,"['LDR-SW', 'THR-SW', 'VLDR-SW']","['max_density_du_per_acre', 'max_density_du_per_acre [unit_lots]', 'max_far', 'max_far [unit_lots]', 'max_height_ft', 'min_density_du_per_acre', 'min_frontage_ft', 'min_frontage_ft [corner_lot+unit_lots]', 'min_frontage_ft [corner_lot]', 'min_frontage_ft [unit_lots]', 'min_lot_depth_ft', 'min_lot_sqft', 'min_lot_sqft [unit_lots]', 'min_lot_width_ft', 'min_lot_width_ft [corner_lot+unit_lots]', 'min_lot_width_ft [corner_lot]', 'min_lot_width_ft [unit_lots]']",39,agree,not_ours,,clear,A waiver limited to affordable housing development; our market-rate pod still has to meet the minimum net density.,,False
00437,or/multnomah/gresham/4.1500.springwater.txt,312,2,or/multnomah/gresham,"note 6 offers a density bonus to affordable housing; a relaxation, and one that turns on an election nobody has made","['LDR-SW', 'THR-SW', 'VLDR-SW']","['max_density_du_per_acre', 'max_density_du_per_acre [unit_lots]', 'max_far', 'max_far [unit_lots]', 'max_height_ft', 'min_density_du_per_acre', 'min_frontage_ft', 'min_frontage_ft [corner_lot+unit_lots]', 'min_frontage_ft [corner_lot]', 'min_frontage_ft [unit_lots]', 'min_lot_depth_ft', 'min_lot_sqft', 'min_lot_sqft [unit_lots]', 'min_lot_width_ft', 'min_lot_width_ft [corner_lot+unit_lots]', 'min_lot_width_ft [corner_lot]', 'min_lot_width_ft [unit_lots]']",39,agree,not_ours,,clear,"A bonus limited to affordable housing development, a category our pod is not in.",,False
00438,or/multnomah/gresham/4.1500.springwater.txt,313,3,or/multnomah/gresham,"note 11 offers a height bonus to affordable housing; a relaxation, and one that turns on an election nobody has made","['LDR-SW', 'THR-SW', 'VLDR-SW']","['max_density_du_per_acre', 'max_density_du_per_acre [unit_lots]', 'max_far', 'max_far [unit_lots]', 'max_height_ft', 'min_density_du_per_acre', 'min_frontage_ft', 'min_frontage_ft [corner_lot+unit_lots]', 'min_frontage_ft [corner_lot]', 'min_frontage_ft [unit_lots]', 'min_lot_depth_ft', 'min_lot_sqft', 'min_lot_sqft [unit_lots]', 'min_lot_width_ft', 'min_lot_width_ft [corner_lot+unit_lots]', 'min_lot_width_ft [corner_lot]', 'min_lot_width_ft [unit_lots]']",39,agree,not_ours,,clear,"A height bonus limited to affordable housing development, a category our pod is not in.",,False
00439,or/multnomah/gresham/4.1500.springwater.txt,314,4,or/multnomah/gresham,"Table 4.1508 note 4 marks the Buffering and Master Plan rows, and only for the part of THR-SW next to the east edge of the Village Center; neither row states a standard this layer encodes","['LDR-SW', 'THR-SW', 'VLDR-SW']","['max_density_du_per_acre', 'max_density_du_per_acre [unit_lots]', 'max_far', 'max_far [unit_lots]', 'max_height_ft', 'min_density_du_per_acre', 'min_frontage_ft', 'min_frontage_ft [corner_lot+unit_lots]', 'min_frontage_ft [corner_lot]', 'min_frontage_ft [unit_lots]', 'min_lot_depth_ft', 'min_lot_sqft', 'min_lot_sqft [unit_lots]', 'min_lot_width_ft', 'min_lot_width_ft [corner_lot+unit_lots]', 'min_lot_width_ft [corner_lot]', 'min_lot_width_ft [unit_lots]']",39,narrower,some_zones,looser,inferred,"The mark sits on the All Uses rows for Buffering at L305 and Master Plan at L309, which read Yes only in THR-SW, so it reaches our pod there and narrows where those requirements apply; in LDR-SW and VLDR-SW the cells already read No.",THR-SW,False
00440,or/multnomah/gresham/4.1500.springwater.txt,360,5,or/multnomah/gresham,"note 5 permits something only on a side frontage longer than 70 ft. Its marker is the ""10 ft.5"" in the THR-SW row of the All Other Uses block; the encoded values in this region are LDR-SW's, whose row carries no marker 5","['LDR-SW', 'VLDR-SW']","['setback_front_ft', 'setback_garage_entrance_ft', 'setback_garage_entrance_ft [unit_lots]', 'setback_rear_ft', 'setback_rear_ft [abuts_alley]', 'setback_side_ft', 'setback_side_ft [attached_wall+unit_lots]', 'setback_street_side_ft', 'setback_street_side_ft [unit_lots]']",16,narrower,some_zones,stricter,unclear,"The mark sits on the THR-SW All Other Uses street-side setback cell at L358 and conditions that option on side frontage over 70 ft, which is a new restriction; four attached units on one undivided lot are not townhouses and so plausibly land in All Other Uses, but the passage cuts off above L340 so the row groups cannot be confirmed, and THR-SW is not among the zones this item lists.",THR-SW,True
00441,or/multnomah/gresham/4.1500.springwater.txt,513,1,or/multnomah/gresham,"a note of Table 4.1520, the use table for the Village Center, Regional Transit Industrial, Industrial and Neighbourhood Commercial districts; the Quadplex and Townhouse rows read NP in every column of that table, so no note of it can reach the use this layer screens in RTI-SW or IND-SW, and the other two columns are not encoded","['IND-SW', 'RTI-SW']",['quadplex_allowed'],2,disagree,reaches,stricter,inferred,"It qualifies residential uses generally with no program or type carve-out, so wherever it marks a residential cell in this table our standalone two-storey fourplex with ground-floor dwellings is prohibited, and the value this note sits over is exactly fourplex allowed in IND-SW and RTI-SW.",,True
00442,or/multnomah/gresham/4.1500.springwater.txt,514,2,or/multnomah/gresham,"a note of Table 4.1520, the use table for the Village Center, Regional Transit Industrial, Industrial and Neighbourhood Commercial districts; the Quadplex and Townhouse rows read NP in every column of that table, so no note of it can reach the use this layer screens in RTI-SW or IND-SW, and the other two columns are not encoded","['IND-SW', 'RTI-SW']",['quadplex_allowed'],2,agree,not_ours,,clear,"A conversion of an existing hotel or motel, not new construction of a fourplex.",,False
00443,or/multnomah/gresham/4.1500.springwater.txt,515,3,or/multnomah/gresham,"a note of Section 4.0200, whose use table has one column and reads NP on the Quadplex row with no marker on it; an affordable housing note; a permission resting on an election nobody has made","['IND-SW', 'RTI-SW']",['quadplex_allowed'],2,agree,not_ours,,inferred,"A permission for affordable housing development only, which our market-rate pod is not; flagging that if the recorded fourplex allowed in IND-SW or RTI-SW rests on this note, the permission does not extend to us.",,False
00444,or/multnomah/gresham/4.1500.springwater.txt,516,4,or/multnomah/gresham,"a note of Table 4.1520, the use table for the Village Center, Regional Transit Industrial, Industrial and Neighbourhood Commercial districts; the Quadplex and Townhouse rows read NP in every column of that table, so no note of it can reach the use this layer screens in RTI-SW or IND-SW, and the other two columns are not encoded","['IND-SW', 'RTI-SW']",['quadplex_allowed'],2,agree,not_ours,,inferred,"An ownership condition on affordable housing that uses the affordable-housing pathway; it imposes nothing on a privately owned market-rate fourplex, though its wording confirms some districts in this table permit residential only through that pathway.",,False
00445,or/multnomah/gresham/4.1500.springwater.txt,520,5,or/multnomah/gresham,"a note of Table 4.1520, the use table for the Village Center, Regional Transit Industrial, Industrial and Neighbourhood Commercial districts; the Quadplex and Townhouse rows read NP in every column of that table, so no note of it can reach the use this layer screens in RTI-SW or IND-SW, and the other two columns are not encoded","['IND-SW', 'RTI-SW']",['quadplex_allowed'],2,agree,not_ours,,clear,"Gas stations and similar retail, not a dwelling.",,False
00446,or/multnomah/gresham/4.1500.springwater.txt,521,6,or/multnomah/gresham,"a note of Table 4.1520, the use table for the Village Center, Regional Transit Industrial, Industrial and Neighbourhood Commercial districts; the Quadplex and Townhouse rows read NP in every column of that table, so no note of it can reach the use this layer screens in RTI-SW or IND-SW, and the other two columns are not encoded","['IND-SW', 'RTI-SW']",['quadplex_allowed'],2,disagree,reaches,stricter,unclear,"It says any building, which on its face is a ground-floor footprint cap our pod would also have to satisfy; roughly 2,000 sq ft of ground floor is far under it, and the passage does not show whether the mark sits only on commercial rows.",,True
00447,or/multnomah/gresham/4.1500.springwater.txt,525,7,or/multnomah/gresham,"a note of Table 4.1520, the use table for the Village Center, Regional Transit Industrial, Industrial and Neighbourhood Commercial districts; the Quadplex and Townhouse rows read NP in every column of that table, so no note of it can reach the use this layer screens in RTI-SW or IND-SW, and the other two columns are not encoded","['IND-SW', 'RTI-SW']",['quadplex_allowed'],2,agree,not_ours,,clear,Sales and service floor-area caps for retail and professional service uses.,,False
00448,or/multnomah/gresham/4.1500.springwater.txt,530,8,or/multnomah/gresham,"a note of Table 4.1520, the use table for the Village Center, Regional Transit Industrial, Industrial and Neighbourhood Commercial districts; the Quadplex and Townhouse rows read NP in every column of that table, so no note of it can reach the use this layer screens in RTI-SW or IND-SW, and the other two columns are not encoded","['IND-SW', 'RTI-SW']",['quadplex_allowed'],2,agree,not_ours,,clear,"Casino hotels, a different use.",,False
00449,or/multnomah/gresham/4.1500.springwater.txt,531,9,or/multnomah/gresham,"a note of Table 4.1520, the use table for the Village Center, Regional Transit Industrial, Industrial and Neighbourhood Commercial districts; the Quadplex and Townhouse rows read NP in every column of that table, so no note of it can reach the use this layer screens in RTI-SW or IND-SW, and the other two columns are not encoded","['IND-SW', 'RTI-SW']",['quadplex_allowed'],2,agree,not_ours,,clear,"Sales and service floor-area caps for clinics, retail and professional service uses.",,False
00450,or/multnomah/gresham/4.1500.springwater.txt,536,10,or/multnomah/gresham,"a note of Table 4.1520, the use table for the Village Center, Regional Transit Industrial, Industrial and Neighbourhood Commercial districts; the Quadplex and Townhouse rows read NP in every column of that table, so no note of it can reach the use this layer screens in RTI-SW or IND-SW, and the other two columns are not encoded","['IND-SW', 'RTI-SW']",['quadplex_allowed'],2,agree,not_ours,,clear,Caps floor area for commercial retail and service uses; a dwelling is not a Business and Retail Service and Trade use.,,False
00451,or/multnomah/gresham/4.1500.springwater.txt,543,11,or/multnomah/gresham,"a note of Table 4.1520, the use table for the Village Center, Regional Transit Industrial, Industrial and Neighbourhood Commercial districts; the Quadplex and Townhouse rows read NP in every column of that table, so no note of it can reach the use this layer screens in RTI-SW or IND-SW, and the other two columns are not encoded","['IND-SW', 'RTI-SW']",['quadplex_allowed'],2,agree,not_ours,,clear,Footprint cap for buildings occupied entirely by a Clinic; our building is residential.,,False
00452,or/multnomah/gresham/4.1500.springwater.txt,545,12,or/multnomah/gresham,"a note of Table 4.1520, the use table for the Village Center, Regional Transit Industrial, Industrial and Neighbourhood Commercial districts; the Quadplex and Townhouse rows read NP in every column of that table, so no note of it can reach the use this layer screens in RTI-SW or IND-SW, and the other two columns are not encoded","['IND-SW', 'RTI-SW']",['quadplex_allowed'],2,agree,not_ours,,clear,Prohibits a commercial recreation use we are not proposing.,,False
00453,or/multnomah/gresham/4.1500.springwater.txt,549,13,or/multnomah/gresham,"a note of Table 4.1520, the use table for the Village Center, Regional Transit Industrial, Industrial and Neighbourhood Commercial districts; the Quadplex and Townhouse rows read NP in every column of that table, so no note of it can reach the use this layer screens in RTI-SW or IND-SW, and the other two columns are not encoded","['IND-SW', 'RTI-SW']",['quadplex_allowed'],2,agree,not_ours,,unclear,"A bare cross-reference whose target section is not in the passage; its number falls between the theme-park and manufacturing rows, well past the residential rows this table footnotes as 1-4, so it most likely hangs off a non-residential use, but the note's own words do not settle it.",,False
00454,or/multnomah/gresham/4.1500.springwater.txt,550,14,or/multnomah/gresham,"a note of Table 4.1520, the use table for the Village Center, Regional Transit Industrial, Industrial and Neighbourhood Commercial districts; the Quadplex and Townhouse rows read NP in every column of that table, so no note of it can reach the use this layer screens in RTI-SW or IND-SW, and the other two columns are not encoded","['IND-SW', 'RTI-SW']",['quadplex_allowed'],2,agree,not_ours,,clear,Prohibits heavy manufacturing uses; not a dwelling standard.,,False
00455,or/multnomah/gresham/4.1500.springwater.txt,554,15,or/multnomah/gresham,"a note of Table 4.1520, the use table for the Village Center, Regional Transit Industrial, Industrial and Neighbourhood Commercial districts; the Quadplex and Townhouse rows read NP in every column of that table, so no note of it can reach the use this layer screens in RTI-SW or IND-SW, and the other two columns are not encoded","['IND-SW', 'RTI-SW']",['quadplex_allowed'],2,agree,not_ours,,clear,Narrows a repair-services use row; nothing a townhome must satisfy.,,False
00456,or/multnomah/gresham/4.1500.springwater.txt,555,16,or/multnomah/gresham,"a note of Table 4.1520, the use table for the Village Center, Regional Transit Industrial, Industrial and Neighbourhood Commercial districts; the Quadplex and Townhouse rows read NP in every column of that table, so no note of it can reach the use this layer screens in RTI-SW or IND-SW, and the other two columns are not encoded","['IND-SW', 'RTI-SW']",['quadplex_allowed'],2,agree,not_ours,,inferred,"A 20-percent floor-area cap on an ancillary use row sitting between equipment repair (note 15) and Community Service (note 17) in the sequence; the residential rows of this table carry notes 1-4, so this is not the dwelling row.",,False
00457,or/multnomah/gresham/4.1500.springwater.txt,557,17,or/multnomah/gresham,"a note of Table 4.1520, the use table for the Village Center, Regional Transit Industrial, Industrial and Neighbourhood Commercial districts; the Quadplex and Townhouse rows read NP in every column of that table, so no note of it can reach the use this layer screens in RTI-SW or IND-SW, and the other two columns are not encoded","['IND-SW', 'RTI-SW']",['quadplex_allowed'],2,agree,not_ours,,clear,"Bans senior centers, treatment facilities, cemeteries and mausoleums; none is our use.",,False
00458,or/multnomah/gresham/4.1500.springwater.txt,559,18,or/multnomah/gresham,"a note of Table 4.1520, the use table for the Village Center, Regional Transit Industrial, Industrial and Neighbourhood Commercial districts; the Quadplex and Townhouse rows read NP in every column of that table, so no note of it can reach the use this layer screens in RTI-SW or IND-SW, and the other two columns are not encoded","['IND-SW', 'RTI-SW']",['quadplex_allowed'],2,agree,not_ours,,clear,Restricts golf courses and public parks and plazas as uses; no residential standard moves.,,False
00459,or/multnomah/gresham/4.1500.springwater.txt,565,19,or/multnomah/gresham,"a note of Table 4.1520, the use table for the Village Center, Regional Transit Industrial, Industrial and Neighbourhood Commercial districts; the Quadplex and Townhouse rows read NP in every column of that table, so no note of it can reach the use this layer screens in RTI-SW or IND-SW, and the other two columns are not encoded","['IND-SW', 'RTI-SW']",['quadplex_allowed'],2,agree,not_ours,,clear,Conditions on religious institutions and schools; a fourplex is neither.,,False
00460,or/multnomah/gresham/4.1500.springwater.txt,572,20,or/multnomah/gresham,"a note of Table 4.1520, the use table for the Village Center, Regional Transit Industrial, Industrial and Neighbourhood Commercial districts; the Quadplex and Townhouse rows read NP in every column of that table, so no note of it can reach the use this layer screens in RTI-SW or IND-SW, and the other two columns are not encoded","['IND-SW', 'RTI-SW']",['quadplex_allowed'],2,narrower,some_zones,looser,unclear,"This note changes the set of permitted uses in IND-SW itself, which is the thing the governed value records, by grandfathering an outside list of uses onto legacy OCI-designated parcels and waiving that plan's approval criteria; the adopted list is not shown, so whether a fourplex is among the added uses cannot be told from these words, but the movement is additive, so it is looser at worst.",IND-SW,False
00461,or/multnomah/gresham/4.1500.springwater.txt,578,21,or/multnomah/gresham,"a note of Table 4.1520, the use table for the Village Center, Regional Transit Industrial, Industrial and Neighbourhood Commercial districts; the Quadplex and Townhouse rows read NP in every column of that table, so no note of it can reach the use this layer screens in RTI-SW or IND-SW, and the other two columns are not encoded","['IND-SW', 'RTI-SW']",['quadplex_allowed'],2,agree,not_ours,,inferred,"A bare accessory-use marker sitting between the legacy-OCI note (20) and electrical generating facilities (22); the residential rows of this table carry notes 1-4, so it is not the dwelling row.",,False
00462,or/multnomah/gresham/4.1500.springwater.txt,579,22,or/multnomah/gresham,"Table 4.1507 states the district's uses and marks the cells it limits; note 7 prohibits electrical generating facilities, and the Quadplex and Townhouse rows are a bare P in all three columns","['IND-SW', 'RTI-SW']",['quadplex_allowed'],2,agree,not_ours,,clear,Prohibits a utility use we are not proposing.,,False
00463,or/multnomah/gresham/4.1500.springwater.txt,580,23,or/multnomah/gresham,"schools in an existing commercial space against schools in new construction, marked on the Schools row","['IND-SW', 'RTI-SW']",['quadplex_allowed'],2,agree,not_ours,,clear,Sets the review path for schools; a different use and a different stage of the process.,,False
00464,or/multnomah/gresham/4.1500.springwater.txt,582,24,or/multnomah/gresham,"a cross-reference to Section 10.0900 for additional standards, marked on the Renewable Energy Uses category heading","['IND-SW', 'RTI-SW']",['quadplex_allowed'],2,agree,not_ours,,unclear,"A bare cross-reference; the target section is not in the passage and its position between the schools row (23) and the energy-system rows (25-29) suggests a non-residential use, but the words do not settle it.",,False
00465,or/multnomah/gresham/4.1500.springwater.txt,583,25,or/multnomah/gresham,"Table 4.1507 states the district's uses and marks the cells it limits; note 9 marks the Solar Energy Systems row, and the Quadplex and Townhouse rows are a bare P in all three columns","['IND-SW', 'RTI-SW']",['quadplex_allowed'],2,agree,not_ours,,clear,"Points at standards for a solar energy system as a use; our proposal is a dwelling, not an energy facility.",,False
00466,or/multnomah/gresham/4.1500.springwater.txt,584,26,or/multnomah/gresham,"Table 4.1507 states the district's uses and marks the cells it limits; note 10 marks the Wind Energy Systems row, and the Quadplex and Townhouse rows are a bare P in all three columns","['IND-SW', 'RTI-SW']",['quadplex_allowed'],2,agree,not_ours,,clear,Points at wind energy system standards; a different use.,,False
00467,or/multnomah/gresham/4.1500.springwater.txt,585,27,or/multnomah/gresham,"Table 4.1507 states the district's uses and marks the cells it limits; note 11 marks the Biomass Energy Systems row, and the Quadplex and Townhouse rows are a bare P in all three columns","['IND-SW', 'RTI-SW']",['quadplex_allowed'],2,agree,not_ours,,clear,Points at biomass energy system standards; a different use.,,False
00468,or/multnomah/gresham/4.1500.springwater.txt,586,28,or/multnomah/gresham,"Table 4.1507 states the district's uses and marks the cells it limits; note 12 marks the Geothermal Energy Systems row, and the Quadplex and Townhouse rows are a bare P in all three columns","['IND-SW', 'RTI-SW']",['quadplex_allowed'],2,agree,not_ours,,clear,Points at geothermal energy system standards; a different use.,,False
00469,or/multnomah/gresham/4.1500.springwater.txt,587,29,or/multnomah/gresham,"Table 4.1507 states the district's uses and marks the cells it limits; note 13 marks the Micro-Hydro Energy Systems row, and the Quadplex and Townhouse rows are a bare P in all three columns","['IND-SW', 'RTI-SW']",['quadplex_allowed'],2,agree,not_ours,,clear,Points at micro-hydro energy system standards; a different use.,,False
00470,or/multnomah/gresham/4.1500.springwater.txt,588,30,or/multnomah/gresham,"a note of Table 4.1520, the use table for the Village Center, Regional Transit Industrial, Industrial and Neighbourhood Commercial districts; the Quadplex and Townhouse rows read NP in every column of that table, so no note of it can reach the use this layer screens in RTI-SW or IND-SW, and the other two columns are not encoded","['IND-SW', 'RTI-SW']",['quadplex_allowed'],2,agree,not_ours,,unclear,"A bare pointer into a different code (GRC) whose content is not in the passage; it is the last note in the table, after the energy-system rows, so it most likely governs a non-residential use, but the words do not settle it.",,False
00471,or/multnomah/gresham/7.0400.middle-housing-design.txt,829,1,or/multnomah/gresham,"states which acreage counts as the development area for the building form variety standards. Section 7.0450 applies only where the development site is at least 1.5 gross acres and the proposal is a Type II or Type III partition or subdivision of it, and what it then requires is a MIX of building forms across the lots created. The screen places one building on one lot; the four unit lots under a middle housing land division are that same building","['(defaults)', 'CMF', 'CMU', 'DCC', 'DRL-1', 'DRL-2', 'DTM', 'SC', 'SC-RJ']","['driveway_approach_max_width_ft', 'open_space_min_pct', 'orientation_constraint', 'parking_front_prohibited', 'parking_maneuvering_max_width_ft']",12,agree,not_ours,,clear,"Defines the development-area denominator for Table 7.0450, and the applicability clause printed just above it applies the building form variety standards only where the development includes a Type II or III tentative partition or subdivision plan - a land division stage we are not in.",,False
00472,or/multnomah/gresham/7.0400.middle-housing-design.txt,832,3,or/multnomah/gresham,"lists the building form categories those standards sort lots into. Section 7.0450 applies only where the development site is at least 1.5 gross acres and the proposal is a Type II or Type III partition or subdivision of it, and what it then requires is a MIX of building forms across the lots created. The screen places one building on one lot; the four unit lots under a middle housing land division are that same building","['(defaults)', 'CMF', 'CMU', 'DCC', 'DRL-1', 'DRL-2', 'DTM', 'SC', 'SC-RJ']","['driveway_approach_max_width_ft', 'open_space_min_pct', 'orientation_constraint', 'parking_front_prohibited', 'parking_maneuvering_max_width_ft']",12,agree,not_ours,,clear,"It names our form (rowhouse-style attached quadplexes) but only to sort lots into categories for the building form variety requirements, which 7.0450(A)(1)(b) in the same passage applies only when the development includes a tentative partition or subdivision plan; we place four units on one existing lot with no land division.",,False
00473,or/multnomah/gresham/7.0400.middle-housing-design.txt,850,4,or/multnomah/gresham,"states how an applicant demonstrates compliance with them. Section 7.0450 applies only where the development site is at least 1.5 gross acres and the proposal is a Type II or Type III partition or subdivision of it, and what it then requires is a MIX of building forms across the lots created. The screen places one building on one lot; the four unit lots under a middle housing land division are that same building","['(defaults)', 'CMF', 'CMU', 'DCC', 'DRL-1', 'DRL-2', 'DTM', 'SC', 'SC-RJ']","['driveway_approach_max_width_ft', 'open_space_min_pct', 'orientation_constraint', 'parking_front_prohibited', 'parking_maneuvering_max_width_ft']",12,agree,not_ours,,clear,Submittal evidence and condition-of-approval procedure for a tentative land division; a different stage of the process.,,False
00474,or/multnomah/gresham/9.0800.parking.txt,346,1,or/multnomah/gresham,"Table 9.0825A note 1 sets the minimum aisle width inside a parking lot -- 24 feet for two-way traffic and emergency vehicle operations, 20 feet one-way. It is the only note in the document, and it governs the layer's parking default only because the default's citation and the note share a document. It qualifies how wide an aisle must be in a lot somebody builds, not whether a lot must be built, and no reading of an aisle width can restore a minimum 9.0802(A) waives for every land use type. It does not reach this building twice over: 9.0802(F) states that the parking lot design standards of Sections 9.0822 to 9.0840, which is where this table sits, do not apply to quadplexes on a unit-by-unit basis",['(defaults)'],"['parking_aisle_one_way_ft', 'parking_aisle_two_way_ft', 'parking_min_per_unit', 'parking_stall_depth_ft', 'parking_stall_width_ft']",5,disagree,reaches,stricter,inferred,"This note hangs on the aisle-width columns of the surface parking table we encode, and the parking court behind our pod is that drive aisle: where it must carry emergency vehicle access the note sets a 20 ft one-way floor against tabulated one-way widths of 11 to 19 ft for 45, 60 and 75 degree stalls, and confirms 24 ft two-way, so the aisle the site must fit is wider than the table alone says.",,True
00475,or/multnomah/portland/33.100.txt,121,1,or/multnomah/portland,"note 1 makes Retail Sales And Service a conditional use only where it is associated with a Park And Open Areas use, and prohibits it otherwise. a limitation on a use this screen does not place. It is governed here because Table 100-1's cells are quoted for the permission, and the note sits on another row of the same table",['OS'],['quadplex_allowed'],1,agree,not_ours,,clear,Retail Sales And Service use category in the OS zone; nothing here touches Household Living.,,False
00476,or/multnomah/portland/33.100.txt,124,2,or/multnomah/portland,"note 2 allows Parks And Open Areas by right and sends six accessory facilities -- swimming pools, cemeteries, golf courses, boat ramps, parking areas, organised sports fields -- to conditional use review. The use this zone exists for, and not this building. a limitation on a use this screen does not place. It is governed here because Table 100-1's cells are quoted for the permission, and the note sits on another row of the same table",['OS'],['quadplex_allowed'],1,agree,not_ours,,clear,"Parks and open areas uses and their accessory facilities, not a dwelling.",,False
00477,or/multnomah/portland/33.100.txt,137,3,or/multnomah/portland,"note 3 allows some Radio Frequency Transmission Facilities by right and sends the rest to Chapter 33.274. a limitation on a use this screen does not place. It is governed here because Table 100-1's cells are quoted for the permission, and the note sits on another row of the same table",['OS'],['quadplex_allowed'],1,agree,not_ours,,clear,"Radio frequency transmission facilities, a different use.",,False
00478,or/multnomah/portland/33.100.txt,146,4,or/multnomah/portland,"note 4 makes most Community Service uses a conditional use and prohibits short term, mass and outdoor shelters. a limitation on a use this screen does not place. It is governed here because Table 100-1's cells are quoted for the permission, and the note sits on another row of the same table",['OS'],['quadplex_allowed'],1,agree,not_ours,,clear,"Community Service uses (shelters etc.), not household living.",,False
00479,or/multnomah/portland/33.100.txt,149,5,or/multnomah/portland,"note 5 treats Basic Utilities serving a development site as accessory, treats small scale energy production as accessory where it burns the site's own material, and makes every other Basic Utility a conditional use. a limitation on a use this screen does not place. It is governed here because Table 100-1's cells are quoted for the permission, and the note sits on another row of the same table",['OS'],['quadplex_allowed'],1,agree,not_ours,,clear,"Basic Utilities / energy production use category, not a dwelling.",,False
00480,or/multnomah/portland/33.100.txt,159,6,or/multnomah/portland,"note 6 prohibits Manufacturing And Production except utility scale energy production from large wind turbines, which is a conditional use. a limitation on a use this screen does not place. It is governed here because Table 100-1's cells are quoted for the permission, and the note sits on another row of the same table",['OS'],['quadplex_allowed'],1,agree,not_ours,,clear,Manufacturing and Production use category.,,False
00481,or/multnomah/portland/33.100.txt,162,7,or/multnomah/portland,"note 7 allows Agriculture and lets an applicant elect Market Garden status under Chapter 33.237. a limitation on a use this screen does not place. It is governed here because Table 100-1's cells are quoted for the permission, and the note sits on another row of the same table",['OS'],['quadplex_allowed'],1,agree,not_ours,,clear,Agriculture use category; the OS table already prohibits Household Living outright.,,False
00482,or/multnomah/portland/33.110.txt,396,1,or/multnomah/portland,"a primary structure stays allowed on a lot that met Table 110-3 until a condemnation or a right-of-way dedication shrank it. A grandfathering clause: it keeps a use on land the table would now refuse, and declining it can only cost a lot that would have qualified. The digest moved because the body used to carry the page footer it was printed under; Portland's frame is recognised now -- this one ended on the page stamp ""110-8""","['R10', 'R2.5', 'R20', 'R5', 'R7', 'RF']",['quadplex_allowed'],6,disagree,reaches,looser,clear,"Our pod is a primary structure, and this lets one be built on a lot pushed below the minimum lot size by condemnation or right-of-way dedication - a relaxation of the minimum lot size test.",,False
00483,or/multnomah/portland/33.110.txt,404,2,or/multnomah/portland,"the R5 minimums for adjusted lots and lot remnants approved through a property line adjustment -- 36 ft wide and 1,600 sq ft. A relaxation, and one that attaches to a lot's paperwork history rather than to the lot","['R10', 'R2.5', 'R20', 'R5', 'R7', 'RF']",['quadplex_allowed'],6,narrower,some_zones,looser,inferred,"Sets a smaller R5 minimum (36 ft. wide and 1,600 sq. ft.) for adjusted lots and lot remnants created by property line adjustment, so the minimum-lot-size number our pod must clear is lower on those R5 lots; the note names only R5.",R5,False
00484,or/multnomah/portland/33.110.txt,407,3,or/multnomah/portland,grandfathering in R20 for lots made non-conforming solely by the zone change of 24 May 2018. A relaxation with a date on it,"['R10', 'R2.5', 'R20', 'R5', 'R7', 'RF']",['quadplex_allowed'],6,narrower,some_zones,looser,clear,"Lets a primary structure be built on an R20 lot made undersized only by the May 24, 2018 zone change - a relaxation, and the note names only the R20 zone.",R20,False
00485,or/multnomah/portland/33.110.txt,410,4,or/multnomah/portland,grandfathering for lots separated through a lot confirmation finalised before 11 September 2020. A relaxation with a date on it,"['R10', 'R2.5', 'R20', 'R5', 'R7', 'RF']",['quadplex_allowed'],6,disagree,reaches,looser,clear,"Another exemption from the minimum lot size requirement for our primary structure, this one for lots confirmed before September 11, 2020; it carries no zone limit.",,False
00486,or/multnomah/portland/33.110.txt,413,5,or/multnomah/portland,"""lot width for a flag lot is measured at the midpoint of the flag portion of the lot"". It says where to measure, not what is required, so there is no number here to encode -- and measuring a flag lot's width across the pole rather than the flag is a geometry question this layer cannot answer in a rule file. `flag_lot` is registered and assumed false, which is where that gap is carried","['R10', 'R2.5', 'R20', 'R5', 'R7', 'RF']",['quadplex_allowed'],6,disagree,reaches,neither,clear,Tells us where to measure the lot width our pod's lot must satisfy on a flag lot; it moves no number.,,False
00487,or/multnomah/portland/33.110.txt,475,1,or/multnomah/portland,"""including any site with a congregate housing facility"". A different building, and the row it marks is not one this layer encodes","['R10', 'R2.5', 'R20', 'R5', 'R7', 'RF']","['max_height_ft', 'min_density_trigger_lot_sqft', 'min_units_at_trigger', 'open_space_min_sqft', 'setback_front_ft', 'setback_garage_entrance_ft', 'setback_rear_ft', 'setback_side_ft']",42,agree,not_ours,,clear,Attaches to the one-dwelling-unit FAR row and to congregate housing; our four-unit building sits in the 4-or-more row.,,False
00488,or/multnomah/portland/33.110.txt,476,2,or/multnomah/portland,"""including accessory dwelling units"" -- a counting rule for the density row, saying an ADU counts toward the units allowed. The pod has none","['R10', 'R2.5', 'R20', 'R5', 'R7', 'RF']","['max_height_ft', 'min_density_trigger_lot_sqft', 'min_units_at_trigger', 'open_space_min_sqft', 'setback_front_ft', 'setback_garage_entrance_ft', 'setback_rear_ft', 'setback_side_ft']",42,agree,not_ours,,inferred,A unit-counting clarification for the two- and three-unit FAR rows; our four units land in the 4-or-more row either way.,,False
00489,or/multnomah/portland/33.110.txt,477,3,or/multnomah/portland,"additional FAR and height may be allowed under 33.110.265.F. A relaxation of two standards, and it can only raise the ceiling. The digest moved because the body used to carry the page footer it was printed under; Portland's frame is recognised now -- this one ended on the edition date ""1/1/25""","['R10', 'R2.5', 'R20', 'R5', 'R7', 'RF']","['max_height_ft', 'min_density_trigger_lot_sqft', 'min_units_at_trigger', 'open_space_min_sqft', 'setback_front_ft', 'setback_garage_entrance_ft', 'setback_rear_ft', 'setback_side_ft']",42,disagree,reaches,looser,clear,"This marker sits on the 4-or-more-dwelling-unit FAR rows - our row - and offers extra FAR and height, so it reaches us and only relaxes.",,False
00490,or/multnomah/portland/33.110.txt,1999,1,or/multnomah/portland,"""the standards of this table are minimums or maximums as indicated; compliance with the conditional use approval criteria might preclude development to the maximum intensity"". The institutional development standards tables of 33.110.240 and 33.120.240 both print it, and neither table is encoded here -- an institution in a residential zone is a conditional use, and the pod is not one","['R10', 'R2.5', 'R20', 'R5', 'R7', 'RF']","['coverage_curve', 'min_lot_sqft', 'min_lot_sqft [adjustment]', 'open_space_min_sqft', 'setback_garage_entrance_ft [abuts_alley]']",27,agree,not_ours,,clear,Table 110-9 is the Institutional Development Standards table; our building is a residential fourplex.,,False
00491,or/multnomah/portland/33.110.txt,2001,2,or/multnomah/portland,"campus-type developments are treated as one site, and the table's setbacks supersede Table 110-4's only at the campus perimeter. An institutional standard, on a table this layer does not encode","['R10', 'R2.5', 'R20', 'R5', 'R7', 'RF']","['coverage_curve', 'min_lot_sqft', 'min_lot_sqft [adjustment]', 'open_space_min_sqft', 'setback_garage_entrance_ft [abuts_alley]']",27,agree,not_ours,,clear,"Campus-type institutional development, not a four-unit dwelling.",,False
00492,or/multnomah/portland/33.110.txt,2004,3,or/multnomah/portland,"towers, spires, elevator equipment and stairwell enclosures may exceed the height limit. A relaxation, on the institutional table's height","['R10', 'R2.5', 'R20', 'R5', 'R7', 'RF']","['coverage_curve', 'min_lot_sqft', 'min_lot_sqft [adjustment]', 'open_space_min_sqft', 'setback_garage_entrance_ft [abuts_alley]']",27,agree,not_ours,,clear,"Height exceptions inside the institutional standards table (towers, spires, elevator equipment); not a standard our pod is measured against.",,False
00493,or/multnomah/portland/33.110.txt,2010,4,or/multnomah/portland,required landscaping counts toward the landscaped area standard. A relaxation of the institutional table's minimum landscaped area,"['R10', 'R2.5', 'R20', 'R5', 'R7', 'RF']","['coverage_curve', 'min_lot_sqft', 'min_lot_sqft [adjustment]', 'open_space_min_sqft', 'setback_garage_entrance_ft [abuts_alley]']",27,agree,not_ours,,clear,Counts landscaping toward the institutional minimum landscaped area standard.,,False
00494,or/multnomah/portland/33.110.txt,2012,5,or/multnomah/portland,vehicle areas are subject to the parking lot setback and landscaping standards of Chapter 33.266. A cross-reference on the institutional table; what 33.266 requires of this pod is encoded from 33.266 itself,"['R10', 'R2.5', 'R20', 'R5', 'R7', 'RF']","['coverage_curve', 'min_lot_sqft', 'min_lot_sqft [adjustment]', 'open_space_min_sqft', 'setback_garage_entrance_ft [abuts_alley]']",27,agree,not_ours,,clear,"Buffering note in the institutional standards table, pointing institutional vehicle areas at Chapter 33.266.",,False
00495,or/multnomah/portland/33.110.txt,2014,6,or/multnomah/portland,setbacks for structures accessory to recreational fields for organized sports are in Chapter 33.279. A different chapter for a different use,"['R10', 'R2.5', 'R20', 'R5', 'R7', 'RF']","['coverage_curve', 'min_lot_sqft', 'min_lot_sqft [adjustment]', 'open_space_min_sqft', 'setback_garage_entrance_ft [abuts_alley]']",27,agree,not_ours,,clear,Accessory structures at school and park sports fields.,,False
00496,or/multnomah/portland/33.110.txt,2016,7,or/multnomah/portland,"""the maximum building setbacks are described in 33.110.270.C"". A cross-reference on the institutional table's maximum-setback row. A maximum setback is a real standard and `setback_front_max_ft` exists to hold one, but the sentence carries no number and the row it marks is not this pod's; reading 33.110.270.C for the single-dwelling zones is encoding work, not a footnote ruling","['R10', 'R2.5', 'R20', 'R5', 'R7', 'RF']","['coverage_curve', 'min_lot_sqft', 'min_lot_sqft [adjustment]', 'open_space_min_sqft', 'setback_garage_entrance_ft [abuts_alley]']",27,agree,not_ours,,clear,Points at the institutional maximum-setback rule in Table 110-9.,,False
00497,or/multnomah/portland/33.120.txt,417,1,or/multnomah/portland,"the only multi-dwelling development allowed in RMP is manufactured dwellings in a manufactured dwelling park. It marks the RMP column, whose `quadplex_allowed` is already encoded false","['RM1', 'RM2', 'RM3', 'RM4', 'RMP', 'RX']",['quadplex_allowed'],6,narrower,some_zones,stricter,inferred,"If our four attached units read as multi-dwelling development, this bars them from the RMP zone outright, leaving only manufactured dwellings in a park - a prohibition, and the RMP fourplex value is exactly what it would move.",RMP,True
00498,or/multnomah/portland/33.120.txt,419,2,or/multnomah/portland,"manufactured dwellings are only allowed in manufactured dwelling parks, except on lots created under 33.642. A rule about a housing type this screen does not place","['RM1', 'RM2', 'RM3', 'RM4', 'RMP', 'RX']",['quadplex_allowed'],6,agree,not_ours,,inferred,Governs the Manufactured Dwelling housing type; our panelized four-unit building is not a manufactured dwelling and cannot be one.,,False
00499,or/multnomah/portland/33.120.txt,721,1,or/multnomah/portland,"the overall maximum FAR includes FAR received from a transfer. A note on the bonus table of 33.120.211; the FAR this layer encodes is the base figure from the summary of development standards, and a transfer can only raise it","['RM1', 'RM2', 'RM3', 'RM4', 'RMP', 'RX']","['max_coverage_pct', 'max_density_du_per_acre', 'max_far', 'max_height_ft', 'min_density_du_per_acre', 'min_frontage_ft', 'min_landscaped_pct', 'min_lot_sqft', 'min_lot_width_ft', 'setback_front_ft', 'setback_garage_entrance_ft', 'setback_rear_ft', 'setback_side_ft']",67,disagree,reaches,neither,inferred,"Says what counts inside the overall maximum FAR our pod must stay under in the multi-dwelling zones, but moves no number for a project that takes no bonus or transfer.",,False
00500,or/multnomah/portland/33.120.txt,722,2,or/multnomah/portland,"names the other bonuses -- Inclusionary Housing, Three-Bedroom Units, Visitable Units. A definition inside the bonus table, and every bonus raises a ceiling","['RM1', 'RM2', 'RM3', 'RM4', 'RMP', 'RX']","['max_coverage_pct', 'max_density_du_per_acre', 'max_far', 'max_height_ft', 'min_density_du_per_acre', 'min_frontage_ft', 'min_landscaped_pct', 'min_lot_sqft', 'min_lot_width_ft', 'setback_front_ft', 'setback_garage_entrance_ft', 'setback_rear_ft', 'setback_side_ft']",67,disagree,reaches,neither,inferred,"The bonus-FAR table sits over the RM zones our pod can be built in, but this note only names which bonuses count as the other bonuses row -- it defines a term and moves no dimension.",,False
00501,or/multnomah/portland/33.120.txt,723,3,or/multnomah/portland,"""the lower FAR applies in the RM4 zone in Historic and Conservation districts"". It picks between the two figures in a bonus table cell, and the bonus table is not encoded. Were it encoded, this is a `historic_resource` variant rather than a footnote -- that condition is registered and assumed false, so it would be written as a variant on the bonus figure and not left to a ruling","['RM1', 'RM2', 'RM3', 'RM4', 'RMP', 'RX']","['max_coverage_pct', 'max_density_du_per_acre', 'max_far', 'max_height_ft', 'min_density_du_per_acre', 'min_frontage_ft', 'min_landscaped_pct', 'min_lot_sqft', 'min_lot_width_ft', 'setback_front_ft', 'setback_garage_entrance_ft', 'setback_rear_ft', 'setback_side_ft']",67,narrower,some_zones,stricter,clear,"In RM4 inside a Historic or Conservation district the maximum FAR is the lower of the two printed figures, a tighter floor-area ceiling than the table's face value, and the note names RM4 alone out of the six zones governed.",RM4,True
00502,or/multnomah/portland/33.120.txt,1937,1,or/multnomah/portland,"""the standards of this table are minimums or maximums as indicated; compliance with the conditional use approval criteria might preclude development to the maximum intensity"". The institutional development standards tables of 33.110.240 and 33.120.240 both print it, and neither table is encoded here -- an institution in a residential zone is a conditional use, and the pod is not one","['RM1', 'RM2', 'RM3', 'RM4', 'RMP', 'RX']","['max_coverage_pct [civic_corridor]', 'max_density_du_per_acre', 'open_space_min_sqft', 'open_space_min_sqft []', 'setback_garage_entrance_ft [abuts_alley]', 'setback_rear_ft', 'setback_rear_ft [low_rise]', 'setback_side_ft', 'setback_side_ft [low_rise]', 'setback_street_side_ft']",30,agree,not_ours,,clear,"Footnote to Table 120-8, Institutional Development Standards -- an institutional use and a conditional-use approval criterion, neither of which is our four-unit household-living pod.",,False
00503,or/multnomah/portland/33.120.txt,1939,2,or/multnomah/portland,"campus-type developments are treated as one site, and the table's setbacks supersede Table 120-4's only at the campus perimeter. The multi-dwelling half of the same institutional table","['RM1', 'RM2', 'RM3', 'RM4', 'RMP', 'RX']","['max_coverage_pct [civic_corridor]', 'max_density_du_per_acre', 'open_space_min_sqft', 'open_space_min_sqft []', 'setback_garage_entrance_ft [abuts_alley]', 'setback_rear_ft', 'setback_rear_ft [low_rise]', 'setback_side_ft', 'setback_side_ft [low_rise]', 'setback_street_side_ft']",30,agree,not_ours,,clear,"Campus-type institutional development; the setbacks it discusses are the Table 120-8 institution setbacks, not the residential setbacks our pod must meet.",,False
00504,or/multnomah/portland/33.120.txt,1942,3,or/multnomah/portland,"towers and spires under 200 sq ft may exceed the height limit but must still meet the setback. A relaxation, on the institutional table. The digest moved because the body used to carry the page footer it was printed under; Portland's frame is recognised now -- this one ended on the page stamp ""120- 47""","['RM1', 'RM2', 'RM3', 'RM4', 'RMP', 'RX']","['max_coverage_pct [civic_corridor]', 'max_density_du_per_acre', 'open_space_min_sqft', 'open_space_min_sqft []', 'setback_garage_entrance_ft [abuts_alley]', 'setback_rear_ft', 'setback_rear_ft [low_rise]', 'setback_side_ft', 'setback_side_ft [low_rise]', 'setback_street_side_ft']",30,agree,not_ours,,clear,"An exception to the 75 ft institutional height limit in Table 120-8 for towers and spires -- a different use, and a feature our 26 ft pod does not have.",,False
00505,or/multnomah/portland/33.120.txt,1949,4,or/multnomah/portland,required landscaping counts toward the landscaped area standard. A relaxation of the institutional table's minimum landscaped area,"['RM1', 'RM2', 'RM3', 'RM4', 'RMP', 'RX']","['max_coverage_pct [civic_corridor]', 'max_density_du_per_acre', 'open_space_min_sqft', 'open_space_min_sqft []', 'setback_garage_entrance_ft [abuts_alley]', 'setback_rear_ft', 'setback_rear_ft [low_rise]', 'setback_side_ft', 'setback_side_ft [low_rise]', 'setback_street_side_ft']",30,agree,not_ours,,clear,"Governs the 20 percent minimum landscaped area in the institutional standards table, not any standard our residential pod is screened against.",,False
00506,or/multnomah/portland/33.120.txt,1951,5,or/multnomah/portland,"note 5 sends vehicle areas to the parking lot setback and landscaping standards of Chapter 33.266. It is marked on the two Buffering rows of Table 120-3, at L1929 and L1930, and this layer encodes no buffering field; the one thing it reads from 33.266 is the statement at L10-L17 that no parking is required. The note was unreadable until the page break stopped ending the block","['RM1', 'RM2', 'RM3', 'RM4', 'RMP', 'RX']","['max_coverage_pct [civic_corridor]', 'max_density_du_per_acre', 'open_space_min_sqft', 'open_space_min_sqft []', 'setback_garage_entrance_ft [abuts_alley]', 'setback_rear_ft', 'setback_rear_ft [low_rise]', 'setback_side_ft', 'setback_side_ft [low_rise]', 'setback_street_side_ft']",30,agree,not_ours,,clear,"Footnote to the institutional buffering rows of Table 120-8; it points at Chapter 33.266 for institutional vehicle areas, not for our residential parking court.",,False
00507,or/multnomah/portland/33.130.txt,219,1,or/multnomah/portland,"note 1 caps each Retail Sales And Service and Office use at 5,000 square feet of net building area in CR and CM1 -- 40,000 on a large CM1 site on a collector or better -- limits CR retail to 6:00 AM through 11:00 PM, and grandfathers Quick Vehicle Servicing that existed on 24 May 2018. Three real standards and none of them dimensional in the sense this screen means: they are floor area and opening hours for commerce. a limitation on a use this screen does not place. It is governed here because Table 130-1's cells are quoted for the permission, and the note sits on another row of the same table","['CE', 'CM1', 'CM2', 'CM3', 'CR', 'CX']",['quadplex_allowed'],6,agree,not_ours,,clear,"A use limitation on Retail Sales and Service, Office and Quick Vehicle Servicing in the commercial zones -- none of which is a four-unit dwelling.",,False
00508,or/multnomah/portland/33.130.txt,239,2,or/multnomah/portland,"note 2 makes Utility Scale Energy Production and Industrial Service conditional uses and caps every industrial use by floor area, zone by zone. a limitation on a use this screen does not place. It is governed here because Table 130-1's cells are quoted for the permission, and the note sits on another row of the same table","['CE', 'CM1', 'CM2', 'CM3', 'CR', 'CX']",['quadplex_allowed'],6,agree,not_ours,,clear,Size limits on industrial uses in the commercial/mixed-use zones; our building is a residential use.,,False
00509,or/multnomah/portland/33.130.txt,257,3,or/multnomah/portland,"note 3 sends Self-Service Storage to the special regulations in Chapter 33.284. a limitation on a use this screen does not place. It is governed here because Table 130-1's cells are quoted for the permission, and the note sits on another row of the same table","['CE', 'CM1', 'CM2', 'CM3', 'CR', 'CX']",['quadplex_allowed'],6,agree,not_ours,,clear,Applies only to the Self-Service Storage use category.,,False
00510,or/multnomah/portland/33.130.txt,260,4,or/multnomah/portland,"note 4 prohibits exterior display or storage of industrial equipment. A rule about what stands in the yard of a business, and it marks the industrial rows. a limitation on a use this screen does not place. It is governed here because Table 130-1's cells are quoted for the permission, and the note sits on another row of the same table","['CE', 'CM1', 'CM2', 'CM3', 'CR', 'CX']",['quadplex_allowed'],6,agree,not_ours,,clear,Prohibits exterior display or storage of equipment used for a business operation; our pod has no business operation.,,False
00511,or/multnomah/portland/33.130.txt,264,5,or/multnomah/portland,"note 5 allows most Community Service uses by right and sends shelters to Chapter 33.285. a limitation on a use this screen does not place. It is governed here because Table 130-1's cells are quoted for the permission, and the note sits on another row of the same table","['CE', 'CM1', 'CM2', 'CM3', 'CR', 'CX']",['quadplex_allowed'],6,agree,not_ours,,clear,"Applies to Community Service uses and shelters, not to household living.",,False
00512,or/multnomah/portland/33.130.txt,268,6,or/multnomah/portland,"note 6 allows some Radio Frequency Transmission Facilities by right and sends the rest to Chapter 33.274. a limitation on a use this screen does not place. It is governed here because Table 130-1's cells are quoted for the permission, and the note sits on another row of the same table","['CE', 'CM1', 'CM2', 'CM3', 'CR', 'CX']",['quadplex_allowed'],6,agree,not_ours,,clear,Applies to Radio Frequency Transmission Facilities only.,,False
00513,or/multnomah/portland/33.130.txt,271,7,or/multnomah/portland,"note 7 makes public safety facilities carrying transmission equipment a conditional use, treats small scale energy production as accessory within limits, and allows all other Basic Utilities. a limitation on a use this screen does not place. It is governed here because Table 130-1's cells are quoted for the permission, and the note sits on another row of the same table","['CE', 'CM1', 'CM2', 'CM3', 'CR', 'CX']",['quadplex_allowed'],6,agree,not_ours,,clear,Governs the Basic Utilities use category -- public safety facilities and small scale energy production -- not a dwelling.,,False
00514,or/multnomah/portland/33.130.txt,282,8,or/multnomah/portland,"note 8 makes Commercial Parking a conditional use in CX and sets out when it is allowed by right in CM2 and CM3. Parking as a business, which is not the parking this screen counts -- that is the accessory parking a dwelling owes, and it is read from Chapter 33.266. a limitation on a use this screen does not place. It is governed here because Table 130-1's cells are quoted for the permission, and the note sits on another row of the same table","['CE', 'CM1', 'CM2', 'CM3', 'CR', 'CX']",['quadplex_allowed'],6,agree,not_ours,,clear,"Regulates the Commercial Parking use category; our parking court is accessory to our own dwellings, not a Commercial Parking use.",,False
00515,or/multnomah/portland/33.130.txt,301,9,or/multnomah/portland,"note 9 prohibits Agriculture in CR and CM1 where the site fails Chapter 33.237. a limitation on a use this screen does not place. It is governed here because Table 130-1's cells are quoted for the permission, and the note sits on another row of the same table","['CE', 'CM1', 'CM2', 'CM3', 'CR', 'CX']",['quadplex_allowed'],6,agree,not_ours,,clear,Applies to the Agriculture use category only.,,False
00516,or/multnomah/portland/33.130.txt,304,10,or/multnomah/portland,"note 10 makes Agriculture a conditional use in CM2 and CX with a Market Garden election. a limitation on a use this screen does not place. It is governed here because Table 130-1's cells are quoted for the permission, and the note sits on another row of the same table","['CE', 'CM1', 'CM2', 'CM3', 'CR', 'CX']",['quadplex_allowed'],6,agree,not_ours,,clear,Applies to the Agriculture use category only.,,False
00517,or/multnomah/portland/33.130.txt,309,11,or/multnomah/portland,"note 11 makes outdoor Agriculture a conditional use in CM3 and CE and caps indoor Agriculture by floor area. a limitation on a use this screen does not place. It is governed here because Table 130-1's cells are quoted for the permission, and the note sits on another row of the same table","['CE', 'CM1', 'CM2', 'CM3', 'CR', 'CX']",['quadplex_allowed'],6,agree,not_ours,,clear,Applies to indoor and outdoor Agriculture only.,,False
00518,or/multnomah/portland/33.140.txt,201,3,or/multnomah/portland,"note 3 caps Retail Sales And Service in the EG zones at 20,000 square feet of net building area plus exterior activity area, or the site's own square footage, whichever is less. a limitation on a use this screen does not place. It is governed here because Table 140-1's cells are quoted for the permission, and the note sits on another row of the same table","['EG1', 'EG2', 'EX', 'IG1', 'IG2', 'IH']",['quadplex_allowed'],6,agree,not_ours,,clear,"A floor-area cap on Retail Sales And Service uses in the EG zones; the Household Living row of Table 140-1 carries footnotes 1 and 2, not this one.",,False
00519,or/multnomah/portland/33.140.txt,212,4,or/multnomah/portland,"note 4 allows one Retail or Office use per site in IG1, up to 3,000 square feet. a limitation on a use this screen does not place. It is governed here because Table 140-1's cells are quoted for the permission, and the note sits on another row of the same table","['EG1', 'EG2', 'EX', 'IG1', 'IG2', 'IH']",['quadplex_allowed'],6,agree,not_ours,,clear,Limits Retail Sales And Service and Office uses in IG1; our pod is neither.,,False
00520,or/multnomah/portland/33.140.txt,241,5,or/multnomah/portland,"note 5 is note 4 for IG2, at up to four uses per site. a limitation on a use this screen does not place. It is governed here because Table 140-1's cells are quoted for the permission, and the note sits on another row of the same table","['EG1', 'EG2', 'EX', 'IG1', 'IG2', 'IH']",['quadplex_allowed'],6,agree,not_ours,,clear,"Limits Retail Sales And Service and Office uses in IG2 -- four commercial tenancies, not four dwelling units.",,False
00521,or/multnomah/portland/33.140.txt,266,6,or/multnomah/portland,"note 6 is note 5 for IH. a limitation on a use this screen does not place. It is governed here because Table 140-1's cells are quoted for the permission, and the note sits on another row of the same table","['EG1', 'EG2', 'EX', 'IG1', 'IG2', 'IH']",['quadplex_allowed'],6,agree,not_ours,,clear,Limits Retail Sales And Service and Office uses in IH; nothing in it touches a dwelling.,,False
00522,or/multnomah/portland/33.140.txt,296,7,or/multnomah/portland,"note 7 sends Self-Service Storage to its special regulations. a limitation on a use this screen does not place. It is governed here because Table 140-1's cells are quoted for the permission, and the note sits on another row of the same table","['EG1', 'EG2', 'EX', 'IG1', 'IG2', 'IH']",['quadplex_allowed'],6,agree,not_ours,,clear,Applies only to the Self-Service Storage use category.,,False
00523,or/multnomah/portland/33.140.txt,299,8,or/multnomah/portland,"note 8 makes Waste-Related uses conditional unless Metro has approved them with a mitigation plan under ORS 268.317 and the location conforms to the Regional Solid Waste Management Plan. a limitation on a use this screen does not place. It is governed here because Table 140-1's cells are quoted for the permission, and the note sits on another row of the same table","['EG1', 'EG2', 'EX', 'IG1', 'IG2', 'IH']",['quadplex_allowed'],6,agree,not_ours,,clear,Applies only to Waste-Related uses.,,False
00524,or/multnomah/portland/33.140.txt,310,9,or/multnomah/portland,"note 9 allows most Community Service uses by right in the E zones and sends shelters to Chapter 33.285. a limitation on a use this screen does not place. It is governed here because Table 140-1's cells are quoted for the permission, and the note sits on another row of the same table","['EG1', 'EG2', 'EX', 'IG1', 'IG2', 'IH']",['quadplex_allowed'],6,agree,not_ours,,clear,"Applies to Community Service uses and shelters in the E zones, not to household living.",,False
00525,or/multnomah/portland/33.140.txt,385,10,or/multnomah/portland,"note 10 prohibits short term and mass shelters in the I zones and makes Daycare and Community Service over 3,000 square feet a conditional use. a limitation on a use this screen does not place. It is governed here because Table 140-1's cells are quoted for the permission, and the note sits on another row of the same table","['EG1', 'EG2', 'EX', 'IG1', 'IG2', 'IH']",['quadplex_allowed'],6,agree,not_ours,,clear,"Limits the Daycare and Community Service use categories (shelters, net building area thresholds); our pod is Household Living, not a Community Service or Daycare use.",,False
00526,or/multnomah/portland/33.140.txt,392,11,or/multnomah/portland,"note 11 allows Basic Utilities in the E zones and sends public safety transmission facilities to Chapter 33.274. a limitation on a use this screen does not place. It is governed here because Table 140-1's cells are quoted for the permission, and the note sits on another row of the same table","['EG1', 'EG2', 'EX', 'IG1', 'IG2', 'IH']",['quadplex_allowed'],6,agree,not_ours,,clear,"Governs the Basic Utilities use category and radio frequency transmission facilities, not a dwelling.",,False
00527,or/multnomah/portland/33.140.txt,395,12,or/multnomah/portland,"note 12 is note 11 for the I zones, with public safety facilities over 3,000 square feet a conditional use. a limitation on a use this screen does not place. It is governed here because Table 140-1's cells are quoted for the permission, and the note sits on another row of the same table","['EG1', 'EG2', 'EX', 'IG1', 'IG2', 'IH']",['quadplex_allowed'],6,agree,not_ours,,clear,Governs Basic Utilities and public safety facilities as primary uses; nothing in it applies to a four-unit dwelling.,,False
00528,or/multnomah/portland/33.140.txt,405,13,or/multnomah/portland,"note 13 allows some Radio Frequency Transmission Facilities by right. a limitation on a use this screen does not place. It is governed here because Table 140-1's cells are quoted for the permission, and the note sits on another row of the same table","['EG1', 'EG2', 'EX', 'IG1', 'IG2', 'IH']",['quadplex_allowed'],6,agree,not_ours,,clear,Regulates radio frequency transmission facilities as a use; our pod is not one.,,False
00529,or/multnomah/portland/33.140.txt,408,14,or/multnomah/portland,"note 14 makes Commercial Parking a conditional use in the E and I zones unless a plan district says otherwise. a limitation on a use this screen does not place. It is governed here because Table 140-1's cells are quoted for the permission, and the note sits on another row of the same table","['EG1', 'EG2', 'EX', 'IG1', 'IG2', 'IH']",['quadplex_allowed'],6,agree,not_ours,,clear,"Commercial Parking is a stand-alone parking use category; our parking court is accessory to the dwellings, not a Commercial Parking primary use.",,False
00530,or/multnomah/portland/33.140.txt,412,15,or/multnomah/portland,"note 15 allows Agriculture with a Market Garden election. a limitation on a use this screen does not place. It is governed here because Table 140-1's cells are quoted for the permission, and the note sits on another row of the same table","['EG1', 'EG2', 'EX', 'IG1', 'IG2', 'IH']",['quadplex_allowed'],6,agree,not_ours,,clear,"Concerns the Agriculture use category and market gardens, not residential development.",,False
00531,or/multnomah/portland/33.140.txt,416,16,or/multnomah/portland,"note 16 freezes Bulk Fossil Fuel Terminals at their 31 August 2022 storage capacity, prohibits coal storage, and prohibits new terminals outright. a limitation on a use this screen does not place. It is governed here because Table 140-1's cells are quoted for the permission, and the note sits on another row of the same table","['EG1', 'EG2', 'EX', 'IG1', 'IG2', 'IH']",['quadplex_allowed'],6,agree,not_ours,,clear,Applies only to bulk fossil fuel terminals and their storage capacity.,,False
00532,or/multnomah/portland/33.140.txt,631,1,or/multnomah/portland,"Table 140-3's residential setbacks ""do not apply to lot lines that abut lots in the RX zone"". A relief, and one that rests on the neighbour's zoning rather than on this lot -- the same unheld fact the EX side and rear setbacks already stand at 10 ft for. Declining it keeps the 10; taking it would need the abutting parcel's zone, which this screen does not read. Not `unmeasured`, because the standard the note relieves is already encoded at its binding value and no verdict waits on the note. The digest moved because the body used to carry the page footer it was printed under; Portland's frame is recognised now -- this one ended on ""Title 33, Planning and Zoning""","['EG1', 'EG2', 'EX', 'IG1', 'IG2', 'IH']","['max_coverage_pct', 'max_far', 'max_height_ft', 'min_landscaped_pct', 'min_lot_sqft', 'quadplex_allowed', 'setback_front_ft', 'setback_front_max_ft', 'setback_rear_ft', 'setback_rear_ft [abuts_nonresidential_zone]', 'setback_side_ft', 'setback_side_ft [abuts_nonresidential_zone]']",17,disagree,reaches,looser,clear,"It exempts RX-abutting lot lines from the Table 140-3 extra 5-15 ft building setback and L3 landscape buffer, so a setback our pod would otherwise owe on an R-abutting lot line drops away there; a relaxation, but it moves a real setback in every E/I zone the table covers.",,False
00533,or/multnomah/portland/33.150.txt,178,1,or/multnomah/portland,"note 1 allows up to 10,000 square feet of Retail Sales And Service per site in CI1 as a conditional use. a limitation on a use this screen does not place. It is governed here because Table 150-1's cells are quoted for the permission, and the note sits on another row of the same table","['CI1', 'CI2', 'IR']",['quadplex_allowed'],3,agree,not_ours,,clear,"Limits the Retail Sales And Service use category, not Household Living.",,False
00534,or/multnomah/portland/33.150.txt,181,2,or/multnomah/portland,"note 2 allows 10,000 square feet each of Manufacturing And Production and Industrial Service per site in CI1 and CI2, with more allowed conditionally in CI2 and prohibited in CI1. a limitation on a use this screen does not place. It is governed here because Table 150-1's cells are quoted for the permission, and the note sits on another row of the same table","['CI1', 'CI2', 'IR']",['quadplex_allowed'],3,agree,not_ours,,clear,Caps floor area for manufacturing and industrial service uses; our pod is neither.,,False
00535,or/multnomah/portland/33.150.txt,193,3,or/multnomah/portland,"note 3 treats site-serving Basic Utilities and small scale energy production as accessory within stated limits and makes all other Basic Utilities conditional uses. a limitation on a use this screen does not place. It is governed here because Table 150-1's cells are quoted for the permission, and the note sits on another row of the same table","['CI1', 'CI2', 'IR']",['quadplex_allowed'],3,agree,not_ours,,clear,"Governs Basic Utilities and small scale energy production as uses; the 20 percent floor area cap it sets applies to energy production, not to dwellings.",,False
00536,or/multnomah/portland/33.150.txt,205,4,or/multnomah/portland,"note 4 sends most Community Service uses to conditional use review under Chapter 33.815 and shelters to Chapter 33.285. a limitation on a use this screen does not place. It is governed here because Table 150-1's cells are quoted for the permission, and the note sits on another row of the same table","['CI1', 'CI2', 'IR']",['quadplex_allowed'],3,agree,not_ours,,clear,Routes Community Service uses and shelters through conditional use review; our pod is Household Living.,,False
00537,or/multnomah/portland/33.150.txt,213,5,or/multnomah/portland,"note 5 allows Parks And Open Areas by right and sends six accessory facilities to conditional use review. a limitation on a use this screen does not place. It is governed here because Table 150-1's cells are quoted for the permission, and the note sits on another row of the same table","['CI1', 'CI2', 'IR']",['quadplex_allowed'],3,agree,not_ours,,clear,Lists accessory facilities of a Parks And Open Areas use (including its parking areas) that need conditional use review; it does not touch a residential building parking court.,,False
00538,or/multnomah/portland/33.150.txt,226,6,or/multnomah/portland,"note 6 allows Colleges by right and sends large outdoor sports facilities to conditional use review. a limitation on a use this screen does not place. It is governed here because Table 150-1's cells are quoted for the permission, and the note sits on another row of the same table","['CI1', 'CI2', 'IR']",['quadplex_allowed'],3,agree,not_ours,,clear,Applies to Colleges and their outdoor sports facilities.,,False
00539,or/multnomah/portland/33.150.txt,230,7,or/multnomah/portland,"note 7 prohibits Agriculture where the site fails Chapter 33.237. a limitation on a use this screen does not place. It is governed here because Table 150-1's cells are quoted for the permission, and the note sits on another row of the same table","['CI1', 'CI2', 'IR']",['quadplex_allowed'],3,agree,not_ours,,clear,Concerns only the Agriculture use category.,,False
00540,or/multnomah/portland/33.150.txt,238,8,or/multnomah/portland,"note 8 allows some Radio Frequency Transmission Facilities by right. a limitation on a use this screen does not place. It is governed here because Table 150-1's cells are quoted for the permission, and the note sits on another row of the same table","['CI1', 'CI2', 'IR']",['quadplex_allowed'],3,agree,not_ours,,clear,Applies to radio frequency transmission facilities as a use.,,False
00541,or/multnomah/portland/33.150.txt,241,9,or/multnomah/portland,"note 9 conditions Group Living in the IR zone on the campus's impact mitigation plan naming it in the mission statement and accommodating its impacts. The closest call in this group and still not this building: Group Living and Household Living are different use categories in Title 33, and four dwelling units with their own kitchens are Household Living, which Table 150-1 gives IR as a bare Y with no bracket on it","['CI1', 'CI2', 'IR']",['quadplex_allowed'],3,agree,not_ours,,clear,"Applies to the Group Living use category and campus impact mitigation plans; our four dwelling units are Household Living, and group living is expressly outside our building.",,False
00542,or/multnomah/portland/33.150.txt,247,10,or/multnomah/portland,"note 10 allows Retail Sales And Service and Office uses on an institutional campus in the IR zone, accessory by right where the impact mitigation plan names them and as primary uses on stated conditions. a limitation on a use this screen does not place. It is governed here because Table 150-1's cells are quoted for the permission, and the note sits on another row of the same table","['CI1', 'CI2', 'IR']",['quadplex_allowed'],3,agree,not_ours,,clear,Conditions Retail Sales And Service and Office uses on an institutional campus; not a dwelling standard.,,False
00543,or/multnomah/portland/33.150.txt,293,11,or/multnomah/portland,"note 11 limits Schools, Colleges and Medical Centers in the IR zone to the large institutional campuses the zone was created to hold. a limitation on a use this screen does not place. It is governed here because Table 150-1's cells are quoted for the permission, and the note sits on another row of the same table","['CI1', 'CI2', 'IR']",['quadplex_allowed'],3,agree,not_ours,,clear,"Sets the institutional campus regime for High Schools, Colleges, Hospitals and Medical Centers; our pod is none of those.",,False
00544,or/multnomah/portland/33.150.txt,565,1,or/multnomah/portland,"for Colleges and Medical Centers the entire CI zone counts as one site regardless of ownership, and FAR, setbacks, building length, facade articulation, windows and the transit-street entrance are then measured from the perimeter of the zone. A different applicant and a different site: the pod is neither a college nor a medical centre, and reading a lot's standards off a campus perimeter is what this note exists to let a campus do","['CI1', 'CI2', 'IR']","['max_coverage_pct', 'max_far', 'max_height_ft', 'min_landscaped_pct', 'min_lot_sqft', 'quadplex_allowed', 'setback_front_ft', 'setback_front_ft [abuts_nonresidential_zone]', 'setback_front_max_ft', 'setback_front_max_ft [on_transit_street]', 'setback_rear_ft', 'setback_rear_ft [abuts_nonresidential_zone]', 'setback_side_ft', 'setback_side_ft [abuts_nonresidential_zone]']",33,agree,not_ours,,clear,"It rewrites how FAR, setbacks, building length and facade rules are measured, but the sentence opens by limiting itself to Colleges and Medical Centers, so a stand-alone fourplex is measured parcel by parcel as normal.",,False
00545,or/multnomah/portland/33.150.txt,569,2,or/multnomah/portland,"maximum FAR inside the Legacy Good Samaritan campus boundary on Map 150-3 is 3.7 to 1 rather than 3. A relaxation, on a mapped boundary nothing here reads; declining it can only cost a site that sits inside it","['CI1', 'CI2', 'IR']","['max_coverage_pct', 'max_far', 'max_height_ft', 'min_landscaped_pct', 'min_lot_sqft', 'quadplex_allowed', 'setback_front_ft', 'setback_front_ft [abuts_nonresidential_zone]', 'setback_front_max_ft', 'setback_front_max_ft [on_transit_street]', 'setback_rear_ft', 'setback_rear_ft [abuts_nonresidential_zone]', 'setback_side_ft', 'setback_side_ft [abuts_nonresidential_zone]']",33,narrower,some_zones,looser,clear,"On a CI2 lot inside the mapped Legacy Good Samaritan boundary the max FAR our pod must satisfy becomes 3.7 to 1 instead of the table 3 to 1 (4.5 vs 3.75 with the inclusionary housing bonus), so it raises the cap; mark [2] appears only in the CI2 column, not CI1 (0.5 to 1) or IR (2 to 1).",CI2,False
00546,or/multnomah/portland/33.150.txt,573,4,or/multnomah/portland,"heights are reduced next to certain zones under 33.150.210.C. Every reduction that subsection states lands at 30 ft or above -- 30 within 60 ft of an OS or RF-R2.5 line, 45 within 40 ft of an RM1-RMP or commercial line -- and the pod is 26 ft. A tightening that cannot reach this building, which is a different reason for dismissing it than the usual one and worth writing down as such","['CI1', 'CI2', 'IR']","['max_coverage_pct', 'max_far', 'max_height_ft', 'min_landscaped_pct', 'min_lot_sqft', 'quadplex_allowed', 'setback_front_ft', 'setback_front_ft [abuts_nonresidential_zone]', 'setback_front_max_ft', 'setback_front_max_ft [on_transit_street]', 'setback_rear_ft', 'setback_rear_ft [abuts_nonresidential_zone]', 'setback_side_ft', 'setback_side_ft [abuts_nonresidential_zone]']",33,narrower,some_zones,stricter,clear,"It lowers the maximum height below the 75 ft / 150 ft printed in Table 150-2 whenever the site is across the street from or adjacent to certain zones, a condition our 26 ft pod is subject to like any building; mark [4] sits on the CI1 and CI2 height cells only, IR 75 ft carries no mark, and the note itself does not state the reduced figure.","CI1,CI2",True
00547,or/multnomah/portland/33.150.txt,574,5,or/multnomah/portland,"where the maximum building setback applies there is no minimum setback. A relief, and one this file already takes the conservative side of: the street minimum is encoded at 0 from the table's own rows, so the note cannot loosen anything further. The digest moved because the body used to carry the page footer it was printed under; Portland's frame is recognised now","['CI1', 'CI2', 'IR']","['max_coverage_pct', 'max_far', 'max_height_ft', 'min_landscaped_pct', 'min_lot_sqft', 'quadplex_allowed', 'setback_front_ft', 'setback_front_ft [abuts_nonresidential_zone]', 'setback_front_max_ft', 'setback_front_max_ft [on_transit_street]', 'setback_rear_ft', 'setback_rear_ft [abuts_nonresidential_zone]', 'setback_side_ft', 'setback_side_ft [abuts_nonresidential_zone]']",33,narrower,some_zones,looser,clear,"Where the 10 ft maximum building setback applies, the minimum building setback from Table 150-2 drops away on that frontage; only CI2 and IR have a maximum setback (10 ft each), the CI1 cell reads None so nothing changes there.","CI2,IR",False
00548,or/multnomah/portland/33.266.txt,149,1,or/multnomah/portland,"""regulations in a plan district or overlay zone may supersede the standards of this table"". The table is 33.266.115's maximum allowed parking spaces -- a ceiling on stalls, not a floor -- and what this layer encodes from the chapter is the absence of any minimum, read from the chapter's own section list","['(defaults)', 'CE', 'CM1', 'CM2', 'CM3', 'CR', 'CX', 'EX', 'RM1', 'RM2', 'RM3', 'RM4', 'RMP', 'RX']","['parking_max_per_unit', 'parking_min_per_unit']",15,disagree,reaches,neither,inferred,"Table 266-1 sets the maximum parking spaces our pod parking court must stay under in every listed zone, and this note says a plan district or overlay can replace those standards; it sets no number itself so it is a pointer, but the replacing standard could be tighter or looser and this note is the only warning of it.",,False
00549,or/multnomah/portland/33.266.txt,150,2,or/multnomah/portland,"uses subject to a Conditional Use, Impact Mitigation Plan or Transportation Impact review may set different parking requirements through the review. Three review paths, none of which a by-right fourplex enters","['(defaults)', 'CE', 'CM1', 'CM2', 'CM3', 'CR', 'CX', 'EX', 'RM1', 'RM2', 'RM3', 'RM4', 'RMP', 'RX']","['parking_max_per_unit', 'parking_min_per_unit']",15,agree,not_ours,,inferred,"It only bites on uses already in a discretionary review; Household Living is allowed by right in the listed zones and a four-unit pod triggers no impact mitigation plan or transportation impact review, so this is a different stage of the process.",,False
00550,or/multnomah/portland/33.266.txt,265,1,or/multnomah/portland,"note 1 on the maximum-parking table lets a use subject to Conditional Use, Impact Mitigation Plan or Transportation Impact review establish its parking requirements through that review. It states no standard -- it names a procedure that may state one -- and the building this layer screens is Household Living permitted by right in every zone where the cap it governs is encoded, so none of the three reviews is triggered","['(defaults)', 'CE', 'CM1', 'CM2', 'CM3', 'CR', 'CX', 'EX', 'RM1', 'RM2', 'RM3', 'RM4', 'RMP', 'RX']","['parking_max_per_unit', 'parking_max_per_unit [unit_lots]']",26,agree,not_ours,,inferred,"Applies only to uses that go through a discretionary review; a permitted 4-unit household-living building is not one of those, and the note sets no dimension itself.",,False
00551,or/multnomah/portland/33.266.txt,469,1,or/multnomah/portland,"note 1 exempts a driveway that runs straight from the street into a parking area inside a building from the vehicle-area location standards of 33.266.130. Those standards do not reach this building at all: 33.266.130.B applies them to all vehicle areas ""except for residential vehicle areas subject to the standards of 33.266.120"", and 33.266.120.B lists fourplexes and attached houses among the structures it governs",['(defaults)'],"['driveway_min_width_one_way_ft', 'driveway_min_width_two_way_ft', 'parking_front_prohibited', 'parking_front_yard_max_pct', 'parking_stall_depth_ft', 'parking_stall_width_ft', 'parking_street_setback_ft']",7,agree,not_ours,,inferred,"The exemption is for driveways feeding parking inside a building; our parking is an open court behind the building, so the condition is never met.",,False
00552,or/multnomah/portland/33.266.txt,471,2,or/multnomah/portland,"note 2 exempts a vehicle area separated from the street by a building from the same 33.266.130 standards, and for the same reason it does not reach a fourplex: 33.266.130.B hands residential vehicle areas to 33.266.120",['(defaults)'],"['driveway_min_width_one_way_ft', 'driveway_min_width_two_way_ft', 'parking_front_prohibited', 'parking_front_yard_max_pct', 'parking_stall_depth_ft', 'parking_stall_width_ft', 'parking_street_setback_ft']",7,disagree,reaches,looser,inferred,"Our parking court sits behind the building, i.e. separated from the street by it, so this exempts our vehicle area from the location-of-vehicle-area standards - it only loosens.",,False
00553,or/multnomah/troutdale/3.zoning-districts.txt,305,1,or/multnomah/troutdale,"note 1 of the duplex table, and it permits a front setback to be reduced where the driveway comes off the rear; screening against the unreduced front yard is a compliance path the code offers outright","['HDR', 'LDR-1', 'LDR-2', 'MDR']",['quadplex_allowed'],4,agree,not_ours,,inferred,"Note 1 belongs to the single-family-detached/duplex table in 3.130.A; quadplexes are governed by the separate table in 3.130.B, which carries its own note block.",,False
00554,or/multnomah/troutdale/3.zoning-districts.txt,307,2,or/multnomah/troutdale,"note 2 of the duplex table, and it states the side yards for a zero lot line dwelling -- an alternative form we do not screen; the pod is measured against the building-side and side-yard rows of 3.130.B and C, which it can satisfy without this","['HDR', 'LDR-1', 'LDR-2', 'MDR']",['quadplex_allowed'],4,agree,not_ours,,inferred,"A note in the detached/duplex table about zero-lot-line dwellings; our four units sit on one undivided lot, not on zero-lot-line parcels.",,False
00555,or/multnomah/troutdale/3.zoning-districts.txt,315,3,or/multnomah/troutdale,"note 3 of the duplex table, and it resolves the ""15 or 20"" rear yard printed for LDR-1, LDR-2 and MDR: 15 feet for a duplex, 20 where the driveway comes off the rear. It says ""for duplexes"" in its own words, and the pod is a quadplex -- its rear yard is read from 3.130.B, which prints a bare 10 in those three columns with no marker on it","['HDR', 'LDR-1', 'LDR-2', 'MDR']",['quadplex_allowed'],4,agree,not_ours,,clear,"Says duplexes in so many words, in the detached/duplex table.",,False
00556,or/multnomah/troutdale/3.zoning-districts.txt,317,4,or/multnomah/troutdale,"note 4 of the duplex table, resolving the same ""15 or 20"" cell for the MDR (TC) column where the driveway comes off a side yard. Same table and the same scope as note 3, and MDR (TC) is a Town Center district this layer does not encode either way","['HDR', 'LDR-1', 'LDR-2', 'MDR']",['quadplex_allowed'],4,agree,not_ours,,inferred,Note 4 is cited from the rear-yard row of the single-family-detached/duplex table; the triplex/quadplex table gives a flat 10 ft rear yard with no such note.,,False
00557,or/multnomah/troutdale/3.zoning-districts.txt,318,5,or/multnomah/troutdale,"attaches to HDR (TC) in 3.130.B, which is not encoded here; the four encoded columns print a bare 10 street side yard with no marker","['HDR', 'LDR-1', 'LDR-2', 'MDR']",['quadplex_allowed'],4,agree,not_ours,,inferred,"Note 5 of the detached/duplex table; the quadplex table repeats the same rule as its own note 2, which is the one that reaches us.",,False
00558,or/multnomah/troutdale/3.zoning-districts.txt,339,1,or/multnomah/troutdale,"attaches to the Town Center columns in both 3.130.B and 3.130.C, and no Town Center district is encoded here; LDR-1, LDR-2, MDR and HDR print a bare 10 front yard with no marker","['LDR-1', 'LDR-2', 'MDR']","['max_height_ft', 'min_frontage_ft', 'min_lot_depth_ft', 'min_lot_sqft', 'min_lot_width_ft', 'setback_front_ft', 'setback_rear_ft', 'setback_side_ft', 'setback_side_ft [attached_wall]', 'setback_street_side_ft']",30,disagree,reaches,stricter,inferred,"This is the note block under 3.130.B, the triplex-and-quadplex table: with a rear parking court reached by a driveway from the front street our front setback doubles from 10 ft to 20 ft (the table prints the marker in the town-centre columns, but the note block governs the table).",,True
00559,or/multnomah/troutdale/3.zoning-districts.txt,340,2,or/multnomah/troutdale,"attaches to HDR (TC) in 3.130.B, which is not encoded here; the four encoded columns print a bare 10 street side yard with no marker","['LDR-1', 'LDR-2', 'MDR']","['max_height_ft', 'min_frontage_ft', 'min_lot_depth_ft', 'min_lot_sqft', 'min_lot_width_ft', 'setback_front_ft', 'setback_rear_ft', 'setback_side_ft', 'setback_side_ft [attached_wall]', 'setback_street_side_ft']",30,disagree,reaches,stricter,inferred,Same quadplex note block: on a corner lot with the driveway off the side street the street-side setback doubles from 10 ft to 20 ft.,,True
00560,or/multnomah/troutdale/3.zoning-districts.txt,369,2,or/multnomah/troutdale,"attaches to the Town Center columns in both 3.130.B and 3.130.C, and no Town Center district is encoded here; LDR-1, LDR-2, MDR and HDR print a bare 10 front yard with no marker","['HDR', 'LDR-1', 'LDR-2', 'MDR']","['max_height_ft', 'min_frontage_ft [unit_lots]', 'min_lot_depth_ft [unit_lots]', 'min_lot_sqft [unit_lots]', 'min_lot_width_ft [unit_lots]', 'setback_rear_ft [abuts_alley+unit_lots]', 'setback_side_ft', 'setback_side_ft [attached_wall+unit_lots]', 'setback_side_ft [unit_lots]']",23,disagree,reaches,stricter,unclear,"Note 2 of the townhouse-dwellings table; four attached townhomes plausibly read as townhouses and a front-yard driveway to our rear court would double the front setback to 20 ft - unclear only because our units share one lot, so the quadplex table may govern instead.",,True
00561,or/multnomah/troutdale/3.zoning-districts.txt,370,3,or/multnomah/troutdale,"attaches to the MDR (TC) and HDR (TC) columns of 3.130.C, neither of which is encoded here","['HDR', 'LDR-1', 'LDR-2', 'MDR']","['max_height_ft', 'min_frontage_ft [unit_lots]', 'min_lot_depth_ft [unit_lots]', 'min_lot_sqft [unit_lots]', 'min_lot_width_ft [unit_lots]', 'setback_rear_ft [abuts_alley+unit_lots]', 'setback_side_ft', 'setback_side_ft [attached_wall+unit_lots]', 'setback_side_ft [unit_lots]']",23,disagree,reaches,stricter,unclear,Note 3 of the same townhouse table: a corner lot with side-street driveway access pushes the street-side setback to 18 ft; unclear because our four units sit on one lot rather than on unit lots.,,True
00562,or/multnomah/troutdale/3.zoning-districts.txt,680,1,or/multnomah/troutdale,"the same pre-1950 exemption reprinted under the mixed-use residential table; new construction, and no mixed-use zone is encoded here","['HDR', 'LDR-1', 'LDR-2', 'MDR', 'MU-1', 'MU-2', 'MU-3']","['max_density_du_per_acre', 'max_density_du_per_acre [unit_lots]', 'min_frontage_ft', 'quadplex_allowed', 'setback_front_ft', 'setback_front_ft [abuts_nonresidential_zone]', 'setback_rear_ft', 'setback_rear_ft [abuts_nonresidential_zone]', 'setback_side_ft', 'setback_side_ft [abuts_nonresidential_zone]']",18,agree,not_ours,,clear,An exemption reserved for buildings standing before 1950; our pod is new construction.,,False
00563,or/multnomah/troutdale/3.zoning-districts.txt,716,1,or/multnomah/troutdale,"attaches to the MDR (TC) and HDR (TC) columns of 3.130.C, neither of which is encoded here","['MU-2', 'MU-3']","['max_density_du_per_acre', 'max_height_ft', 'min_frontage_ft', 'min_lot_depth_ft', 'min_lot_depth_ft [abuts_alley+access_easement]', 'min_lot_depth_ft [inside_mapped_use_area]', 'min_lot_sqft', 'min_lot_width_ft', 'setback_front_ft', 'setback_front_ft [abuts_alley]', 'setback_front_ft [abuts_nonresidential_zone]', 'setback_front_max_ft', 'setback_garage_entrance_ft', 'setback_rear_ft', 'setback_rear_ft [abuts_alley+multi_story]', 'setback_rear_ft [abuts_alley]', 'setback_rear_ft [abuts_nonresidential_zone+multi_story]', 'setback_rear_ft [abuts_nonresidential_zone]', 'setback_rear_ft [multi_story]', 'setback_side_ft', 'setback_side_ft [abuts_nonresidential_zone+attached_wall]', 'setback_side_ft [abuts_nonresidential_zone]', 'setback_side_ft [abuts_side_yard+attached_wall]', 'setback_side_ft [abuts_side_yard+multi_story]', 'setback_side_ft [abuts_side_yard]', 'setback_side_ft [attached_wall]', 'setback_street_side_ft']",42,disagree,reaches,stricter,clear,"The note sits on the residential-uses table for the MU zones, so it reaches our fourplex: on a corner lot whose driveway comes off the side street the street-side setback rises from 0 to 18 ft.",,True
00564,or/multnomah/troutdale/3.zoning-districts.txt,717,2,or/multnomah/troutdale,"the same pre-1950 exemption reprinted under the mixed-use residential table; new construction, and no mixed-use zone is encoded here","['MU-2', 'MU-3']","['max_density_du_per_acre', 'max_height_ft', 'min_frontage_ft', 'min_lot_depth_ft', 'min_lot_depth_ft [abuts_alley+access_easement]', 'min_lot_depth_ft [inside_mapped_use_area]', 'min_lot_sqft', 'min_lot_width_ft', 'setback_front_ft', 'setback_front_ft [abuts_alley]', 'setback_front_ft [abuts_nonresidential_zone]', 'setback_front_max_ft', 'setback_garage_entrance_ft', 'setback_rear_ft', 'setback_rear_ft [abuts_alley+multi_story]', 'setback_rear_ft [abuts_alley]', 'setback_rear_ft [abuts_nonresidential_zone+multi_story]', 'setback_rear_ft [abuts_nonresidential_zone]', 'setback_rear_ft [multi_story]', 'setback_side_ft', 'setback_side_ft [abuts_nonresidential_zone+attached_wall]', 'setback_side_ft [abuts_nonresidential_zone]', 'setback_side_ft [abuts_side_yard+attached_wall]', 'setback_side_ft [abuts_side_yard+multi_story]', 'setback_side_ft [abuts_side_yard]', 'setback_side_ft [attached_wall]', 'setback_street_side_ft']",42,agree,not_ours,,clear,"Pre-1950 buildings only; our pod is newly built, so the exemption cannot apply.",,False
00565,or/multnomah/troutdale/3.zoning-districts.txt,927,1,or/multnomah/troutdale,"note 1 of the commercial table 3.330.A, which sets the CC and GC side yard where they abut a residential district; no commercial zone is encoded here","['CC', 'GC', 'MU-2', 'MU-3']","['max_height_ft', 'min_lot_depth_ft', 'min_lot_depth_ft [abuts_alley+access_easement]', 'min_lot_depth_ft [inside_mapped_use_area]', 'min_lot_sqft', 'quadplex_allowed', 'setback_rear_ft', 'setback_rear_ft [abuts_alley+multi_story]', 'setback_rear_ft [abuts_alley]', 'setback_rear_ft [abuts_nonresidential_zone+multi_story]', 'setback_rear_ft [abuts_nonresidential_zone]', 'setback_rear_ft [multi_story]', 'setback_side_ft', 'setback_side_ft [abuts_nonresidential_zone]', 'setback_side_ft [abuts_side_yard+multi_story]', 'setback_side_ft [abuts_side_yard]']",21,disagree,reaches,stricter,clear,"The CC/GC table covers all land uses, so it reaches a fourplex there; where the site abuts a residential zone the side setback goes from 0 to whatever that zone requires.",,True
00566,or/multnomah/troutdale/3.zoning-districts.txt,929,2,or/multnomah/troutdale,"note 2 of the commercial table 3.330.A, the same rule for the rear yard; no commercial zone is encoded here","['CC', 'GC', 'MU-2', 'MU-3']","['max_height_ft', 'min_lot_depth_ft', 'min_lot_depth_ft [abuts_alley+access_easement]', 'min_lot_depth_ft [inside_mapped_use_area]', 'min_lot_sqft', 'quadplex_allowed', 'setback_rear_ft', 'setback_rear_ft [abuts_alley+multi_story]', 'setback_rear_ft [abuts_alley]', 'setback_rear_ft [abuts_nonresidential_zone+multi_story]', 'setback_rear_ft [abuts_nonresidential_zone]', 'setback_rear_ft [multi_story]', 'setback_side_ft', 'setback_side_ft [abuts_nonresidential_zone]', 'setback_side_ft [abuts_side_yard+multi_story]', 'setback_side_ft [abuts_side_yard]']",21,disagree,reaches,stricter,clear,Same all-land-uses table: abutting a residential zone forces a rear setback of at least 15 ft instead of the 0 ft printed for non-residential neighbours.,,True
00567,or/multnomah/troutdale/3.zoning-districts.txt,931,3,or/multnomah/troutdale,"note 3 of the commercial table 3.330.A; no commercial zone is encoded here, and the residential tables state no equivalent row","['CC', 'GC', 'MU-2', 'MU-3']","['max_height_ft', 'min_lot_depth_ft', 'min_lot_depth_ft [abuts_alley+access_easement]', 'min_lot_depth_ft [inside_mapped_use_area]', 'min_lot_sqft', 'quadplex_allowed', 'setback_rear_ft', 'setback_rear_ft [abuts_alley+multi_story]', 'setback_rear_ft [abuts_alley]', 'setback_rear_ft [abuts_nonresidential_zone+multi_story]', 'setback_rear_ft [abuts_nonresidential_zone]', 'setback_rear_ft [multi_story]', 'setback_side_ft', 'setback_side_ft [abuts_nonresidential_zone]', 'setback_side_ft [abuts_side_yard+multi_story]', 'setback_side_ft [abuts_side_yard]']",21,disagree,reaches,stricter,clear,"Applies to any development in these commercial zones, ours included, and increases front and side setbacks wherever the abutting street right-of-way is narrower than standard.",,True
00568,or/multnomah/wood-village/210.320.txt,82,1,or/multnomah/wood-village,"Places a garage relative to the building's own street-facing facade rather than relative to the lot, and the pod has no garage -- it seats surface stalls. The 22-foot garage setback printed on the row the marker sits on is encoded as `setback_garage_entrance_ft`; this sentence adds the facade-plane rule on top of it, which is a building test the lot screen does not run.","['LR 12', 'LR 7.5']","['max_coverage_pct', 'max_height_ft', 'min_density_du_per_acre', 'min_lot_depth_ft', 'min_lot_sqft', 'min_lot_width_ft', 'setback_front_ft', 'setback_garage_entrance_ft', 'setback_rear_ft', 'setback_rear_ft [corner_lot]', 'setback_side_ft', 'setback_side_ft [corner_lot]', 'setback_street_side_ft']",26,disagree,reaches,stricter,inferred,"The note governs the front and garage setback rows of the light-residential table and applies to any dwelling there, a fourplex included; our rear parking court complies, but it is a placement restriction, not a relaxation.",,True
00569,or/multnomah/wood-village/210.320.txt,86,3,or/multnomah/wood-village,"Governs cottage housing, which is a housing type this pod is not. WVDC 220.400 defines it as a cluster of small detached dwellings around common open space; a four-unit attached townhome cannot be one, so neither the ten-foot rear and street side setbacks nor the coverage exemption reach it.","['LR 12', 'LR 7.5']","['max_coverage_pct', 'max_height_ft', 'min_density_du_per_acre', 'min_lot_depth_ft', 'min_lot_sqft', 'min_lot_width_ft', 'setback_front_ft', 'setback_garage_entrance_ft', 'setback_rear_ft', 'setback_rear_ft [corner_lot]', 'setback_side_ft', 'setback_side_ft [corner_lot]', 'setback_street_side_ft']",26,agree,not_ours,,clear,"Cottage housing only, which our attached four-unit building is not.",,False
00570,or/multnomah/wood-village/220.320.txt,87,1,or/multnomah/wood-village,"A footnote is scoped to the table it sits under. Table 220-4 states the standards for multi-dwelling structures of five units and more -- its first row is ""5"" -- and a four-unit building is on Table 220-3, in the column headed ""Duplex Triplex Quadplex"", which carries no marker at all and states its own five-foot side setback.","['MR 2', 'MR 4']","['max_coverage_pct', 'max_coverage_pct [unit_lots]', 'max_height_ft', 'min_density_du_per_acre', 'min_lot_depth_ft', 'min_lot_depth_ft [unit_lots]', 'min_lot_sqft', 'min_lot_sqft [unit_lots]', 'min_lot_width_ft', 'min_lot_width_ft [unit_lots]', 'setback_front_ft', 'setback_garage_entrance_ft', 'setback_rear_ft', 'setback_side_ft', 'setback_side_ft [attached_wall+unit_lots]', 'setback_side_ft [unit_lots]']",32,disagree,reaches,stricter,unclear,"The words multifamily and multi-unit structures plausibly cover a four-unit building, and abutting an LR zone would double the side setback from 5 ft to 10 ft; unclear because the table this note hangs under is written for 5 units and up.",,True
00571,or/multnomah/wood-village/220.320.txt,89,2,or/multnomah/wood-village,"A planting or vocabulary cross-reference states no standard. This one names the unit of Table 220-4's Minimum Landscape Required column (percent of site area) and hands the L1 and F2 codes to Section 330. It is also scoped to Table 220-4, which starts at five units.","['MR 2', 'MR 4']","['max_coverage_pct', 'max_coverage_pct [unit_lots]', 'max_height_ft', 'min_density_du_per_acre', 'min_lot_depth_ft', 'min_lot_depth_ft [unit_lots]', 'min_lot_sqft', 'min_lot_sqft [unit_lots]', 'min_lot_width_ft', 'min_lot_width_ft [unit_lots]', 'setback_front_ft', 'setback_garage_entrance_ft', 'setback_rear_ft', 'setback_side_ft', 'setback_side_ft [attached_wall+unit_lots]', 'setback_side_ft [unit_lots]']",32,disagree,reaches,neither,inferred,It only says the landscape figure is a percent of site area and points at another chapter; it moves no number.,,False
00572,or/multnomah/wood-village/220.320.txt,91,3,or/multnomah/wood-village,"A footnote is scoped to the table it sits under. The marker is on Table 220-4's own caption, so the thirteen-dwelling minimum density is the minimum for a multi-dwelling structure of five units or more. Table 220-3 states the minimum for a quadplex separately and it is 8.7 per net acre.","['MR 2', 'MR 4']","['max_coverage_pct', 'max_coverage_pct [unit_lots]', 'max_height_ft', 'min_density_du_per_acre', 'min_lot_depth_ft', 'min_lot_depth_ft [unit_lots]', 'min_lot_sqft', 'min_lot_sqft [unit_lots]', 'min_lot_width_ft', 'min_lot_width_ft [unit_lots]', 'setback_front_ft', 'setback_garage_entrance_ft', 'setback_rear_ft', 'setback_side_ft', 'setback_side_ft [attached_wall+unit_lots]', 'setback_side_ft [unit_lots]']",32,narrower,some_zones,stricter,unclear,"A 13 dwellings-per-net-acre minimum density would bind a four-unit pod on any larger MR2 lot; the note names only MR2, and it is unclear whether a fourplex counts as multifamily here since the table it sits under starts at 5 units.",MR 2,True
00573,or/multnomah/wood-village/230.310.txt,86,2,or/multnomah/wood-village,"Read, and recorded in the NC zone notes rather than in a field. It sends the base height to Figure 230-3, which is a map this system cannot read, and the step-downs to 230.335(C), which reduce the limit on a PORTION of a site -- geometry no single height field can hold. The 45 encoded here is the low end of the range Table 230-2 prints and sits under the lowest step-down the section states, so the unread figure cannot change this pod's verdict.",['NC'],"['max_height_ft', 'min_landscaped_pct', 'min_lot_depth_ft', 'min_lot_sqft', 'min_lot_width_ft', 'setback_front_ft', 'setback_front_max_ft', 'setback_rear_ft', 'setback_side_ft']",9,disagree,reaches,stricter,inferred,"The marker sits on the NC height and on the None side and rear setbacks; next to a residential zone it can force a step-down or a larger setback, so the printed None is looser than the code allows.",,True
00574,or/multnomah/wood-village/230.310.txt,90,4,or/multnomah/wood-village,"A planting or vocabulary cross-reference states no standard. Foundation beds three feet wide, a three-gallon shrub every three lineal feet and a street tree every thirty are real requirements and none of them is a dimension of the lot or the building.",['NC'],"['max_height_ft', 'min_landscaped_pct', 'min_lot_depth_ft', 'min_lot_sqft', 'min_lot_width_ft', 'setback_front_ft', 'setback_front_max_ft', 'setback_rear_ft', 'setback_side_ft']",9,disagree,reaches,stricter,clear,"It applies to any street-facing building in NC, ours included, but what it adds is foundation planting and street trees - landscaping a dimensional screen does not hold.",,True
00575,or/multnomah/wood-village/230.310.txt,92,5,or/multnomah/wood-village,A planting or vocabulary cross-reference states no standard. This one says only where the L1 and F2 codes are defined.,['NC'],"['max_height_ft', 'min_landscaped_pct', 'min_lot_depth_ft', 'min_lot_sqft', 'min_lot_width_ft', 'setback_front_ft', 'setback_front_max_ft', 'setback_rear_ft', 'setback_side_ft']",9,disagree,reaches,neither,inferred,"A pure cross-reference telling the reader where the L3/F2 side-or-rear landscape buffer codes are defined; residential uses are allowed in NC (see note 1) so the buffer standard sits over our pod, but this note itself moves no number.",,False
00576,or/multnomah/wood-village/235.300.txt,79,1,or/multnomah/wood-village,"Chooses which column of Table 235-2 applies rather than changing a number. It sends residential floors inside a mixed use structure to the nonresidential column; the pod is a stand-alone residential building, so the residential column is the one encoded here. The note would move it to the looser column on every row -- 115 feet of height against 35, no side or rear setback against 5 and 15 -- so reading it the other way would have been the unsafe direction.",['TC'],"['like', 'max_height_ft', 'min_density_du_per_acre', 'setback_front_ft', 'setback_garage_entrance_ft', 'setback_rear_ft', 'setback_side_ft']",7,agree,not_ours,,clear,"Only governs residential units sharing a structure with nonresidential uses; our pod is all-residential, so the condition cannot be met.",,False
00577,or/multnomah/wood-village/235.300.txt,85,4,or/multnomah/wood-village,"A planting or vocabulary cross-reference states no standard. It requires the depth of a setback that is already required to be landscaped, which changes no dimension of the lot or the building.",['TC'],"['like', 'max_height_ft', 'min_density_du_per_acre', 'setback_front_ft', 'setback_garage_entrance_ft', 'setback_rear_ft', 'setback_side_ft']",7,disagree,reaches,stricter,inferred,"Its words are unqualified by use, so on a TC site abutting a residential zone the whole required setback must be planted, which forbids putting the rear parking court in that setback; the mark sits on the nonresidential landscaping cell, so the use limit is inferred, not stated.",,True
00578,or/multnomah/wood-village/235.300.txt,87,5,or/multnomah/wood-village,"Applies by its own first words to detached single-family dwelling units, which a four-unit attached townhome is not. The ten-foot front setback and twenty-foot garage setback its markers sit on are encoded from the cells themselves; the facade-plane rule the note adds on top does not reach this building.",['TC'],"['like', 'max_height_ft', 'min_density_du_per_acre', 'setback_front_ft', 'setback_garage_entrance_ft', 'setback_rear_ft', 'setback_side_ft']",7,agree,not_ours,,clear,Expressly limited to detached single-family dwellings; our pod is four attached units.,,False
00579,or/multnomah/wood-village/240.200.txt,84,1,or/multnomah/wood-village,"Caps Retail Sales and Service at 35 percent of the footprint of all buildings on a lot in the Light Manufacturing and General Manufacturing zones, and sends anything larger to conditional use review. The value these notes hold back is quadplex_allowed, read from the Household Living row, and that row carries no marker in any of the three zones -- it reads a bare N. They reach it only because a declared note's region is the whole table it names","['GM', 'LM']",['quadplex_allowed'],2,agree,not_ours,,clear,"Caps a commercial use category, not household living.",,False
00580,or/multnomah/wood-village/240.200.txt,86,2,or/multnomah/wood-village,"The same 35 percent footprint cap for Office uses in the Light Manufacturing and General Manufacturing zones. The value these notes hold back is quadplex_allowed, read from the Household Living row, and that row carries no marker in any of the three zones -- it reads a bare N. They reach it only because a declared note's region is the whole table it names","['GM', 'LM']",['quadplex_allowed'],2,agree,not_ours,,clear,Caps office use only.,,False
00581,or/multnomah/wood-village/240.200.txt,88,3,or/multnomah/wood-village,"Caps Daycare at 3,000 gross square feet in the Light Manufacturing and General Manufacturing zones. The value these notes hold back is quadplex_allowed, read from the Household Living row, and that row carries no marker in any of the three zones -- it reads a bare N. They reach it only because a declared note's region is the whole table it names","['GM', 'LM']",['quadplex_allowed'],2,agree,not_ours,,clear,Caps daycare use only.,,False
00582,or/multnomah/wood-village/250.200.txt,68,1,or/multnomah/wood-village,"Caps Daycare at three thousand gross square feet in the Commercial/Industrial Mixed Use zone. The value these notes hold back is quadplex_allowed, read from the Household Living row, and that row carries no marker in any of the three zones -- it reads a bare N. They reach it only because a declared note's region is the whole table it names",['C/I'],['quadplex_allowed'],1,agree,not_ours,,clear,Caps daycare use only.,,False
00583,or/multnomah/wood-village/250.200.txt,70,2,or/multnomah/wood-village,"Metro Title 4's limits on new retail commercial buildings in regionally significant industrial, industrial overlay and employment overlay areas -- floor area caps on stores, restaurants and customer-facing professional services, with exceptions for airport and training uses. It is a limit on retail floor area in a zone that prohibits dwellings outright. The value these notes hold back is quadplex_allowed, read from the Household Living row, and that row carries no marker in any of the three zones -- it reads a bare N. They reach it only because a declared note's region is the whole table it names",['C/I'],['quadplex_allowed'],1,agree,not_ours,,clear,Metro Title 4 size caps on new retail and employment buildings; no residential use is addressed.,,False
