layer,zone,field,when,verdict,quote,text
or,(default),max_density_du_per_acre,,stated,or/oar.660-046-0220.txt#L55,"Density: If a Large City applies density maximums in a zone, it may not apply those maximums to the development of Quadplex and Triplexes."
or/clackamas/_unincorporated,MR1,max_height_ft,,stated,or/clackamas/_unincorporated/zdo.315.txt#L1604-L1611,Maximum Building Height | None | None | None | None | 45 feet | None | None
or/clackamas/_unincorporated,MR1,min_building_separation_ft,,stated,or/clackamas/_unincorporated/zdo.315.txt#L1612-L1619,Minimum Building Separation | 10 feet | None | None | See Subsection 1005.02(L) | 20 feet between multifamily dwellings | See Subsection 1005.02(L) | See Subsection 1005.02(L)
or/clackamas/_unincorporated,MR2,max_height_ft,,stated,or/clackamas/_unincorporated/zdo.315.txt#L1604-L1611,Maximum Building Height | None | None | None | None | 45 feet | None | None
or/clackamas/_unincorporated,MR2,min_building_separation_ft,,stated,or/clackamas/_unincorporated/zdo.315.txt#L1612-L1619,Minimum Building Separation | 10 feet | None | None | See Subsection 1005.02(L) | 20 feet between multifamily dwellings | See Subsection 1005.02(L) | See Subsection 1005.02(L)
or/clackamas/_unincorporated,PMD,max_height_ft,,stated,or/clackamas/_unincorporated/zdo.315.txt#L1604-L1611,Maximum Building Height | None | None | None | None | 45 feet | None | None
or/clackamas/_unincorporated,R10,max_density_du_per_acre,,stated,or/clackamas/_unincorporated/zdo.1012.txt#L73,"1 Density is a measurement of the number of dwelling units in relationship to a specified amount of land. In the context of a partition, subdivision, replat, or manufactured home park, density typically relates to potential dwelling units in the form of lots, parcels, or manufactured home park space"
or/clackamas/_unincorporated,R15,max_density_du_per_acre,,stated,or/clackamas/_unincorporated/zdo.1012.txt#L73,"1 Density is a measurement of the number of dwelling units in relationship to a specified amount of land. In the context of a partition, subdivision, replat, or manufactured home park, density typically relates to potential dwelling units in the form of lots, parcels, or manufactured home park space"
or/clackamas/_unincorporated,R20,max_density_du_per_acre,,stated,or/clackamas/_unincorporated/zdo.1012.txt#L73,"1 Density is a measurement of the number of dwelling units in relationship to a specified amount of land. In the context of a partition, subdivision, replat, or manufactured home park, density typically relates to potential dwelling units in the form of lots, parcels, or manufactured home park space"
or/clackamas/_unincorporated,R30,max_density_du_per_acre,,stated,or/clackamas/_unincorporated/zdo.1012.txt#L73,"1 Density is a measurement of the number of dwelling units in relationship to a specified amount of land. In the context of a partition, subdivision, replat, or manufactured home park, density typically relates to potential dwelling units in the form of lots, parcels, or manufactured home park space"
or/clackamas/_unincorporated,R5,max_density_du_per_acre,,stated,or/clackamas/_unincorporated/zdo.1012.txt#L73,"1 Density is a measurement of the number of dwelling units in relationship to a specified amount of land. In the context of a partition, subdivision, replat, or manufactured home park, density typically relates to potential dwelling units in the form of lots, parcels, or manufactured home park space"
or/clackamas/_unincorporated,R7,max_density_du_per_acre,,stated,or/clackamas/_unincorporated/zdo.1012.txt#L73,"1 Density is a measurement of the number of dwelling units in relationship to a specified amount of land. In the context of a partition, subdivision, replat, or manufactured home park, density typically relates to potential dwelling units in the form of lots, parcels, or manufactured home park space"
or/clackamas/_unincorporated,R8.5,max_density_du_per_acre,,stated,or/clackamas/_unincorporated/zdo.1012.txt#L73,"1 Density is a measurement of the number of dwelling units in relationship to a specified amount of land. In the context of a partition, subdivision, replat, or manufactured home park, density typically relates to potential dwelling units in the form of lots, parcels, or manufactured home park space"
or/clackamas/_unincorporated,VA,setback_rear_ft,,stated,or/clackamas/_unincorporated/zdo.315.txt#L1588-L1595,"Minimum Rear Setback | 30 feet[10] | 20 feet[5,10,11,12] | 20 feet[5,10] | See Subsection 1005.02(L)[5] | None[6,7] | See Subsection 1005.02(L) | See Subsection 1005.02(L)[13]"
or/clackamas/_unincorporated,VA,setback_side_ft,,stated,or/clackamas/_unincorporated/zdo.315.txt#L1596-L1603,"Minimum Side Setback | 30 feet[10] | One story: five feet; two stories: seven feet; three stories: 15 feet. For each story higher than three, an additional five feet of yard depth shall be required.[5,10,11,12,14,15] | One story: five feet; two stories: seven feet; three stories: 15 feet. For each s"
or/clackamas/_unincorporated,VR45,max_density_du_per_acre,,stated,or/clackamas/_unincorporated/zdo.1012.txt#L73,"1 Density is a measurement of the number of dwelling units in relationship to a specified amount of land. In the context of a partition, subdivision, replat, or manufactured home park, density typically relates to potential dwelling units in the form of lots, parcels, or manufactured home park space"
or/clackamas/_unincorporated,VR57,max_density_du_per_acre,,stated,or/clackamas/_unincorporated/zdo.1012.txt#L73,"1 Density is a measurement of the number of dwelling units in relationship to a specified amount of land. In the context of a partition, subdivision, replat, or manufactured home park, density typically relates to potential dwelling units in the form of lots, parcels, or manufactured home park space"
or/clackamas/gladstone,(default),parking_max_per_unit,,stated,"or/clackamas/gladstone/17.48.parking.txt#L141,L156,L159-L160,L171-L172,L174-L176","17.48.030 Table 1 | USE | ZONE A MAX. ALLOWED | ZONE B MAX. ALLOWED | (b) | Duplex, Triplex, Quadplex, Townhouse, Cottage | Min: None | Max: None | Not Applicable"
or/clackamas/gladstone,R10,max_density_du_per_acre,,stated,"or/clackamas/gladstone/17.10.r-7.2.txt#L209,L213-L214",Maximum Density | Middle housing | None
or/clackamas/gladstone,R10,max_units,unit_lots,stated,"or/clackamas/gladstone/17.10.r-7.2.txt#L209,L212","Maximum Density | This code does not allow for the creation of more than four dwelling units on a lot, including accessory dwelling units. Cottage clusters and townhomes are exempt."
or/clackamas/gladstone,R7.2,max_density_du_per_acre,,stated,"or/clackamas/gladstone/17.10.r-7.2.txt#L209,L213-L214",Maximum Density | Middle housing | None
or/clackamas/gladstone,R7.2,max_units,unit_lots,stated,"or/clackamas/gladstone/17.10.r-7.2.txt#L209,L212","Maximum Density | This code does not allow for the creation of more than four dwelling units on a lot, including accessory dwelling units. Cottage clusters and townhomes are exempt."
or/clackamas/happy-valley,(default),parking_max_per_unit,,stated,"or/clackamas/happy-valley/16.43.parking.txt#L192-L196,L215-L217,L456-L457","Table 16.43.030-1 Automobile Parking Standards | Proposed Use | Minimum Parking Spaces | Maximum Parking Spaces (if nothing is noted, there is no maximum)[1] | Maximum Parking Spaces (if nothing is noted, there is no maximum)[1] | Single-family attached (townhome), duplex, triplex, quadplex, cottage"
or/clackamas/happy-valley,MURA,max_density_du_per_acre,,stated,"or/clackamas/happy-valley/16.22.residential.txt#L942,L944,L1016","Residential density (maximum)[1] | 15 du/net acre[2] | Residential care homes/facilities, duplexes, triplexes, quadplexes, cottage clusters, and accessory dwellings are exempt from the density standards. Townhouses may have a maximum density of 25 units/acre."
or/clackamas/happy-valley,MURA,min_density_du_per_acre,,stated,"or/clackamas/happy-valley/16.22.residential.txt#L946,L948,L1016","Residential density (minimum)[1] | 10 du/net acre | Residential care homes/facilities, duplexes, triplexes, quadplexes, cottage clusters, and accessory dwellings are exempt from the density standards. Townhouses may have a maximum density of 25 units/acre."
or/clackamas/happy-valley,MURA,min_lot_depth_ft,,stated,"or/clackamas/happy-valley/16.22.residential.txt#L958,L960",Lot depth (minimum) | None
or/clackamas/happy-valley,MURA,min_lot_width_ft,,stated,"or/clackamas/happy-valley/16.22.residential.txt#L954,L956",Lot width (minimum) | None
or/clackamas/happy-valley,MURS,max_density_du_per_acre,,stated,"or/clackamas/happy-valley/16.22.residential.txt#L642,L646,L647",Standard R-5 MUR-S | Townhome maximum density (units/net acre) 25 du/net acre 25 du/net acre | Residential density (minimum)[1] None 6 du/net acre
or/clackamas/happy-valley,R10,min_lot_width_ft,unit_lots,stated,"or/clackamas/happy-valley/16.22.residential.txt#L472,L493","Lot width (minimum)[2,6] 60 feet 50 feet 50 feet | [2] Townhomes are exempt from the lot width requirements."
or/clackamas/happy-valley,R15,min_lot_width_ft,unit_lots,stated,"or/clackamas/happy-valley/16.22.residential.txt#L282,L303","Lot width (minimum)[2,6] 100 feet 80 feet 70 feet | [2] Townhomes are exempt from the lot width requirements."
or/clackamas/happy-valley,R20,min_lot_width_ft,unit_lots,stated,"or/clackamas/happy-valley/16.22.residential.txt#L282,L303","Lot width (minimum)[2,6] 100 feet 80 feet 70 feet | [2] Townhomes are exempt from the lot width requirements."
or/clackamas/happy-valley,R40,min_lot_width_ft,unit_lots,stated,"or/clackamas/happy-valley/16.22.residential.txt#L282,L303","Lot width (minimum)[2,6] 100 feet 80 feet 70 feet | [2] Townhomes are exempt from the lot width requirements."
or/clackamas/happy-valley,R5,max_density_du_per_acre,,stated,"or/clackamas/happy-valley/16.22.residential.txt#L642,L646,L647",Standard R-5 MUR-S | Townhome maximum density (units/net acre) 25 du/net acre 25 du/net acre | Residential density (minimum)[1] None 6 du/net acre
or/clackamas/happy-valley,R5,min_density_du_per_acre,,stated,"or/clackamas/happy-valley/16.22.residential.txt#L642,L647",Standard R-5 MUR-S | Residential density (minimum)[1] None 6 du/net acre
or/clackamas/happy-valley,R5,min_lot_width_ft,unit_lots,stated,"or/clackamas/happy-valley/16.22.residential.txt#L648,L675",Lot width (minimum)[2] 40 feet Variable[4] | [2] Townhomes are exempt from the lot width requirements. Street frontage controls lot width for townhomes.
or/clackamas/happy-valley,R7,min_lot_width_ft,unit_lots,stated,"or/clackamas/happy-valley/16.22.residential.txt#L472,L493","Lot width (minimum)[2,6] 60 feet 50 feet 50 feet | [2] Townhomes are exempt from the lot width requirements."
or/clackamas/happy-valley,R8.5,min_lot_width_ft,unit_lots,stated,"or/clackamas/happy-valley/16.22.residential.txt#L472,L493","Lot width (minimum)[2,6] 60 feet 50 feet 50 feet | [2] Townhomes are exempt from the lot width requirements."
or/clackamas/happy-valley,SFA,max_density_du_per_acre,,stated,"or/clackamas/happy-valley/16.22.residential.txt#L942,L943,L1016","Residential density (maximum)[1] | 15 du/net acre[2] | Residential care homes/facilities, duplexes, triplexes, quadplexes, cottage clusters, and accessory dwellings are exempt from the density standards. Townhouses may have a maximum density of 25 units/acre."
or/clackamas/happy-valley,SFA,min_density_du_per_acre,,stated,"or/clackamas/happy-valley/16.22.residential.txt#L946,L947,L1016","Residential density (minimum)[1] | 10 du/net acre[2] | Residential care homes/facilities, duplexes, triplexes, quadplexes, cottage clusters, and accessory dwellings are exempt from the density standards. Townhouses may have a maximum density of 25 units/acre."
or/clackamas/happy-valley,SFA,min_lot_depth_ft,,stated,"or/clackamas/happy-valley/16.22.residential.txt#L958,L959",Lot depth (minimum) | None
or/clackamas/happy-valley,SFA,min_lot_width_ft,,stated,"or/clackamas/happy-valley/16.22.residential.txt#L954,L955",Lot width (minimum) | None
or/clackamas/happy-valley,VTH,min_lot_depth_ft,,stated,"or/clackamas/happy-valley/16.22.residential.txt#L958,L961",Lot depth (minimum) | None
or/clackamas/happy-valley,VTH,min_lot_width_ft,,stated,"or/clackamas/happy-valley/16.22.residential.txt#L954,L957",Lot width (minimum) | None
or/clackamas/lake-oswego,R-0,max_density_du_per_acre,,stated,or/clackamas/lake-oswego/50.04.dimensional.txt#L1454-L1455,"[3] | Computed by dividing the net developable area by the minimum lot area per unit and rounding down to the nearest whole number. Duplexes, triplexes, quadplexes, and cottage clusters are exempt from maximum density standards. For townhouse projects, the maximum density is four dwelling units per "
or/clackamas/lake-oswego,R-10,max_density_du_per_acre,,stated,or/clackamas/lake-oswego/50.04.dimensional.txt#L237-L238,[2] | Net developable area divided by the minimum lot area per unit and rounded down to the nearest whole number. The actual density allowed on a site will be determined at the time of development review. Maximum density will be allowed to the extent that facts presented to the hearing body show tha
or/clackamas/lake-oswego,R-15,max_density_du_per_acre,,stated,or/clackamas/lake-oswego/50.04.dimensional.txt#L237-L238,[2] | Net developable area divided by the minimum lot area per unit and rounded down to the nearest whole number. The actual density allowed on a site will be determined at the time of development review. Maximum density will be allowed to the extent that facts presented to the hearing body show tha
or/clackamas/lake-oswego,R-3,max_density_du_per_acre,,stated,or/clackamas/lake-oswego/50.04.dimensional.txt#L1454-L1455,"[3] | Computed by dividing the net developable area by the minimum lot area per unit and rounding down to the nearest whole number. Duplexes, triplexes, quadplexes, and cottage clusters are exempt from maximum density standards. For townhouse projects, the maximum density is four dwelling units per "
or/clackamas/lake-oswego,R-5,max_density_du_per_acre,,stated,or/clackamas/lake-oswego/50.04.dimensional.txt#L606-L607,[2] | Net developable area divided by the minimum lot area per unit and rounded down to the nearest whole number. The actual density allowed on a site will be determined at the time of development review. Maximum density will be allowed to the extent that facts presented to the hearing body show tha
or/clackamas/lake-oswego,R-7.5,max_density_du_per_acre,,stated,or/clackamas/lake-oswego/50.04.dimensional.txt#L237-L238,[2] | Net developable area divided by the minimum lot area per unit and rounded down to the nearest whole number. The actual density allowed on a site will be determined at the time of development review. Maximum density will be allowed to the extent that facts presented to the hearing body show tha
or/clackamas/lake-oswego,R-DD,max_density_du_per_acre,,stated,or/clackamas/lake-oswego/50.04.dimensional.txt#L606-L609,[2] | Net developable area divided by the minimum lot area per unit and rounded down to the nearest whole number. The actual density allowed on a site will be determined at the time of development review. Maximum density will be allowed to the extent that facts presented to the hearing body show tha
or/clackamas/lake-oswego,R-W,max_density_du_per_acre,,stated,or/clackamas/lake-oswego/50.04.dimensional.txt#L1455,"Computed by dividing the net developable area by the minimum lot area per unit and rounding down to the nearest whole number. Duplexes, triplexes, quadplexes, and cottage clusters are exempt from maximum density standards. For townhouse projects, the maximum density is four dwelling units per equiva"
or/clackamas/milwaukie,(default),parking_side_prohibited,,stated,"or/clackamas/milwaukie/19.500.supplementary.txt#L1379,L1485","The design elements in Table 19.505.3.D in this subsection apply, as described below, to all multi-unit developments and residential care facilities with 3 or more dwelling units on a single lot. Cottage cluster housing and rowhouses on their own lots are subject to separate standards and are theref"
or/clackamas/milwaukie,R-HD,max_density_du_per_acre,,stated,or/clackamas/milwaukie/19.300.base-zones.txt#L510,"2 Townhouses are allowed at 4 times the maximum density allowed for single detached dwellings in the same zone or 25 dwelling units per acre, whichever is less. Duplexes, triplexes, quadplexes, and cottage clusters are exempt from density maximums."
or/clackamas/milwaukie,R-MD,max_density_du_per_acre,,stated,or/clackamas/milwaukie/19.300.base-zones.txt#L283,"4 Townhouses are allowed at 4 times the maximum density allowed for single detached dwellings in the same zone or 25 dwelling units per acre, whichever is less. Duplexes, triplexes, quadplexes, and cottage clusters are exempt from density maximums."
or/clackamas/oregon-city,C,min_lot_sqft,,stated,or/clackamas/oregon-city/17.zoning.txt#L7620-L7621,17.32.050 Dimensional standards. | A. Minimum lot area: None.
or/clackamas/oregon-city,MUC-1,min_lot_sqft,,stated,or/clackamas/oregon-city/17.zoning.txt#L7103-L7107,17.29.050 | A. | B. | Dimensional standards--MUC-1. | Minimum lot areas: None.
or/clackamas/oregon-city,MUC-2,min_lot_sqft,,stated,or/clackamas/oregon-city/17.zoning.txt#L7144-L7145,17.29.060 Dimensional standards--MUC-2. | A. Minimum lot area: None.
or/clackamas/oregon-city,MUD,min_lot_sqft,,stated,or/clackamas/oregon-city/17.zoning.txt#L7853,A. Minimum lot area: None.
or/clackamas/oregon-city,WFDD,min_lot_sqft,,stated,or/clackamas/oregon-city/17.zoning.txt#L8188-L8190,17.35.060 Willamette Fal l s Downtown District dimensional | standards . | A. Minimum lot area: None.
or/clackamas/tualatin,(default),parking_max_per_unit,,stated,"or/clackamas/tualatin/73C.parking.txt#L130,L132,L137,L154,L157,L160",TABLE 73C-1: Off-Street Vehicle and Bicycle Parking Quantity Requirements | MAXIMUM PERMITTED VEHICLE PARKING MINIMUM | TO BE COVERED Zone A Zone B | (ii) Middle Housing: | c. Quadplexes | None None None Required N/A
or/clackamas/tualatin,RL,max_density_du_per_acre,,stated,"or/clackamas/tualatin/40-41.residential.txt#L140,L146",MAXIMUM DENSITY | Quadplex None
or/clackamas/tualatin,RML,max_density_du_per_acre,,stated,"or/clackamas/tualatin/40-41.residential.txt#L445,L450",MAXIMUM DENSITY | Quadplex None
or/clackamas/west-linn,R-10,max_building_width_ft,,stated,or/clackamas/west-linn/25.willamette-historic.txt#L388,"C. Willamette Historic District general design standards. This subsection applies only to alterations and additions, new construction, and accessory structure construction of residential and historically residential properties in the Willamette Historic District. Other buildings are subject to the r"
or/clackamas/west-linn,R-2.1,max_coverage_pct,,stated,"or/clackamas/west-linn/16.r-2.1.txt#L221,L222","50% | Maximum lot cover does not apply to duplexes, triplexes, quadplexes, townhouses or cottage clusters. However, the maximum building footprint for a cottage cluster is less than 900 sf per dwelling unit."
or/clackamas/west-linn,R-2.1,max_far,,stated,"or/clackamas/west-linn/16.r-2.1.txt#L226,L228","Maximum floor area ratio | Maximum FAR does not apply to duplexes, triplexes, quadplexes, multifamily units, townhouses or cottage clusters."
or/clackamas/west-linn,R-3,max_coverage_pct,,stated,"or/clackamas/west-linn/15.r-3.txt#L200,L201","50% | Maximum lot coverage does not apply to duplexes, triplexes, quadplexes, townhouses or cottage clusters. However, the maximum building footprint for a cottage cluster is less than 900 sf per dwelling unit."
or/clackamas/west-linn,R-3,max_far,,stated,"or/clackamas/west-linn/15.r-3.txt#L205,L207","Maximum floor area ratio | Maximum FAR does not apply to duplexes, triplexes, quadplexes, multifamily units, townhouses or cottage clusters."
or/clackamas/west-linn,R-4.5,max_coverage_pct,,stated,"or/clackamas/west-linn/14.r-4.5.txt#L203,L204","40% | Maximum lot coverage does not apply to duplexes, triplexes, quadplexes, townhouses or cottage clusters. However, the maximum building footprint for a cottage cluster is less than 900 sf per dwelling unit."
or/clackamas/west-linn,R-4.5,max_far,,stated,"or/clackamas/west-linn/14.r-4.5.txt#L211,L213","Maximum floor area ratio | Maximum FAR does not apply to duplexes, triplexes, quadplexes, townhouses or cottage clusters."
or/clackamas/west-linn,R-5,max_building_width_ft,,stated,or/clackamas/west-linn/25.willamette-historic.txt#L388,"C. Willamette Historic District general design standards. This subsection applies only to alterations and additions, new construction, and accessory structure construction of residential and historically residential properties in the Willamette Historic District. Other buildings are subject to the r"
or/clackamas/west-linn,R-5,max_coverage_pct,,stated,"or/clackamas/west-linn/13.r-5.txt#L178,L179","40% | Maximum lot coverage does not apply to duplexes, triplexes, quadplexes, townhouses or cottage clusters. However, the maximum building footprint for a cottage cluster is less than 900 sf per dwelling unit."
or/clackamas/west-linn,R-5,max_far,,stated,"or/clackamas/west-linn/13.r-5.txt#L186,L188","Maximum floor area ratio | Maximum FAR does not apply to duplexes, triplexes, quadplexes, townhouses or cottage clusters."
or/clackamas/wilsonville,(default),parking_max_per_unit,,stated,"or/clackamas/wilsonville/4.planning.txt#L13405-L13414,L13416-L13420","TABLE 5: PARKING STANDARDS | USE | PARKING | MAXIMUMS | BICYCLE | MINIMUMS | a. Residential | 1. Single-family dwelling | units, middle housing, | No Limit | 3. Multiple-family | dwelling units | 1.2 spaces/studio unit and 2 | spaces/non-studio unit | 1 per D.U."
or/clackamas/wilsonville,V,setback_side_total_ft,,stated,"or/clackamas/wilsonville/4.planning.txt#L5011-L5012,L5023","(ft.) | Commercial Buildings—Village Center 14 NR NR NR 1 90 60 NR 3 5 NR NR NR NA | Single-Family Dwellings and Duplexes 2,250 35 50 2 60 16 35 12 5, 6 20 6 5 5 15 7 8,17,18"
or/multnomah/_unincorporated,R10,setback_alley_side_ft,,stated,or/multnomah/_unincorporated/33.110.txt#L746-L747,"9. Alley. No side, rear, or garage entrance setback is required from a lot line abutting an | alley."
or/multnomah/_unincorporated,R10,setback_garage_entrance_ft,abuts_alley,stated,or/multnomah/_unincorporated/33.110.txt#L746-L747,"9. Alley. No side, rear, or garage entrance setback is required from a lot line abutting an | alley."
or/multnomah/_unincorporated,R10,setback_rear_ft,alley_at_rear,stated,or/multnomah/_unincorporated/33.110.txt#L746-L747,"9. Alley. No side, rear, or garage entrance setback is required from a lot line abutting an | alley."
or/multnomah/_unincorporated,R20,setback_alley_side_ft,,stated,or/multnomah/_unincorporated/33.110.txt#L746-L747,"9. Alley. No side, rear, or garage entrance setback is required from a lot line abutting an | alley."
or/multnomah/_unincorporated,R20,setback_garage_entrance_ft,abuts_alley,stated,or/multnomah/_unincorporated/33.110.txt#L746-L747,"9. Alley. No side, rear, or garage entrance setback is required from a lot line abutting an | alley."
or/multnomah/_unincorporated,R20,setback_rear_ft,alley_at_rear,stated,or/multnomah/_unincorporated/33.110.txt#L746-L747,"9. Alley. No side, rear, or garage entrance setback is required from a lot line abutting an | alley."
or/multnomah/_unincorporated,R5,setback_alley_side_ft,,stated,or/multnomah/_unincorporated/33.110.txt#L746-L747,"9. Alley. No side, rear, or garage entrance setback is required from a lot line abutting an | alley."
or/multnomah/_unincorporated,R5,setback_garage_entrance_ft,abuts_alley,stated,or/multnomah/_unincorporated/33.110.txt#L746-L747,"9. Alley. No side, rear, or garage entrance setback is required from a lot line abutting an | alley."
or/multnomah/_unincorporated,R5,setback_rear_ft,alley_at_rear,stated,or/multnomah/_unincorporated/33.110.txt#L746-L747,"9. Alley. No side, rear, or garage entrance setback is required from a lot line abutting an | alley."
or/multnomah/_unincorporated,R7,setback_alley_side_ft,,stated,or/multnomah/_unincorporated/33.110.txt#L746-L747,"9. Alley. No side, rear, or garage entrance setback is required from a lot line abutting an | alley."
or/multnomah/_unincorporated,R7,setback_garage_entrance_ft,abuts_alley,stated,or/multnomah/_unincorporated/33.110.txt#L746-L747,"9. Alley. No side, rear, or garage entrance setback is required from a lot line abutting an | alley."
or/multnomah/_unincorporated,R7,setback_rear_ft,alley_at_rear,stated,or/multnomah/_unincorporated/33.110.txt#L746-L747,"9. Alley. No side, rear, or garage entrance setback is required from a lot line abutting an | alley."
or/multnomah/_unincorporated,RF,setback_alley_side_ft,,stated,or/multnomah/_unincorporated/33.110.txt#L746-L747,"9. Alley. No side, rear, or garage entrance setback is required from a lot line abutting an | alley."
or/multnomah/_unincorporated,RF,setback_garage_entrance_ft,abuts_alley,stated,or/multnomah/_unincorporated/33.110.txt#L746-L747,"9. Alley. No side, rear, or garage entrance setback is required from a lot line abutting an | alley."
or/multnomah/_unincorporated,RF,setback_rear_ft,alley_at_rear,stated,or/multnomah/_unincorporated/33.110.txt#L746-L747,"9. Alley. No side, rear, or garage entrance setback is required from a lot line abutting an | alley."
or/multnomah/fairview,(default),parking_max_per_unit,,stated,"or/multnomah/fairview/19.164.txt#L43-L44,L55-L57,L175-L177","Maximum in Transit/Ped Areas (per 1,000 sq. ft., except where noted otherwise) | Maximum in all Other Areas (per 1,000 sq. ft., except where noted otherwise) | None | None | Multi-Unit Including Duplex, Triplex, Cottage Clusters and Townhouses | C. | Maximum Number of Parking Spaces. The number of p"
or/multnomah/fairview,R-10,max_density_du_per_acre,,stated,"or/multnomah/fairview/19.30.txt#L330,L337,L340","4. Maximum Net Density (units/acre) | b. Duplex, Triplex, Quadplex, Cottage Cluster | None"
or/multnomah/fairview,R-10,max_lot_depth_ratio,unit_lots,stated,or/multnomah/fairview/19.30.txt#L371,Townhomes and cottage clusters none
or/multnomah/fairview,R-6,max_density_du_per_acre,,stated,"or/multnomah/fairview/19.30.txt#L330,L337,L338","4. Maximum Net Density (units/acre) | b. Duplex, Triplex, Quadplex, Cottage Cluster | None"
or/multnomah/fairview,R-6,max_lot_depth_ratio,unit_lots,stated,or/multnomah/fairview/19.30.txt#L367,Townhomes and cottage clusters none
or/multnomah/fairview,R-7.5,max_density_du_per_acre,,stated,"or/multnomah/fairview/19.30.txt#L330,L337,L339","4. Maximum Net Density (units/acre) | b. Duplex, Triplex, Quadplex, Cottage Cluster | None"
or/multnomah/fairview,R-7.5,max_lot_depth_ratio,unit_lots,stated,or/multnomah/fairview/19.30.txt#L369,Townhomes and cottage clusters none
or/multnomah/fairview,R/MH,max_height_ft,,stated,or/multnomah/fairview/19.30.txt#L1512-L1544,"§ 19.30.100. Residential manufactured home park district (MH). | A. | Manufactured Home Park. Manufactured home parks are permitted on parcels of one acre or larger within the manufactured home park (MH) district, subject to compliance with subsections (A)(1) through (5) of this section (in cases of"
or/multnomah/fairview,TCC,min_lot_sqft,,stated,"or/multnomah/fairview/19.65.txt#L972-L974,L976-L978","A. | Residential Uses. Higher density residential uses, such as multi-unit buildings and attached townhomes, are permitted to encourage housing near employment, shopping and services. All residential developments shall comply with the standards in subsections (A)(1) through (A)(4) of this section wh"
or/multnomah/gresham,CC,min_frontage_ft,,stated,"or/multnomah/gresham/4.0400.corridor.txt#L295,L301-L305","RTC SC SC-RJ CMF14 CMU CC MC | B. Minimum 100 ft. for 100 ft. for 100 ft. for 100 ft. for 100 ft. for None None | Street residential; none residential; none residential; none for residential8, 11 residential; none | Frontage for commercial, for commercial, commercial, for commercial, | (Section inst"
or/multnomah/gresham,CC,min_lot_sqft,,stated,or/multnomah/gresham/4.0400.corridor.txt#L295-L300,"RTC SC SC-RJ CMF14 CMU CC MC | A. Minimum Lot 10,000 sq. ft. for 10,000 sq. ft. for 10,000 sq. ft. for 10,000 sq. 10,000 sq. ft. for None None | Size (Section residential, none residential, none residential, none for ft.6, 7 residential; none | 4.0431) for commercial, for commercial, commercial, for"
or/multnomah/gresham,CMF,min_lot_sqft,unit_lots,stated,or/multnomah/gresham/4.0400.corridor.txt#L445,6. Minimum lot size and lot width/depth ratio standards do not apply to lots or parcels created for Townhouses.
or/multnomah/gresham,CMU,min_lot_sqft,unit_lots,stated,or/multnomah/gresham/4.0400.corridor.txt#L445,6. Minimum lot size and lot width/depth ratio standards do not apply to lots or parcels created for Townhouses.
or/multnomah/gresham,DCC,max_density_du_per_acre,,stated,or/multnomah/gresham/4.1100.downtown.txt#L441-L443,Maximum Residential Net Density Townhouse | (units per acre) (See deﬁnition of No No 25; All No | Net Density in Article 3 ) No maximum No maximum maximum maximum other uses: maximum 608
or/multnomah/gresham,DCC,min_lot_sqft,unit_lots,stated,or/multnomah/gresham/4.1100.downtown.txt#L513,Townhouse: None
or/multnomah/gresham,DRL-1,min_lot_sqft,unit_lots,stated,or/multnomah/gresham/4.1100.downtown.txt#L513,Townhouse: None
or/multnomah/gresham,DRL-2,max_density_du_per_acre,,stated,or/multnomah/gresham/4.1100.downtown.txt#L441-L443,Maximum Residential Net Density Townhouse | (units per acre) (See deﬁnition of No No 25; All No | Net Density in Article 3 ) No maximum No maximum maximum maximum other uses: maximum 608
or/multnomah/gresham,DRL-2,min_lot_sqft,unit_lots,stated,or/multnomah/gresham/4.1100.downtown.txt#L513,Townhouse: None
or/multnomah/gresham,DTM,max_density_du_per_acre,,stated,or/multnomah/gresham/4.1100.downtown.txt#L441-L443,Maximum Residential Net Density Townhouse | (units per acre) (See deﬁnition of No No 25; All No | Net Density in Article 3 ) No maximum No maximum maximum maximum other uses: maximum 608
or/multnomah/gresham,DTM,min_lot_sqft,unit_lots,stated,or/multnomah/gresham/4.1100.downtown.txt#L513,Townhouse: None
or/multnomah/gresham,HDR-PV,max_far,,stated,"or/multnomah/gresham/4.1400.pleasant-valley.txt#L257,L315-L320","LDR-PV MDR-PV HDR-PV | H. Maximum Floor Area Ratio | Single Detached, | Duplex, Triplex, | Quadplex | 1.0 N/A N/A | All Other Uses N/A N/A N/A"
or/multnomah/gresham,HDR-PV,min_frontage_ft,,stated,"or/multnomah/gresham/4.1400.pleasant-valley.txt#L257,L289-L295","LDR-PV MDR-PV HDR-PV | E. Minimum Street Frontage3 | 1. Interior lot | Single Detached, | Duplex, Triplex, | Quadplex, Cottage | Cluster | 35 ft. 35 ft. None"
or/multnomah/gresham,HDR-PV,min_lot_sqft,,stated,"or/multnomah/gresham/4.1400.pleasant-valley.txt#L257,L260-L263","LDR-PV MDR-PV HDR-PV | Duplex, Triplex, | Quadplex, Cottage | Cluster | 5,000 sq. ft. 3,000 sq. ft. None"
or/multnomah/gresham,LDR-5,max_density_du_per_acre,,stated,"or/multnomah/gresham/4.0100.residential.txt#L233-L234,L250,L254","Table 4.0130: Development Requirements for Residential Land Use Districts | LDR-5 LDR-7 TR TLDR MDR-12 MDR-24 OFR | D. Maximum Net Density6 (See definition of Net Density in Article 3) | Duplex, Triplex, None None None None None 24.2 units per None"
or/multnomah/gresham,LDR-5,min_frontage_ft,unit_lots+corner_lot,stated,"or/multnomah/gresham/4.0100.residential.txt#L315,L316",2. Minimum Street Frontage: Corner lots | Townhouse None None None None None Varies None
or/multnomah/gresham,LDR-5,min_lot_sqft,unit_lots,stated,or/multnomah/gresham/4.0100.residential.txt#L242,Townhouse None None None None None None None
or/multnomah/gresham,LDR-7,max_density_du_per_acre,,stated,"or/multnomah/gresham/4.0100.residential.txt#L233-L234,L250,L254","Table 4.0130: Development Requirements for Residential Land Use Districts | LDR-5 LDR-7 TR TLDR MDR-12 MDR-24 OFR | D. Maximum Net Density6 (See definition of Net Density in Article 3) | Duplex, Triplex, None None None None None 24.2 units per None"
or/multnomah/gresham,LDR-7,min_frontage_ft,unit_lots+corner_lot,stated,"or/multnomah/gresham/4.0100.residential.txt#L315,L316",2. Minimum Street Frontage: Corner lots | Townhouse None None None None None Varies None
or/multnomah/gresham,LDR-7,min_lot_sqft,unit_lots,stated,or/multnomah/gresham/4.0100.residential.txt#L242,Townhouse None None None None None None None
or/multnomah/gresham,LDR-PV,max_density_du_per_acre,,stated,"or/multnomah/gresham/4.1400.pleasant-valley.txt#L257,L269,L271-L273","LDR-PV MDR-PV HDR-PV | C. Maximum Net Density2 (See definition of Net Density in Article 3) | Duplex, Triplex, | Quadplex | None None 40 units per acre"
or/multnomah/gresham,LDR-PV,max_far,unit_lots,stated,or/multnomah/gresham/4.1400.pleasant-valley.txt#L320,All Other Uses N/A N/A N/A
or/multnomah/gresham,LDR-SW,max_density_du_per_acre,,stated,"or/multnomah/gresham/4.1500.springwater.txt#L243,L250-L253","VLDR-SW LDR-SW THR-SW | C. Maximum Net Density2 (See definition of Net Density in Article 3) | Duplex, Triplex, | Quadplex | None None N/A"
or/multnomah/gresham,LDR-SW,max_far,unit_lots,stated,or/multnomah/gresham/4.1500.springwater.txt#L295,All Other uses N/A N/A N/A
or/multnomah/gresham,LDR-SW,min_frontage_ft,unit_lots,stated,or/multnomah/gresham/4.1500.springwater.txt#L268,Townhouse None None 20 ft.
or/multnomah/gresham,LDR-SW,min_frontage_ft,unit_lots+corner_lot,stated,or/multnomah/gresham/4.1500.springwater.txt#L271,Townhouse None None 20 ft.
or/multnomah/gresham,LDR-SW,min_lot_sqft,unit_lots,stated,or/multnomah/gresham/4.1500.springwater.txt#L245,"Townhouse None None 1,800 sq. ft."
or/multnomah/gresham,MC,min_frontage_ft,,stated,"or/multnomah/gresham/4.0400.corridor.txt#L295,L301-L305","RTC SC SC-RJ CMF14 CMU CC MC | B. Minimum 100 ft. for 100 ft. for 100 ft. for 100 ft. for 100 ft. for None None | Street residential; none residential; none residential; none for residential8, 11 residential; none | Frontage for commercial, for commercial, commercial, for commercial, | (Section inst"
or/multnomah/gresham,MC,min_lot_sqft,,stated,or/multnomah/gresham/4.0400.corridor.txt#L295-L300,"RTC SC SC-RJ CMF14 CMU CC MC | A. Minimum Lot 10,000 sq. ft. for 10,000 sq. ft. for 10,000 sq. ft. for 10,000 sq. 10,000 sq. ft. for None None | Size (Section residential, none residential, none residential, none for ft.6, 7 residential; none | 4.0431) for commercial, for commercial, commercial, for"
or/multnomah/gresham,MDR-12,max_density_du_per_acre,,stated,"or/multnomah/gresham/4.0100.residential.txt#L233-L234,L250,L254","Table 4.0130: Development Requirements for Residential Land Use Districts | LDR-5 LDR-7 TR TLDR MDR-12 MDR-24 OFR | D. Maximum Net Density6 (See definition of Net Density in Article 3) | Duplex, Triplex, None None None None None 24.2 units per None"
or/multnomah/gresham,MDR-12,min_frontage_ft,unit_lots,stated,or/multnomah/gresham/4.0100.residential.txt#L313,Townhouse 16 ft. 16 ft. 16 ft. None None 16 ft. None
or/multnomah/gresham,MDR-12,min_frontage_ft,unit_lots+corner_lot,stated,"or/multnomah/gresham/4.0100.residential.txt#L315,L316",2. Minimum Street Frontage: Corner lots | Townhouse None None None None None Varies None
or/multnomah/gresham,MDR-12,min_lot_sqft,unit_lots,stated,or/multnomah/gresham/4.0100.residential.txt#L242,Townhouse None None None None None None None
or/multnomah/gresham,MDR-PV,max_density_du_per_acre,,stated,"or/multnomah/gresham/4.1400.pleasant-valley.txt#L257,L269,L271-L273","LDR-PV MDR-PV HDR-PV | C. Maximum Net Density2 (See definition of Net Density in Article 3) | Duplex, Triplex, | Quadplex | None None 40 units per acre"
or/multnomah/gresham,MDR-PV,max_far,,stated,"or/multnomah/gresham/4.1400.pleasant-valley.txt#L257,L315-L320","LDR-PV MDR-PV HDR-PV | H. Maximum Floor Area Ratio | Single Detached, | Duplex, Triplex, | Quadplex | 1.0 N/A N/A | All Other Uses N/A N/A N/A"
or/multnomah/gresham,OFR,max_density_du_per_acre,,stated,"or/multnomah/gresham/4.0100.residential.txt#L233-L234,L250,L254","Table 4.0130: Development Requirements for Residential Land Use Districts | LDR-5 LDR-7 TR TLDR MDR-12 MDR-24 OFR | D. Maximum Net Density6 (See definition of Net Density in Article 3) | Duplex, Triplex, None None None None None 24.2 units per None"
or/multnomah/gresham,OFR,max_far,,stated,or/multnomah/gresham/4.0100.residential.txt#L347-L348,"J. Maximum Floor Area Ratio (See definition in Article 3) | Single Detached, 1.0 0.7 1.0 NA NA NA NA"
or/multnomah/gresham,OFR,min_frontage_ft,,stated,or/multnomah/gresham/4.0100.residential.txt#L311-L314,G. Minimum Street Frontage9 | 1. Minimum Street Frontage: Interior lots | Townhouse 16 ft. 16 ft. 16 ft. None None 16 ft. None | All other uses 35 ft. 40 ft. 35 ft. 35 ft. 45 ft. 45 ft. NA
or/multnomah/gresham,RTC,min_lot_sqft,unit_lots,stated,or/multnomah/gresham/4.0400.corridor.txt#L445,6. Minimum lot size and lot width/depth ratio standards do not apply to lots or parcels created for Townhouses.
or/multnomah/gresham,SC,min_lot_sqft,unit_lots,stated,or/multnomah/gresham/4.0400.corridor.txt#L445,6. Minimum lot size and lot width/depth ratio standards do not apply to lots or parcels created for Townhouses.
or/multnomah/gresham,SC-RJ,min_lot_sqft,unit_lots,stated,or/multnomah/gresham/4.0400.corridor.txt#L445,6. Minimum lot size and lot width/depth ratio standards do not apply to lots or parcels created for Townhouses.
or/multnomah/gresham,TLDR,max_density_du_per_acre,,stated,"or/multnomah/gresham/4.0100.residential.txt#L233-L234,L250,L254","Table 4.0130: Development Requirements for Residential Land Use Districts | LDR-5 LDR-7 TR TLDR MDR-12 MDR-24 OFR | D. Maximum Net Density6 (See definition of Net Density in Article 3) | Duplex, Triplex, None None None None None 24.2 units per None"
or/multnomah/gresham,TLDR,min_frontage_ft,unit_lots,stated,or/multnomah/gresham/4.0100.residential.txt#L313,Townhouse 16 ft. 16 ft. 16 ft. None None 16 ft. None
or/multnomah/gresham,TLDR,min_frontage_ft,unit_lots+corner_lot,stated,"or/multnomah/gresham/4.0100.residential.txt#L315,L316",2. Minimum Street Frontage: Corner lots | Townhouse None None None None None Varies None
or/multnomah/gresham,TLDR,min_lot_sqft,,stated,"or/multnomah/gresham/4.0100.residential.txt#L239,L243","All other uses None None None None None 11,000 sq. ft. 7,200 sq. ft. | All other uses 5,000 sq. ft. 7,000 sq. ft. 4,000 sq. ft. None 3,600 sq. ft. None 3,600 sq. ft."
or/multnomah/gresham,TLDR,min_lot_sqft,unit_lots,stated,or/multnomah/gresham/4.0100.residential.txt#L242,Townhouse None None None None None None None
or/multnomah/gresham,TR,max_density_du_per_acre,,stated,"or/multnomah/gresham/4.0100.residential.txt#L233-L234,L250,L254","Table 4.0130: Development Requirements for Residential Land Use Districts | LDR-5 LDR-7 TR TLDR MDR-12 MDR-24 OFR | D. Maximum Net Density6 (See definition of Net Density in Article 3) | Duplex, Triplex, None None None None None 24.2 units per None"
or/multnomah/gresham,TR,min_frontage_ft,unit_lots+corner_lot,stated,"or/multnomah/gresham/4.0100.residential.txt#L315,L316",2. Minimum Street Frontage: Corner lots | Townhouse None None None None None Varies None
or/multnomah/gresham,TR,min_lot_sqft,unit_lots,stated,or/multnomah/gresham/4.0100.residential.txt#L242,Townhouse None None None None None None None
or/multnomah/gresham,VLDR-SW,max_density_du_per_acre,,stated,"or/multnomah/gresham/4.1500.springwater.txt#L243,L250-L253","VLDR-SW LDR-SW THR-SW | C. Maximum Net Density2 (See definition of Net Density in Article 3) | Duplex, Triplex, | Quadplex | None None N/A"
or/multnomah/gresham,VLDR-SW,max_far,unit_lots,stated,"or/multnomah/gresham/4.1500.springwater.txt#L276,L295",VLDR-SW LDR-SW THR-SW | All Other uses N/A N/A N/A
or/multnomah/gresham,VLDR-SW,min_density_du_per_acre,,stated,"or/multnomah/gresham/4.1500.springwater.txt#L243,L247-L249",VLDR-SW LDR-SW THR-SW | B. Minimum Net Density1 (See definition of Net Density in Article 3) | Cottage Cluster 4 units per acre 5.8 units per acre 12.0 units per acre | All Uses None 5.8 units per acre 12.0 units per acre
or/multnomah/gresham,VLDR-SW,min_frontage_ft,unit_lots,stated,"or/multnomah/gresham/4.1500.springwater.txt#L243,L268",VLDR-SW LDR-SW THR-SW | Townhouse None None 20 ft.
or/multnomah/gresham,VLDR-SW,min_frontage_ft,unit_lots+corner_lot,stated,"or/multnomah/gresham/4.1500.springwater.txt#L243,L271",VLDR-SW LDR-SW THR-SW | Townhouse None None 20 ft.
or/multnomah/gresham,VLDR-SW,min_lot_sqft,unit_lots,stated,or/multnomah/gresham/4.1500.springwater.txt#L243-L245,"VLDR-SW LDR-SW THR-SW | A. Minimum Buildable Lot Size (square feet) | Townhouse None None 1,800 sq. ft."
or/multnomah/portland,(default),parking_max_per_unit,,stated,"or/multnomah/portland/33.266.txt#L139,L153-L155,L157,L159","OS, R, C, CI, EG, I, IR Maximum is Standard B in Table 266-2. | Table 266-2 | Maximum Allowed Parking Spaces by Use [1] | (Refer to Table 266-1 to determine which standard applies.) | Use Categories Specific Uses Standard A Standard B | Household Living 1 per 2 units No maximum, except 1.35"
or/multnomah/portland,CE,min_lot_sqft,,stated,or/multnomah/portland/33.130.txt#L397-L399,"33.130.200 Lot Size | There is no required minimum lot size for development of land in commercial/mixed use zones. | Creation of new lots is subject to the regulations of Chapter 33.613, Lots in Commercial/Mixed"
or/multnomah/portland,CE,parking_max_per_unit,unit_lots,stated,"or/multnomah/portland/33.266.txt#L159,L163-L164","Household Living 1 per 2 units No maximum, except 1.35 | Houses, attached houses | and duplexes are exempt."
or/multnomah/portland,CI1,min_lot_sqft,,stated,or/multnomah/portland/33.150.txt#L401-L403,"There is no required minimum lot size for development of land or for the creation of new lots in campus | institution zones. Creation of new lots is subject to the regulations of Chapter 33.613, Lots in | Commercial and Campus Institutional Zones."
or/multnomah/portland,CI2,min_lot_sqft,,stated,or/multnomah/portland/33.150.txt#L401-L403,"There is no required minimum lot size for development of land or for the creation of new lots in campus | institution zones. Creation of new lots is subject to the regulations of Chapter 33.613, Lots in | Commercial and Campus Institutional Zones."
or/multnomah/portland,CI2,setback_front_ft,on_transit_street,stated,or/multnomah/portland/33.150.txt#L574,"[5] For frontages where the maximum building setback applies, there is no minimum setback."
or/multnomah/portland,CM1,min_lot_sqft,,stated,or/multnomah/portland/33.130.txt#L397-L399,"33.130.200 Lot Size | There is no required minimum lot size for development of land in commercial/mixed use zones. | Creation of new lots is subject to the regulations of Chapter 33.613, Lots in Commercial/Mixed"
or/multnomah/portland,CM1,parking_max_per_unit,unit_lots,stated,"or/multnomah/portland/33.266.txt#L159,L163-L164","Household Living 1 per 2 units No maximum, except 1.35 | Houses, attached houses | and duplexes are exempt."
or/multnomah/portland,CM2,min_lot_sqft,,stated,or/multnomah/portland/33.130.txt#L397-L399,"33.130.200 Lot Size | There is no required minimum lot size for development of land in commercial/mixed use zones. | Creation of new lots is subject to the regulations of Chapter 33.613, Lots in Commercial/Mixed"
or/multnomah/portland,CM2,parking_max_per_unit,unit_lots,stated,"or/multnomah/portland/33.266.txt#L159,L163-L164","Household Living 1 per 2 units No maximum, except 1.35 | Houses, attached houses | and duplexes are exempt."
or/multnomah/portland,CM3,min_lot_sqft,,stated,or/multnomah/portland/33.130.txt#L397-L399,"33.130.200 Lot Size | There is no required minimum lot size for development of land in commercial/mixed use zones. | Creation of new lots is subject to the regulations of Chapter 33.613, Lots in Commercial/Mixed"
or/multnomah/portland,CM3,parking_max_per_unit,unit_lots,stated,"or/multnomah/portland/33.266.txt#L159,L163-L164","Household Living 1 per 2 units No maximum, except 1.35 | Houses, attached houses | and duplexes are exempt."
or/multnomah/portland,CR,min_lot_sqft,,stated,or/multnomah/portland/33.130.txt#L397-L399,"33.130.200 Lot Size | There is no required minimum lot size for development of land in commercial/mixed use zones. | Creation of new lots is subject to the regulations of Chapter 33.613, Lots in Commercial/Mixed"
or/multnomah/portland,CR,parking_max_per_unit,unit_lots,stated,"or/multnomah/portland/33.266.txt#L159,L163-L164","Household Living 1 per 2 units No maximum, except 1.35 | Houses, attached houses | and duplexes are exempt."
or/multnomah/portland,CX,min_lot_sqft,,stated,or/multnomah/portland/33.130.txt#L397-L399,"33.130.200 Lot Size | There is no required minimum lot size for development of land in commercial/mixed use zones. | Creation of new lots is subject to the regulations of Chapter 33.613, Lots in Commercial/Mixed"
or/multnomah/portland,CX,parking_max_per_unit,unit_lots,stated,"or/multnomah/portland/33.266.txt#L159,L163-L164","Household Living 1 per 2 units No maximum, except 1.35 | Houses, attached houses | and duplexes are exempt."
or/multnomah/portland,IR,min_lot_sqft,,stated,or/multnomah/portland/33.150.txt#L401-L403,"There is no required minimum lot size for development of land or for the creation of new lots in campus | institution zones. Creation of new lots is subject to the regulations of Chapter 33.613, Lots in | Commercial and Campus Institutional Zones."
or/multnomah/portland,IR,setback_front_ft,on_transit_street,stated,or/multnomah/portland/33.150.txt#L574,"[5] For frontages where the maximum building setback applies, there is no minimum setback."
or/multnomah/portland,IR,setback_front_max_ft,,stated,"or/multnomah/portland/33.150.txt#L531,L546-L547,L574","Standard CI1 CI2 IR | Maximum Building Setbacks Street Lot Line, Transit Street or | Pedestrian District [5] (See 33.150.215) None 10 ft. 10 ft. | [5] For frontages where the maximum building setback applies, there is no minimum setback."
or/multnomah/portland,R10,setback_alley_side_ft,,stated,or/multnomah/portland/33.110.txt#L746-L747,"9. Alley. No side, rear, or garage entrance setback is required from a lot line abutting an | alley."
or/multnomah/portland,R10,setback_garage_entrance_ft,abuts_alley,stated,or/multnomah/portland/33.110.txt#L746-L747,"9. Alley. No side, rear, or garage entrance setback is required from a lot line abutting an | alley."
or/multnomah/portland,R10,setback_rear_ft,alley_at_rear,stated,or/multnomah/portland/33.110.txt#L746-L747,"9. Alley. No side, rear, or garage entrance setback is required from a lot line abutting an | alley."
or/multnomah/portland,R2.5,setback_alley_side_ft,,stated,or/multnomah/portland/33.110.txt#L746-L747,"9. Alley. No side, rear, or garage entrance setback is required from a lot line abutting an | alley."
or/multnomah/portland,R2.5,setback_garage_entrance_ft,abuts_alley,stated,or/multnomah/portland/33.110.txt#L746-L747,"9. Alley. No side, rear, or garage entrance setback is required from a lot line abutting an | alley."
or/multnomah/portland,R2.5,setback_rear_ft,alley_at_rear,stated,or/multnomah/portland/33.110.txt#L746-L747,"9. Alley. No side, rear, or garage entrance setback is required from a lot line abutting an | alley."
or/multnomah/portland,R20,setback_alley_side_ft,,stated,or/multnomah/portland/33.110.txt#L746-L747,"9. Alley. No side, rear, or garage entrance setback is required from a lot line abutting an | alley."
or/multnomah/portland,R20,setback_garage_entrance_ft,abuts_alley,stated,or/multnomah/portland/33.110.txt#L746-L747,"9. Alley. No side, rear, or garage entrance setback is required from a lot line abutting an | alley."
or/multnomah/portland,R20,setback_rear_ft,alley_at_rear,stated,or/multnomah/portland/33.110.txt#L746-L747,"9. Alley. No side, rear, or garage entrance setback is required from a lot line abutting an | alley."
or/multnomah/portland,R5,setback_alley_side_ft,,stated,or/multnomah/portland/33.110.txt#L746-L747,"9. Alley. No side, rear, or garage entrance setback is required from a lot line abutting an | alley."
or/multnomah/portland,R5,setback_garage_entrance_ft,abuts_alley,stated,or/multnomah/portland/33.110.txt#L746-L747,"9. Alley. No side, rear, or garage entrance setback is required from a lot line abutting an | alley."
or/multnomah/portland,R5,setback_rear_ft,alley_at_rear,stated,or/multnomah/portland/33.110.txt#L746-L747,"9. Alley. No side, rear, or garage entrance setback is required from a lot line abutting an | alley."
or/multnomah/portland,R7,setback_alley_side_ft,,stated,or/multnomah/portland/33.110.txt#L746-L747,"9. Alley. No side, rear, or garage entrance setback is required from a lot line abutting an | alley."
or/multnomah/portland,R7,setback_garage_entrance_ft,abuts_alley,stated,or/multnomah/portland/33.110.txt#L746-L747,"9. Alley. No side, rear, or garage entrance setback is required from a lot line abutting an | alley."
or/multnomah/portland,R7,setback_rear_ft,alley_at_rear,stated,or/multnomah/portland/33.110.txt#L746-L747,"9. Alley. No side, rear, or garage entrance setback is required from a lot line abutting an | alley."
or/multnomah/portland,RF,setback_alley_side_ft,,stated,or/multnomah/portland/33.110.txt#L746-L747,"9. Alley. No side, rear, or garage entrance setback is required from a lot line abutting an | alley."
or/multnomah/portland,RF,setback_garage_entrance_ft,abuts_alley,stated,or/multnomah/portland/33.110.txt#L746-L747,"9. Alley. No side, rear, or garage entrance setback is required from a lot line abutting an | alley."
or/multnomah/portland,RF,setback_rear_ft,alley_at_rear,stated,or/multnomah/portland/33.110.txt#L746-L747,"9. Alley. No side, rear, or garage entrance setback is required from a lot line abutting an | alley."
or/multnomah/portland,RM1,max_density_du_per_acre,,stated,"or/multnomah/portland/33.120.txt#L519,L810-L811","Maximum Density none none none none none 1 unit per | B. Maximum density. The maximum densit y for the RMP zone is stated in Table 120 -4. There is | no maximum density for any other multi-dwelling zone. All new housing built, or converted"
or/multnomah/portland,RM1,parking_max_per_unit,unit_lots,stated,"or/multnomah/portland/33.266.txt#L159,L163-L164","Household Living 1 per 2 units No maximum, except 1.35 | Houses, attached houses | and duplexes are exempt."
or/multnomah/portland,RM1,setback_alley_side_ft,,stated,or/multnomah/portland/33.120.txt#L1053-L1054,g. Alley. No side or rear building setback is required from a lot line abutting | an alley.
or/multnomah/portland,RM1,setback_garage_entrance_ft,abuts_alley,stated,or/multnomah/portland/33.120.txt#L1228-L1230,"b. Exceptions. No setback is required from a lot line abutting an alley. However, the | Bureau of Transportation may require the garage entrance to be set back to | ensure adequate turning radius into the garage."
or/multnomah/portland,RM1,setback_rear_ft,alley_at_rear,stated,or/multnomah/portland/33.120.txt#L1053-L1054,g. Alley. No side or rear building setback is required from a lot line abutting | an alley.
or/multnomah/portland,RM2,max_density_du_per_acre,,stated,"or/multnomah/portland/33.120.txt#L519,L810-L811","Maximum Density none none none none none 1 unit per | B. Maximum density. The maximum densit y for the RMP zone is stated in Table 120 -4. There is | no maximum density for any other multi-dwelling zone. All new housing built, or converted"
or/multnomah/portland,RM2,parking_max_per_unit,unit_lots,stated,"or/multnomah/portland/33.266.txt#L159,L163-L164","Household Living 1 per 2 units No maximum, except 1.35 | Houses, attached houses | and duplexes are exempt."
or/multnomah/portland,RM2,setback_alley_side_ft,,stated,or/multnomah/portland/33.120.txt#L1053-L1054,g. Alley. No side or rear building setback is required from a lot line abutting | an alley.
or/multnomah/portland,RM2,setback_garage_entrance_ft,abuts_alley,stated,or/multnomah/portland/33.120.txt#L1228-L1230,"b. Exceptions. No setback is required from a lot line abutting an alley. However, the | Bureau of Transportation may require the garage entrance to be set back to | ensure adequate turning radius into the garage."
or/multnomah/portland,RM2,setback_rear_ft,alley_at_rear,stated,or/multnomah/portland/33.120.txt#L1053-L1054,g. Alley. No side or rear building setback is required from a lot line abutting | an alley.
or/multnomah/portland,RM3,max_density_du_per_acre,,stated,"or/multnomah/portland/33.120.txt#L519,L810-L811","Maximum Density none none none none none 1 unit per | B. Maximum density. The maximum densit y for the RMP zone is stated in Table 120 -4. There is | no maximum density for any other multi-dwelling zone. All new housing built, or converted"
or/multnomah/portland,RM3,parking_max_per_unit,unit_lots,stated,"or/multnomah/portland/33.266.txt#L159,L163-L164","Household Living 1 per 2 units No maximum, except 1.35 | Houses, attached houses | and duplexes are exempt."
or/multnomah/portland,RM3,setback_alley_side_ft,,stated,or/multnomah/portland/33.120.txt#L1053-L1054,g. Alley. No side or rear building setback is required from a lot line abutting | an alley.
or/multnomah/portland,RM3,setback_garage_entrance_ft,abuts_alley,stated,or/multnomah/portland/33.120.txt#L1228-L1230,"b. Exceptions. No setback is required from a lot line abutting an alley. However, the | Bureau of Transportation may require the garage entrance to be set back to | ensure adequate turning radius into the garage."
or/multnomah/portland,RM3,setback_rear_ft,alley_at_rear,stated,or/multnomah/portland/33.120.txt#L1053-L1054,g. Alley. No side or rear building setback is required from a lot line abutting | an alley.
or/multnomah/portland,RM3,setback_rear_ft,low_rise+alley_at_rear,stated,or/multnomah/portland/33.120.txt#L1053-L1054,g. Alley. No side or rear building setback is required from a lot line abutting | an alley.
or/multnomah/portland,RM4,max_density_du_per_acre,,stated,"or/multnomah/portland/33.120.txt#L519,L810-L811","Maximum Density none none none none none 1 unit per | B. Maximum density. The maximum densit y for the RMP zone is stated in Table 120 -4. There is | no maximum density for any other multi-dwelling zone. All new housing built, or converted"
or/multnomah/portland,RM4,parking_max_per_unit,unit_lots,stated,"or/multnomah/portland/33.266.txt#L159,L163-L164","Household Living 1 per 2 units No maximum, except 1.35 | Houses, attached houses | and duplexes are exempt."
or/multnomah/portland,RM4,setback_alley_side_ft,,stated,or/multnomah/portland/33.120.txt#L1053-L1054,g. Alley. No side or rear building setback is required from a lot line abutting | an alley.
or/multnomah/portland,RM4,setback_garage_entrance_ft,abuts_alley,stated,or/multnomah/portland/33.120.txt#L1228-L1230,"b. Exceptions. No setback is required from a lot line abutting an alley. However, the | Bureau of Transportation may require the garage entrance to be set back to | ensure adequate turning radius into the garage."
or/multnomah/portland,RM4,setback_rear_ft,alley_at_rear,stated,or/multnomah/portland/33.120.txt#L1053-L1054,g. Alley. No side or rear building setback is required from a lot line abutting | an alley.
or/multnomah/portland,RM4,setback_rear_ft,low_rise+alley_at_rear,stated,or/multnomah/portland/33.120.txt#L1053-L1054,g. Alley. No side or rear building setback is required from a lot line abutting | an alley.
or/multnomah/portland,RMP,open_space_min_sqft,,stated,or/multnomah/portland/33.120.txt#L1487-L1491,"B. Outdoor area and common area requirements. In the RM1 through RM4 zones, on sites | with a residential use, both outdoor and common areas are required. Required common | area may count toward required outdoor area, but individual private outdoor area may not | count toward required common area. T"
or/multnomah/portland,RMP,parking_max_per_unit,unit_lots,stated,"or/multnomah/portland/33.266.txt#L159,L163-L164","Household Living 1 per 2 units No maximum, except 1.35 | Houses, attached houses | and duplexes are exempt."
or/multnomah/portland,RMP,setback_alley_side_ft,,stated,or/multnomah/portland/33.120.txt#L1053-L1054,g. Alley. No side or rear building setback is required from a lot line abutting | an alley.
or/multnomah/portland,RMP,setback_garage_entrance_ft,abuts_alley,stated,or/multnomah/portland/33.120.txt#L1228-L1230,"b. Exceptions. No setback is required from a lot line abutting an alley. However, the | Bureau of Transportation may require the garage entrance to be set back to | ensure adequate turning radius into the garage."
or/multnomah/portland,RMP,setback_rear_ft,alley_at_rear,stated,or/multnomah/portland/33.120.txt#L1053-L1054,g. Alley. No side or rear building setback is required from a lot line abutting | an alley.
or/multnomah/portland,RX,max_density_du_per_acre,,stated,"or/multnomah/portland/33.120.txt#L519,L810-L811","Maximum Density none none none none none 1 unit per | B. Maximum density. The maximum densit y for the RMP zone is stated in Table 120 -4. There is | no maximum density for any other multi-dwelling zone. All new housing built, or converted"
or/multnomah/portland,RX,open_space_min_sqft,,stated,or/multnomah/portland/33.120.txt#L1487-L1491,"B. Outdoor area and common area requirements. In the RM1 through RM4 zones, on sites | with a residential use, both outdoor and common areas are required. Required common | area may count toward required outdoor area, but individual private outdoor area may not | count toward required common area. T"
or/multnomah/portland,RX,parking_max_per_unit,unit_lots,stated,"or/multnomah/portland/33.266.txt#L159,L163-L164","Household Living 1 per 2 units No maximum, except 1.35 | Houses, attached houses | and duplexes are exempt."
or/multnomah/portland,RX,setback_alley_side_ft,,stated,or/multnomah/portland/33.120.txt#L1053-L1054,g. Alley. No side or rear building setback is required from a lot line abutting | an alley.
or/multnomah/portland,RX,setback_garage_entrance_ft,abuts_alley,stated,or/multnomah/portland/33.120.txt#L1228-L1230,"b. Exceptions. No setback is required from a lot line abutting an alley. However, the | Bureau of Transportation may require the garage entrance to be set back to | ensure adequate turning radius into the garage."
or/multnomah/portland,RX,setback_rear_ft,alley_at_rear,stated,or/multnomah/portland/33.120.txt#L1053-L1054,g. Alley. No side or rear building setback is required from a lot line abutting | an alley.
or/multnomah/troutdale,(default),parking_max_per_unit,,stated,"or/multnomah/troutdale/9.parking.txt#L82,L87,L92","Residential Land Use Minimum Maximum | Triplex and Quadplex | • Lot size of 7,000 sq. ft. or 3 spaces total per triplex No maximum"
or/multnomah/troutdale,(default),parking_side_prohibited,,stated,or/multnomah/troutdale/8.development-standards.txt#L596-L604,"4. Garages, Carports, and Off-Street Parking Areas. | a. Garages and carports are not required for residential developments. | b. Garages and off-street parking areas shall not be located between a building and a | public street (other than an alley), except in compliance with the standards in | Sub"
or/multnomah/troutdale,HDR,max_density_du_per_acre,,stated,"or/multnomah/troutdale/3.zoning-districts.txt#L506,L519-L522","B. Maximum density. | 4. Other residential development. Maximum density standards shall not apply to duplex, | triplex, quadplex, cottage cluster projects, or vertical mixed-use development on a | dwelling units per net acre calculation and are instead regulated by development | provisions of the co"
or/multnomah/troutdale,LDR-1,max_density_du_per_acre,,stated,"or/multnomah/troutdale/3.zoning-districts.txt#L506,L519-L522","B. Maximum density. | 4. Other residential development. Maximum density standards shall not apply to duplex, | triplex, quadplex, cottage cluster projects, or vertical mixed-use development on a | dwelling units per net acre calculation and are instead regulated by development | provisions of the co"
or/multnomah/troutdale,LDR-1,min_lot_depth_ft,unit_lots,stated,"or/multnomah/troutdale/3.zoning-districts.txt#L343-L344,L347",MDR HDR | Dimensional Standard LDR-1 LDR-2 MDR (TC) HDR (TC) | Minimum lot depth (ft.) none none none none none none
or/multnomah/troutdale,LDR-1,min_lot_sqft,unit_lots,stated,"or/multnomah/troutdale/3.zoning-districts.txt#L343-L344,L345",MDR HDR | Dimensional Standard LDR-1 LDR-2 MDR (TC) HDR (TC) | Minimum lot size (sq. ft.) none none none none none none
or/multnomah/troutdale,LDR-1,min_lot_width_ft,unit_lots,stated,"or/multnomah/troutdale/3.zoning-districts.txt#L343-L344,L346",MDR HDR | Dimensional Standard LDR-1 LDR-2 MDR (TC) HDR (TC) | Minimum lot width (ft.) none none none none none none
or/multnomah/troutdale,LDR-2,max_density_du_per_acre,,stated,"or/multnomah/troutdale/3.zoning-districts.txt#L506,L519-L522","B. Maximum density. | 4. Other residential development. Maximum density standards shall not apply to duplex, | triplex, quadplex, cottage cluster projects, or vertical mixed-use development on a | dwelling units per net acre calculation and are instead regulated by development | provisions of the co"
or/multnomah/troutdale,LDR-2,min_lot_depth_ft,unit_lots,stated,"or/multnomah/troutdale/3.zoning-districts.txt#L343-L344,L347",MDR HDR | Dimensional Standard LDR-1 LDR-2 MDR (TC) HDR (TC) | Minimum lot depth (ft.) none none none none none none
or/multnomah/troutdale,LDR-2,min_lot_sqft,unit_lots,stated,"or/multnomah/troutdale/3.zoning-districts.txt#L343-L344,L345",MDR HDR | Dimensional Standard LDR-1 LDR-2 MDR (TC) HDR (TC) | Minimum lot size (sq. ft.) none none none none none none
or/multnomah/troutdale,LDR-2,min_lot_width_ft,unit_lots,stated,"or/multnomah/troutdale/3.zoning-districts.txt#L343-L344,L346",MDR HDR | Dimensional Standard LDR-1 LDR-2 MDR (TC) HDR (TC) | Minimum lot width (ft.) none none none none none none
or/multnomah/troutdale,MDR,max_density_du_per_acre,,stated,"or/multnomah/troutdale/3.zoning-districts.txt#L506,L519-L522","B. Maximum density. | 4. Other residential development. Maximum density standards shall not apply to duplex, | triplex, quadplex, cottage cluster projects, or vertical mixed-use development on a | dwelling units per net acre calculation and are instead regulated by development | provisions of the co"
or/multnomah/troutdale,MDR,min_lot_depth_ft,unit_lots,stated,"or/multnomah/troutdale/3.zoning-districts.txt#L343-L344,L347",MDR HDR | Dimensional Standard LDR-1 LDR-2 MDR (TC) HDR (TC) | Minimum lot depth (ft.) none none none none none none
or/multnomah/troutdale,MDR,min_lot_sqft,unit_lots,stated,"or/multnomah/troutdale/3.zoning-districts.txt#L343-L344,L345",MDR HDR | Dimensional Standard LDR-1 LDR-2 MDR (TC) HDR (TC) | Minimum lot size (sq. ft.) none none none none none none
or/multnomah/troutdale,MDR,min_lot_width_ft,unit_lots,stated,"or/multnomah/troutdale/3.zoning-districts.txt#L343-L344,L346",MDR HDR | Dimensional Standard LDR-1 LDR-2 MDR (TC) HDR (TC) | Minimum lot width (ft.) none none none none none none
or/multnomah/troutdale,MU-2,max_density_du_per_acre,,stated,"or/multnomah/troutdale/3.zoning-districts.txt#L506,L519-L522,L710","B. Maximum density. | 4. Other residential development. Maximum density standards shall not apply to duplex, | triplex, quadplex, cottage cluster projects, or vertical mixed-use development on a | dwelling units per net acre calculation and are instead regulated by development | provisions of the co"
or/multnomah/troutdale,MU-2,min_lot_depth_ft,inside_mapped_use_area,stated,"or/multnomah/troutdale/3.zoning-districts.txt#L684,L687,L732-L734",Dimensional Standard MU-1 MU-2 MU-3 | Minimum lot depth (ft.) see 3.235.B see 3.235.B see 3.235.B | 3. There is no minimum lot depth for lots within the area between Historic Columbia | River Highway and 2nd Street extended west to its intersection with 257th Avenue | from 257th Avenue to the SE San
or/multnomah/troutdale,MU-3,max_density_du_per_acre,,stated,"or/multnomah/troutdale/3.zoning-districts.txt#L506,L519-L522,L710","B. Maximum density. | 4. Other residential development. Maximum density standards shall not apply to duplex, | triplex, quadplex, cottage cluster projects, or vertical mixed-use development on a | dwelling units per net acre calculation and are instead regulated by development | provisions of the co"
or/multnomah/troutdale,MU-3,min_lot_depth_ft,inside_mapped_use_area,stated,"or/multnomah/troutdale/3.zoning-districts.txt#L684,L687,L732-L734",Dimensional Standard MU-1 MU-2 MU-3 | Minimum lot depth (ft.) see 3.235.B see 3.235.B see 3.235.B | 3. There is no minimum lot depth for lots within the area between Historic Columbia | River Highway and 2nd Street extended west to its intersection with 257th Avenue | from 257th Avenue to the SE San
or/multnomah/wood-village,(default),parking_max_per_unit,,stated,"or/multnomah/wood-village/350.045.required-spaces.txt#L146,L148-L149",Table 350-1B. Maximum Parking Ratios | Use Category Generally Within 1/4 mile of fixed route transit with 20-minute service | Household Living no maximum no maximum
or/multnomah/wood-village,LR 12,min_lot_depth_ft,unit_lots,stated,or/multnomah/wood-village/210.320.txt#L84,"(2)For townhouses the minimum lot size is one thousand five hundred (1,500) square feet with a twenty (20) foot minimum width, no minimum depth, and zero (0) foot side setback when attached to another townhouse. Minimum site coverage for a townhouse is seventy (70) percent."
or/multnomah/wood-village,LR 7.5,min_lot_depth_ft,unit_lots,stated,or/multnomah/wood-village/210.320.txt#L84,"(2)For townhouses the minimum lot size is one thousand five hundred (1,500) square feet with a twenty (20) foot minimum width, no minimum depth, and zero (0) foot side setback when attached to another townhouse. Minimum site coverage for a townhouse is seventy (70) percent."
or/multnomah/wood-village,NC,min_lot_depth_ft,,stated,"or/multnomah/wood-village/230.310.txt#L60,L64-L65,L69,L84",A. Minimum Lot Size and Dimension. There is no minimum lot size or dimension for development of land or creation of new lots in commercial zones. Creation of new lots is subject to the regulations of Section 450 – Subdivisions and Partitions. The lot size for all permitted or conditional uses shall 
or/multnomah/wood-village,NC,min_lot_sqft,,stated,"or/multnomah/wood-village/230.310.txt#L60,L64-L67,L84",A. Minimum Lot Size and Dimension. There is no minimum lot size or dimension for development of land or creation of new lots in commercial zones. Creation of new lots is subject to the regulations of Section 450 – Subdivisions and Partitions. The lot size for all permitted or conditional uses shall 
or/multnomah/wood-village,NC,min_lot_width_ft,,stated,"or/multnomah/wood-village/230.310.txt#L60,L64-L65,L68,L84",A. Minimum Lot Size and Dimension. There is no minimum lot size or dimension for development of land or creation of new lots in commercial zones. Creation of new lots is subject to the regulations of Section 450 – Subdivisions and Partitions. The lot size for all permitted or conditional uses shall 
or/multnomah/wood-village,NC,setback_rear_ft,,stated,"or/multnomah/wood-village/230.310.txt#L64-L65,L75",Table 230-2. Development Standards in Commercial Zones | Standard NC | – Rear setback None(2)
or/multnomah/wood-village,NC,setback_side_ft,,stated,"or/multnomah/wood-village/230.310.txt#L64-L65,L74",Table 230-2. Development Standards in Commercial Zones | Standard NC | – Side setback None(2)
or/multnomah/wood-village,TC,min_density_du_per_acre,,stated,or/multnomah/wood-village/235.300.txt#L68-L77,"Table 235-2. Development Standards in Town Center Zone | STANDARD RESIDENTIAL USE CATEGORIES(1) NONRESIDENTIAL AND MIXED USE | Lot size and dimensions Same as MR2 zone (see Tables 220-3 and 220-4) No minimum lot size, long-term (phased) capacity to achieve minimum 0.4 FAR | Maximum lot coverage same"
or/washington/_unincorporated,R-15,min_density_du_per_acre,,stated,"or/washington/_unincorporated/cdc.305.r-15.txt#L257-L259,L274,L277","305-6.1 Middle Housing in the R-15 District | A. Density is not a consideration for development of the three Middle Housing | types listed below, however the following limits apply to the parent lot: | C. Townhouses provided as Middle Housing: | (2) Minimum density does not apply;"
or/washington/_unincorporated,R-15,min_frontage_ft,,stated,"or/washington/_unincorporated/cdc.305.r-15.txt#L383,L387",E. Minimum frontage on a public or private street: | (2) All other Middle Housing - No minimum.
or/washington/_unincorporated,R-15 NB,min_density_du_per_acre,,stated,"or/washington/_unincorporated/cdc.390.north-bethany.txt#L797-L799,L816,L819","(1) Density is not a consideration for development of the three Middle | Housing types listed below, however the following limits apply to the | parent lot: | (3) Townhouses provided as Middle Housing: | (b) Minimum density does not apply;"
or/washington/_unincorporated,R-24,min_density_du_per_acre,,stated,"or/washington/_unincorporated/cdc.306.r-24.txt#L243-L245,L262,L265","306-6.1 Middle Housing in the R-24 District | A. Density is not a consideration for development of the three Middle Housing | types listed below, however the following limits apply to the parent lot: | C. Townhouses provided as Middle Housing: | (2) Minimum density does not apply;"
or/washington/_unincorporated,R-24,min_frontage_ft,,stated,"or/washington/_unincorporated/cdc.306.r-24.txt#L368,L372",E. Minimum frontage on a public or private street: | (2) All other Middle Housing - No minimum.
or/washington/_unincorporated,R-25+,min_density_du_per_acre,,stated,"or/washington/_unincorporated/cdc.307.r-25plus.txt#L249-L251,L266,L269","307-6.1 Middle Housing in the R-25+ District | A. Density is not a consideration for development of the three Middle Housing | types listed below, however the following limits apply to the parent lot: | C. Townhouses provided as Middle Housing: | (2) Minimum density does not apply;"
or/washington/_unincorporated,R-25+,min_frontage_ft,,stated,"or/washington/_unincorporated/cdc.307.r-25plus.txt#L398,L402",E. Minimum frontage on a public or private street: | (2) All other Middle Housing - No minimum
or/washington/_unincorporated,R-5,min_density_du_per_acre,,stated,"or/washington/_unincorporated/cdc.302.r-5.txt#L251-L253,L270,L273","302-6.1 Middle Housing in the R-5 District: | A. Density is not a consideration for development of the three Middle Housing | types listed below, however the following limits apply to the parent lot: | C. Townhouses provided as Middle Housing: | (2) Minimum density does not apply;"
or/washington/_unincorporated,R-5,min_frontage_ft,,stated,"or/washington/_unincorporated/cdc.302.r-5.txt#L419,L423",E. Minimum frontage on a public or private street: | (2) All other Middle Housing - No minimum.
or/washington/_unincorporated,R-6,min_density_du_per_acre,,stated,"or/washington/_unincorporated/cdc.303.r-6.txt#L254-L256,L271,L274","303-6.1 Middle Housing in the R-6 District | A. Density is not a consideration for development of the three Middle Housing | types listed below, however the following limits apply to the parent lot: | C. Townhouses provided as Middle Housing: | (2) Minimum density does not apply;"
or/washington/_unincorporated,R-6,min_frontage_ft,,stated,"or/washington/_unincorporated/cdc.303.r-6.txt#L421,L425",E. Minimum frontage on a public or private street: | (2) All other Middle Housing - No minimum.
or/washington/_unincorporated,R-6 NB,min_density_du_per_acre,,stated,"or/washington/_unincorporated/cdc.390.north-bethany.txt#L319-L321,L330,L333","(1) Density is not a consideration for development of the three Middle | Housing types listed below, however, the following limits apply to the | parent lot: | (3) Townhouses provided as Middle Housing: | (b) Minimum density does not apply;"
or/washington/_unincorporated,R-9,min_density_du_per_acre,,stated,"or/washington/_unincorporated/cdc.304.r-9.txt#L260-L262,L279,L282","304-6.1 Middle Housing in the R-9 District | A. Density is not a consideration for development of the three Middle Housing | types listed below, however the following limits apply to the parent lot: | C. Townhouses provided as Middle Housing: | (2) Minimum density does not apply;"
or/washington/_unincorporated,R-9,min_frontage_ft,,stated,"or/washington/_unincorporated/cdc.304.r-9.txt#L389,L393",E. Minimum frontage on a public or private street: | (2) All other Middle Housing - No minimum.
or/washington/_unincorporated,TO:BUS,min_lot_sqft,,stated,"or/washington/_unincorporated/cdc.375.transit-oriented.txt#L965,L969-L970",Table B(2). Dimensional Requirements for all Other Development in Transit Oriented Districts | TO:RC TO:BUS TO:EMP TO:R9-12 TO:R12-18 TO:R18-24 TO:R24-40 TO:R40-80 TO:R80-120 | Minimum Lot Area None None None 2000 sq.
or/washington/_unincorporated,TO:R18-24,min_lot_sqft,unit_lots,stated,"or/washington/_unincorporated/cdc.375.transit-oriented.txt#L921-L924,L929-L930",Parent Lot: N/A | Minimum average for | separate lots for | individual units: | • TO: R18-24: | No minimum
or/washington/_unincorporated,TO:R24-40,min_lot_sqft,,stated,"or/washington/_unincorporated/cdc.375.transit-oriented.txt#L965,L969-L974",Table B(2). Dimensional Requirements for all Other Development in Transit Oriented Districts | TO:RC TO:BUS TO:EMP TO:R9-12 TO:R12-18 TO:R18-24 TO:R24-40 TO:R40-80 TO:R80-120 | Minimum Lot Area None None None 2000 sq. | ft. | 2000 sq. | ft. | None None None None
or/washington/_unincorporated,TO:R40-80,min_lot_sqft,,stated,"or/washington/_unincorporated/cdc.375.transit-oriented.txt#L965,L969-L974",Table B(2). Dimensional Requirements for all Other Development in Transit Oriented Districts | TO:RC TO:BUS TO:EMP TO:R9-12 TO:R12-18 TO:R18-24 TO:R24-40 TO:R40-80 TO:R80-120 | Minimum Lot Area None None None 2000 sq. | ft. | 2000 sq. | ft. | None None None None
or/washington/_unincorporated,TO:R9-12,max_density_du_per_acre,,stated,"or/washington/_unincorporated/cdc.375.transit-oriented.txt#L1036,L1042-L1047",Table C(1). Density Requirements for Middle Housing in Transit Oriented Districts | DENSITY REQUIREMENT NUMBER OF UNITS | MINIMUM MAXIMUM | DUPLEX | N/A | 2 2 per parent lot* | TRIPLEX 3 4 per parent lot* QUADPLEX 4
or/washington/_unincorporated,TO:R9-12,min_density_du_per_acre,,stated,"or/washington/_unincorporated/cdc.375.transit-oriented.txt#L1042-L1045,L1052",DENSITY REQUIREMENT NUMBER OF UNITS | MINIMUM MAXIMUM | DUPLEX | N/A | TOWNHOUSES Minimum = N/A
or/washington/_unincorporated,TO:R9-12,min_frontage_ft,,stated,or/washington/_unincorporated/cdc.375.transit-oriented.txt#L933-L936,Minimum frontage | on a public or | private street | N/A
or/washington/_unincorporated,TO:R9-12,setback_rear_ft,,stated,"or/washington/_unincorporated/cdc.375.transit-oriented.txt#L901,L946-L955,L1030-L1032",Table B(1). Dimensional Requirements for Middle Housing in Transit Oriented Districts | Front Yard - | minimum 10 feet | Front Yard - | maximum 15 feet | Minimum separation | between buildings on | the same lot that | comprise dwelling | units*** | 6 feet | (H) No minimum interior yard setback is re
or/washington/_unincorporated,TO:R9-12,setback_side_ft,,stated,"or/washington/_unincorporated/cdc.375.transit-oriented.txt#L901,L946-L955,L1030-L1032",Table B(1). Dimensional Requirements for Middle Housing in Transit Oriented Districts | Front Yard - | minimum 10 feet | Front Yard - | maximum 15 feet | Minimum separation | between buildings on | the same lot that | comprise dwelling | units*** | 6 feet | (H) No minimum interior yard setback is re
or/washington/beaverton,CC,max_height_ft,,stated,"or/washington/beaverton/bdc.20.10.commercial.txt#L38,L41-L42,L58-L61",20.10.15 Commercial Site Development Standards | # Standard NS CS CC GC Unit of | Measurement | F.1. Building Height - Maximum 40 None None None Feet | F.2. Building Height - Height Transition Standards of | 60.05.15.7 Apply | No Yes Yes Yes N/A
or/washington/beaverton,CC,min_lot_sqft,,stated,"or/washington/beaverton/bdc.20.10.commercial.txt#L38,L41-L58",20.10.15 Commercial Site Development Standards | # Standard NS CS CC GC Unit of | Measurement | A. Minimum Density1 34 34 34 34 Units Per Acre | B. Maximum Floor Area Ratio10 3.0 See | 20.10.16 | See | 20.10.16 | See | 20.10.16 | N/A | C.1. Lot Dimensions - Minimum Width 70 None None None Feet | C.2
or/washington/beaverton,CM-CS,min_lot_sqft,,stated,"or/washington/beaverton/bdc.20.22.cooper-mountain.txt#L39,L42-L48,L53-L55","Table 20.22.15 Cooper Mountain Site Development Standards | # Standard CM- | CS | CM- | HDR | CM- | MR CM-RM Unit of | Measurement | B.2. Minimum Lot Area1, 2 - Triplex and | Quadplex | N/A N/A N/A 4,000 Square Feet"
or/washington/beaverton,CM-HDR,min_lot_sqft,,stated,"or/washington/beaverton/bdc.20.22.cooper-mountain.txt#L39,L42-L48,L53-L55","Table 20.22.15 Cooper Mountain Site Development Standards | # Standard CM- | CS | CM- | HDR | CM- | MR CM-RM Unit of | Measurement | B.2. Minimum Lot Area1, 2 - Triplex and | Quadplex | N/A N/A N/A 4,000 Square Feet"
or/washington/beaverton,CM-MR,min_lot_sqft,,stated,"or/washington/beaverton/bdc.20.22.cooper-mountain.txt#L39,L42-L48,L53-L55","Table 20.22.15 Cooper Mountain Site Development Standards | # Standard CM- | CS | CM- | HDR | CM- | MR CM-RM Unit of | Measurement | B.2. Minimum Lot Area1, 2 - Triplex and | Quadplex | N/A N/A N/A 4,000 Square Feet"
or/washington/beaverton,CM-RM,parking_max_per_unit,,stated,"or/washington/beaverton/bdc.60.30.parking.txt#L105,L109-L116,L124-L126","Table 60.30.10.5.A. - Parking Ratio Requirements For Motor Vehicles | # Land Use | Category Specific Use | Maximum Permitted | Parking Spaces - Zone | A | Maximum Permitted | Parking Spaces - Zone | B | Uses | Triplex or Quadplex in RMA, RMB, RMC, or | CM-RM Zone (per unit) N/A N/A"
or/washington/beaverton,CS,max_height_ft,,stated,"or/washington/beaverton/bdc.20.10.commercial.txt#L38,L41-L42,L58-L61",20.10.15 Commercial Site Development Standards | # Standard NS CS CC GC Unit of | Measurement | F.1. Building Height - Maximum 40 None None None Feet | F.2. Building Height - Height Transition Standards of | 60.05.15.7 Apply | No Yes Yes Yes N/A
or/washington/beaverton,CS,min_lot_sqft,,stated,"or/washington/beaverton/bdc.20.10.commercial.txt#L38,L41-L58",20.10.15 Commercial Site Development Standards | # Standard NS CS CC GC Unit of | Measurement | A. Minimum Density1 34 34 34 34 Units Per Acre | B. Maximum Floor Area Ratio10 3.0 See | 20.10.16 | See | 20.10.16 | See | 20.10.16 | N/A | C.1. Lot Dimensions - Minimum Width 70 None None None Feet | C.2
or/washington/beaverton,GC,max_height_ft,,stated,"or/washington/beaverton/bdc.20.10.commercial.txt#L38,L41-L42,L58-L61",20.10.15 Commercial Site Development Standards | # Standard NS CS CC GC Unit of | Measurement | F.1. Building Height - Maximum 40 None None None Feet | F.2. Building Height - Height Transition Standards of | 60.05.15.7 Apply | No Yes Yes Yes N/A
or/washington/beaverton,GC,min_lot_sqft,,stated,"or/washington/beaverton/bdc.20.10.commercial.txt#L38,L41-L58",20.10.15 Commercial Site Development Standards | # Standard NS CS CC GC Unit of | Measurement | A. Minimum Density1 34 34 34 34 Units Per Acre | B. Maximum Floor Area Ratio10 3.0 See | 20.10.16 | See | 20.10.16 | See | 20.10.16 | N/A | C.1. Lot Dimensions - Minimum Width 70 None None None Feet | C.2
or/washington/beaverton,MR,max_height_ft,,stated,"or/washington/beaverton/bdc.20.05.residential.txt#L87-L88,L113-L116",# Standard MR RMA RMB RMC Unit of | Measurement | G.1. Building Height - Maximum13 N/A 40 3514 3514 Feet | G.2. Building Height - Height Transition | Standards of 60.05.15.7 Apply | Yes No No No N/A
or/washington/beaverton,MR,min_lot_sqft,,stated,"or/washington/beaverton/bdc.20.05.residential.txt#L41,L44-L45,L50-L52","20.05.15 Residential Site Development Standards | # Standard MR RMA RMB RMC Unit of | Measurement | B.2. Minimum Lot Area2, 3 - Triplex and | Quadplex | N/A 3,000 4,000 5,000 Square Feet"
or/washington/beaverton,NS,min_lot_sqft,,stated,"or/washington/beaverton/bdc.20.10.commercial.txt#L38,L41-L58",20.10.15 Commercial Site Development Standards | # Standard NS CS CC GC Unit of | Measurement | A. Minimum Density1 34 34 34 34 Units Per Acre | B. Maximum Floor Area Ratio10 3.0 See | 20.10.16 | See | 20.10.16 | See | 20.10.16 | N/A | C.1. Lot Dimensions - Minimum Width 70 None None None Feet | C.2
or/washington/beaverton,RC-BC,min_lot_sqft,,stated,"or/washington/beaverton/bdc.70.downtown.txt#L129-L130,L220,L222-L223","7.Downtown Development Code Exemptions. Downtown developments are exempt from the following regulations: | A. CHAPTER 20, except Section 20.25 DENSITY CALCULATIONS | Table 70.15.10.1.A RC-BC Building Height & Density | Development Standards Minimum Maximum | Height N/A 120 ft1"
or/washington/beaverton,RC-DT,min_lot_sqft,,stated,"or/washington/beaverton/bdc.70.downtown.txt#L129-L130,L414,L416-L417","7.Downtown Development Code Exemptions. Downtown developments are exempt from the following regulations: | A. CHAPTER 20, except Section 20.25 DENSITY CALCULATIONS | Table 70.15.10.4.A RC-DT Building Height & Density | Development Standards Minimum Maximum | Height N/A 60 ft"
or/washington/beaverton,RC-E,max_height_ft,,stated,"or/washington/beaverton/bdc.20.20.multiple-use.txt#L90,L98-L101,L187-L191",20.20.15 Multiple Use Development Standards | Superscript Refers to Footnotes | # Standard RC-E OI- | WS C-WS TC-MU TC-HDR SC-MU SC-HDR SC-S SC-E1 SC-E3 Unit of | Measurement | D.1.Building Height - Maximum None None None None None None None None 100 40 Feet | D.2.Building Height - Height | Transiti
or/washington/beaverton,RC-E,min_lot_sqft,,stated,"or/washington/beaverton/bdc.20.20.multiple-use.txt#L90,L98-L108",20.20.15 Multiple Use Development Standards | Superscript Refers to Footnotes | # Standard RC-E OI- | WS C-WS TC-MU TC-HDR SC-MU SC-HDR SC-S SC-E1 SC-E3 Unit of | Measurement | A.1. Residential Density1 - | Minimum for residential only | project | 12 N/A N/A 24 24 302 24 302 24 302 N/A N/A Units Per
or/washington/beaverton,RC-MU,min_lot_sqft,,stated,"or/washington/beaverton/bdc.70.downtown.txt#L129-L130,L353,L355-L356","7.Downtown Development Code Exemptions. Downtown developments are exempt from the following regulations: | A. CHAPTER 20, except Section 20.25 DENSITY CALCULATIONS | Table 70.15.10.3.A RC-MU Building Height & Density | Development Standards Minimum Maximum | Height N/A 75 ft 1"
or/washington/beaverton,RC-OT,min_lot_sqft,,stated,"or/washington/beaverton/bdc.70.downtown.txt#L129-L130,L287,L289-L290","7.Downtown Development Code Exemptions. Downtown developments are exempt from the following regulations: | A. CHAPTER 20, except Section 20.25 DENSITY CALCULATIONS | Table 70.15.10.2.A RC-OT Building Height & Density | Development Standards Minimum Maximum | Height N/A 65 ft 1"
or/washington/beaverton,RMA,parking_max_per_unit,,stated,"or/washington/beaverton/bdc.60.30.parking.txt#L105,L109-L116,L124-L126","Table 60.30.10.5.A. - Parking Ratio Requirements For Motor Vehicles | # Land Use | Category Specific Use | Maximum Permitted | Parking Spaces - Zone | A | Maximum Permitted | Parking Spaces - Zone | B | Uses | Triplex or Quadplex in RMA, RMB, RMC, or | CM-RM Zone (per unit) N/A N/A"
or/washington/beaverton,RMB,parking_max_per_unit,,stated,"or/washington/beaverton/bdc.60.30.parking.txt#L105,L109-L116,L124-L126","Table 60.30.10.5.A. - Parking Ratio Requirements For Motor Vehicles | # Land Use | Category Specific Use | Maximum Permitted | Parking Spaces - Zone | A | Maximum Permitted | Parking Spaces - Zone | B | Uses | Triplex or Quadplex in RMA, RMB, RMC, or | CM-RM Zone (per unit) N/A N/A"
or/washington/beaverton,RMC,parking_max_per_unit,,stated,"or/washington/beaverton/bdc.60.30.parking.txt#L105,L109-L116,L124-L126","Table 60.30.10.5.A. - Parking Ratio Requirements For Motor Vehicles | # Land Use | Category Specific Use | Maximum Permitted | Parking Spaces - Zone | A | Maximum Permitted | Parking Spaces - Zone | B | Uses | Triplex or Quadplex in RMA, RMB, RMC, or | CM-RM Zone (per unit) N/A N/A"
or/washington/beaverton,SC-HDR,max_height_ft,,stated,"or/washington/beaverton/bdc.20.20.multiple-use.txt#L90,L98-L101,L187-L191",20.20.15 Multiple Use Development Standards | Superscript Refers to Footnotes | # Standard RC-E OI- | WS C-WS TC-MU TC-HDR SC-MU SC-HDR SC-S SC-E1 SC-E3 Unit of | Measurement | D.1.Building Height - Maximum None None None None None None None None 100 40 Feet | D.2.Building Height - Height | Transiti
or/washington/beaverton,SC-HDR,min_lot_sqft,,stated,"or/washington/beaverton/bdc.20.20.multiple-use.txt#L90,L98-L108",20.20.15 Multiple Use Development Standards | Superscript Refers to Footnotes | # Standard RC-E OI- | WS C-WS TC-MU TC-HDR SC-MU SC-HDR SC-S SC-E1 SC-E3 Unit of | Measurement | A.1. Residential Density1 - | Minimum for residential only | project | 12 N/A N/A 24 24 302 24 302 24 302 N/A N/A Units Per
or/washington/beaverton,SC-MU,max_height_ft,,stated,"or/washington/beaverton/bdc.20.20.multiple-use.txt#L90,L98-L101,L187-L191",20.20.15 Multiple Use Development Standards | Superscript Refers to Footnotes | # Standard RC-E OI- | WS C-WS TC-MU TC-HDR SC-MU SC-HDR SC-S SC-E1 SC-E3 Unit of | Measurement | D.1.Building Height - Maximum None None None None None None None None 100 40 Feet | D.2.Building Height - Height | Transiti
or/washington/beaverton,SC-MU,min_lot_sqft,,stated,"or/washington/beaverton/bdc.20.20.multiple-use.txt#L90,L98-L108",20.20.15 Multiple Use Development Standards | Superscript Refers to Footnotes | # Standard RC-E OI- | WS C-WS TC-MU TC-HDR SC-MU SC-HDR SC-S SC-E1 SC-E3 Unit of | Measurement | A.1. Residential Density1 - | Minimum for residential only | project | 12 N/A N/A 24 24 302 24 302 24 302 N/A N/A Units Per
or/washington/beaverton,SC-S,max_height_ft,,stated,"or/washington/beaverton/bdc.20.20.multiple-use.txt#L90,L98-L101,L187-L191",20.20.15 Multiple Use Development Standards | Superscript Refers to Footnotes | # Standard RC-E OI- | WS C-WS TC-MU TC-HDR SC-MU SC-HDR SC-S SC-E1 SC-E3 Unit of | Measurement | D.1.Building Height - Maximum None None None None None None None None 100 40 Feet | D.2.Building Height - Height | Transiti
or/washington/beaverton,SC-S,min_lot_sqft,,stated,"or/washington/beaverton/bdc.20.20.multiple-use.txt#L90,L98-L108",20.20.15 Multiple Use Development Standards | Superscript Refers to Footnotes | # Standard RC-E OI- | WS C-WS TC-MU TC-HDR SC-MU SC-HDR SC-S SC-E1 SC-E3 Unit of | Measurement | A.1. Residential Density1 - | Minimum for residential only | project | 12 N/A N/A 24 24 302 24 302 24 302 N/A N/A Units Per
or/washington/beaverton,TC-HDR,max_height_ft,,stated,"or/washington/beaverton/bdc.20.20.multiple-use.txt#L90,L98-L101,L187-L191",20.20.15 Multiple Use Development Standards | Superscript Refers to Footnotes | # Standard RC-E OI- | WS C-WS TC-MU TC-HDR SC-MU SC-HDR SC-S SC-E1 SC-E3 Unit of | Measurement | D.1.Building Height - Maximum None None None None None None None None 100 40 Feet | D.2.Building Height - Height | Transiti
or/washington/beaverton,TC-HDR,min_lot_sqft,,stated,"or/washington/beaverton/bdc.20.20.multiple-use.txt#L90,L98-L108",20.20.15 Multiple Use Development Standards | Superscript Refers to Footnotes | # Standard RC-E OI- | WS C-WS TC-MU TC-HDR SC-MU SC-HDR SC-S SC-E1 SC-E3 Unit of | Measurement | A.1. Residential Density1 - | Minimum for residential only | project | 12 N/A N/A 24 24 302 24 302 24 302 N/A N/A Units Per
or/washington/beaverton,TC-MU,max_height_ft,,stated,"or/washington/beaverton/bdc.20.20.multiple-use.txt#L90,L98-L101,L187-L191",20.20.15 Multiple Use Development Standards | Superscript Refers to Footnotes | # Standard RC-E OI- | WS C-WS TC-MU TC-HDR SC-MU SC-HDR SC-S SC-E1 SC-E3 Unit of | Measurement | D.1.Building Height - Maximum None None None None None None None None 100 40 Feet | D.2.Building Height - Height | Transiti
or/washington/beaverton,TC-MU,min_lot_sqft,,stated,"or/washington/beaverton/bdc.20.20.multiple-use.txt#L90,L98-L108",20.20.15 Multiple Use Development Standards | Superscript Refers to Footnotes | # Standard RC-E OI- | WS C-WS TC-MU TC-HDR SC-MU SC-HDR SC-S SC-E1 SC-E3 Unit of | Measurement | A.1. Residential Density1 - | Minimum for residential only | project | 12 N/A N/A 24 24 302 24 302 24 302 N/A N/A Units Per
or/washington/durham,(default),parking_max_per_unit,,stated,or/washington/durham/ddc.3.site-design.txt#L429-L437,"3.7.5 Minimum and maximum off-street parking spaces for various land uses are as follows. | (Spaces for permitted uses in the BPO, IP and OP districts is per 1000 square feet of gross floor | area of all occupiable structures on site.) | TABLE 3.7.5: REQUIRED OFF STREET PARKING PER LAND USE | (Per 1"
or/washington/hillsboro,MR-1,max_density_du_per_acre,,stated,"or/washington/hillsboro/cdc.12.22.multi-dwelling-zones.txt#L273,L288-L290","Table 12.22.150-1: | Maximum Density 16 du/na | Maximum density does not apply to duplexes, | triplexes, quadplexes, or cottage clusters."
or/washington/hillsboro,MU-C,max_density_du_per_acre,,stated,"or/washington/hillsboro/cdc.12.24.mixed-use-urban-center-zones.txt#L778,L789-L794",Table 12.24.260-1: | Maximum Residential Density | • On or above the second | floor in vertical Mixed-Use | buildings | None | • In free-standing buildings None
or/washington/hillsboro,MU-C,min_lot_depth_ft,,stated,"or/washington/hillsboro/cdc.12.24.mixed-use-urban-center-zones.txt#L778,L806,L809",Table 12.24.260-1: | Minimum Lot Dimensions* | • Depth None
or/washington/hillsboro,MU-C,min_lot_sqft,,stated,"or/washington/hillsboro/cdc.12.24.mixed-use-urban-center-zones.txt#L778-L779,L781",Table 12.24.260-1: | Development Standards in the MU-C Zone | Minimum Lot Size None
or/washington/hillsboro,MU-N,max_density_du_per_acre,,stated,"or/washington/hillsboro/cdc.12.24.mixed-use-urban-center-zones.txt#L424,L440,L449-L450","Table 12.24.160-1: | Maximum Residential Density | Maximum density does not apply to duplexes, | triplexes, quadplexes, or cottage clusters."
or/washington/hillsboro,MU-N,min_lot_depth_ft,,stated,"or/washington/hillsboro/cdc.12.24.mixed-use-urban-center-zones.txt#L424,L458,L461",Table 12.24.160-1: | Minimum Lot Dimensions* | • Depth None
or/washington/hillsboro,MU-VTC,max_coverage_pct,,stated,"or/washington/hillsboro/cdc.12.24.mixed-use-urban-center-zones.txt#L1365-L1366,L1368",Table 12.24.360-1: | Development Standards in the MU-VTC Zone | Maximum Lot Coverage None
or/washington/hillsboro,MU-VTC,min_lot_depth_ft,,stated,"or/washington/hillsboro/cdc.12.24.mixed-use-urban-center-zones.txt#L1233,L1252-L1255",Table 12.24.360-1: | • Depth | % | Residential None
or/washington/hillsboro,R-10,max_density_du_per_acre,,stated,"or/washington/hillsboro/cdc.12.21.middle-housing-zones.txt#L288,L303-L305","Table 12.21.150-1: | Maximum Density 4.35 du/na | Maximum density does not apply to duplexes, | triplexes, quadplexes, or cottage clusters."
or/washington/hillsboro,R-4.5,max_density_du_per_acre,,stated,"or/washington/hillsboro/cdc.12.21.middle-housing-zones.txt#L1252,L1267-L1269","Table 12.21.550-1: | Maximum Density 10.0 du/na | Maximum density does not apply to duplexes, | triplexes, quadplexes, or cottage clusters."
or/washington/hillsboro,R-6,max_density_du_per_acre,,stated,"or/washington/hillsboro/cdc.12.21.middle-housing-zones.txt#L1002,L1018-L1020","Table 12.21.450-1: | Maximum Density 7.5 du/na | Maximum density does not apply to duplexes, | triplexes, quadplexes, or cottage clusters."
or/washington/hillsboro,R-7,max_density_du_per_acre,,stated,"or/washington/hillsboro/cdc.12.21.middle-housing-zones.txt#L766,L776-L778","Table 12.21.350-1: | Maximum Density 6.25 du/na | Maximum density does not apply to duplexes, | triplexes, quadplexes, or cottage clusters."
or/washington/hillsboro,R-8.5,max_density_du_per_acre,,stated,"or/washington/hillsboro/cdc.12.21.middle-housing-zones.txt#L526,L536-L538","Table 12.21.250-1: | Maximum Density 5 du/na | Maximum density does not apply to duplexes, | triplexes, quadplexes, or cottage clusters."
or/washington/hillsboro,SCC-DT,max_coverage_pct,,stated,"or/washington/hillsboro/cdc.12.23.commercial-zones.txt#L874,L886",Table 12.23.360-1: | Maximum Lot Coverage Not Applicable
or/washington/hillsboro,SCC-DT,min_lot_depth_ft,,stated,"or/washington/hillsboro/cdc.12.23.commercial-zones.txt#L835,L863,L866",Table 12.23.360-1: | Minimum Lot Dimensions | • Depth None
or/washington/hillsboro,SCC-DT,min_lot_sqft,,stated,or/washington/hillsboro/cdc.12.23.commercial-zones.txt#L835-L838,Table 12.23.360-1: | Development Standards in the SCC-DT Zone | Standard Requirement Clarifications | Minimum Lot Size None
or/washington/hillsboro,SCC-DT,min_lot_width_ft,,stated,"or/washington/hillsboro/cdc.12.23.commercial-zones.txt#L835,L863-L865",Table 12.23.360-1: | Minimum Lot Dimensions | • Width (at front building | plane) None
or/washington/hillsboro,SCC-MM,max_coverage_pct,,stated,"or/washington/hillsboro/cdc.12.23.commercial-zones.txt#L1413,L1434",Table 12.23.560-1: | Maximum Lot Coverage Not applicable
or/washington/hillsboro,SCC-MM,min_lot_depth_ft,,stated,"or/washington/hillsboro/cdc.12.23.commercial-zones.txt#L1373,L1387,L1390",Table 12.23.560-1: | Minimum Lot Dimensions | • Depth None
or/washington/hillsboro,SCC-MM,min_lot_sqft,,stated,or/washington/hillsboro/cdc.12.23.commercial-zones.txt#L1373-L1376,Table 12.23.560-1: | Development Standards in the SCC-MM Zone | Standard Requirement Clarifications | Minimum Lot Size None
or/washington/hillsboro,SCC-MM,min_lot_width_ft,,stated,"or/washington/hillsboro/cdc.12.23.commercial-zones.txt#L1373,L1387-L1389",Table 12.23.560-1: | Minimum Lot Dimensions | • Width (at front building | plane) None
or/washington/hillsboro,SCC-SC,max_coverage_pct,,stated,"or/washington/hillsboro/cdc.12.23.commercial-zones.txt#L1131,L1169",Table 12.23.460-1: | Maximum Lot Coverage Not applicable
or/washington/hillsboro,SCC-SC,min_building_height_ft,,stated,"or/washington/hillsboro/cdc.12.23.commercial-zones.txt#L1131,L1163,L1166-L1167",Table 12.23.460-1: | Minimum Building Height* | • Beyond 800 ft. of an LRT | Station None
or/washington/hillsboro,SCC-SC,min_lot_sqft,,stated,or/washington/hillsboro/cdc.12.23.commercial-zones.txt#L1097-L1100,Table 12.23.460-1: | Development Standards in the SCC-SC Zone | Standard Requirement Clarifications | Minimum Lot Size None
or/washington/hillsboro,SCR-DNC,max_coverage_pct,,stated,"or/washington/hillsboro/cdc.12.21.middle-housing-zones.txt#L2184,L2230",Table 12.21.850-1: | Maximum Building Coverage None
or/washington/hillsboro,SCR-DNC,max_density_du_per_acre,,stated,"or/washington/hillsboro/cdc.12.21.middle-housing-zones.txt#L2124,L2136-L2139","Table 12.21.850-1: | Maximum Density | Maximum density does not apply to duplexes, | triplexes, quadplexes, or cottage clusters."
or/washington/hillsboro,SCR-HD,max_coverage_pct,,stated,"or/washington/hillsboro/cdc.12.22.multi-dwelling-zones.txt#L1407,L1429",Table 12.22.560-1: | Maximum Lot Coverage None
or/washington/hillsboro,SCR-HD,min_lot_depth_ft,,stated,"or/washington/hillsboro/cdc.12.22.multi-dwelling-zones.txt#L1342,L1353,L1372",Table 12.22.560-1: | Minimum Lot Dimensions* | • Depth None
or/washington/hillsboro,SCR-LD,max_coverage_pct,,stated,"or/washington/hillsboro/cdc.12.21.middle-housing-zones.txt#L1539,L1599",Table 12.21.650-1: | Maximum Lot Coverage None
or/washington/hillsboro,SCR-LD,max_density_du_per_acre,,stated,"or/washington/hillsboro/cdc.12.21.middle-housing-zones.txt#L1513,L1527,L1533-L1534","Table 12.21.650-1: | Maximum Density 14.0 du/na | Maximum density does not apply to duplexes, | triplexes, quadplexes, or cottage clusters."
or/washington/hillsboro,SCR-LD,min_lot_depth_ft,,stated,"or/washington/hillsboro/cdc.12.21.middle-housing-zones.txt#L1539,L1542,L1554",Table 12.21.650-1: | Minimum Lot Dimensions* | • Depth None
or/washington/hillsboro,SCR-MD,max_coverage_pct,,stated,"or/washington/hillsboro/cdc.12.22.multi-dwelling-zones.txt#L1105,L1138",Table 12.22.460-1: | Maximum Lot Coverage None
or/washington/hillsboro,SCR-MD,max_density_du_per_acre,,stated,"or/washington/hillsboro/cdc.12.22.multi-dwelling-zones.txt#L1030,L1045-L1046,L1048","Table 12.22.460-1: | Maximum density does not apply to duplexes, | triplexes, quadplexes, or cottage clusters. | Maximum Density 23.0 du/na"
or/washington/hillsboro,SCR-MD,min_lot_depth_ft,,stated,"or/washington/hillsboro/cdc.12.22.multi-dwelling-zones.txt#L1030,L1057,L1073",Table 12.22.460-1: | Minimum Lot Dimensions* | • Depth None No minimum lot depth required for lots or
or/washington/hillsboro,SCR-OTC,max_coverage_pct,,stated,"or/washington/hillsboro/cdc.12.21.middle-housing-zones.txt#L1889,L1914",Table 12.21.750-1: | Maximum Lot Coverage None
or/washington/hillsboro,SCR-OTC,max_density_du_per_acre,,stated,"or/washington/hillsboro/cdc.12.21.middle-housing-zones.txt#L1816,L1819-L1821","Table 12.21.750-1: | Maximum Density 12.0 du/na | Maximum density does not apply to duplexes, | triplexes, quadplexes, or cottage clusters."
or/washington/hillsboro,SCR-V,max_coverage_pct,,stated,"or/washington/hillsboro/cdc.12.24.mixed-use-urban-center-zones.txt#L1737,L1753",Table 12.24.460-1: | Maximum Lot Coverage None
or/washington/hillsboro,SCR-V,max_density_du_per_acre,,stated,"or/washington/hillsboro/cdc.12.24.mixed-use-urban-center-zones.txt#L1618,L1636-L1639","Table 12.24.460-1: | Maximum Density | Maximum density does not apply to duplexes, | triplexes, quadplexes, or cottage clusters."
or/washington/hillsboro,SCR-V,min_lot_depth_ft,,stated,"or/washington/hillsboro/cdc.12.24.mixed-use-urban-center-zones.txt#L1667-L1668,L1669-L1671",Development Standards in the SCR-V Zone | Standard Requirement Clarifications | • Depth | % Residential None
or/washington/hillsboro,SCR-V,min_lot_sqft,,stated,"or/washington/hillsboro/cdc.12.24.mixed-use-urban-center-zones.txt#L1605-L1606,L1608,L1611-L1614","Table 12.24.460-1: | Development Standards in the SCR-V Zone | Minimum Lot Size | • Triplex, quadplex, | townhouse, cottage cluster, | or multiple dwelling structure | None"
or/washington/hillsboro,UC-AC,max_coverage_pct,,stated,"or/washington/hillsboro/cdc.12.24.mixed-use-urban-center-zones.txt#L2558,L2563",Table 12.24.760-1: | Maximum Lot Coverage None
or/washington/hillsboro,UC-AC,max_density_du_per_acre,,stated,"or/washington/hillsboro/cdc.12.24.mixed-use-urban-center-zones.txt#L2512,L2519",Table 12.24.760-1: | Maximum Residential Density None
or/washington/hillsboro,UC-AC,max_height_ft,,stated,"or/washington/hillsboro/cdc.12.24.mixed-use-urban-center-zones.txt#L2558,L2561-L2562",Table 12.24.760-1: | Minimum Building Height* 35 feet Subject to Amberglen Plan District standards in | Section 12.64.800 as applicable. Maximum Building Height None
or/washington/hillsboro,UC-AC,min_frontage_ft,,stated,"or/washington/hillsboro/cdc.12.24.mixed-use-urban-center-zones.txt#L2512,L2523,L2527",Table 12.24.760-1: | Minimum Lot Dimensions | • Lot frontage None
or/washington/hillsboro,UC-AC,min_lot_depth_ft,,stated,"or/washington/hillsboro/cdc.12.24.mixed-use-urban-center-zones.txt#L2512,L2523,L2526",Table 12.24.760-1: | Minimum Lot Dimensions | • Depth None
or/washington/hillsboro,UC-AC,min_lot_sqft,,stated,"or/washington/hillsboro/cdc.12.24.mixed-use-urban-center-zones.txt#L2512-L2513,L2515",Table 12.24.760-1: | Development Standards in the UC-AC Zone | Minimum Lot Size None
or/washington/hillsboro,UC-AC,min_lot_width_ft,,stated,"or/washington/hillsboro/cdc.12.24.mixed-use-urban-center-zones.txt#L2512,L2523-L2525",Table 12.24.760-1: | Minimum Lot Dimensions | • Width (at front building | plane) None
or/washington/hillsboro,UC-MU,max_coverage_pct,,stated,"or/washington/hillsboro/cdc.12.24.mixed-use-urban-center-zones.txt#L2290,L2306,L2310",Table 12.24.660-1: | Maximum Lot Coverage* | • First 90 feet None
or/washington/hillsboro,UC-MU,max_density_du_per_acre,,stated,"or/washington/hillsboro/cdc.12.24.mixed-use-urban-center-zones.txt#L2237,L2244",Table 12.24.660-1: | Maximum Residential Density None
or/washington/hillsboro,UC-MU,min_frontage_ft,,stated,"or/washington/hillsboro/cdc.12.24.mixed-use-urban-center-zones.txt#L2237,L2248,L2252",Table 12.24.660-1: | Minimum Lot Dimensions | • Lot frontage None
or/washington/hillsboro,UC-MU,min_lot_sqft,,stated,"or/washington/hillsboro/cdc.12.24.mixed-use-urban-center-zones.txt#L2237-L2238,L2240",Table 12.24.660-1: | Development Standards in the UC-MU Zone | Minimum Lot Size None
or/washington/hillsboro,UC-MU,min_lot_width_ft,,stated,"or/washington/hillsboro/cdc.12.24.mixed-use-urban-center-zones.txt#L2237,L2248-L2250",Table 12.24.660-1: | Minimum Lot Dimensions | • Width (at front building | plane) None
or/washington/hillsboro,UC-NC,max_coverage_pct,,stated,"or/washington/hillsboro/cdc.12.24.mixed-use-urban-center-zones.txt#L2830,L2844",Table 12.24.860-1: | Maximum Lot Coverage None
or/washington/hillsboro,UC-NC,max_density_du_per_acre,,stated,"or/washington/hillsboro/cdc.12.24.mixed-use-urban-center-zones.txt#L2783,L2790",Table 12.24.860-1: | Maximum Residential Density None
or/washington/hillsboro,UC-NC,min_lot_depth_ft,,stated,"or/washington/hillsboro/cdc.12.24.mixed-use-urban-center-zones.txt#L2783,L2794,L2797",Table 12.24.860-1: | Minimum Lot Dimensions* | • Depth None
or/washington/hillsboro,UC-NC,min_lot_sqft,,stated,"or/washington/hillsboro/cdc.12.24.mixed-use-urban-center-zones.txt#L2783-L2784,L2786",Table 12.24.860-1: | Development Standards in the UC-NC Zone | Minimum Lot Size None
or/washington/hillsboro,UC-NC,min_lot_width_ft,,stated,"or/washington/hillsboro/cdc.12.24.mixed-use-urban-center-zones.txt#L2783,L2794-L2796",Table 12.24.860-1: | Minimum Lot Dimensions* | • Width (at front building | plane) None
or/washington/hillsboro,UC-OR,max_coverage_pct,,stated,"or/washington/hillsboro/cdc.12.24.mixed-use-urban-center-zones.txt#L3082,L3093",Table 12.24.960-1: | Maximum Lot Coverage None
or/washington/hillsboro,UC-OR,max_density_du_per_acre,,stated,"or/washington/hillsboro/cdc.12.24.mixed-use-urban-center-zones.txt#L3051,L3058",Table 12.24.960-1: | Maximum Residential Density None
or/washington/hillsboro,UC-OR,min_lot_depth_ft,,stated,"or/washington/hillsboro/cdc.12.24.mixed-use-urban-center-zones.txt#L3051,L3061,L3064",Table 12.24.960-1: | Minimum Lot Dimensions* | • Depth None
or/washington/hillsboro,UC-OR,min_lot_sqft,,stated,"or/washington/hillsboro/cdc.12.24.mixed-use-urban-center-zones.txt#L3051-L3052,L3054",Table 12.24.960-1: | Development Standards in the UC-OR Zone | Minimum Lot Size None
or/washington/hillsboro,UC-OR,min_lot_width_ft,,stated,"or/washington/hillsboro/cdc.12.24.mixed-use-urban-center-zones.txt#L3051,L3061-L3063",Table 12.24.960-1: | Minimum Lot Dimensions* | • Width (at front building | plane) None
or/washington/hillsboro,UC-RM,max_coverage_pct,,stated,"or/washington/hillsboro/cdc.12.24.mixed-use-urban-center-zones.txt#L1955,L2008",Table 12.24.560-1: | Maximum Lot Coverage None
or/washington/hillsboro,UC-RM,min_lot_sqft,,stated,"or/washington/hillsboro/cdc.12.24.mixed-use-urban-center-zones.txt#L1920-L1921,L1923",Table 12.24.560-1: | Development Standards in the UC-RM Zone | Minimum Lot Size None
or/washington/hillsboro,UC-RP,max_coverage_pct,,stated,"or/washington/hillsboro/cdc.12.24.mixed-use-urban-center-zones.txt#L3294,L3305",Table 12.24.1060-1: | Maximum Lot Coverage None
or/washington/hillsboro,UC-RP,min_lot_depth_ft,,stated,"or/washington/hillsboro/cdc.12.24.mixed-use-urban-center-zones.txt#L3244,L3281,L3284",Table 12.24.1060-1: | Minimum Lot Dimensions | • Depth None
or/washington/hillsboro,UC-RP,min_lot_sqft,,stated,"or/washington/hillsboro/cdc.12.24.mixed-use-urban-center-zones.txt#L3244-L3245,L3247",Table 12.24.1060-1: | Development Standards in the UC-RP Zone | Minimum Lot Size None
or/washington/king-city,(default),parking_max_per_unit,,stated,or/washington/king-city/kcc.16.114.kingston-terrace.txt#L2563-L2568,"Table 16.114-13 Maximum Vehicle Parking Spaces | Maximum Off-Street Parking Requirements | Use Categories Specific Uses Maximum Vehicle Parking | A. Residential Categories | 1. Single-Family Single-family Attached/Detached Not Applicable | Duplex, Triplex, Fourplex Not Applicable"
or/washington/king-city,KTTC,max_height_ft,,stated,or/washington/king-city/kcc.16.114.kingston-terrace.txt#L273-L280,"Dimensional Standards Town Center Beef Bend | Neighborhood | Central | Neighborhood | Rural Character | Neighborhood | All Use Types | Maximum building height, in feet N/A 45 35 35"
or/washington/sherwood,(default),parking_max_per_unit,,stated,"or/washington/sherwood/sdc.16.94.parking.txt#L368-L370,L490,L502-L525,L560-L571",Table 1: Parking Standards for lots or par- | cels not within the CFEC Parking Delin- | eated Area | Quadplex | Mini- | mum | Park- | ing | Stan- | dard | Maxi- | mum | Per- | mitted | Park- | ing | Zone | A | 1 | Maxi- | mum | Per- | mitted | Park- | ing | Zone | B | 2 | • Lot | area | equal | to o
or/washington/sherwood,HDR,min_density_du_per_acre,,stated,"or/washington/sherwood/sdc.16.12.residential.txt#L82,L85-L93",E. High Density Residential (HDR) | The HDR zoning district provides for higher density multi-family housing and other related | uses with density of 16.8 to 24 dwelling units per acre (except middle housing types pursuant to | 16.12.010.F). Minor land partitions shall be exempt from the minimum den
or/washington/sherwood,LDR,min_density_du_per_acre,,stated,"or/washington/sherwood/sdc.16.12.residential.txt#L69-L72,L88-L93",B. Low Density Residential (LDR) | The LDR zoning district provides for single-family housing and other related uses with a | density of 3.5 to 5 dwelling units per acre (except middle housing types pursuant to 16.12.010.F). | Minor land partitions shall be exempt from the minimum density requiremen
or/washington/sherwood,MDRH,min_density_du_per_acre,,stated,"or/washington/sherwood/sdc.16.12.residential.txt#L78-L81,L88-L93",D. Medium Density Residential High (MDRH) | The MDRH zoning district provides for housing and other related uses with a density of 5.5 | to 11 dwelling units per acre (except middle housing types pursuant to 16.12.010.F). Minor land | partitions are exempt from the minimum density requirement. | F .
or/washington/sherwood,MDRL,min_density_du_per_acre,,stated,"or/washington/sherwood/sdc.16.12.residential.txt#L73-L77,L88-L93","C. Medium Density Residential (MDRL) | The MDRL zoning district provides for single-family and duplex housing, manufactured | housing and other related uses with a density of 5.6 to 8 dwelling units per acre (except middle | housing types pursuant to 16.12.010.F). Minor land partitions shall be exem"
or/washington/tigard,MU-CBD,min_lot_sqft,,stated,"or/washington/tigard/tdc.18.650.downtown.txt#L455-L457,L458",Table 18.650.3 Development Standards Table 18.650.3 Development Standards Table 18.650.3 Development Standards Table 18.650.3 Development Standards Table 18.650.3 Development Standards | Standard Sub-Areas Sub-Areas Sub-Areas Sub-Areas | Standard Main Street (MS) 99W/Hall Corridor (99H) Scoffins/Com
or/washington/tigard,MU-CBD,min_lot_width_ft,,stated,"or/washington/tigard/tdc.18.650.downtown.txt#L455-L457,L459",Table 18.650.3 Development Standards Table 18.650.3 Development Standards Table 18.650.3 Development Standards Table 18.650.3 Development Standards Table 18.650.3 Development Standards | Standard Sub-Areas Sub-Areas Sub-Areas Sub-Areas | Standard Main Street (MS) 99W/Hall Corridor (99H) Scoffins/Com
or/washington/tigard,MUR,max_density_du_per_acre,,stated,"or/washington/tigard/tdc.18.805.lot-standards.txt#L31,L51-L59,L93,L100",Lot size. Dimensional standards for lots created or configured for residential development are provided in Table 18.805.1 for all zones where residential development is allowed. | Standard | RES-A | RES-B | RES-C | RES-D | RES-E | MU-CBD | MUC | MUR | Rowhouse | None
or/washington/tigard,MUR,min_lot_sqft,,stated,"or/washington/tigard/tdc.18.805.lot-standards.txt#L31,L51-L59,L93,L100",Lot size. Dimensional standards for lots created or configured for residential development are provided in Table 18.805.1 for all zones where residential development is allowed. | Standard | RES-A | RES-B | RES-C | RES-D | RES-E | MU-CBD | MUC | MUR | Rowhouse | None
or/washington/tigard,RES-D,min_lot_width_ft,,stated,"or/washington/tigard/tdc.18.805.lot-standards.txt#L51-L59,L185,L189",Standard | RES-A | RES-B | RES-C | RES-D | RES-E | MU-CBD | MUC | MUR | Rowhouse | None
or/washington/tigard,RES-E,max_density_du_per_acre,,stated,"or/washington/tigard/tdc.18.805.lot-standards.txt#L31,L51-L59,L93,L98",Lot size. Dimensional standards for lots created or configured for residential development are provided in Table 18.805.1 for all zones where residential development is allowed. | Standard | RES-A | RES-B | RES-C | RES-D | RES-E | MU-CBD | MUC | MUR | Rowhouse | None
or/washington/tigard,RES-E,min_lot_sqft,,stated,"or/washington/tigard/tdc.18.805.lot-standards.txt#L31,L51-L59,L93,L98",Lot size. Dimensional standards for lots created or configured for residential development are provided in Table 18.805.1 for all zones where residential development is allowed. | Standard | RES-A | RES-B | RES-C | RES-D | RES-E | MU-CBD | MUC | MUR | Rowhouse | None
or/washington/tigard,TMU,min_lot_sqft,,stated,or/washington/tigard/tdc.18.660.triangle.txt#L351,"Lot size and shape must be appropriate for the proposed development or, if no development is proposed, for an allowed use. There is no minimum lot area, width, or depth standard in the TMU zone."
or/washington/tigard,TMU,min_lot_width_ft,,stated,or/washington/tigard/tdc.18.660.triangle.txt#L351,"Lot size and shape must be appropriate for the proposed development or, if no development is proposed, for an allowed use. There is no minimum lot area, width, or depth standard in the TMU zone."
or/clackamas/_unincorporated,(default),parking_front_prohibited,,numeric,"or/clackamas/_unincorporated/zdo.845.txt#L19,L51-L55,L121,L193-L197","845.02 Triplexes And Quadplexes | 4 Garages and Off-Street Parking Areas: Garages and off-street parking areas shall not be located between a building and a public street (other than an improved alley that complies with Comprehensive Plan Figure 5-1e or 10-SV-6), except in compliance with Subsection"
or/clackamas/_unincorporated,(default),parking_maneuvering_max_width_ft,,numeric,"or/clackamas/_unincorporated/zdo.845.txt#L19,L51-L55","845.02 Triplexes And Quadplexes | 4 Garages and Off-Street Parking Areas: Garages and off-street parking areas shall not be located between a building and a public street (other than an improved alley that complies with Comprehensive Plan Figure 5-1e or 10-SV-6), except in compliance with Subsection"
or/clackamas/_unincorporated,(default),parking_side_prohibited,,numeric,"or/clackamas/_unincorporated/zdo.845.txt#L51-L55,L115","4 Garages and Off-Street Parking Areas: Garages and off-street parking areas shall not be located between a building and a public street (other than an improved alley that complies with Comprehensive Plan Figure 5-1e or 10-SV-6), except in compliance with Subsections 845.02(1) and (2). | 1 The garag"
or/clackamas/gladstone,(default),parking_side_prohibited,,numeric,"or/clackamas/gladstone/17.48.parking.txt#L456,L466",(2) Parking. | (e) Parking spaces along the outer boundaries of a parking lot shall be contained by a curb at least four inches high and set back a minimum of five feet from the property line. A bumper rail may be substituted for a curb;
or/clackamas/happy-valley,R10,max_density_du_per_acre,,numeric,"or/clackamas/happy-valley/16.22.residential.txt#L468,L471",Standard R-10 R-8.5 R-7 | Townhome maximum density (units per net acre) 17.4 du/net acre 20.5 du/net acre 24.9 du/net acre
or/clackamas/happy-valley,R15,max_density_du_per_acre,,numeric,"or/clackamas/happy-valley/16.22.residential.txt#L278,L281",Standard R-40 R-20 R-15 | Townhome maximum density (units per net acre) 4.4 du/net acre 8.7 du/net acre 11.6 du/net acre
or/clackamas/happy-valley,R20,max_density_du_per_acre,,numeric,"or/clackamas/happy-valley/16.22.residential.txt#L278,L281",Standard R-40 R-20 R-15 | Townhome maximum density (units per net acre) 4.4 du/net acre 8.7 du/net acre 11.6 du/net acre
or/clackamas/happy-valley,R40,max_density_du_per_acre,,numeric,"or/clackamas/happy-valley/16.22.residential.txt#L278,L281",Standard R-40 R-20 R-15 | Townhome maximum density (units per net acre) 4.4 du/net acre 8.7 du/net acre 11.6 du/net acre
or/clackamas/happy-valley,R7,max_density_du_per_acre,,numeric,"or/clackamas/happy-valley/16.22.residential.txt#L468,L471",Standard R-10 R-8.5 R-7 | Townhome maximum density (units per net acre) 17.4 du/net acre 20.5 du/net acre 24.9 du/net acre
or/clackamas/happy-valley,R8.5,max_density_du_per_acre,,numeric,"or/clackamas/happy-valley/16.22.residential.txt#L468,L471",Standard R-10 R-8.5 R-7 | Townhome maximum density (units per net acre) 17.4 du/net acre 20.5 du/net acre 24.9 du/net acre
or/clackamas/milwaukie,(default),parking_maneuvering_max_width_ft,,numeric,"or/clackamas/milwaukie/19.600.parking.txt#L931,L975",1. | Uncovered parking spaces and maneuvering areas cannot exceed 50% of the front yard area.
or/clackamas/oregon-city,(default),parking_front_prohibited,,numeric,or/clackamas/oregon-city/17.zoning.txt#L5417-L5432,"17 . 16.030 . D. 4). | D. In res i dential zones, garages on the front fa9ade | and off-street parking areas in the front yard, are permit­ | ted in compliance with the following standards: | 1. Outdoor on-site parking and maneuvering areas | shall not exceed a total of forty feet wide or fifty per­"
or/clackamas/oregon-city,(default),parking_maneuvering_max_width_ft,,numeric,or/clackamas/oregon-city/17.zoning.txt#L5417-L5432,"17 . 16.030 . D. 4). | D. In res i dential zones, garages on the front fa9ade | and off-street parking areas in the front yard, are permit­ | ted in compliance with the following standards: | 1. Outdoor on-site parking and maneuvering areas | shall not exceed a total of forty feet wide or fifty per­"
or/clackamas/oregon-city,(default),parking_side_prohibited,,numeric,or/clackamas/oregon-city/17.zoning.txt#L5417-L5432,"17 . 16.030 . D. 4). | D. In res i dential zones, garages on the front fa9ade | and off-street parking areas in the front yard, are permit­ | ted in compliance with the following standards: | 1. Outdoor on-site parking and maneuvering areas | shall not exceed a total of forty feet wide or fifty per­"
or/clackamas/tualatin,(default),parking_side_prohibited,,numeric,"or/clackamas/tualatin/40-41.residential.txt#L554,L561-L563","Other Development Types | Parking and Vehicle | Circulation Areas | 10 feet For Townhouses, determined through"
or/clackamas/west-linn,(default),parking_side_prohibited,,numeric,"or/clackamas/west-linn/46.parking.txt#L231,L376-L378,L383","1. “One standard parking space” means a minimum for a parking stall of eight feet in width and 16 feet in length. These stalls shall be identified as “compact.” To accommodate larger cars, 50 percent of the parking spaces shall have a minimum dimension of nine feet in width and 18 feet in length (ni"
or/clackamas/wilsonville,(default),parking_front_prohibited,,numeric,or/clackamas/wilsonville/4.planning.txt#L3538-L3541,3. Garages and Off-Street Parking Areas. The combined width of all garages (measured | from the interior of the garage door frame) and outdoor on-site parking and maneu- | vering areas shall not exceed a total of 50 percent of any street frontage (other than an | alley) (see Figure 6. Width of Garag
or/clackamas/wilsonville,(default),parking_maneuvering_max_width_ft,,numeric,or/clackamas/wilsonville/4.planning.txt#L3538-L3541,3. Garages and Off-Street Parking Areas. The combined width of all garages (measured | from the interior of the garage door frame) and outdoor on-site parking and maneu- | vering areas shall not exceed a total of 50 percent of any street frontage (other than an | alley) (see Figure 6. Width of Garag
or/clackamas/wilsonville,(default),parking_min_per_unit,,numeric,"or/clackamas/wilsonville/4.planning.txt#L13093-L13095,L13102-L13107,L13405-L13410","C. When calculating vehicle parking maximums or bicycle parking requirements in Table 5 for | a development with multiple uses, the requirement shall be the sum of the requirements of the | several uses computed separately. | F . Redevelopment of existing parking areas to other uses is allowed. Rede"
or/clackamas/wilsonville,(default),parking_side_prohibited,,numeric,or/clackamas/wilsonville/4.planning.txt#L3538-L3541,3. Garages and Off-Street Parking Areas. The combined width of all garages (measured | from the interior of the garage door frame) and outdoor on-site parking and maneu- | vering areas shall not exceed a total of 50 percent of any street frontage (other than an | alley) (see Figure 6. Width of Garag
or/clackamas/wilsonville,RN,setback_side_total_ft,,numeric,or/clackamas/wilsonville/4.planning.txt#L7263-L7265,"M. On lots greater than 10,000 SF with frontage 70 ft. or wider, the minimum combined side yard setbacks shall | total 20 ft. with a minimum of 10 ft. On other lots, minimum side setback shall be 5 ft. On a corner lot, minimum | side setbacks are 10 feet."
or/multnomah/fairview,(default),parking_front_prohibited,,numeric,or/multnomah/fairview/19.30.txt#L666-L676,"E. | Garages and Off-Street Parking Areas. Garages and off-street parking areas shall not be located between a building and a public street (other than an alley), except in compliance with the standards in subsections (E)(1), (2) and (3) of this section. | 1. | The garage or off-street parking area "
or/multnomah/fairview,(default),parking_maneuvering_max_width_ft,,numeric,or/multnomah/fairview/19.30.txt#L666-L676,"E. | Garages and Off-Street Parking Areas. Garages and off-street parking areas shall not be located between a building and a public street (other than an alley), except in compliance with the standards in subsections (E)(1), (2) and (3) of this section. | 1. | The garage or off-street parking area "
or/multnomah/fairview,(default),parking_side_prohibited,,numeric,"or/multnomah/fairview/19.30.txt#L666-L676,L856-L858","E. | Garages and Off-Street Parking Areas. Garages and off-street parking areas shall not be located between a building and a public street (other than an alley), except in compliance with the standards in subsections (E)(1), (2) and (3) of this section. | 1. | The garage or off-street parking area "
or/multnomah/fairview,VA,min_lot_sqft,,numeric,"or/multnomah/fairview/19.125.txt#L73,L75-L77,L79-L81,L83-L85,L87-L89",§ 19.125.040. Development standards. | A. | Density. The minimum density shall be no less than 20 units per net acre. The maximum density shall be no more than 30 units per acre. | B. | Lot Coverage. The total of all structures shall cover no more than 65 percent of each lot in the zone. | C. | Heig
or/multnomah/fairview,VA,setback_rear_ft,,numeric,"or/multnomah/fairview/19.125.txt#L73,L87-L89","§ 19.125.040. Development standards. | D. | Setbacks. Front facades shall be set back from right-of-way a distance of either zero feet or 10 feet or 15 feet. There are no setback requirements for side and rear facades, except for the VA zone adjacent to NE Halsey Street where the setback for the Hal"
or/multnomah/fairview,VA,setback_side_ft,,numeric,"or/multnomah/fairview/19.125.txt#L73,L87-L89","§ 19.125.040. Development standards. | D. | Setbacks. Front facades shall be set back from right-of-way a distance of either zero feet or 10 feet or 15 feet. There are no setback requirements for side and rear facades, except for the VA zone adjacent to NE Halsey Street where the setback for the Hal"
or/multnomah/fairview,VC,min_lot_sqft,,numeric,"or/multnomah/fairview/19.135.txt#L52,L114-L116,L118-L120,L122-L124",§ 19.135.030. Development standards. | B. | Density. Residential density shall not exceed 45 units per acre. | C. | Maximum Lot Coverage. Buildings shall cover no more than 75 percent of each lot in the zone. | D. | Height Restrictions. Buildings within the Village commercial or Village mixed use zo
or/multnomah/fairview,VMU,min_lot_sqft,,numeric,"or/multnomah/fairview/19.135.txt#L52,L114-L116,L118-L120,L122-L124",§ 19.135.030. Development standards. | B. | Density. Residential density shall not exceed 45 units per acre. | C. | Maximum Lot Coverage. Buildings shall cover no more than 75 percent of each lot in the zone. | D. | Height Restrictions. Buildings within the Village commercial or Village mixed use zo
or/multnomah/fairview,VMU,setback_front_ft,,numeric,"or/multnomah/fairview/19.135.txt#L52,L54-L56,L82-L84,L86-L88,L102-L104",§ 19.135.030. Development standards. | A. | Setbacks and Design Elements. | 2. | Within the VMU zone: | a. | The VMU area shall be occupied by townhomes and commercial uses. | d. | All buildings shall be set back at least five feet from property lines abutting residential areas.
or/multnomah/gresham,(default),parking_front_prohibited,,numeric,or/multnomah/gresham/7.0400.middle-housing-design.txt#L243-L247,5. Off- Street Parking. All provided off- street parking areas must meet the following standards: | a. Off- street parallel parking spaces for residential uses shall be at least 8 feet wide by 24 feet long. | b. Tandem (end-to-end) parking is allowed only for individual units. | c. Two parking space
or/multnomah/gresham,(default),parking_maneuvering_max_width_ft,,numeric,"or/multnomah/gresham/7.0400.middle-housing-design.txt#L229-L232,L243-L247","3. Attached and detached garages, and carports that face the street, shall not exceed 50 percent of the | street frontage they face. The garage width and frontage length shall be calculated per parent lot. | 4. Where garages and carports face the street: | a. Garages and carports shall be set back a"
or/multnomah/gresham,(default),parking_side_prohibited,,numeric,or/multnomah/gresham/7.0400.middle-housing-design.txt#L243-L247,5. Off- Street Parking. All provided off- street parking areas must meet the following standards: | a. Off- street parallel parking spaces for residential uses shall be at least 8 feet wide by 24 feet long. | b. Tandem (end-to-end) parking is allowed only for individual units. | c. Two parking space
or/multnomah/gresham,MDR-24,min_density_du_per_acre,,numeric,"or/multnomah/gresham/4.0100.residential.txt#L233-L234,L244-L246",Table 4.0130: Development Requirements for Residential Land Use Districts | LDR-5 LDR-7 TR TLDR MDR-12 MDR-24 OFR | C. Minimum Net Density3 (See definition of Net Density in Article 3) | All uses except 6.22 units per 4.35 units per 6.22 units per 10 units per 8.71 units per 12.1 units per 8.71 unit
or/multnomah/gresham,RTC,min_density_du_per_acre,,numeric,"or/multnomah/gresham/4.0400.corridor.txt#L295,L316-L321",RTC SC SC-RJ CMF14 CMU CC MC | E. Minimum 18 units per acre 18 units per acre 18 units per acre for 12 units per 12 units per acre 12 units per 12 units per | Residential for Townhouses; for Townhouses; Townhouses; 24 acre acre acre | Net Density15 20 units per acre 24 units per acre units per acre 
or/multnomah/gresham,SC,min_density_du_per_acre,,numeric,"or/multnomah/gresham/4.0400.corridor.txt#L295,L316-L321",RTC SC SC-RJ CMF14 CMU CC MC | E. Minimum 18 units per acre 18 units per acre 18 units per acre for 12 units per 12 units per acre 12 units per 12 units per | Residential for Townhouses; for Townhouses; Townhouses; 24 acre acre acre | Net Density15 20 units per acre 24 units per acre units per acre 
or/multnomah/gresham,SC-RJ,min_density_du_per_acre,,numeric,"or/multnomah/gresham/4.0400.corridor.txt#L295,L316-L321",RTC SC SC-RJ CMF14 CMU CC MC | E. Minimum 18 units per acre 18 units per acre 18 units per acre for 12 units per 12 units per acre 12 units per 12 units per | Residential for Townhouses; for Townhouses; Townhouses; 24 acre acre acre | Net Density15 20 units per acre 24 units per acre units per acre 
or/multnomah/portland,(default),parking_min_per_unit,,numeric,or/multnomah/portland/33.266.txt#L10-L17,"Motor Vehicle Parking | 33.266.100 General Regulations | 33.266.110 Required Carpool and Electric Vehicle Parking | 33.266.115 Maximum Allowed Parking Spaces | 33.266.120 Development Standards for Houses, Duplexes, Triplexes, and Fourplexes | 33.266.130 Development Standards for All Other Developmen"
or/multnomah/portland,(default),parking_side_prohibited,,numeric,or/multnomah/portland/33.266.txt#L290-L293,(1) Parking spaces located entirely behind the front and side street building | lines of a primary structure are allowed; and | (2) Driveways to parking spaces located entirely behind the front and side | street building lines of a primary structure are allowed.
or/multnomah/portland,CX,open_space_min_sqft,,numeric,"or/multnomah/portland/33.130.txt#L618,L663-L664",Standards CR CM1 CM2 CM3 CE CX | Required Residential Outdoor Area Yes Yes Yes Yes Yes No | (see 33.130.228)
or/multnomah/portland,EX,min_lot_sqft,,numeric,or/multnomah/portland/33.140.txt#L451-L452,33.140.200 Lot Size | Lot size regulations are in Chapters 33.614 and 33.615.
or/multnomah/portland,RX,min_lot_sqft,,numeric,or/multnomah/portland/33.120.txt#L463-L467,RX Zone | Lot 10 foot front lot line | Adjusted Lot | Lot Remnant | Lot of Record
or/multnomah/troutdale,MU-2,min_lot_sqft,,numeric,"or/multnomah/troutdale/3.zoning-districts.txt#L684-L688,L724-L725",Dimensional Standard MU-1 MU-2 MU-3 | Minimum lot size (sq. ft.) see 3.235.A see 3.235.A see 3.235.A | Minimum lot width (ft.) 15 15 15 | Minimum lot depth (ft.) see 3.235.B see 3.235.B see 3.235.B | Minimum lot frontage (ft.) 15 15 15 | A. Minimum lot size for residential uses. The minimum lot size
or/multnomah/troutdale,MU-3,min_lot_sqft,,numeric,"or/multnomah/troutdale/3.zoning-districts.txt#L684-L688,L724-L725",Dimensional Standard MU-1 MU-2 MU-3 | Minimum lot size (sq. ft.) see 3.235.A see 3.235.A see 3.235.A | Minimum lot width (ft.) 15 15 15 | Minimum lot depth (ft.) see 3.235.B see 3.235.B see 3.235.B | Minimum lot frontage (ft.) 15 15 15 | A. Minimum lot size for residential uses. The minimum lot size
or/multnomah/wood-village,(default),parking_side_prohibited,,numeric,"or/multnomah/wood-village/350.065.all-other-uses.txt#L60,L70,L72-L75","A. Where These Standards Apply. The standards of this section apply to all vehicle areas whether required or excess parking, except for residential parking areas subject to the standards of Section 350.050 through 350.055. | C. Setbacks and Perimeter Landscaping for Surface Parking Areas. The minimu"
or/multnomah/wood-village,MR 2,min_lot_depth_ft,unit_lots,numeric,"or/multnomah/wood-village/220.320.txt#L64-L66,L69",Table 220-3. Housing Types Allowed | Standard MR4 and MR2 MR4 and MR2 MR4 and MR2 MR4 and MR2 | Standard Townhouse Detached Single Dwelling Duplex Triplex Quadplex Cottage Housing | - Min. lot depth (See 220.320) 80 ft 80 ft
or/multnomah/wood-village,MR 4,min_lot_depth_ft,unit_lots,numeric,"or/multnomah/wood-village/220.320.txt#L64-L66,L69",Table 220-3. Housing Types Allowed | Standard MR4 and MR2 MR4 and MR2 MR4 and MR2 MR4 and MR2 | Standard Townhouse Detached Single Dwelling Duplex Triplex Quadplex Cottage Housing | - Min. lot depth (See 220.320) 80 ft 80 ft
or/washington/_unincorporated,R-15,max_density_du_per_acre,,numeric,or/washington/_unincorporated/cdc.305.r-15.txt#L257-L259,"305-6.1 Middle Housing in the R-15 District | A. Density is not a consideration for development of the three Middle Housing | types listed below, however the following limits apply to the parent lot:"
or/washington/_unincorporated,R-15 NB,max_density_du_per_acre,,numeric,or/washington/_unincorporated/cdc.390.north-bethany.txt#L794-L799,"390-10.5 Density/Number of Units | In the R-15 NB District: | A. Middle Housing | (1) Density is not a consideration for development of the three Middle | Housing types listed below, however the following limits apply to the | parent lot:"
or/washington/_unincorporated,R-24,max_density_du_per_acre,,numeric,or/washington/_unincorporated/cdc.306.r-24.txt#L243-L245,"306-6.1 Middle Housing in the R-24 District | A. Density is not a consideration for development of the three Middle Housing | types listed below, however the following limits apply to the parent lot:"
or/washington/_unincorporated,R-25+,max_density_du_per_acre,,numeric,or/washington/_unincorporated/cdc.307.r-25plus.txt#L249-L251,"307-6.1 Middle Housing in the R-25+ District | A. Density is not a consideration for development of the three Middle Housing | types listed below, however the following limits apply to the parent lot:"
or/washington/_unincorporated,R-5,max_density_du_per_acre,,numeric,or/washington/_unincorporated/cdc.302.r-5.txt#L251-L253,"302-6.1 Middle Housing in the R-5 District: | A. Density is not a consideration for development of the three Middle Housing | types listed below, however the following limits apply to the parent lot:"
or/washington/_unincorporated,R-6,max_density_du_per_acre,,numeric,or/washington/_unincorporated/cdc.303.r-6.txt#L254-L256,"303-6.1 Middle Housing in the R-6 District | A. Density is not a consideration for development of the three Middle Housing | types listed below, however the following limits apply to the parent lot:"
or/washington/_unincorporated,R-6 NB,max_density_du_per_acre,,numeric,or/washington/_unincorporated/cdc.390.north-bethany.txt#L316-L321,"390-8.5 Density/Number of Units | In the R-6 NB District: | A. Middle Housing | (1) Density is not a consideration for development of the three Middle | Housing types listed below, however, the following limits apply to the | parent lot:"
or/washington/_unincorporated,R-9,max_density_du_per_acre,,numeric,or/washington/_unincorporated/cdc.304.r-9.txt#L260-L262,"304-6.1 Middle Housing in the R-9 District | A. Density is not a consideration for development of the three Middle Housing | types listed below, however the following limits apply to the parent lot:"
or/washington/sherwood,HDR,max_density_du_per_acre,,numeric,or/washington/sherwood/sdc.16.12.residential.txt#L88-L92,"F . Density Standards for Middle Housing | In the residential zones, density standards shall be applied to middle housing types as | established here. | 1. Maximum density standards shall not be applied to duplex, triplex, quadplex or cottage | cluster development."
or/washington/sherwood,LDR,max_density_du_per_acre,,numeric,or/washington/sherwood/sdc.16.12.residential.txt#L88-L92,"F . Density Standards for Middle Housing | In the residential zones, density standards shall be applied to middle housing types as | established here. | 1. Maximum density standards shall not be applied to duplex, triplex, quadplex or cottage | cluster development."
or/washington/sherwood,MDRH,max_density_du_per_acre,,numeric,or/washington/sherwood/sdc.16.12.residential.txt#L88-L92,"F . Density Standards for Middle Housing | In the residential zones, density standards shall be applied to middle housing types as | established here. | 1. Maximum density standards shall not be applied to duplex, triplex, quadplex or cottage | cluster development."
or/washington/sherwood,MDRL,max_density_du_per_acre,,numeric,or/washington/sherwood/sdc.16.12.residential.txt#L88-L92,"F . Density Standards for Middle Housing | In the residential zones, density standards shall be applied to middle housing types as | established here. | 1. Maximum density standards shall not be applied to duplex, triplex, quadplex or cottage | cluster development."
or/washington/sherwood,VLDR,max_density_du_per_acre,,numeric,or/washington/sherwood/sdc.16.12.residential.txt#L88-L92,"F . Density Standards for Middle Housing | In the residential zones, density standards shall be applied to middle housing types as | established here. | 1. Maximum density standards shall not be applied to duplex, triplex, quadplex or cottage | cluster development."
or/washington/sherwood,VLDR,min_density_du_per_acre,,numeric,"or/washington/sherwood/sdc.16.12.residential.txt#L12-L18,L88-L93","A. Very Low Density Residential (VLDR) | 1. Standard Density | The VLDR zoning district provides for low density, larger lot single-family housing and | other related uses in natural resource and environmentally sensitive areas that warrant | preservation but are otherwise deemed suitable for limite"
or/washington/sherwood,VLDR_PUD,max_density_du_per_acre,,numeric,or/washington/sherwood/sdc.16.12.residential.txt#L88-L92,"F . Density Standards for Middle Housing | In the residential zones, density standards shall be applied to middle housing types as | established here. | 1. Maximum density standards shall not be applied to duplex, triplex, quadplex or cottage | cluster development."
or/washington/sherwood,VLDR_PUD,min_density_du_per_acre,,numeric,"or/washington/sherwood/sdc.16.12.residential.txt#L19-L24,L88-L93","2. VLDR Planned Unit Development Density Standards | Property in the VLDR zone that is developed through the Planned Unit Development | (PUD) process under Chapter 16.40, if all floodplain, wetlands, and other natural | resource areas are dedicated or remain in common open space, may develop to a de"
or/washington/tigard,(default),parking_max_per_unit,,numeric,or/washington/tigard/tdc.18.410.parking.txt#L385-L401,§ 18.410.060. Vehicle and Bicycle Parking Quantity Standards. | Table 18.410.3 | Vehicle and Bicycle Parking Quantity Standards | Table 18.410.3 | Vehicle and Bicycle Parking Quantity Standards | Table 18.410.3 | Vehicle and Bicycle Parking Quantity Standards | Parking space standards are calculated
or/clackamas/lake-oswego,R-2,max_density_du_per_acre,,dash,"or/clackamas/lake-oswego/50.04.dimensional.txt#L1220,L1224",Maximum (units/acre) | —
or/clackamas/lake-oswego,R-6,max_density_du_per_acre,,dash,"or/clackamas/lake-oswego/50.04.dimensional.txt#L517,L518",Maximum (units/acre) | —
or/clackamas/happy-valley,(default),parking_side_prohibited,,silent,"or/clackamas/happy-valley/16.43.parking.txt#L515,L523,L527","No off-street parking shall be allowed in the landscaped yard areas of any lot. | Parking areas, which abut a residential zoning district, shall meet the setback of the most restrictive adjoining residential zoning district. | Parking areas shall be set back from a lot line adjoining a street the sa"
or/multnomah/_unincorporated,(default),parking_side_prohibited,,silent,or/multnomah/_unincorporated/39.parking.txt#L433-L437,"(A) Any required yard which abuts upon a | street lot line shall not be used for a parking or | loading space, vehicle maneuvering area or | access drive other than a drive connecting | directly to a street perpendicularly."
