id,verdict,flags,layer,zone,row,encoded,read,form,confidence,for_this_zone,alternatives,fragment,note,quote,notes_seen,notes_changing,changes_the_figure,variants_held,unheld_exception,effects
00007,agree,noted,or/clackamas/_unincorporated,defaults,parking_min_per_unit,1,1,spaces per unit,clear,unknown,"Townhouse row, same two columns: 1 | Quadplex under MR-1 & MR-2 and most other columns: Same as multifamily dwelling | unnumbered exception below the table: minimums may be reduced 40 percent within a quarter mile of light rail",Quadplex | Zoning District: R-5 – R-30: 1[3]; Zoning District: VR-4/5 & VR-5/7: 1[3] (Table 1015-2),Zone is the layer default but the 1 is read from only two of the nine district columns (R-5 – R-30 and VR-4/5 & VR-5/7); the Quadplex row reads Same as multifamily dwelling in most of the others.,"or/clackamas/_unincorporated/zdo.1015.txt#L218,L220-L222,L334-L336,L356,L360",5,1,True,0,True,[3] no additional spaces required where an existing detached house is converted to middle housing
00060,agree,,or/clackamas/_unincorporated,VR57,max_height_ft,35,35,feet,clear,True,,Maximum Building Height | VR-5/7: 35 feet[9],,or/clackamas/_unincorporated/zdo.315.txt#L1320-L1323,27,0,False,0,False,
00061,agree,,or/clackamas/_unincorporated,VR57,setback_front_ft,10,10,feet,clear,True,19½ feet to the garage door/carport motor vehicle entry for a dwelling with a non-recessed garage/carport,Minimum Front Setback | VR-5/7: 10 feet for a dwelling with a recessed garage/carport or no garage/carport,,or/clackamas/_unincorporated/zdo.315.txt#L1324-L1327,27,2,True,0,True,"[12] setback standards do not apply in a Sunnyside Village Resource Protection Area | [13] 0 on a middle housing lot, except at the plat perimeter or lot lines abutting a road/access drive"
00062,agree,,or/clackamas/_unincorporated,VR57,setback_front_max_ft,18,18,feet,clear,True,20½ feet to the garage door/carport motor vehicle entry for a dwelling with a non-recessed garage/carport,Maximum Front Setback | VR-5/7: 18 feet for a dwelling with a recessed garage/carport or no garage/carport,,or/clackamas/_unincorporated/zdo.315.txt#L1328-L1331,27,4,True,0,True,[12] setback standards do not apply in a Sunnyside Village Resource Protection Area | [18] a public utility easement that precludes compliance moves the maximum as close to the front lot line as possible | [19] exempt where the lot has less than 35 feet of street frontage | [20] with more than one front lot line only two intersecting front lot lines must meet the maximum
00063,agree,,or/clackamas/_unincorporated,VR57,setback_garage_entrance_ft,19.5,19.5,feet,clear,True,"10 feet for a dwelling with a recessed garage/carport or no garage/carport | 20½ feet, the same branch of the Maximum Front Setback row",Minimum Front Setback | VR-5/7: 19½ feet to the garage door/carport motor vehicle entry for a dwelling with a non-recessed garage/carport,,or/clackamas/_unincorporated/zdo.315.txt#L1324-L1327,27,2,True,0,True,"[12] setback standards do not apply in a Sunnyside Village Resource Protection Area | [13] 0 on a middle housing lot, except at the plat perimeter or lot lines abutting a road/access drive"
00064,agree,,or/clackamas/_unincorporated,VR57,setback_side_ft,5,5,feet,inferred,True,0 on one side,"Minimum Side Setback | VR-5/7: 0 on one side; 5 feet on all other sides[9,12,21]",,or/clackamas/_unincorporated/zdo.315.txt#L1335-L1338,27,3,True,0,True,"[12] setback standards do not apply in a Sunnyside Village Resource Protection Area | [13] 0 on a middle housing lot, except at the plat perimeter or lot lines abutting a road/access drive | [21] 0 in a planned unit development except at rear/side lot lines on the plat perimeter; it supersedes this cell"
00065,agree,noted,or/clackamas/_unincorporated,VR57,setback_rear_ft,15,15,feet,clear,True,"15 feet[21], the second printed value","Minimum Rear Setback | 15 feet[9,12,13,21] (first of two values printed under three column headers)","The Minimum Rear Setback row prints only two values under three column headers (VR-5/7, VR-4/5, VTH), so the column mapping cannot be proved from the extract; both printed values are 15 feet.",or/clackamas/_unincorporated/zdo.315.txt#L1332-L1334,27,3,True,0,True,"[12] setback standards do not apply in a Sunnyside Village Resource Protection Area | [13] 0 on a middle housing lot, except at the plat perimeter or lot lines abutting a road/access drive | [21] 0 in a planned unit development except at rear/side lot lines on the plat perimeter; it supersedes this cell"
00066,agree,noted,or/clackamas/_unincorporated,VR57,max_coverage_pct,50,50,percent,clear,True,"50 percent[8], the second printed value",Maximum Lot Coverage | 50 percent[8] (first of two values printed under three column headers),"The Maximum Lot Coverage row prints only two values under three column headers, so the column mapping cannot be proved from the extract; both printed values are 50 percent.",or/clackamas/_unincorporated/zdo.315.txt#L1297-L1299,27,0,False,0,False,
00068,agree,,or/clackamas/_unincorporated,VR45,max_height_ft,35,35,feet,clear,True,,Maximum Building Height | VR-4/5: 35 feet[9],,or/clackamas/_unincorporated/zdo.315.txt#L1320-L1323,27,0,False,0,False,
00069,agree,,or/clackamas/_unincorporated,VR45,setback_front_ft,10,10,feet,clear,True,"VR-5/7 cell: 10 feet recessed, 19½ feet to a non-recessed garage door","Minimum Front Setback | VR-4/5: 10 feet[12,13,14]",,or/clackamas/_unincorporated/zdo.315.txt#L1324-L1327,27,2,True,0,True,"[12] setback standards do not apply in a Sunnyside Village Resource Protection Area | [13] 0 on a middle housing lot, except at the plat perimeter or lot lines abutting a road/access drive"
00070,agree,,or/clackamas/_unincorporated,VR45,setback_front_max_ft,18,18,feet,clear,True,"VR-5/7 cell: 18 feet recessed, 20½ feet to a non-recessed garage door","Maximum Front Setback | VR-4/5: 18 feet[12,13,18,19,20]",,or/clackamas/_unincorporated/zdo.315.txt#L1328-L1331,27,4,True,0,True,[12] setback standards do not apply in a Sunnyside Village Resource Protection Area | [18] a public utility easement that precludes compliance moves the maximum as close to the front lot line as possible | [19] exempt where the lot has less than 35 feet of street frontage | [20] with more than one front lot line only two intersecting front lot lines must meet the maximum
00071,agree,,or/clackamas/_unincorporated,VR45,setback_side_ft,5,5,feet,inferred,True,0 on one side,"Minimum Side Setback | VR-4/5: 0 on one side; 5 feet on all other sides[9,12,21]",,or/clackamas/_unincorporated/zdo.315.txt#L1335-L1338,27,3,True,0,True,"[12] setback standards do not apply in a Sunnyside Village Resource Protection Area | [13] 0 on a middle housing lot, except at the plat perimeter or lot lines abutting a road/access drive | [21] 0 in a planned unit development except at rear/side lot lines on the plat perimeter; it supersedes this cell"
00072,agree,noted,or/clackamas/_unincorporated,VR45,setback_rear_ft,15,15,feet,clear,True,"15 feet[9,12,13,21], the first printed value",Minimum Rear Setback | 15 feet[21] (second of two values printed under three column headers),"The Minimum Rear Setback row prints only two values under three column headers, so which one is VR-4/5 cannot be proved from the extract; both are 15 feet.",or/clackamas/_unincorporated/zdo.315.txt#L1332-L1334,27,3,True,0,True,"[12] setback standards do not apply in a Sunnyside Village Resource Protection Area | [13] 0 on a middle housing lot, except at the plat perimeter or lot lines abutting a road/access drive | [21] 0 in a planned unit development except at rear/side lot lines on the plat perimeter; it supersedes this cell"
00073,agree,noted,or/clackamas/_unincorporated,VR45,max_coverage_pct,50,50,percent,clear,True,"50 percent[8], the first printed value",Maximum Lot Coverage | 50 percent[8] (second of two values printed under three column headers),"The Maximum Lot Coverage row prints only two values under three column headers, so which one is VR-4/5 cannot be proved from the extract; both are 50 percent.",or/clackamas/_unincorporated/zdo.315.txt#L1297-L1299,27,0,False,0,False,
00104,agree,,or/clackamas/happy-valley,defaults,parking_min_per_unit,1,1,spaces per unit,clear,True,Single-family detached row: 2 per dwelling | Multifamily dwellings containing five or more units: 1 per dwelling[5],"Single-family attached (townhome), duplex, triplex, quadplex, cottage cluster | Minimum Parking Spaces: 1 per dwelling[3,5]",,or/clackamas/happy-valley/16.43.parking.txt#L215-L216,5,2,True,0,True,"[3] no additional spaces required for a housing type conversion, e.g. a detached house to a triplex | [5] exempt from the minimum where units are under 750 sq ft, or affordable, publicly supported or SRO housing"
00111,agree,,or/clackamas/happy-valley,R40,max_height_ft,45,45,feet,clear,True,"49 feet at side and rear elevations, per note 5",Building height (maximum) | R-40: 45 feet[5],,"or/clackamas/happy-valley/16.22.residential.txt#L278,L298",7,2,True,0,True,"[5] 45 ft is the front elevation; side and rear elevations may reach 49 ft (worded for single-family residential) | [6] after a middle housing land division of a fourplex the standard applies to the parent lot, not the child lot"
00112,agree,,or/clackamas/happy-valley,R40,max_density_du_per_acre [unit_lots],4.4,4.4,units per net acre,clear,True,"Lot size (minimum and maximum density) for quadplex, R-40: 40,000 sq. ft., a different basis",Townhome maximum density (units per net acre) | R-40: 4.4 du/net acre,,"or/clackamas/happy-valley/16.22.residential.txt#L278,L281",7,1,True,1,False,"[6] after a middle housing land division of a fourplex the standard applies to the parent lot, not the child lot"
00113,agree,,or/clackamas/happy-valley,R40,setback_front_ft,22,22,feet,clear,True,"Cottage cluster, front: 10 feet","Building setbacks (minimum), Front | R-40: 22 feet",,or/clackamas/happy-valley/16.22.residential.txt#L290,7,1,True,0,True,"[6] after a middle housing land division of a fourplex the standard applies to the parent lot, not the child lot"
00114,agree,,or/clackamas/happy-valley,R40,setback_side_ft,15,15,feet,clear,True,"0 feet, the townhome branch of the same cell (note 4) | Cottage cluster, interior side: 10 feet","Building setbacks (minimum), Interior side | R-40: 15/0[4] feet",,or/clackamas/happy-valley/16.22.residential.txt#L292,7,2,True,1,False,"[4] 0 for townhomes where the adopted building code allows it | [6] after a middle housing land division of a fourplex the standard applies to the parent lot, not the child lot"
00115,agree,,or/clackamas/happy-valley,R40,setback_side_ft [attached_wall+unit_lots],0,0,feet,clear,True,"15 feet, the base branch of the same cell","Building setbacks (minimum), Interior side | R-40: 15/0[4] feet",,"or/clackamas/happy-valley/16.22.residential.txt#L292,L305",7,1,True,1,False,"[6] after a middle housing land division of a fourplex the standard applies to the parent lot, not the child lot"
00116,agree,,or/clackamas/happy-valley,R40,setback_rear_ft,22,22,feet,clear,True,"Cottage cluster, rear: 10 feet","Building setbacks (minimum), Rear | R-40: 22 feet",,or/clackamas/happy-valley/16.22.residential.txt#L291,7,1,True,0,True,"[6] after a middle housing land division of a fourplex the standard applies to the parent lot, not the child lot"
00117,agree,,or/clackamas/happy-valley,R40,setback_street_side_ft,15,15,feet,clear,True,"Cottage cluster, street side: 10 feet","Building setbacks (minimum), Street side (corner lot) | R-40: 15 feet",,or/clackamas/happy-valley/16.22.residential.txt#L293,7,1,True,0,True,"[6] after a middle housing land division of a fourplex the standard applies to the parent lot, not the child lot"
00118,agree,,or/clackamas/happy-valley,R40,min_lot_sqft,40000,40000,square feet,clear,True,"Lot size (minimum): Townhome, R-40: 1,500 sq. ft.","Lot size (minimum and maximum density): Single-family detached, duplex, triplex, quadplex, cottage cluster[1,6] | R-40: 40,000 sq. ft.",,or/clackamas/happy-valley/16.22.residential.txt#L279,7,1,True,1,False,"[6] after a middle housing land division of a fourplex the standard applies to the parent lot, not the child lot"
00119,agree,,or/clackamas/happy-valley,R40,min_lot_sqft [unit_lots],1500.0,1500,square feet,clear,True,"Lot size row for quadplex, R-40: 40,000 sq. ft.","Lot size (minimum): Townhome[1] | R-40: 1,500 sq. ft.",,or/clackamas/happy-valley/16.22.residential.txt#L280,7,1,True,1,False,"[6] after a middle housing land division of a fourplex the standard applies to the parent lot, not the child lot"
00120,agree,,or/clackamas/happy-valley,R40,min_lot_width_ft,100,100,feet,clear,True,"Street frontage (minimum), all other lots, R-40: 100 feet, a different standard","Lot width (minimum)[2,6] | R-40: 100 feet",,or/clackamas/happy-valley/16.22.residential.txt#L282,7,2,True,1,False,"[2] townhomes are exempt from the minimum lot width | [6] after a middle housing land division of a fourplex the standard applies to the parent lot, not the child lot"
00121,agree,,or/clackamas/happy-valley,R40,min_lot_depth_ft,200,200,feet,clear,True,,Lot depth (minimum) | R-40: 200 feet,,or/clackamas/happy-valley/16.22.residential.txt#L283,7,1,True,0,True,"[6] after a middle housing land division of a fourplex the standard applies to the parent lot, not the child lot"
00122,agree,,or/clackamas/happy-valley,R40,min_frontage_ft,100,100,feet,clear,True,Lots fronting on cul-de-sac: 70 feet | Townhomes: 20 feet | Lot width (minimum): 100 feet,"Street frontage (minimum), All other lots | R-40: 100 feet",,"or/clackamas/happy-valley/16.22.residential.txt#L284,L286",7,1,True,1,False,"[6] after a middle housing land division of a fourplex the standard applies to the parent lot, not the child lot"
00123,agree,,or/clackamas/happy-valley,R40,min_frontage_ft [unit_lots],20,20,feet,clear,True,All other lots: 100 feet | Lots fronting on cul-de-sac: 70 feet,"Street frontage (minimum), Townhomes | R-40: 20 feet",,or/clackamas/happy-valley/16.22.residential.txt#L287,7,1,True,1,False,"[6] after a middle housing land division of a fourplex the standard applies to the parent lot, not the child lot"
00124,agree,,or/clackamas/happy-valley,R40,max_coverage_pct,20,20,percent,clear,True,"1,000 square feet of buildings, decks, stairways and entry bridges for townhomes, per note 7","Lot coverage (maximum)[3,6,7] | R-40: 20%",,or/clackamas/happy-valley/16.22.residential.txt#L288,7,2,True,0,True,"[6] after a middle housing land division of a fourplex the standard applies to the parent lot, not the child lot | [7] townhomes get the greater of the table percentage or 1,000 sq ft of buildings/decks over 30 inches"
00127,agree,,or/clackamas/happy-valley,R20,max_height_ft,45,45,feet,clear,True,"49 feet at side and rear elevations, per note 5",Building height (maximum) | R-20: 45 feet[5],,"or/clackamas/happy-valley/16.22.residential.txt#L278,L298",7,2,True,0,True,"[5] 45 ft is the front elevation; side and rear elevations may reach 49 ft (worded for single-family residential) | [6] after a middle housing land division of a fourplex the standard applies to the parent lot, not the child lot"
00128,agree,,or/clackamas/happy-valley,R20,max_density_du_per_acre [unit_lots],8.7,8.7,units per net acre,clear,True,"Lot size (minimum and maximum density) for quadplex, R-20: 20,000 sq. ft., a different basis",Townhome maximum density (units per net acre) | R-20: 8.7 du/net acre,,"or/clackamas/happy-valley/16.22.residential.txt#L278,L281",7,1,True,1,False,"[6] after a middle housing land division of a fourplex the standard applies to the parent lot, not the child lot"
00129,agree,,or/clackamas/happy-valley,R20,setback_front_ft,22,22,feet,clear,True,"Cottage cluster, front: 10 feet","Building setbacks (minimum), Front | R-20: 22 feet",,or/clackamas/happy-valley/16.22.residential.txt#L290,7,1,True,0,True,"[6] after a middle housing land division of a fourplex the standard applies to the parent lot, not the child lot"
00130,agree,,or/clackamas/happy-valley,R20,setback_side_ft,10,10,feet,clear,True,"0 feet, the townhome branch of the same cell (note 4) | Cottage cluster, interior side: 10 feet","Building setbacks (minimum), Interior side | R-20: 10/0[4] feet",,or/clackamas/happy-valley/16.22.residential.txt#L292,7,2,True,1,False,"[4] 0 for townhomes where the adopted building code allows it | [6] after a middle housing land division of a fourplex the standard applies to the parent lot, not the child lot"
00131,agree,,or/clackamas/happy-valley,R20,setback_side_ft [attached_wall+unit_lots],0,0,feet,clear,True,"10 feet, the base branch of the same cell","Building setbacks (minimum), Interior side | R-20: 10/0[4] feet",,"or/clackamas/happy-valley/16.22.residential.txt#L292,L305",7,1,True,1,False,"[6] after a middle housing land division of a fourplex the standard applies to the parent lot, not the child lot"
00132,agree,,or/clackamas/happy-valley,R20,setback_rear_ft,22,22,feet,clear,True,"Cottage cluster, rear: 10 feet","Building setbacks (minimum), Rear | R-20: 22 feet",,or/clackamas/happy-valley/16.22.residential.txt#L291,7,1,True,0,True,"[6] after a middle housing land division of a fourplex the standard applies to the parent lot, not the child lot"
00133,agree,,or/clackamas/happy-valley,R20,setback_street_side_ft,15,15,feet,clear,True,"Cottage cluster, street side: 10 feet","Building setbacks (minimum), Street side (corner lot) | R-20: 15 feet",,or/clackamas/happy-valley/16.22.residential.txt#L293,7,1,True,0,True,"[6] after a middle housing land division of a fourplex the standard applies to the parent lot, not the child lot"
00134,agree,,or/clackamas/happy-valley,R20,min_lot_sqft,20000,20000,square feet,clear,True,"Lot size (minimum): Townhome, R-20: 1,500 sq. ft.","Lot size (minimum and maximum density): Single-family detached, duplex, triplex, quadplex, cottage cluster[1,6] | R-20: 20,000 sq. ft.",,or/clackamas/happy-valley/16.22.residential.txt#L279,7,1,True,1,False,"[6] after a middle housing land division of a fourplex the standard applies to the parent lot, not the child lot"
00135,agree,,or/clackamas/happy-valley,R20,min_lot_sqft [unit_lots],1500.0,1500,square feet,clear,True,"Lot size row for quadplex, R-20: 20,000 sq. ft.","Lot size (minimum): Townhome[1] | R-20: 1,500 sq. ft.",,or/clackamas/happy-valley/16.22.residential.txt#L280,7,1,True,1,False,"[6] after a middle housing land division of a fourplex the standard applies to the parent lot, not the child lot"
00136,agree,,or/clackamas/happy-valley,R20,min_lot_width_ft,80,80,feet,clear,True,"Street frontage (minimum), all other lots, R-20: 80 feet, a different standard","Lot width (minimum)[2,6] | R-20: 80 feet",,or/clackamas/happy-valley/16.22.residential.txt#L282,7,2,True,1,False,"[2] townhomes are exempt from the minimum lot width | [6] after a middle housing land division of a fourplex the standard applies to the parent lot, not the child lot"
00137,agree,,or/clackamas/happy-valley,R20,min_lot_depth_ft,100,100,feet,clear,True,,Lot depth (minimum) | R-20: 100 feet,,or/clackamas/happy-valley/16.22.residential.txt#L283,7,1,True,0,True,"[6] after a middle housing land division of a fourplex the standard applies to the parent lot, not the child lot"
00138,agree,,or/clackamas/happy-valley,R20,min_frontage_ft,80,80,feet,clear,True,"50 feet - ""Lots fronting on cul-de-sac"" row, R-20 | 20 feet - ""Townhomes"" frontage row, R-20","Street frontage (minimum) / ""All other lots"" - R-20 column: 100 feet | 80 feet | 60 feet",,"or/clackamas/happy-valley/16.22.residential.txt#L284,L286",7,0,False,1,False,
00139,agree,,or/clackamas/happy-valley,R20,min_frontage_ft [unit_lots],20,20,feet,clear,True,"80 feet - ""All other lots"" row, R-20 (base) | 50 feet - cul-de-sac row, R-20","Street frontage (minimum) / ""Townhomes"" - R-20 column: 20 feet",,or/clackamas/happy-valley/16.22.residential.txt#L287,7,0,False,1,False,
00140,agree,,or/clackamas/happy-valley,R20,max_coverage_pct,30,30,percent,clear,True,"1,000 sq ft of building/deck area - the townhome alternative in note 7","""Lot coverage (maximum)[3,6,7]"" - R-20 column: 20% | 30% | 35%",,or/clackamas/happy-valley/16.22.residential.txt#L288,7,1,True,0,True,"[7] Townhomes may instead take the greater of the table percent or 1,000 sq ft of building/deck area."
00143,agree,,or/clackamas/happy-valley,R15,max_height_ft,45,45,feet,clear,True,49 feet - side and rear elevations under note 5,"""Building height (maximum)"" - R-15 column: 45 feet[5]",,"or/clackamas/happy-valley/16.22.residential.txt#L278,L298",7,1,True,0,True,[5] The 45 ft is the front elevation only; side and rear elevations may go to 49 ft.
00144,agree,noted,or/clackamas/happy-valley,R15,max_density_du_per_acre [unit_lots],11.6,11.6,units per net acre,clear,True,"15,000 sq. ft. - ""Lot size (minimum and maximum density)"" quadplex row, R-15","""Townhome maximum density (units per net acre)"" - R-15 column: 4.4 | 8.7 | 11.6 du/net acre","Printed as du per NET acre, not per gross acre - note 1 uses gross acre for cottage clusters, so the two denominators in this one table differ.","or/clackamas/happy-valley/16.22.residential.txt#L278,L281",7,0,False,1,False,
00145,agree,,or/clackamas/happy-valley,R15,setback_front_ft,22,22,feet,clear,True,,"Building setbacks (minimum)[6] / ""Front"" - R-15 column: 22 feet",,or/clackamas/happy-valley/16.22.residential.txt#L290,7,0,False,0,False,
00146,agree,noted,or/clackamas/happy-valley,R15,setback_side_ft,7,7,feet,clear,True,"0 feet - the ""/0[4]"" half of the same cell, for townhomes","Building setbacks (minimum)[6] / ""Interior side"" - R-15 column: 15/0[4] | 10/0[4] | 7/0[4] feet","The cell prints two operands (""7/0[4] feet""): the first is the general interior side setback and the second is the footnoted townhome/common-wall option.",or/clackamas/happy-valley/16.22.residential.txt#L292,7,1,True,1,False,[4] Interior side drops to 0 ft for townhome units where the adopted building code allows the common wall.
00147,agree,,or/clackamas/happy-valley,R15,setback_side_ft [attached_wall+unit_lots],0,0,feet,clear,True,"7 feet - base interior side setback, R-15","""Interior side"" - R-15 column: 7/0[4] feet, with note [4] ""Interior side yard setbacks for townhomes may be reduced to zero""",,"or/clackamas/happy-valley/16.22.residential.txt#L292,L305",7,1,True,1,False,[4] Interior side drops to 0 ft for townhome units where the adopted building code allows the common wall.
00148,agree,,or/clackamas/happy-valley,R15,setback_rear_ft,22,22,feet,clear,True,,"Building setbacks (minimum)[6] / ""Rear"" - R-15 column: 22 feet",,or/clackamas/happy-valley/16.22.residential.txt#L291,7,0,False,0,False,
00149,agree,,or/clackamas/happy-valley,R15,setback_street_side_ft,15,15,feet,clear,True,"10 feet - ""Cottage cluster, street side"" row (cottage clusters only)","""Street side (corner lot)"" - R-15 column: 15 feet",,or/clackamas/happy-valley/16.22.residential.txt#L293,7,0,False,0,False,
00150,agree,noted,or/clackamas/happy-valley,R15,min_lot_sqft,15000,15000,square feet,clear,True,"1,500 sq. ft. - ""Lot size (minimum): Townhome[1]"" row","""Lot size (minimum and maximum density): Single-family detached, duplex, triplex, quadplex, cottage cluster[1,6]"" - R-15: 15,000 sq. ft.","The row is labeled ""Lot size (minimum and maximum density)"", so the same figure also states maximum density; the marked line does not say whether a quadplex needs that area in total or per unit.",or/clackamas/happy-valley/16.22.residential.txt#L279,7,0,False,1,False,
00151,agree,,or/clackamas/happy-valley,R15,min_lot_sqft [unit_lots],1500.0,1500,square feet,clear,True,"15,000 sq. ft. - quadplex/cottage-cluster lot size row, R-15 (base)","""Lot size (minimum): Townhome[1]"" - R-15 column: 1,500 sq. ft.",,or/clackamas/happy-valley/16.22.residential.txt#L280,7,0,False,1,False,
00152,agree,,or/clackamas/happy-valley,R15,min_lot_width_ft,70,70,feet,clear,True,no minimum - townhomes exempt from lot width under note 2,"""Lot width (minimum)[2,6]"" - R-15 column: 100 feet | 80 feet | 70 feet",,or/clackamas/happy-valley/16.22.residential.txt#L282,7,1,True,1,False,[2] Townhomes exempt outright: no lot-width minimum where the four attached units sit on their own lots.
00153,agree,,or/clackamas/happy-valley,R15,min_lot_depth_ft,90,90,feet,clear,True,,"""Lot depth (minimum)"" - R-15 column: 200 feet | 100 feet | 90 feet",,or/clackamas/happy-valley/16.22.residential.txt#L283,7,0,False,0,False,
00154,agree,,or/clackamas/happy-valley,R15,min_frontage_ft,60,60,feet,clear,True,"50 feet - ""Lots fronting on cul-de-sac"" row, R-15 | 20 feet - ""Townhomes"" frontage row, R-15","Street frontage (minimum) / ""All other lots"" - R-15 column: 100 feet | 80 feet | 60 feet",,"or/clackamas/happy-valley/16.22.residential.txt#L284,L286",7,0,False,1,False,
00155,agree,,or/clackamas/happy-valley,R15,min_frontage_ft [unit_lots],20,20,feet,clear,True,"60 feet - ""All other lots"" row, R-15 (base) | 50 feet - cul-de-sac row, R-15","Street frontage (minimum) / ""Townhomes"" - R-15 column: 20 feet",,or/clackamas/happy-valley/16.22.residential.txt#L287,7,0,False,1,False,
00156,agree,,or/clackamas/happy-valley,R15,max_coverage_pct,35,35,percent,clear,True,"1,000 sq ft of building/deck area - the townhome alternative in note 7","""Lot coverage (maximum)[3,6,7]"" - R-15 column: 20% | 30% | 35%",,or/clackamas/happy-valley/16.22.residential.txt#L288,7,1,True,0,True,"[7] Townhomes may instead take the greater of the table percent or 1,000 sq ft of building/deck area."
00159,agree,,or/clackamas/happy-valley,R10,max_height_ft,45,45,feet,clear,True,49 feet - side and rear elevations under note 5,"""Building height (maximum)"" - R-10 column: 45 feet[5]",,"or/clackamas/happy-valley/16.22.residential.txt#L468,L488",7,1,True,0,True,[5] The 45 ft is the front elevation only; side and rear elevations may go to 49 ft.
00160,agree,noted,or/clackamas/happy-valley,R10,max_density_du_per_acre [unit_lots],17.4,17.4,units per net acre,clear,True,"10,000 sq. ft. - quadplex lot size row, R-10","""Townhome maximum density (units per net acre)"" - R-10 column: 17.4 du/net acre","Printed as du per NET acre, not per gross acre - note 1 uses gross acre for cottage clusters, so the two denominators in this one table differ.","or/clackamas/happy-valley/16.22.residential.txt#L468,L471",7,0,False,1,False,
00161,agree,,or/clackamas/happy-valley,R10,setback_front_ft,22,22,feet,clear,True,,"Building setbacks (minimum)[6] / ""Front"" - R-10 column: 22 feet",,or/clackamas/happy-valley/16.22.residential.txt#L481,7,0,False,0,False,
00162,agree,noted,or/clackamas/happy-valley,R10,setback_side_ft,7,7,feet,clear,True,"0 feet - the ""/0[4]"" half of the same cell, for townhomes","Building setbacks (minimum)[6] / ""Interior side"" - R-10 column: 7/0[4] feet","The cell prints two operands (""7/0[4] feet""): the first is the general interior side setback and the second is the footnoted townhome/common-wall option.",or/clackamas/happy-valley/16.22.residential.txt#L483,7,1,True,1,False,[4] Interior side drops to 0 ft for townhome units where the adopted building code allows the common wall.
00163,agree,,or/clackamas/happy-valley,R10,setback_side_ft [attached_wall+unit_lots],0,0,feet,clear,True,"7 feet - base interior side setback, R-10","""Interior side"" - R-10 column: 7/0[4] feet, with note [4] ""Interior side yard setbacks for townhomes may be reduced to zero""",,"or/clackamas/happy-valley/16.22.residential.txt#L483,L495",7,1,True,1,False,[4] Interior side drops to 0 ft for townhome units where the adopted building code allows the common wall.
00164,agree,,or/clackamas/happy-valley,R10,setback_rear_ft,22,22,feet,clear,True,"10 feet - ""Cottage cluster units, rear"" row (cottage clusters only)","Building setbacks (minimum)[6] / ""Rear"" - R-10 column: 22 feet",,or/clackamas/happy-valley/16.22.residential.txt#L482,7,0,False,0,False,
00165,agree,,or/clackamas/happy-valley,R10,setback_street_side_ft,15,15,feet,clear,True,,"""Street side (corner lot)"" - R-10 column: 15 feet",,or/clackamas/happy-valley/16.22.residential.txt#L485,7,0,False,0,False,
00166,agree,noted,or/clackamas/happy-valley,R10,min_lot_sqft,10000,10000,square feet,clear,True,"1,500 sq. ft. - ""Lot size (minimum): Townhome[1]"" row","""Lot size (minimum and maximum density): Single-family detached, duplex, triplex, quadplex, cottage cluster[1,6]"" - R-10: 10,000 sq. ft.","The row is labeled ""Lot size (minimum and maximum density)"", so the same figure also states maximum density; the marked line does not say whether a quadplex needs that area in total or per unit.",or/clackamas/happy-valley/16.22.residential.txt#L469,7,0,False,1,False,
00167,agree,,or/clackamas/happy-valley,R10,min_lot_sqft [unit_lots],1500.0,1500,square feet,clear,True,"10,000 sq. ft. - quadplex/cottage-cluster lot size row, R-10 (base)","""Lot size (minimum): Townhome[1]"" - R-10 column: 1,500 sq. ft.",,or/clackamas/happy-valley/16.22.residential.txt#L470,7,0,False,1,False,
00168,agree,,or/clackamas/happy-valley,R10,min_lot_width_ft,60,60,feet,clear,True,no minimum - townhomes exempt from lot width under note 2,"""Lot width (minimum)[2,6]"" - R-10 column: 60 feet | 50 feet | 50 feet",,or/clackamas/happy-valley/16.22.residential.txt#L472,7,1,True,1,False,[2] Townhomes exempt outright: no lot-width minimum where the four attached units sit on their own lots.
00169,agree,,or/clackamas/happy-valley,R10,max_coverage_pct,40,40,percent,clear,True,"1,000 sq ft of building/deck area - the townhome alternative in note 7","Lot coverage (maximum)[3,6,7] / ""Single-family detached, duplex, triplex, quadplex, townhome"" - R-10: 40%",,or/clackamas/happy-valley/16.22.residential.txt#L479,7,1,True,0,True,"[7] Townhomes may instead take the greater of the table percent or 1,000 sq ft of building/deck area."
00170,agree,,or/clackamas/happy-valley,R10,min_lot_depth_ft,80,80,feet,clear,True,,"""Lot depth (minimum)"" - R-10 column: 80 feet | 70 feet | 70 feet",,or/clackamas/happy-valley/16.22.residential.txt#L473,7,0,False,0,False,
00171,agree,,or/clackamas/happy-valley,R10,min_frontage_ft,50,50,feet,clear,True,"35 feet - ""Lots fronting on cul-de-sac"" row, R-10 | 20 feet - ""Townhomes"" frontage row, R-10","Street frontage (minimum)[6] / ""All other lots"" - R-10 column: 50 feet",,"or/clackamas/happy-valley/16.22.residential.txt#L474,L476",7,0,False,1,False,
00172,agree,,or/clackamas/happy-valley,R10,min_frontage_ft [unit_lots],20,20,feet,clear,True,"50 feet - ""All other lots"" row, R-10 (base) | 35 feet - cul-de-sac row, R-10","Street frontage (minimum)[6] / ""Townhomes"" - R-10 column: 20 feet",,or/clackamas/happy-valley/16.22.residential.txt#L477,7,0,False,1,False,
00175,agree,,or/clackamas/happy-valley,R8.5,max_height_ft,45,45,feet,clear,True,49 feet - side and rear elevations under note 5,"""Building height (maximum)"" - R-8.5 column: 45 feet[5]",,"or/clackamas/happy-valley/16.22.residential.txt#L468,L488",7,1,True,0,True,[5] The 45 ft is the front elevation only; side and rear elevations may go to 49 ft.
00176,agree,noted,or/clackamas/happy-valley,R8.5,max_density_du_per_acre [unit_lots],20.5,20.5,units per net acre,clear,True,"8,500 sq. ft. - quadplex lot size row, R-8.5","""Townhome maximum density (units per net acre)"" - R-8.5 column: 17.4 | 20.5 | 24.9 du/net acre","Printed as du per NET acre, not per gross acre - note 1 uses gross acre for cottage clusters, so the two denominators in this one table differ.","or/clackamas/happy-valley/16.22.residential.txt#L468,L471",7,0,False,1,False,
00177,agree,,or/clackamas/happy-valley,R8.5,setback_front_ft,22,22,feet,clear,True,,"Building setbacks (minimum)[6] / ""Front"" - R-8.5 column: 22 feet",,or/clackamas/happy-valley/16.22.residential.txt#L481,7,0,False,0,False,
00178,agree,noted,or/clackamas/happy-valley,R8.5,setback_side_ft,5,5,feet,clear,True,"0 feet - the ""/0[4]"" half of the same cell, for townhomes | 7 feet - ""Cottage clusters, side"" row (cottage clusters only)","Building setbacks (minimum)[6] / ""Interior side"" - R-8.5 column: 7/0[4] | 5/0[4] | 5/0[4] feet","The cell prints two operands (""7/0[4] feet""): the first is the general interior side setback and the second is the footnoted townhome/common-wall option.",or/clackamas/happy-valley/16.22.residential.txt#L483,7,1,True,1,False,[4] Interior side drops to 0 ft for townhome units where the adopted building code allows the common wall.
00179,agree,,or/clackamas/happy-valley,R8.5,setback_side_ft [attached_wall+unit_lots],0,0,feet,clear,True,"5 feet - base interior side setback, R-8.5","""Interior side"" - R-8.5 column: 5/0[4] feet, with note [4] ""Interior side yard setbacks for townhomes may be reduced to zero""",,"or/clackamas/happy-valley/16.22.residential.txt#L483,L495",7,1,True,1,False,[4] Interior side drops to 0 ft for townhome units where the adopted building code allows the common wall.
00180,agree,,or/clackamas/happy-valley,R8.5,setback_rear_ft,22,22,feet,clear,True,"10 feet - ""Cottage cluster units, rear"" row (cottage clusters only)","Building setbacks (minimum)[6] / ""Rear"" - R-8.5 column: 22 feet",,or/clackamas/happy-valley/16.22.residential.txt#L482,7,0,False,0,False,
00181,agree,,or/clackamas/happy-valley,R8.5,setback_street_side_ft,15,15,feet,clear,True,,"""Street side (corner lot)"" - R-8.5 column: 15 feet",,or/clackamas/happy-valley/16.22.residential.txt#L485,7,0,False,0,False,
00182,agree,noted,or/clackamas/happy-valley,R8.5,min_lot_sqft,8500,8500,square feet,clear,True,"1,500 sq. ft. - ""Lot size (minimum): Townhome[1]"" row","""Lot size (minimum and maximum density): Single-family detached, duplex, triplex, quadplex, cottage cluster[1,6]"" - R-8.5: 8,500 sq. ft.","The row is labeled ""Lot size (minimum and maximum density)"", so the same figure also states maximum density; the marked line does not say whether a quadplex needs that area in total or per unit.",or/clackamas/happy-valley/16.22.residential.txt#L469,7,0,False,1,False,
00183,agree,,or/clackamas/happy-valley,R8.5,min_lot_sqft [unit_lots],1500.0,1500,square feet,clear,True,"8,500 sq. ft. - quadplex/cottage-cluster lot size row, R-8.5 (base)","""Lot size (minimum): Townhome[1]"" - R-8.5 column: 1,500 sq. ft.",,or/clackamas/happy-valley/16.22.residential.txt#L470,7,0,False,1,False,
00184,agree,,or/clackamas/happy-valley,R8.5,min_lot_width_ft,50,50,feet,clear,True,,"Lot width (minimum)[2,6] | R-8.5 | 50 feet",,or/clackamas/happy-valley/16.22.residential.txt#L472,7,1,True,1,False,[2] townhomes are exempt from the lot width requirement entirely
00185,agree,,or/clackamas/happy-valley,R8.5,max_coverage_pct,45,45,percent,clear,True,,"Lot coverage (maximum)[3,6,7] / Single-family detached, duplex, triplex, quadplex, townhome | R-8.5 | 45%",,or/clackamas/happy-valley/16.22.residential.txt#L479,7,1,True,0,True,"[7] for townhomes, greater of the table percent or 1,000 sq ft of buildings/decks over 30 in above grade"
00186,agree,,or/clackamas/happy-valley,R8.5,min_lot_depth_ft,70,70,feet,clear,True,,Lot depth (minimum) | R-8.5 | 70 feet,,or/clackamas/happy-valley/16.22.residential.txt#L473,7,0,False,0,False,
00187,agree,,or/clackamas/happy-valley,R8.5,min_frontage_ft,50,50,feet,clear,True,35 feet - Lots fronting on cul-de-sac | 20 feet - Townhomes row,Street frontage (minimum)[6] / All other lots | R-8.5 | 50 feet,,"or/clackamas/happy-valley/16.22.residential.txt#L474,L476",7,0,False,1,False,
00188,agree,,or/clackamas/happy-valley,R8.5,min_frontage_ft [unit_lots],20,20,feet,clear,True,50 feet - All other lots | 35 feet - Lots fronting on cul-de-sac,Street frontage (minimum)[6] / Townhomes | R-8.5 | 20 feet,,or/clackamas/happy-valley/16.22.residential.txt#L477,7,1,True,1,False,"[6] on a middle housing land division of a fourplex the standard binds the parent lot, not the child lot"
00191,agree,,or/clackamas/happy-valley,R7,max_height_ft,45,45,feet,clear,True,"49 feet - side and rear elevations, note [5]",Building height (maximum) | R-7 | 45 feet[5],,"or/clackamas/happy-valley/16.22.residential.txt#L468,L488",7,1,True,0,True,"[5] 45 ft at the front elevation, side and rear elevations up to 49 ft (said of single-family residential)"
00192,agree,,or/clackamas/happy-valley,R7,max_density_du_per_acre [unit_lots],24.9,24.9,units per net acre,clear,True,,Townhome maximum density (units per net acre) | R-7 | 24.9 du/net acre,,"or/clackamas/happy-valley/16.22.residential.txt#L468,L471",7,0,False,1,False,
00193,agree,,or/clackamas/happy-valley,R7,setback_front_ft,22,22,feet,clear,True,22 feet - Garage and carport entrances row,Building setbacks (minimum)[6] / Front | R-7 | 22 feet,,or/clackamas/happy-valley/16.22.residential.txt#L481,7,0,False,0,False,
00194,agree,noted,or/clackamas/happy-valley,R7,setback_side_ft,5,5,feet,clear,True,"0 feet - the /0 alternate printed in the same cell, carried by note [4]",Building setbacks (minimum)[6] / Interior side | R-7 | 5/0[4] feet,"The cell prints two figures, 5/0[4] feet; 5 is the base interior side and the 0 is the townhome alternate carried by footnote [4].",or/clackamas/happy-valley/16.22.residential.txt#L483,7,1,True,1,False,[4] interior side may be reduced to 0 ft for townhomes where the building code allows a common wall
00195,agree,,or/clackamas/happy-valley,R7,setback_side_ft [attached_wall+unit_lots],0,0,feet,clear,True,5 feet - the base interior side in the same cell,Interior side | R-7 | 5/0[4] feet; [4] Interior side yard setbacks for townhomes may be reduced to zero in compliance with applicable sections of the adopted Uniform Building Code.,,"or/clackamas/happy-valley/16.22.residential.txt#L483,L495",7,1,True,1,False,[4] interior side may be reduced to 0 ft for townhomes where the building code allows a common wall
00196,agree,,or/clackamas/happy-valley,R7,setback_rear_ft,22,22,feet,clear,True,"10 feet - Cottage cluster units, rear row",Building setbacks (minimum)[6] / Rear | R-7 | 22 feet,,or/clackamas/happy-valley/16.22.residential.txt#L482,7,0,False,0,False,
00197,agree,,or/clackamas/happy-valley,R7,setback_street_side_ft,15,15,feet,clear,True,,Building setbacks (minimum)[6] / Street side (corner lot) | R-7 | 15 feet,,or/clackamas/happy-valley/16.22.residential.txt#L485,7,0,False,0,False,
00198,agree,,or/clackamas/happy-valley,R7,min_lot_sqft,7000,7000,square feet,clear,True,"1,500 sq. ft. - Lot size (minimum): Townhome[1] row","Lot size (minimum and maximum density): Single-family detached, duplex, triplex, quadplex, cottage cluster[1,6] | R-7 | 7,000 sq. ft.",,or/clackamas/happy-valley/16.22.residential.txt#L469,7,0,False,1,False,
00199,agree,,or/clackamas/happy-valley,R7,min_lot_sqft [unit_lots],1500.0,1500,square feet,clear,True,"7,000 sq. ft. - quadplex/cottage cluster lot size row","Lot size (minimum): Townhome[1] | R-7 | 1,500 sq. ft.",,or/clackamas/happy-valley/16.22.residential.txt#L470,7,1,True,1,False,"[6] on a middle housing land division of a fourplex the standard binds the parent lot, not the child lot"
00200,agree,,or/clackamas/happy-valley,R7,min_lot_width_ft,50,50,feet,clear,True,,"Lot width (minimum)[2,6] | R-7 | 50 feet",,or/clackamas/happy-valley/16.22.residential.txt#L472,7,1,True,1,False,[2] townhomes are exempt from the lot width requirement entirely
00201,agree,,or/clackamas/happy-valley,R7,max_coverage_pct,50,50,percent,clear,True,,"Lot coverage (maximum)[3,6,7] / Single-family detached, duplex, triplex, quadplex, townhome | R-7 | 50%",,or/clackamas/happy-valley/16.22.residential.txt#L479,7,1,True,0,True,"[7] for townhomes, greater of the table percent or 1,000 sq ft of buildings/decks over 30 in above grade"
00202,agree,,or/clackamas/happy-valley,R7,min_lot_depth_ft,70,70,feet,clear,True,,Lot depth (minimum) | R-7 | 70 feet,,or/clackamas/happy-valley/16.22.residential.txt#L473,7,0,False,0,False,
00203,agree,,or/clackamas/happy-valley,R7,min_frontage_ft,50,50,feet,clear,True,35 feet - Lots fronting on cul-de-sac | 20 feet - Townhomes row,Street frontage (minimum)[6] / All other lots | R-7 | 50 feet,,"or/clackamas/happy-valley/16.22.residential.txt#L474,L476",7,0,False,1,False,
00204,agree,,or/clackamas/happy-valley,R7,min_frontage_ft [unit_lots],20,20,feet,clear,True,50 feet - All other lots | 35 feet - Lots fronting on cul-de-sac,Street frontage (minimum)[6] / Townhomes | R-7 | 20 feet,,or/clackamas/happy-valley/16.22.residential.txt#L477,7,1,True,1,False,"[6] on a middle housing land division of a fourplex the standard binds the parent lot, not the child lot"
00207,agree,,or/clackamas/happy-valley,R5,max_height_ft,45,45,feet,clear,True,"49 feet - side and rear elevations, note [7]",Building height (maximum) | R-5 | 45 feet[6],,"or/clackamas/happy-valley/16.22.residential.txt#L642,L670",9,1,True,0,True,"[7] 45 ft at the front elevation, side and rear elevations up to 49 ft (said of single-family residential)"
00208,agree,,or/clackamas/happy-valley,R5,max_density_du_per_acre [unit_lots],25,25,units per net acre,clear,True,,Townhome maximum density (units/net acre) | R-5 | 25 du/net acre,,"or/clackamas/happy-valley/16.22.residential.txt#L642,L646",9,0,False,1,False,
00209,agree,,or/clackamas/happy-valley,R5,setback_front_ft,20,20,feet,clear,True,"10 feet - Front (alley access garage) | 10 feet - Cottage cluster, front",Building setbacks (minimum)[8] / Front (street access garage) | R-5 | 20 feet,,or/clackamas/happy-valley/16.22.residential.txt#L658,9,0,False,0,False,
00210,agree,noted,or/clackamas/happy-valley,R5,setback_side_ft,5,5,feet,clear,True,"0 feet - the /0 alternate printed in the same cell, carried by note [3]",Building setbacks (minimum)[8] / Interior side | R-5 | 5/0 feet 3,"The cell prints two figures, 5/0 feet 3; 5 is the base interior side and the 0 is the townhome alternate carried by footnote [3].",or/clackamas/happy-valley/16.22.residential.txt#L661,9,1,True,1,False,[3] interior side may be reduced to 0 ft for townhomes where the building code allows a common wall
00211,agree,,or/clackamas/happy-valley,R5,setback_side_ft [attached_wall+unit_lots],0,0,feet,clear,True,5 feet - the base interior side in the same cell,Interior side | R-5 | 5/0 feet 3; [3] Interior side yard setbacks for townhomes may be reduced to zero in compliance with applicable sections of the adopted Uniform Building Code.,,"or/clackamas/happy-valley/16.22.residential.txt#L661,L676",9,1,True,1,False,[3] interior side may be reduced to 0 ft for townhomes where the building code allows a common wall
00212,agree,,or/clackamas/happy-valley,R5,setback_rear_ft,20,20,feet,clear,True,"10 feet - Cottage cluster, rear",Building setbacks (minimum)[8] / Rear | R-5 | 20 feet,,or/clackamas/happy-valley/16.22.residential.txt#L660,9,0,False,0,False,
00213,agree,,or/clackamas/happy-valley,R5,setback_street_side_ft,8,8,feet,clear,True,"8 feet - Cottage cluster, street side (same figure)",Building setbacks (minimum)[8] / Street side (corner lot) | R-5 | 8 feet,,or/clackamas/happy-valley/16.22.residential.txt#L662,9,0,False,0,False,
00214,agree,,or/clackamas/happy-valley,R5,min_lot_sqft,7000,7000,square feet,clear,True,"5,000 sf - Single-family dwelling detached, duplex, and triplex row | 1,500 sf - Townhome row","Lot size (minimum): Quadplex and cottage cluster[8] | R-5 | 7,000 sf",,or/clackamas/happy-valley/16.22.residential.txt#L644,9,0,False,1,False,
00215,agree,,or/clackamas/happy-valley,R5,min_lot_sqft [unit_lots],1500.0,1500,square feet,clear,True,"7,000 sf - Quadplex and cottage cluster row | 5,000 sf - detached/duplex/triplex row","Lot size (minimum) Townhome[1] | R-5 | 1,500 sf",,or/clackamas/happy-valley/16.22.residential.txt#L645,9,1,True,1,False,"[8] on a middle housing land division of a fourplex the standard binds the parent lot, not the child lot"
00216,agree,,or/clackamas/happy-valley,R5,min_lot_width_ft,40,40,feet,clear,True,,Lot width (minimum)[2] | R-5 | 40 feet,,or/clackamas/happy-valley/16.22.residential.txt#L648,9,1,True,1,False,[2] townhomes exempt from lot width; street frontage controls lot width instead
00217,agree,,or/clackamas/happy-valley,R5,max_coverage_pct,60,60,percent,clear,True,50% - Single-family (detached) row,"Lot coverage (maximum)[5,8,9] / Duplex, triplex, quadplex, townhome | R-5 | 60%",,or/clackamas/happy-valley/16.22.residential.txt#L656,9,1,True,0,True,"[9] for townhomes, greater of the table percent or 1,000 sq ft of buildings/decks over 30 in above grade"
00218,agree,,or/clackamas/happy-valley,R5,min_lot_depth_ft,60,60,feet,clear,True,,Lot depth (minimum) | R-5 | 60 feet,,or/clackamas/happy-valley/16.22.residential.txt#L649,9,0,False,0,False,
00219,agree,,or/clackamas/happy-valley,R5,min_frontage_ft,40,40,feet,clear,True,35 feet - Lots fronting on cul-de-sac | 20 feet - Townhomes row,Street frontage (minimum)[8] / All other lots | R-5 | 40 feet,,"or/clackamas/happy-valley/16.22.residential.txt#L650,L652",9,0,False,1,False,
00220,agree,,or/clackamas/happy-valley,R5,min_frontage_ft [unit_lots],20,20,feet,clear,True,40 feet - All other lots | 35 feet - Lots fronting on cul-de-sac,Street frontage (minimum)[8] / Townhomes | R-5 | 20 feet,,or/clackamas/happy-valley/16.22.residential.txt#L653,9,1,True,1,False,"[8] on a middle housing land division of a fourplex the standard binds the parent lot, not the child lot"
00223,agree,,or/clackamas/happy-valley,MURS,min_density_du_per_acre,6,6,units per net acre,clear,True,None - R-5 column,Residential density (minimum)[1] | MUR-S | 6 du/net acre,,"or/clackamas/happy-valley/16.22.residential.txt#L642,L647",9,0,False,0,False,
00224,agree,,or/clackamas/happy-valley,MURS,max_height_ft,65,65,feet,clear,True,"45 feet - R-5 column | 49 feet - side and rear elevations, note [7]",Building height (maximum) | MUR-S | 65 feet[6],,"or/clackamas/happy-valley/16.22.residential.txt#L642,L670",9,1,True,0,True,"[7] 45 ft at the front elevation, side and rear elevations up to 49 ft (said of single-family residential)"
00225,agree,,or/clackamas/happy-valley,MURS,max_density_du_per_acre [unit_lots],25,25,units per net acre,clear,True,,Townhome maximum density (units/net acre) | MUR-S | 25 du/net acre,,"or/clackamas/happy-valley/16.22.residential.txt#L642,L646",9,0,False,1,False,
00226,agree,,or/clackamas/happy-valley,MURS,min_lot_sqft,7000,7000,square feet,clear,True,"5,000 sf - detached, duplex, and triplex row | 1,500 sf - Townhome row","Lot size (minimum): Quadplex and cottage cluster[8] | MUR-S | 7,000 sf",,"or/clackamas/happy-valley/16.22.residential.txt#L642,L644",9,0,False,1,False,
00227,agree,,or/clackamas/happy-valley,MURS,min_lot_sqft [unit_lots],1500.0,1500,square feet,clear,True,"7,000 sf - Quadplex and cottage cluster row","Lot size (minimum) Townhome[1] | MUR-S | 1,500 sf",,or/clackamas/happy-valley/16.22.residential.txt#L645,9,1,True,1,False,"[8] on a middle housing land division of a fourplex the standard binds the parent lot, not the child lot"
00228,agree,,or/clackamas/happy-valley,MURS,setback_front_ft,20,20,feet,clear,True,10 feet[4] - Front (alley access garage) | 22 feet[4] - Garage/carport entrances not facing an alley,Building setbacks (minimum)[8] / Front (street access garage) | MUR-S | 20 feet,,or/clackamas/happy-valley/16.22.residential.txt#L658,9,0,False,0,False,
00229,agree,noted,or/clackamas/happy-valley,MURS,setback_side_ft,5,5,feet,clear,True,"0 feet - the /0 alternate printed in the same cell, carried by notes [3,4]","Building setbacks (minimum)[8] / Interior side | MUR-S | 5/0 feet[3,4]","The cell prints two figures, 5/0 feet[3,4]; 5 is the base interior side and the 0 is the townhome alternate carried by footnote [3].",or/clackamas/happy-valley/16.22.residential.txt#L661,9,1,True,1,False,[3] interior side may be reduced to 0 ft for townhomes where the building code allows a common wall
00230,agree,,or/clackamas/happy-valley,MURS,setback_side_ft [attached_wall+unit_lots],0,0,feet,clear,True,"5 feet (interior side where there is no attached/common wall) | 5 feet (cottage cluster, interior side)","Interior side | MUR-S: 5/0 feet[3,4] (note [3]: interior side yard setbacks for townhomes may be reduced to zero)",,"or/clackamas/happy-valley/16.22.residential.txt#L661,L676",9,2,True,1,False,"[3] interior side may be reduced to zero for townhomes under the building code | [8] middle housing land division: standards apply to the parent lot, not the child lot"
00231,agree,,or/clackamas/happy-valley,MURS,setback_rear_ft,20,20,feet,clear,True,"10 feet (cottage cluster, rear)",Building setbacks (minimum)[8] | Rear | MUR-S: 20 feet[4],,or/clackamas/happy-valley/16.22.residential.txt#L660,9,1,True,0,True,"[8] middle housing land division: standards apply to the parent lot, not the child lot"
00232,agree,,or/clackamas/happy-valley,MURS,setback_street_side_ft,8,8,feet,clear,True,"8 feet (cottage cluster, street side) | 5/0 feet (interior side)",Building setbacks (minimum)[8] | Street side (corner lot) | MUR-S: 8 feet[4],,or/clackamas/happy-valley/16.22.residential.txt#L662,9,1,True,0,True,"[8] middle housing land division: standards apply to the parent lot, not the child lot"
00277,agree,noted,or/clackamas/happy-valley,MURM,max_height_ft,65,65,feet,inferred,True,"45 feet at the front elevation and 49 feet at side/rear for single-family (attached), per note [4]",Building height (maximum) | MUR-M1 65 feet[4] | MUR-M2 65 feet[4] | MUR-M3 65 feet[4],"The table prints three columns, MUR-M1/M2/M3; no column is headed plain 'MUR-M', but all three state 65 feet[4].","or/clackamas/happy-valley/16.22.residential.txt#L1306,L1315",4,1,True,0,True,"[4] single-family (attached): 45 ft at the front elevation, 49 ft max at side and rear"
00278,agree,noted,or/clackamas/lake-oswego,R-0,max_height_ft,28,28,feet,inferred,True,"28 - 32 [4] (lots with sloping topography) | 35 (footprint, sloped) | 25/27 [5] (from Oswego Lake surface elevation, R-W)","MAX. BASE HEIGHT (FT.) | Flat Lot | R-0 column: 28 (columns run R-W, R-3, R-2, R-0)","This card's passage does not include the column headings; the cited cell is the fourth value in the row and every figure printed in the Flat Lot row is 28, so the column choice does not move it.","or/clackamas/lake-oswego/50.04.dimensional.txt#L1418,L1423",7,1,True,0,True,"[4] on sloping topography height is a 28 ft plane above natural grade, capped at 32 ft"
00279,agree,noted,or/clackamas/lake-oswego,R-0,setback_front_ft,10,10,feet,inferred,True,"20 (Primary Dwelling (Detached), front) | 10 (Other Types of Primary Structures, front)",YARD SETBACKS | Primary Dwelling (Attached) | Front | R-0 column: 10,The card's passage does not show the column headings; the value read is the fourth (R-0) cell of the Attached-dwelling Front row.,or/clackamas/lake-oswego/50.04.dimensional.txt#L1344,7,0,False,0,False,
00280,agree,noted,or/clackamas/lake-oswego,R-0,setback_side_ft,10,10,feet,inferred,True,"0 (attached wall) - printed in the R-3 column only | 5 (Primary Dwelling (Detached), side)",Primary Dwelling (Attached) | Side | R-0 column: 10 (the R-3 column reads '10 (exterior wall); 0 (attached wall)'),"No column headings in this card's passage; the R-0 (fourth) cell prints a bare 10, with no attached-wall branch of its own.",or/clackamas/lake-oswego/50.04.dimensional.txt#L1351,7,0,False,0,False,
00281,agree,noted,or/clackamas/lake-oswego,R-0,setback_rear_ft,10,10,feet,inferred,True,"20 (Primary Dwelling (Detached), rear)",Primary Dwelling (Attached) | Rear | R-0 column: 10,No column headings in this card's passage; the value read is the fourth (R-0) cell of the Attached-dwelling Rear row.,or/clackamas/lake-oswego/50.04.dimensional.txt#L1357,7,0,False,0,False,
00282,agree,noted,or/clackamas/lake-oswego,R-0,setback_street_side_ft,10,10,feet,inferred,True,"10 (Primary Dwelling (Detached), Side Adjacent to Street) | no value (Other Types of Primary Structures, Side Adjacent to Street)",Primary Dwelling (Attached) | Side | R-0 column: 10,"The Primary Dwelling (Attached) block has no 'Side Adjacent to Street' row - only Front, Side and Rear - so this is the general side figure, not a stated street-side standard.",or/clackamas/lake-oswego/50.04.dimensional.txt#L1351,7,0,False,0,False,
00283,agree,,or/clackamas/lake-oswego,R-0,min_lot_sqft,7000,7000,square feet,clear,True,"1,500 (Townhouses, one per lot) | 5,000 (Triplexes) | No min. (Single-Family and Duplex Dwellings; Townhouse Projects)","MIN. LOT DIMENSIONS | Cottage Clusters and Quadplexes | Area (sq. ft.) | R-0 column: 7,000",,or/clackamas/lake-oswego/50.04.dimensional.txt#L1253,7,1,True,1,False,[7] lot area may be modified where a Sensitive Lands overlay applies (LOC 50.05.010)
00284,agree,,or/clackamas/lake-oswego,R-0,min_lot_sqft [unit_lots],1500,1500,square feet,clear,True,"7,000 (Cottage Clusters and Quadplexes - the base, one-lot figure) | No min. (Townhouse Projects row)","MIN. LOT DIMENSIONS | Townhouses (one per lot) | Area (sq. ft.) | R-0 column: 1,500",,or/clackamas/lake-oswego/50.04.dimensional.txt#L1261,7,1,True,1,False,[7] lot area may be modified where a Sensitive Lands overlay applies (LOC 50.05.010)
00285,agree,noted,or/clackamas/lake-oswego,R-0,max_coverage_pct,55,55,percent,inferred,True,50 (R-3 column) | 100 (R-W column),MAX. LOT COVERAGE | Lot Coverage | R-0 column: 55 (row reads 100 | 50 | Table 50.04.001-12 | 55),The card's passage does not show the column headings; 55 is the fourth (R-0) cell of the Lot Coverage row.,or/clackamas/lake-oswego/50.04.dimensional.txt#L1306,7,0,False,0,False,
00286,agree,noted,or/clackamas/lake-oswego,R-2,max_height_ft,28,28,feet,inferred,True,"28 - 32 [4] (lots with sloping topography) | 35 (footprint, sloped)",MAX. BASE HEIGHT (FT.) | Flat Lot | R-2 column: 28,No column headings in this card's passage; the cited cell is the third value and every figure printed in the Flat Lot row is 28.,"or/clackamas/lake-oswego/50.04.dimensional.txt#L1418,L1422",7,1,True,0,True,"[4] on sloping topography height is a 28 ft plane above natural grade, capped at 32 ft"
00287,agree,,or/clackamas/lake-oswego,R-2,setback_front_ft,10,10,feet,clear,True,"10 (Townhouse Project, front) | 20 (Detached Dwelling, front)",TABLE 50.04.001-13: R-2 YARD SETBACKS | Quadplex | Front (ft.) 10,,"or/clackamas/lake-oswego/50.04.dimensional.txt#L1585,L1590",1,1,True,0,True,"[1] 18 ft front on steeply sloped lots for middle housing; abutting low density, greater of setback or height"
00288,agree,noted,or/clackamas/lake-oswego,R-2,setback_side_ft,7,7,feet,clear,True,"0 (Duplex row, attached side) | 10 (Cottage Cluster, side)",TABLE 50.04.001-13 | Quadplex | Side (ft.) Exterior: 7 | Side (ft.) Attached: (none printed),The Quadplex row prints an em dash in the Attached side column; only the Duplex row carries the 0 ft attached-wall figure.,"or/clackamas/lake-oswego/50.04.dimensional.txt#L1586,L1590",1,1,True,0,True,"[1] abutting an R-6/7.5/10/15 lot, the setback is the greater of the table figure or the building height"
00289,agree,,or/clackamas/lake-oswego,R-2,setback_rear_ft,10,10,feet,clear,True,"20 (Detached Dwelling, rear)",TABLE 50.04.001-13 | Quadplex | Rear (ft.) 10,,"or/clackamas/lake-oswego/50.04.dimensional.txt#L1585,L1590",1,1,True,0,True,"[1] abutting an R-6/7.5/10/15 lot, the setback is the greater of the table figure or the building height"
00290,agree,noted,or/clackamas/lake-oswego,R-2,setback_street_side_ft,7,7,feet,inferred,True,"10 (Quadplex front, if the second street frontage is taken as a front) | 0 (Duplex attached side)",TABLE 50.04.001-13 | Quadplex | Side (ft.) Exterior: 7,"The R-2 setback table has no street-side or corner column - only Front, Side (Exterior/Attached) and Rear - so 7 ft is the general exterior side figure, not a stated street-side standard.","or/clackamas/lake-oswego/50.04.dimensional.txt#L1586,L1590",1,1,True,0,True,"[1] abutting low density, greater of setback or building height; 18 ft front on steeply sloped lots"
00291,agree,,or/clackamas/lake-oswego,R-2,min_lot_sqft,7000,7000,square feet,clear,True,"1,500 (Townhouses, one per lot) | 5,000 (Triplexes) | No min. (Single-Family and Duplex Dwellings; Townhouse Projects)","MIN. LOT DIMENSIONS | Cottage Clusters and Quadplexes | Area (sq. ft.) | R-2 column: 7,000",,"or/clackamas/lake-oswego/50.04.dimensional.txt#L1246,L1252",7,1,True,1,False,[7] lot area may be modified where a Sensitive Lands overlay applies (LOC 50.05.010)
00292,agree,,or/clackamas/lake-oswego,R-2,min_lot_sqft [unit_lots],1500,1500,square feet,clear,True,"7,000 (Cottage Clusters and Quadplexes - the base, one-lot figure) | No min. (Townhouse Projects row)","MIN. LOT DIMENSIONS | Townhouses (one per lot) | Area (sq. ft.) | R-2 column: 1,500",,"or/clackamas/lake-oswego/50.04.dimensional.txt#L1254,L1260",7,1,True,1,False,[7] lot area may be modified where a Sensitive Lands overlay applies (LOC 50.05.010)
00293,agree,,or/clackamas/lake-oswego,R-2,max_coverage_pct,55,55,percent,clear,True,55 (Townhouse Project) | 50 (Other Structures) | 35 (Single-Family Detached),"TABLE 50.04.001-12: R-2 MAXIMUM LOT COVERAGE | Duplex, Triplex, and Quadplex | 55",,"or/clackamas/lake-oswego/50.04.dimensional.txt#L1512,L1515",1,0,False,0,False,
00294,agree,noted,or/clackamas/lake-oswego,R-3,max_height_ft,28,28,feet,inferred,True,"28 - 32 [4] (lots with sloping topography) | 35 (footprint, sloped)",MAX. BASE HEIGHT (FT.) | Flat Lot | R-3 column: 28,No column headings in this card's passage; the cited cell is the second value and every figure printed in the Flat Lot row is 28.,"or/clackamas/lake-oswego/50.04.dimensional.txt#L1418,L1421",7,1,True,0,True,"[4] on sloping topography height is a 28 ft plane above natural grade, capped at 32 ft"
00295,agree,noted,or/clackamas/lake-oswego,R-3,setback_front_ft,10,10,feet,inferred,True,"20 (Primary Dwelling (Detached), front) | 10 (Other Types of Primary Structures, front)",Primary Dwelling (Attached) | Front | R-3 column: 10,No column headings in this card's passage; the value read is the second (R-3) cell of the Attached-dwelling Front row.,or/clackamas/lake-oswego/50.04.dimensional.txt#L1342,7,0,False,0,False,
00296,agree,noted,or/clackamas/lake-oswego,R-3,setback_side_ft,10,10,feet,inferred,True,"0 (attached wall) - the same cell's second branch | 5 (Primary Dwelling (Detached), side)",Primary Dwelling (Attached) | Side | R-3 column: '10 (exterior wall); 0 (attached wall)' - exterior-wall branch,No column headings in this card's passage; the cell is a two-branch value and the marked line is the exterior-wall branch.,or/clackamas/lake-oswego/50.04.dimensional.txt#L1348,7,0,False,1,False,
00297,agree,noted,or/clackamas/lake-oswego,R-3,setback_side_ft [attached_wall],0,0,feet,inferred,True,10 (exterior wall) - the base branch of the same cell,Primary Dwelling (Attached) | Side | R-3 column: '10 (exterior wall); 0 (attached wall)' - attached-wall branch,No column headings in this card's passage; the 0 ft is the attached-wall branch of the R-3 side cell.,or/clackamas/lake-oswego/50.04.dimensional.txt#L1349,7,0,False,1,False,
00298,agree,noted,or/clackamas/lake-oswego,R-3,setback_rear_ft,10,10,feet,inferred,True,"20 (Primary Dwelling (Detached), rear)",Primary Dwelling (Attached) | Rear | R-3 column: 10,No column headings in this card's passage; the value read is the second (R-3) cell of the Attached-dwelling Rear row.,or/clackamas/lake-oswego/50.04.dimensional.txt#L1355,7,0,False,0,False,
00299,agree,noted,or/clackamas/lake-oswego,R-3,setback_street_side_ft,10,10,feet,inferred,True,"10 (Primary Dwelling (Detached), Side Adjacent to Street) | 0 (attached wall)",Primary Dwelling (Attached) | Side | R-3 column: '10 (exterior wall); 0 (attached wall)' - exterior-wall branch,"The Primary Dwelling (Attached) block has no 'Side Adjacent to Street' row, so this is the general side figure standing in for a street-side setback.",or/clackamas/lake-oswego/50.04.dimensional.txt#L1348,7,0,False,0,False,
00300,agree,,or/clackamas/lake-oswego,R-3,min_lot_sqft,7000,7000,square feet,clear,True,"1,500 (Townhouses, one per lot) | 5,000 (Triplexes) | 3,375 (Single-Family and Duplex Dwellings; Townhouse Projects)","MIN. LOT DIMENSIONS | Cottage Clusters and Quadplexes | Area (sq. ft.) | R-3 column: 7,000",,or/clackamas/lake-oswego/50.04.dimensional.txt#L1251,7,1,True,1,False,[7] lot area may be modified where a Sensitive Lands overlay applies (LOC 50.05.010)
00301,agree,,or/clackamas/lake-oswego,R-3,min_lot_sqft [unit_lots],1500,1500,square feet,clear,True,"7,000 (Cottage Clusters and Quadplexes - the base, one-lot figure) | 3,375 (Townhouse Projects row)","MIN. LOT DIMENSIONS | Townhouses (one per lot) | Area (sq. ft.) | R-3 column: 1,500",,or/clackamas/lake-oswego/50.04.dimensional.txt#L1259,7,1,True,1,False,[7] lot area may be modified where a Sensitive Lands overlay applies (LOC 50.05.010)
00302,agree,,or/clackamas/lake-oswego,R-3,max_coverage_pct,50,50,percent,clear,True,55 (R-0 column) | 100 (R-W column),MAX. LOT COVERAGE | Lot Coverage | R-3 column: 50 (row reads 100 | 50 | Table 50.04.001-12 | 55),,or/clackamas/lake-oswego/50.04.dimensional.txt#L1304,7,0,False,0,False,
00303,agree,,or/clackamas/lake-oswego,R-5,max_height_ft,28,28,feet,clear,True,"28 - 32[5] (lot with sloping topography) | 35 (footprint, sloped, R-5) | Lesser of 24 ft or roof form (accessory structure)","MAX. BASE HEIGHT (FT.) | Flat Lot | R-5 column: 28 (columns run R-6, R-5, R-DD)",,"or/clackamas/lake-oswego/50.04.dimensional.txt#L585,L587",6,1,True,0,True,"[5] on sloping lots height is a 28 ft plane above highest natural grade, capped at 32 ft"
00309,agree,,or/clackamas/lake-oswego,R-5,min_lot_sqft,7000,7000,square feet,clear,True,"1,500 (Townhouses, one per lot) | 5,000 (Single-Family, Duplex and Triplex Dwellings; Townhouse Projects)","MIN. LOT DIMENSIONS | Cottage Clusters and Quadplexes | Area (sq. ft.) | R-5 column: 7,000",,or/clackamas/lake-oswego/50.04.dimensional.txt#L536,6,0,False,1,False,
00310,agree,,or/clackamas/lake-oswego,R-5,min_lot_sqft [unit_lots],1500,1500,square feet,clear,True,"7,000 (Cottage Clusters and Quadplexes - the base, one-lot figure) | 5,000 (Townhouse Projects row)","MIN. LOT DIMENSIONS | Townhouses (one per lot) | Area (sq. ft.) | R-5 column: 1,500",,or/clackamas/lake-oswego/50.04.dimensional.txt#L545,6,0,False,1,False,
00311,agree,unclear+noted,or/clackamas/lake-oswego,R-5,max_coverage_pct,35,35,percent,unclear,True,45 (22 ft or less) | 42 (>22 to 25) | 38 (>25 to 28) | 35 (>28 to 30) | 50 (all other structures in R-5),"TABLE 50.04.001-7: R-5 MAXIMUM LOT COVERAGE | Height (ft.) '>30' - 35 (bands: 45, 42, 38, 35, 35)","The marked lines state no single figure: R-5 coverage is banded by building height (45/42/38/35/35), so with no height condition only the tightest band, 35%, always holds; the same passage also exempts individual townhouse lots from lot coverage.",or/clackamas/lake-oswego/50.04.dimensional.txt#L886-L894,7,0,False,1,False,
00312,agree,noted,or/clackamas/lake-oswego,R-5,max_coverage_pct [low_rise],45,45,percent,inferred,True,42 (>22 to 25) | 38 (>25 to 28) | 35 (>28 to 30 and >30) | 50 (all other structures in R-5),TABLE 50.04.001-7: R-5 MAXIMUM LOT COVERAGE | Height (ft.) '22 or less' - 45,"Read the item's 'low_rise' condition as the table's lowest height band, 22 ft or less; the table names height bands, not a low-rise class.",or/clackamas/lake-oswego/50.04.dimensional.txt#L886-L894,7,0,False,1,False,
00313,agree,,or/clackamas/lake-oswego,R-6,max_height_ft,28,28,feet,clear,True,"28 - 32[5] (lot with sloping topography) | 32 (footprint, sloped, R-6) | Lesser of 24 ft or roof form (accessory structure)","MAX. BASE HEIGHT (FT.) | Flat Lot | R-6 column: 28 (columns run R-6, R-5, R-DD)",,"or/clackamas/lake-oswego/50.04.dimensional.txt#L585,L586",6,1,True,0,True,"[5] on sloping lots height is a 28 ft plane above highest natural grade, capped at 32 ft"
00320,agree,,or/clackamas/lake-oswego,R-6,min_lot_sqft,7000,7000,square feet,clear,True,"1,500 (Townhouses, one per lot) | 6,000 (Single-Family, Duplex and Triplex Dwellings; Townhouse Projects)","MIN. LOT DIMENSIONS | Cottage Clusters and Quadplexes | Area (sq. ft.) | R-6 column: 7,000",,"or/clackamas/lake-oswego/50.04.dimensional.txt#L533,L535",6,0,False,1,False,
00321,agree,,or/clackamas/lake-oswego,R-6,min_lot_sqft [unit_lots],1500,1500,square feet,clear,True,"7,000 (Cottage Clusters and Quadplexes - the base, one-lot figure) | 6,000 (Townhouse Projects row)","MIN. LOT DIMENSIONS | Townhouses (one per lot) | Area (sq. ft.) | R-6 column: 1,500",,"or/clackamas/lake-oswego/50.04.dimensional.txt#L542,L544",6,0,False,1,False,
00322,agree,,or/clackamas/lake-oswego,R-6,min_lot_width_ft,50,50,feet,clear,True,"15 (Townhouses, one per lot, width) | 50 (Single-Family, Duplex and Triplex; Townhouse Projects, width)",MIN. LOT DIMENSIONS | Cottage Clusters and Quadplexes | Width (ft.) | R-6 column: 50,,"or/clackamas/lake-oswego/50.04.dimensional.txt#L538,L539",6,0,False,1,False,
00323,agree,,or/clackamas/lake-oswego,R-6,min_lot_width_ft [unit_lots],15,15,feet,clear,True,"50 (Cottage Clusters and Quadplexes width - the base, one-lot figure) | 50 (Single-Family/Duplex/Triplex; Townhouse Projects width)",MIN. LOT DIMENSIONS | Townhouses (one per lot) | Width (ft.) | R-6 column: 15,,"or/clackamas/lake-oswego/50.04.dimensional.txt#L547,L548",6,0,False,1,False,
00324,agree,noted,or/clackamas/lake-oswego,R-6,max_coverage_pct,25,25,percent,clear,True,"45% (lot 7,000 or less, 20 ft or less) | 35% (lot 7,000 or less, over 25 ft) | 33% (>7,000-8,500, over 27 ft) | 30% (>8,500-10,000, over 27 ft) | 27% (>10,000-11,500, over 27 ft)","TABLE 50.04.001-8: LOT COVERAGE IN THE R-6 ZONE | lot size '>11,500' by height '>27' = 25%","R-6 coverage is a lot-size by height matrix running 45% down to 25%; the cited cell is its strictest corner (lot over 11,500 sq ft, building over 27 ft), not a single zone-wide figure.","or/clackamas/lake-oswego/50.04.dimensional.txt#L981,L1022,L1031",7,0,False,4,False,
00325,agree,noted,or/clackamas/lake-oswego,R-6,max_coverage_pct [],35,35,percent,clear,True,"33% at >7,000-8,500 | 30% at >8,500-10,000 | 27% at >10,000-11,500 | 45% at the 20 ft or less height column","TABLE 50.04.001-8: LOT COVERAGE IN THE R-6 ZONE - lot size row ""7,000 or less"", height of structure column "">27 ft"": 35%","Table 50.04.001-8 bands twice over - by lot size and by height of structure - so this percentage is the ""7,000 or less"" row read at the tallest (>27 ft) column, and the item carries no condition naming that band.","or/clackamas/lake-oswego/50.04.dimensional.txt#L981,L982,L991",7,0,False,4,False,
00326,agree,noted,or/clackamas/lake-oswego,R-6,max_coverage_pct [],33,33,percent,clear,True,"35% at 7,000 or less | 30% at >8,500-10,000 | 36% at the 20 ft or less height column","TABLE 50.04.001-8: LOT COVERAGE IN THE R-6 ZONE - lot size row "">7,000 - 8,500"", height of structure column "">27 ft"": 33%","Table 50.04.001-8 bands twice over - by lot size and by height of structure - so this percentage is the "">7,000 - 8,500"" row read at the tallest (>27 ft) column, and the item carries no condition naming that band.","or/clackamas/lake-oswego/50.04.dimensional.txt#L981,L992,L1001",7,0,False,4,False,
00327,agree,noted,or/clackamas/lake-oswego,R-6,max_coverage_pct [],30,30,percent,clear,True,"33% at >7,000-8,500 | 27% at >10,000-11,500 | 35% at the 20 ft or less height column","TABLE 50.04.001-8: LOT COVERAGE IN THE R-6 ZONE - lot size row "">8,500 - 10,000"", height of structure column "">27 ft"": 30%","Table 50.04.001-8 bands twice over - by lot size and by height of structure - so this percentage is the "">8,500 - 10,000"" row read at the tallest (>27 ft) column, and the item carries no condition naming that band.","or/clackamas/lake-oswego/50.04.dimensional.txt#L981,L1002,L1011",7,0,False,4,False,
00328,agree,noted,or/clackamas/lake-oswego,R-6,max_coverage_pct [],27,27,percent,clear,True,"30% at >8,500-10,000 | 25% at >11,500 | 35% at the 20 ft or less height column","TABLE 50.04.001-8: LOT COVERAGE IN THE R-6 ZONE - lot size row "">10,000 - 11,500"", height of structure column "">27 ft"": 27%","Table 50.04.001-8 bands twice over - by lot size and by height of structure - so this percentage is the "">10,000 - 11,500"" row read at the tallest (>27 ft) column, and the item carries no condition naming that band.","or/clackamas/lake-oswego/50.04.dimensional.txt#L981,L1012,L1021",7,0,False,4,False,
00329,agree,,or/clackamas/lake-oswego,R-7.5,max_height_ft,28,28,feet,clear,True,"28 - 32 ft, Lot with Sloping Topography (L212) | 35 ft, Footprint, Sloped (L217) | lesser of 24 ft or primary roof form, Accessory Structure (L222)","MAX. BASE HEIGHT (FT.) / Primary Structure [4] - Flat Lot, R-7.5 column: 28",,"or/clackamas/lake-oswego/50.04.dimensional.txt#L205,L207",8,1,True,0,True,[4] +1 ft of base height for every extra 5 ft of yard setback on all sides; middle housing included
00330,agree,,or/clackamas/lake-oswego,R-7.5,setback_front_ft,25,25,feet,clear,True,25 ft front for an Accessory Structure (L145),"YARD SETBACKS / Primary Structure - Front (ft.), R-7.5 column: 25",,or/clackamas/lake-oswego/50.04.dimensional.txt#L116,8,0,False,0,False,
00331,agree,noted,or/clackamas/lake-oswego,R-7.5,setback_side_ft,5,5,feet,clear,True,"Total 15 ft combined, same cell | 10 ft in the R-10 and R-15 columns (L134-L135)","Interior Side (ft.), R-7.5 column: ""Total 15, 5 min.""","The R-7.5 cell prints a pair - ""Total 15, 5 min."" - so 5 is the per-side floor and 15 the combined requirement; neither number stands alone.",or/clackamas/lake-oswego/50.04.dimensional.txt#L131-L133,8,0,False,0,False,
00332,agree,,or/clackamas/lake-oswego,R-7.5,setback_side_total_ft,15,15,feet,clear,True,"5 ft per-side minimum, same cell | 10 ft in the R-10 and R-15 columns (L134-L135)","Interior Side (ft.), R-7.5 column: ""Total 15, 5 min.""",,or/clackamas/lake-oswego/50.04.dimensional.txt#L131-L133,8,0,False,0,False,
00333,agree,,or/clackamas/lake-oswego,R-7.5,setback_rear_ft,30,30,feet,clear,True,,"YARD SETBACKS / Primary Structure - Rear (ft.), R-7.5 column: 30",,or/clackamas/lake-oswego/50.04.dimensional.txt#L138,8,0,False,0,False,
00334,agree,,or/clackamas/lake-oswego,R-7.5,setback_street_side_ft,20,20,feet,clear,True,15 ft on a Local street (L128),"Side Adjacent to Street (ft.) - Arterial/Collector, R-7.5 column: 20",,or/clackamas/lake-oswego/50.04.dimensional.txt#L123,8,0,False,1,False,
00335,agree,,or/clackamas/lake-oswego,R-7.5,setback_street_side_ft [local_street],15,15,feet,clear,True,20 ft on an Arterial/Collector (L123),"Side Adjacent to Street (ft.) - Local, R-7.5 column: 15",,or/clackamas/lake-oswego/50.04.dimensional.txt#L128,8,0,False,1,False,
00336,agree,,or/clackamas/lake-oswego,R-7.5,min_lot_sqft,7500,7500,square feet,clear,True,"1,500 sq. ft. in the Townhouses (one per lot) row (L79)","MIN. LOT DIMENSIONS [3] - Single-Family, Duplex, Triplex, Quadplex, and Cottage Cluster Developments; Townhouse Projects - Area (sq. ft.), R-7.5: 7,500",,or/clackamas/lake-oswego/50.04.dimensional.txt#L59,8,1,True,1,False,"[3] up to a 25% cut in required lot area per dwelling unit, to relocate a designated historic landmark"
00337,agree,,or/clackamas/lake-oswego,R-7.5,min_lot_sqft [unit_lots],1500,1500,square feet,clear,True,"7,500 sq. ft. in the Quadplex / Townhouse Projects row (L59)","Townhouses (one per lot) - Area (sq. ft.), R-7.5 column: 1,500",,or/clackamas/lake-oswego/50.04.dimensional.txt#L79,8,2,True,1,False,"[2] townhouse project max 4 units per one zone min. lot area: 4 unit lots need 7,500 sq ft of parent land | [3] up to a 25% cut in required lot area per dwelling unit, to relocate a designated historic landmark"
00338,agree,,or/clackamas/lake-oswego,R-7.5,min_lot_width_ft,50,50,feet,clear,True,15 ft in the Townhouses (one per lot) row (L84),"MIN. LOT DIMENSIONS [3] - Quadplex / Townhouse Projects row, Width (ft.), R-7.5: 50",,or/clackamas/lake-oswego/50.04.dimensional.txt#L65,8,0,False,1,False,
00339,agree,,or/clackamas/lake-oswego,R-7.5,min_lot_width_ft [unit_lots],15,15,feet,clear,True,50 ft in the Quadplex / Townhouse Projects row (L65),"Townhouses (one per lot) - Width (ft.), R-7.5 column: 15",,or/clackamas/lake-oswego/50.04.dimensional.txt#L84,8,0,False,1,False,
00340,agree,noted,or/clackamas/lake-oswego,R-7.5,max_coverage_pct,25,25,percent,inferred,True,35% at 22 or less | 33% at >22 to 23 | 30% at >23 to 24 | 28% at >24 to 25,"TABLE 50.04.001-2 RESIDENTIAL LOW DENSITY LOT COVERAGES - Height (ft.) of primary structure "">25 to 26 and every taller band"", R-7.5 column: 25","The citation spans all 14 height bands and marks no single row, so the band is inferred: 25% is the R-7.5 column floor, binding from the "">25 to 26 and every taller band"" band upward; the table's subsection (2) also applies lot coverage to a townhouse project, not to individual townhouse lots.",or/clackamas/lake-oswego/50.04.dimensional.txt#L392-L408,6,0,False,1,False,
00341,agree,noted,or/clackamas/lake-oswego,R-7.5,max_coverage_pct [low_rise],35,35,percent,inferred,True,"33% at >22 to 23 | 30% at >23 to 24 | 28% at >24 to 25 | 25% at >25 ft, the column floor","TABLE 50.04.001-2 RESIDENTIAL LOW DENSITY LOT COVERAGES - Height (ft.) of primary structure ""22 or less"", R-7.5 column: 35","The citation spans all 14 height bands, so the band is inferred: ""low_rise"" reads as the ""22 or less"" row (35% in the R-7.5 column), and the table's own subsection (2) applies lot coverage to a townhouse project rather than to individual townhouse lots.",or/clackamas/lake-oswego/50.04.dimensional.txt#L392-L408,6,0,False,1,False,
00342,agree,,or/clackamas/lake-oswego,R-10,max_height_ft,30,30,feet,clear,True,"30 - 34 ft, Lot with Sloping Topography (L213) | 35 ft, Footprint, Sloped (L218) | lesser of 24 ft or primary roof form, Accessory Structure (L223)","MAX. BASE HEIGHT (FT.) / Primary Structure [4] - Flat Lot, R-10 column: 30",,"or/clackamas/lake-oswego/50.04.dimensional.txt#L205,L208",8,1,True,0,True,[4] +1 ft of base height for every extra 5 ft of yard setback on all sides; middle housing included
00343,agree,,or/clackamas/lake-oswego,R-10,setback_front_ft,25,25,feet,clear,True,25 ft front for an Accessory Structure (L146),"YARD SETBACKS / Primary Structure - Front (ft.), R-10 column: 25",,"or/clackamas/lake-oswego/50.04.dimensional.txt#L114,L117",8,0,False,0,False,
00344,agree,,or/clackamas/lake-oswego,R-10,setback_side_ft,10,10,feet,clear,True,"""Total 15, 5 min."" in the R-7.5 column (L133)","Interior Side (ft.), R-10 column: 10",,"or/clackamas/lake-oswego/50.04.dimensional.txt#L131,L134",8,0,False,0,False,
00345,agree,,or/clackamas/lake-oswego,R-10,setback_rear_ft,30,30,feet,clear,True,,"YARD SETBACKS / Primary Structure - Rear (ft.), R-10 column: 30",,"or/clackamas/lake-oswego/50.04.dimensional.txt#L136,L139",8,0,False,0,False,
00346,agree,,or/clackamas/lake-oswego,R-10,setback_street_side_ft,20,20,feet,clear,True,15 ft on a Local street (L129),"Side Adjacent to Street (ft.) - Arterial/Collector, R-10 column: 20",,"or/clackamas/lake-oswego/50.04.dimensional.txt#L121,L124",8,0,False,1,False,
00347,agree,,or/clackamas/lake-oswego,R-10,setback_street_side_ft [local_street],15,15,feet,clear,True,20 ft on an Arterial/Collector (L124),"Side Adjacent to Street (ft.) - Local, R-10 column: 15",,"or/clackamas/lake-oswego/50.04.dimensional.txt#L126,L129",8,0,False,1,False,
00348,agree,,or/clackamas/lake-oswego,R-10,min_lot_sqft,10000,10000,square feet,clear,True,"1,500 sq. ft. in the Townhouses (one per lot) row (L80)","MIN. LOT DIMENSIONS [3] - Single-Family, Duplex, Triplex, Quadplex, and Cottage Cluster Developments; Townhouse Projects - Area (sq. ft.), R-10: 10,000",,"or/clackamas/lake-oswego/50.04.dimensional.txt#L57,L60",8,1,True,1,False,"[3] up to a 25% cut in required lot area per dwelling unit, to relocate a designated historic landmark"
00349,agree,,or/clackamas/lake-oswego,R-10,min_lot_sqft [unit_lots],1500,1500,square feet,clear,True,"10,000 sq. ft. in the Quadplex / Townhouse Projects row (L60)","Townhouses (one per lot) - Area (sq. ft.), R-10 column: 1,500",,"or/clackamas/lake-oswego/50.04.dimensional.txt#L77,L80",8,2,True,1,False,"[2] townhouse project max 4 units per one zone min. lot area: 4 unit lots need 10,000 sq ft of parent land | [3] up to a 25% cut in required lot area per dwelling unit, to relocate a designated historic landmark"
00350,agree,,or/clackamas/lake-oswego,R-10,min_lot_width_ft,65,65,feet,clear,True,15 ft in the Townhouses (one per lot) row (L85),"MIN. LOT DIMENSIONS [3] - Quadplex / Townhouse Projects row, Width (ft.), R-10: 65",,"or/clackamas/lake-oswego/50.04.dimensional.txt#L63,L66",8,0,False,1,False,
00351,agree,,or/clackamas/lake-oswego,R-10,min_lot_width_ft [unit_lots],15,15,feet,clear,True,65 ft in the Quadplex / Townhouse Projects row (L66),"Townhouses (one per lot) - Width (ft.), R-10 column: 15",,"or/clackamas/lake-oswego/50.04.dimensional.txt#L82,L85",8,0,False,1,False,
00352,agree,noted,or/clackamas/lake-oswego,R-10,max_coverage_pct,25,25,percent,inferred,True,35% at 22 or less | 34% at >22 to 23 | 32% at >23 to 24 | 30% at >24 to 25 | 28% at >25 to 26 | 27% at >26 to 27,"TABLE 50.04.001-2 RESIDENTIAL LOW DENSITY LOT COVERAGES - Height (ft.) of primary structure "">27 to 28 and every taller band"", R-10 column: 25","The citation spans all 14 height bands and marks no single row, so the band is inferred: 25% is the R-10 column floor, binding from the "">27 to 28 and every taller band"" band upward; the table's subsection (2) also applies lot coverage to a townhouse project, not to individual townhouse lots.",or/clackamas/lake-oswego/50.04.dimensional.txt#L392-L408,6,0,False,1,False,
00353,agree,noted,or/clackamas/lake-oswego,R-10,max_coverage_pct [low_rise],35,35,percent,inferred,True,"34% at >22 to 23 | 32% at >23 to 24 | 30% at >24 to 25 | 25% at >27 ft, the column floor","TABLE 50.04.001-2 RESIDENTIAL LOW DENSITY LOT COVERAGES - Height (ft.) of primary structure ""22 or less"", R-10 column: 35","The citation spans all 14 height bands, so the band is inferred: ""low_rise"" reads as the ""22 or less"" row (35% in the R-10 column), and the table's own subsection (2) applies lot coverage to a townhouse project rather than to individual townhouse lots.",or/clackamas/lake-oswego/50.04.dimensional.txt#L392-L408,6,0,False,1,False,
00354,agree,,or/clackamas/lake-oswego,R-15,max_height_ft,35,35,feet,clear,True,"35 ft, Lot with Sloping Topography (L214) | 35 ft, Footprint, Sloped (L219) | lesser of 24 ft or primary roof form, Accessory Structure (L224)","MAX. BASE HEIGHT (FT.) / Primary Structure [4] - Flat Lot, R-15 column: 35",,"or/clackamas/lake-oswego/50.04.dimensional.txt#L205,L209",8,1,True,0,True,[4] +1 ft of base height for every extra 5 ft of yard setback on all sides; middle housing included
00355,agree,,or/clackamas/lake-oswego,R-15,setback_front_ft,25,25,feet,clear,True,25 ft front for an Accessory Structure (L147),"YARD SETBACKS / Primary Structure - Front (ft.), R-15 column: 25",,"or/clackamas/lake-oswego/50.04.dimensional.txt#L114,L118",8,0,False,0,False,
00356,agree,,or/clackamas/lake-oswego,R-15,setback_side_ft,10,10,feet,clear,True,"""Total 15, 5 min."" in the R-7.5 column (L133)","Interior Side (ft.), R-15 column: 10",,"or/clackamas/lake-oswego/50.04.dimensional.txt#L131,L135",8,0,False,0,False,
00357,agree,,or/clackamas/lake-oswego,R-15,setback_rear_ft,30,30,feet,clear,True,,"YARD SETBACKS / Primary Structure - Rear (ft.), R-15 column: 30",,"or/clackamas/lake-oswego/50.04.dimensional.txt#L136,L140",8,0,False,0,False,
00358,agree,,or/clackamas/lake-oswego,R-15,setback_street_side_ft,20,20,feet,clear,True,15 ft on a Local street (L130),"Side Adjacent to Street (ft.) - Arterial/Collector, R-15 column: 20",,"or/clackamas/lake-oswego/50.04.dimensional.txt#L121,L125",8,0,False,1,False,
00359,agree,,or/clackamas/lake-oswego,R-15,setback_street_side_ft [local_street],15,15,feet,clear,True,20 ft on an Arterial/Collector (L125),"Side Adjacent to Street (ft.) - Local, R-15 column: 15",,"or/clackamas/lake-oswego/50.04.dimensional.txt#L126,L130",8,0,False,1,False,
00360,agree,,or/clackamas/lake-oswego,R-15,min_lot_sqft,15000,15000,square feet,clear,True,"1,500 sq. ft. in the Townhouses (one per lot) row (L81)","MIN. LOT DIMENSIONS [3] - Single-Family, Duplex, Triplex, Quadplex, and Cottage Cluster Developments; Townhouse Projects - Area (sq. ft.), R-15: 15,000",,"or/clackamas/lake-oswego/50.04.dimensional.txt#L57,L61",8,1,True,1,False,"[3] up to a 25% cut in required lot area per dwelling unit, to relocate a designated historic landmark"
00361,agree,,or/clackamas/lake-oswego,R-15,min_lot_sqft [unit_lots],1500,1500,square feet,clear,True,"15,000 sq. ft. in the Quadplex / Townhouse Projects row (L61)","Townhouses (one per lot) - Area (sq. ft.), R-15 column: 1,500",,"or/clackamas/lake-oswego/50.04.dimensional.txt#L77,L81",8,2,True,1,False,"[2] townhouse project max 4 units per one zone min. lot area: 4 unit lots need 15,000 sq ft of parent land | [3] up to a 25% cut in required lot area per dwelling unit, to relocate a designated historic landmark"
00362,agree,,or/clackamas/lake-oswego,R-15,min_lot_width_ft,80,80,feet,clear,True,15 ft in the Townhouses (one per lot) row (L86),"MIN. LOT DIMENSIONS [3] - Quadplex / Townhouse Projects row, Width (ft.), R-15: 80",,"or/clackamas/lake-oswego/50.04.dimensional.txt#L63,L67",8,0,False,1,False,
00363,agree,,or/clackamas/lake-oswego,R-15,min_lot_width_ft [unit_lots],15,15,feet,clear,True,80 ft in the Quadplex / Townhouse Projects row (L67),"Townhouses (one per lot) - Width (ft.), R-15 column: 15",,"or/clackamas/lake-oswego/50.04.dimensional.txt#L82,L86",8,0,False,1,False,
00364,agree,noted,or/clackamas/lake-oswego,R-15,max_coverage_pct,25,25,percent,inferred,True,35% at 22 or less | 34% at >22 to 23 | 33% at >23 to 24 | 32% at >24 to 25 | 30% at >25 to 26 | 29% at >26 to 27 | 28% at >27 to 28 | 27% at >28 to 29,"TABLE 50.04.001-2 RESIDENTIAL LOW DENSITY LOT COVERAGES - Height (ft.) of primary structure "">29 to 30 and every taller band"", R-15 column: 25","The citation spans all 14 height bands and marks no single row, so the band is inferred: 25% is the R-15 column floor, binding from the "">29 to 30 and every taller band"" band upward; the table's subsection (2) also applies lot coverage to a townhouse project, not to individual townhouse lots.",or/clackamas/lake-oswego/50.04.dimensional.txt#L392-L408,6,0,False,1,False,
00365,agree,,or/clackamas/lake-oswego,R-15,max_coverage_pct [low_rise],35,35,percent,clear,True,34 (>22 to 23 ft) | 33 (>23 to 24 ft) | 32 (>24 to 25 ft) | 30 (>25 to 26 ft) | 25 (>29 ft and taller),"TABLE 50.04.001-2, row ""22 or less"", R-15 column: 35 (Maximum Lot Coverage (%))",,or/clackamas/lake-oswego/50.04.dimensional.txt#L392-L408,6,0,False,1,False,
00366,agree,,or/clackamas/lake-oswego,R-DD,max_height_ft,28,28,feet,clear,True,"28 - 32[5] (lot with sloping topography) | 32 (footprint, sloped) | 35 (R-5 footprint, sloped) | 28 (accessory structure, R-DD)","MAX. BASE HEIGHT (FT.) / Primary Structure, R-DD column of TABLE 50.04.001-3: 28",,"or/clackamas/lake-oswego/50.04.dimensional.txt#L579,L581,L584",6,1,True,0,True,"[5] sloping lots: 28 ft plane above the high point, up to 32 ft (R-DD sloping cell reads dash)"
00367,agree,,or/clackamas/lake-oswego,R-DD,setback_front_ft,10,10,feet,clear,True,three ft. for up to 50% of the facade on lots abutting Durham Street | five ft. to ten ft. for the remaining facade on Durham Street,"Except as otherwise provided in this section, the required setback in the R-DD zone is ten ft.",,or/clackamas/lake-oswego/50.04.dimensional.txt#L818,7,0,False,0,False,
00368,agree,noted,or/clackamas/lake-oswego,R-DD,setback_side_ft,10,10,feet,clear,True,0 at the area of the common wall or walls for zero lot line units (L840),"Except as otherwise provided in this section, the required setback in the R-DD zone is ten ft.",L818 states one general setback for every yard in R-DD; no side-specific figure is printed.,or/clackamas/lake-oswego/50.04.dimensional.txt#L818,7,0,False,0,False,
00369,agree,noted,or/clackamas/lake-oswego,R-DD,setback_rear_ft,10,10,feet,clear,True,,"Except as otherwise provided in this section, the required setback in the R-DD zone is ten ft.",L818 states one general setback for every yard in R-DD; no rear-specific figure is printed.,or/clackamas/lake-oswego/50.04.dimensional.txt#L818,7,0,False,0,False,
00370,agree,noted,or/clackamas/lake-oswego,R-DD,setback_street_side_ft,10,10,feet,clear,True,"ten ft. (the general R-DD setback, L818) | three ft. on lots abutting Durham Street","Structures shall be set back from a street right-of-way line a minimum of ten ft., or such greater distance required to accommodate off-street parking.",The ten ft is qualified in the same sentence - 'or such greater distance required to accommodate off-street parking' - so the printed figure is a floor that parking can raise.,or/clackamas/lake-oswego/50.04.dimensional.txt#L822,7,0,False,0,False,
00371,agree,,or/clackamas/lake-oswego,R-DD,min_lot_sqft,7000,7000,square feet,clear,True,"5,000 [4] (Single-Family, Duplex and Triplex Dwellings; Townhouse Projects) | 1,500 (Townhouses, one per lot)","MIN. LOT DIMENSIONS / Cottage Clusters and Quadplexes / Area (sq. ft.): 7,000 (R-DD column, TABLE 50.04.001-3)",,"or/clackamas/lake-oswego/50.04.dimensional.txt#L533,L537",6,0,False,1,False,
00372,agree,,or/clackamas/lake-oswego,R-DD,min_lot_sqft [unit_lots],1500,1500,square feet,clear,True,"7,000 (Cottage Clusters and Quadplexes) | 5,000 [4] (Single-Family, Duplex and Triplex Dwellings; Townhouse Projects)","MIN. LOT DIMENSIONS / Townhouses (one per lot) / Area (sq. ft.): 1,500 (R-DD column, TABLE 50.04.001-3)",,"or/clackamas/lake-oswego/50.04.dimensional.txt#L542,L546",6,0,False,1,False,
00373,agree,,or/clackamas/lake-oswego,R-DD,max_coverage_pct,45,45,percent,clear,True,35% (Single-Family Detached) | 55% (Multi-Family Dwelling) | 60% impervious surface cap in R-DD,TABLE 50.04.001-9: R-DD MAXIMUM LOT COVERAGE - Dwelling Type / Maximum Lot Coverage; Middle Housing 45%,,"or/clackamas/lake-oswego/50.04.dimensional.txt#L1066,L1068",7,0,False,0,False,
00374,agree,noted,or/clackamas/lake-oswego,R-W,max_height_ft,25,25,feet,inferred,True,"27 (portion at or below the Oswego Lake surface elevation) | 28 (flat lot, R-3/R-2/R-0 columns) | 28 - 32 [4] (lots with sloping topography) | 35 (footprint, sloped)","MAX. BASE HEIGHT (FT.) / From Oswego Lake Surface Elevation: 25/27 [5] (R-W column, TABLE 50.04.001-11)","The R-W cell prints two figures, '25/27' - 25 ft for the portion of the lot above the Oswego Lake surface elevation and 27 ft for the portion at or below it; I report the 25.","or/clackamas/lake-oswego/50.04.dimensional.txt#L1436,L1438",7,1,True,0,True,[5] 27 ft for parts of the lot at or below the Oswego Lake surface elevation; 25 ft above it
00375,agree,,or/clackamas/lake-oswego,R-W,setback_front_ft,0,0,feet,clear,True,"0 (Primary Dwelling (Detached), Front, R-W) | 10 (R-3 column, attached front)","YARD SETBACKS / Primary Dwelling (Attached) / Front: 0 (R-W column, TABLE 50.04.001-11)",,"or/clackamas/lake-oswego/50.04.dimensional.txt#L1339,L1341",7,0,False,0,False,
00376,agree,,or/clackamas/lake-oswego,R-W,setback_side_ft,0,0,feet,clear,True,"0 (Primary Dwelling (Detached), Side, R-W) | 10 (exterior wall); 0 (attached wall) in the R-3 column","YARD SETBACKS / Primary Dwelling (Attached) / Side: 0 (R-W column, TABLE 50.04.001-11)",,"or/clackamas/lake-oswego/50.04.dimensional.txt#L1345,L1347",7,0,False,0,False,
00377,agree,,or/clackamas/lake-oswego,R-W,setback_rear_ft,0,0,feet,clear,True,"0 (Primary Dwelling (Detached), Rear, R-W) | 10 (R-3 column, attached rear)","YARD SETBACKS / Primary Dwelling (Attached) / Rear: 0 (R-W column, TABLE 50.04.001-11)",,"or/clackamas/lake-oswego/50.04.dimensional.txt#L1352,L1354",7,0,False,0,False,
00378,agree,noted,or/clackamas/lake-oswego,R-W,setback_street_side_ft,0,0,feet,inferred,True,"0 (Other Types of Primary Structures and All Accessory Structures, Side Adjacent to Street, R-W) | 10 (R-3 column, detached side adjacent to street)","YARD SETBACKS / Primary Dwelling (Detached) / Side Adjacent to Street (ft.): 0 (R-W column, TABLE 50.04.001-11)","The 'Side Adjacent to Street' row read here sits under Primary Dwelling (Detached) - the Primary Dwelling (Attached) block prints only Front, Side and Rear - though R-W reads 0 in the detached row and in the 'Other Types' row alike.","or/clackamas/lake-oswego/50.04.dimensional.txt#L1319,L1321",7,0,False,0,False,
00379,agree,,or/clackamas/lake-oswego,R-W,min_lot_sqft,7000,7000,square feet,clear,True,"1,500 (Townhouses, one per lot) | 5,000 (Triplexes) | 3,375 (Single-Family and Duplex Dwellings; Townhouse Projects)","MIN. LOT DIMENSIONS / Cottage Clusters and Quadplexes / Area (sq. ft.): 7,000 (R-W column, TABLE 50.04.001-11)",,"or/clackamas/lake-oswego/50.04.dimensional.txt#L1246,L1250",7,0,False,1,False,
00380,agree,,or/clackamas/lake-oswego,R-W,min_lot_sqft [unit_lots],1500,1500,square feet,clear,True,"7,000 (Cottage Clusters and Quadplexes) | 3,375 (Single-Family and Duplex Dwellings; Townhouse Projects)","MIN. LOT DIMENSIONS / Townhouses (one per lot) / Area (sq. ft.): 1,500 (R-W column, TABLE 50.04.001-11)",,"or/clackamas/lake-oswego/50.04.dimensional.txt#L1254,L1258",7,0,False,1,False,
00381,agree,,or/clackamas/lake-oswego,R-W,max_coverage_pct,100,100,percent,clear,True,50 (R-3 column) | 55 (R-0 column) | Table 50.04.001-12 (R-2 column),"MAX. LOT COVERAGE / Lot Coverage: 100 (R-W column, TABLE 50.04.001-11)",,"or/clackamas/lake-oswego/50.04.dimensional.txt#L1301,L1303",7,0,False,0,False,
00383,agree,,or/clackamas/milwaukie,defaults,parking_max_per_unit,1,1,spaces per unit,clear,True,2 spaces per dwelling unit (Multi-Unit Dwellings) | 1 space per dwelling unit (d. Townhouses[2]) | No maximum (single detached dwellings),"Table 19.605.1, Maximum Allowed - 3. Middle Housing[1] / c. Quadplexes: 1 space per dwelling unit",,"or/clackamas/milwaukie/19.600.parking.txt#L245-L246,L253",2,1,True,0,True,[1] 0.5 spaces per unit for middle housing on streets classed Arterial or Collector in the TSP
00392,agree,,or/clackamas/milwaukie,R-MD,setback_front_ft,20,20,feet,clear,True,,"Table 19.301.4, C.1.a Front yard: 20 (R-MD, lot size 1,500 - 2,999 column)",,or/clackamas/milwaukie/19.300.base-zones.txt#L184,4,0,False,0,False,
00393,agree,noted,or/clackamas/milwaukie,R-MD,setback_side_ft,5.0,5,feet,clear,True,"5/10 (7,000 and up column)","Table 19.301.4, C.1.b Side yard: 5 (R-MD, lot size 1,500 - 2,999 column)","The cited cell is the 1,500 - 2,999 sq ft lot-size column; the 7,000-and-up column reads 5/10, and this item carries no lot-size condition.",or/clackamas/milwaukie/19.300.base-zones.txt#L194,4,0,False,0,False,
00394,agree,noted,or/clackamas/milwaukie,R-MD,setback_side_ft [step-back],20.0,20,feet (height above ground at the required side yard depth),inferred,True,"45 (b. Slope of plane, degrees) | 5 (C.1.b Side yard, same column)","Table 19.301.4, C.3 Side yard height plane limit - a. Height above ground at minimum required side yard depth (ft): 20; b. Slope of plane (degrees): 45","The marked lines state the side yard height plane - 20 ft above ground at the required side yard depth, rising at 45 degrees - not a side yard distance, so the figure is a height, not a setback.","or/clackamas/milwaukie/19.300.base-zones.txt#L229,L231,L232,L236,L237",4,0,False,0,False,
00395,agree,noted,or/clackamas/milwaukie,R-MD,setback_rear_ft,20,20,feet,clear,True,"15 (1,500 - 2,999 column)","Table 19.301.4, C.1.d Rear yard: 20 (R-MD, lot size 3,000-4,999 column)","The cited cell is the 3,000-4,999 sq ft lot-size column; it matches the 7,000-and-up base column (20) and only the smallest band differs.",or/clackamas/milwaukie/19.300.base-zones.txt#L215,4,0,False,1,False,
00396,agree,noted,or/clackamas/milwaukie,R-MD,setback_rear_ft [],15,15,feet,clear,True,"20 (3,000-4,999, 5,000-6,999 and 7,000-and-up columns)","Table 19.301.4, C.1.d Rear yard: 15 (R-MD, lot size 1,500 - 2,999 column)","The cited cell is the 1,500 - 2,999 sq ft lot-size column; the other three columns read 20, and this item carries no lot-size condition.",or/clackamas/milwaukie/19.300.base-zones.txt#L214,4,0,False,1,False,
00397,agree,,or/clackamas/milwaukie,R-MD,setback_street_side_ft,20,20,feet,clear,True,"5 (1,500 - 2,999 column) | 15 (3,000-4,999 and 5,000-6,999 columns)","Table 19.301.4, C.1.c Street side yard: 20 (R-MD, lot size 7,000 and up column)",,or/clackamas/milwaukie/19.300.base-zones.txt#L207,4,0,False,3,False,
00398,agree,noted,or/clackamas/milwaukie,R-MD,setback_street_side_ft [],5,5,feet,clear,True,"20 (7,000 and up column) | 15 (3,000-4,999 and 5,000-6,999 columns)","Table 19.301.4, C.1.c Street side yard: 5 (R-MD, lot size 1,500 - 2,999 column)","The cited cell is the 1,500 - 2,999 sq ft lot-size column; the 7,000-and-up base column reads 20, and this item carries no lot-size condition.",or/clackamas/milwaukie/19.300.base-zones.txt#L204,4,0,False,3,False,
00399,agree,noted,or/clackamas/milwaukie,R-MD,setback_street_side_ft [],15,15,feet,clear,True,"20 (7,000 and up column) | 5 (1,500 - 2,999 column)","Table 19.301.4, C.1.c Street side yard: 15 (R-MD, lot size 3,000-4,999 column)","The cited cell is the 3,000-4,999 sq ft lot-size column; the 7,000-and-up base column reads 20, and this item carries no lot-size condition.",or/clackamas/milwaukie/19.300.base-zones.txt#L205,4,0,False,3,False,
00400,agree,noted,or/clackamas/milwaukie,R-MD,setback_street_side_ft [],15,15,feet,clear,True,"20 (7,000 and up column) | 5 (1,500 - 2,999 column)","Table 19.301.4, C.1.c Street side yard: 15 (R-MD, lot size 5,000-6,999[2] column)","The cited cell is the 5,000-6,999 sq ft lot-size column; the 7,000-and-up base column reads 20, and this item carries no lot-size condition.",or/clackamas/milwaukie/19.300.base-zones.txt#L206,4,0,False,3,False,
00401,agree,noted,or/clackamas/milwaukie,R-MD,min_lot_sqft,3000,3000,square feet,inferred,True,"1,500 (townhouse column floor) | 5,000 (5,000-6,999 column floor) | 7,000 (7,000 and up column floor)","Table 19.301.4 header 'Lot size (square feet)': 3,000-4,999 - the column whose Permitted Dwelling Type reads 'Duplex, Triplex, Quadplex'","Table 19.301.4 prints lot-size bands as column headers rather than a stated minimum; 3,000 is the floor of the first band whose permitted dwelling types include a quadplex.",or/clackamas/milwaukie/19.300.base-zones.txt#L120,4,0,False,1,False,
00402,agree,noted,or/clackamas/milwaukie,R-MD,min_lot_sqft [unit_lots],1500,1500,square feet,inferred,True,"3,000 (Duplex, Triplex, Quadplex column floor) | 3,500 (corner-lot townhouse ceiling, note 1)","Table 19.301.4 header 'Lot size (square feet)': 1,500 - 2,999, whose Permitted Dwelling Type is 'Townhouse[1]'","Table 19.301.4 prints lot-size bands as column headers rather than a stated minimum; 1,500 is the floor of the townhouse band.",or/clackamas/milwaukie/19.300.base-zones.txt#L119-L130,4,0,False,1,False,
00403,agree,,or/clackamas/milwaukie,R-MD,min_lot_width_ft,60,60,feet,clear,True,"20 (1,500 - 2,999 column) | 30 (3,000-4,999 column) | 50 (5,000-6,999 column)","Table 19.301.4, B.1 Minimum lot width (ft): 60 (R-MD, lot size 7,000 and up column)",,or/clackamas/milwaukie/19.300.base-zones.txt#L145,4,0,False,3,False,
00404,agree,noted,or/clackamas/milwaukie,R-MD,min_lot_width_ft [],20,20,feet,clear,True,"60 (7,000 and up column) | 30 (3,000-4,999 column) | 50 (5,000-6,999 column)","Table 19.301.4, B.1 Minimum lot width (ft): 20 (R-MD, lot size 1,500 - 2,999 column)","The cited cell is the 1,500 - 2,999 sq ft lot-size column; the 7,000-and-up base column reads 60, and this item carries no lot-size condition.",or/clackamas/milwaukie/19.300.base-zones.txt#L142,4,0,False,3,False,
00405,agree,noted,or/clackamas/milwaukie,R-MD,min_lot_width_ft [],30,30,feet,clear,True,"60 (7,000 and up column) | 20 (1,500 - 2,999 column) | 50 (5,000-6,999 column)","Table 19.301.4, B.1 Minimum lot width (ft): 30 (R-MD, lot size 3,000-4,999 column)","The cited cell is the 3,000-4,999 sq ft lot-size column; the 7,000-and-up base column reads 60, and this item carries no lot-size condition.",or/clackamas/milwaukie/19.300.base-zones.txt#L143,4,0,False,3,False,
00406,agree,noted,or/clackamas/milwaukie,R-MD,min_lot_width_ft [],50,50,feet,clear,True,"60 (7,000 and up column) | 20 (1,500 - 2,999 column) | 30 (3,000-4,999 column)","Table 19.301.4, B.1 Minimum lot width (ft): 50 (R-MD, lot size 5,000-6,999[2] column)","The cited cell is the 5,000-6,999 sq ft lot-size column; the 7,000-and-up base column reads 60, and this item carries no lot-size condition.",or/clackamas/milwaukie/19.300.base-zones.txt#L144,4,0,False,3,False,
00407,agree,,or/clackamas/milwaukie,R-MD,max_coverage_pct,30,30,percent,clear,True,"45% (1,500 - 2,999 column) | 35% (3,000-4,999 and 5,000-6,999 columns)","Table 19.301.4, C.4 Maximum lot coverage (percent of total lot area): 30% (R-MD, lot size 7,000 and up column)",,or/clackamas/milwaukie/19.300.base-zones.txt#L245,4,0,False,3,False,
00408,agree,noted,or/clackamas/milwaukie,R-MD,max_coverage_pct [],45,45,percent,clear,True,"30% (7,000 and up column) | 35% (3,000-4,999 and 5,000-6,999 columns)","Table 19.301.4, C.4 Maximum lot coverage (percent of total lot area): 45% (R-MD, lot size 1,500 - 2,999 column)","The cited cell is the 1,500 - 2,999 sq ft lot-size column; the 7,000-and-up base column reads 30%, and this item carries no lot-size condition.",or/clackamas/milwaukie/19.300.base-zones.txt#L242,4,0,False,3,False,
00409,agree,noted,or/clackamas/milwaukie,R-MD,max_coverage_pct [],35,35,percent,clear,True,"30% (7,000 and up column) | 45% (1,500 - 2,999 column)","Table 19.301.4, C.4 Maximum lot coverage (percent of total lot area): 35% (R-MD, lot size 3,000-4,999 column)","The cited cell is the 3,000-4,999 sq ft lot-size column; the 7,000-and-up base column reads 30%, and this item carries no lot-size condition.",or/clackamas/milwaukie/19.300.base-zones.txt#L243,4,0,False,3,False,
00410,agree,noted,or/clackamas/milwaukie,R-MD,max_coverage_pct [],35,35,percent,clear,True,"30% (7,000 and up column) | 45% (1,500 - 2,999 column)","Table 19.301.4, C.4 Maximum lot coverage (percent of total lot area): 35% (R-MD, lot size 5,000-6,999[2] column)","The cited cell is the 5,000-6,999 sq ft lot-size column; the 7,000-and-up base column reads 30%, and this item carries no lot-size condition.",or/clackamas/milwaukie/19.300.base-zones.txt#L244,4,0,False,3,False,
00411,agree,,or/clackamas/milwaukie,R-MD,max_height_ft,35,35,feet,clear,True,,"Table 19.301.4, C.2 Maximum building height for primary structures: 35 ft (R-MD, lot size 1,500 - 2,999 column)",,or/clackamas/milwaukie/19.300.base-zones.txt#L224,4,0,False,0,False,
00413,agree,,or/clackamas/milwaukie,R-HD,setback_front_ft,20,20,feet,clear,True,5 ft front yard for properties identified in Figure 19.302.4 (L514),"Table 19.302.4, B. Development Standards - Front yard: 20 (R-HD column)",,or/clackamas/milwaukie/19.300.base-zones.txt#L495,4,0,False,0,False,
00415,agree,noted,or/clackamas/milwaukie,R-HD,setback_side_ft [step-back],25.0,25,feet (height above ground at the required side yard depth),inferred,True,"45 (Slope of plane, degrees) | See Subsection 19.302.5.A (what the table's own Side yard row says)",Table 19.302.4 - Side yard height plane limit: Height above ground at minimum required side yard depth (ft) 25; Slope of plane (degrees) 45 (R-HD),"The marked lines state the side yard height plane (25 ft above ground at the required side yard depth, rising at 45 degrees), not a side yard distance - the table's Side yard row itself reads 'See Subsection 19.302.5.A'.",or/clackamas/milwaukie/19.300.base-zones.txt#L500-L502,4,0,False,0,False,
00416,agree,,or/clackamas/milwaukie,R-HD,setback_rear_ft,15,15,feet,clear,True,Street side yard 15[4] | Front yard 20 | Side yard: See Subsection 19.302.5.A,Rear yard   15   Subsection 19.504.5 Transition Area Measures,,or/clackamas/milwaukie/19.300.base-zones.txt#L498,4,0,False,0,False,
00417,agree,,or/clackamas/milwaukie,R-HD,setback_street_side_ft,15,15,feet,clear,True,"5 ft (note 4, townhouses) | Rear yard 15 | Front yard 20",Street side yard   15[4]   Subsection 19.504.5 Transition Area Measures,,or/clackamas/milwaukie/19.300.base-zones.txt#L497,4,1,True,1,False,[4] 5 ft where the attached units are townhouses; 15 ft otherwise
00419,agree,,or/clackamas/milwaukie,R-HD,min_lot_sqft,3000,3000,square feet,clear,True,"1,500 - Table 19.302.4 Minimum lot size (sq ft) | 5,000 to 6,999 sq ft band (also lists Quadplex) | All other uses require a minimum lot size of 5,000 sq ft","Between 3,000 to 4,999 sq ft: Duplex, Triplex, and Quadplex.",,or/clackamas/milwaukie/19.300.base-zones.txt#L476,4,0,False,1,False,
00420,agree,,or/clackamas/milwaukie,R-HD,min_lot_sqft [unit_lots],1500,1500,square feet,clear,True,"3,000 (Duplex/Triplex/Quadplex band) | 1,500 - Table 19.302.4 Minimum lot size (sq ft) | 3,500 corner-lot townhouse ceiling","Between 1,500 to 2,999 sq ft: Townhouse; a townhouse is permitted on a corner lot up to 3,500 sq ft in area.",,or/clackamas/milwaukie/19.300.base-zones.txt#L475,4,0,False,1,False,
00421,agree,,or/clackamas/milwaukie,R-HD,min_lot_width_ft,20,20,feet,clear,True,Minimum street frontage - Townhouse 20 | Minimum street frontage - Standard lot 35 | Minimum lot depth (ft) 70,Minimum lot width (ft)   20,,or/clackamas/milwaukie/19.300.base-zones.txt#L486,4,0,False,0,False,
00422,agree,,or/clackamas/milwaukie,R-HD,max_height_ft,45,45,feet,clear,True,Height above ground at minimum required side yard depth (ft) 25 (side yard height plane),Maximum building height for primary structures   45 ft,,or/clackamas/milwaukie/19.300.base-zones.txt#L499,4,0,False,0,False,
00423,agree,,or/clackamas/milwaukie,R-HD,max_coverage_pct,50,50,percent,clear,True,Minimum vegetation (percent of total lot area) 15%,Maximum lot coverage (percent of total lot area)   50%,,or/clackamas/milwaukie/19.300.base-zones.txt#L503,4,0,False,0,False,
00432,agree,,or/clackamas/oregon-city,defaults,parking_area_max_width_ft,40,40,feet,clear,True,fifty percent of the lot frontage (whichever is less) | combined width of all garages: forty feet | twelve feet (17.16.040 townhouse branch),"Outdoor on-site parking and maneuvering areas shall not exceed a total of forty feet wide or fifty percent of the lot frontage, whichever is less",,or/clackamas/oregon-city/17.zoning.txt#L5417-L5432,3,0,False,0,False,
00433,agree,,or/clackamas/oregon-city,defaults,parking_area_max_frontage_pct,50,50,percent,clear,True,forty feet wide (whichever is less) | combined width of all garages: fifty percent of the lot frontage,"Outdoor on-site parking and maneuvering areas shall not exceed a total of forty feet wide or fifty percent of the lot frontage, whichever is less",,or/clackamas/oregon-city/17.zoning.txt#L5417-L5432,3,0,False,0,False,
00434,agree,,or/clackamas/oregon-city,defaults,parking_maneuvering_max_width_ft [unit_lots],12,12,feet,clear,True,"The garage width shall not exceed twelve feet | forty feet / fifty percent of frontage (17.16.060.D.1, one-lot branch)",17.16.040 Townhouse driveway access and parking ... Outdoor on-site parking and maneuvering areas shall not exceed twelve feet wide on any lot.,,or/clackamas/oregon-city/17.zoning.txt#L5323-L5345,3,0,False,1,False,
00435,agree,,or/clackamas/oregon-city,R-10,setback_front_ft,20,20,feet,clear,True,15 feet - - Porch (R-10) | 10 feet - - cottage cluster | 15 feet (R-8 column),"Mi nimum front yard 20 feet, except 15 feet , except 10 feet , except | setback: All 15 feet - - Porch 1 0 feet - - Porch 5 feet - - Porch",,or/clackamas/oregon-city/17.zoning.txt#L4138,3,1,True,0,True,[3] a public utility easement may supersede this minimum setback where one crosses the lot
00436,agree,,or/clackamas/oregon-city,R-10,setback_side_ft,8,8,feet,clear,True,0 feet (attached) - Except townhouse | 7 feet (R-8 column),Minimum interior side | yard setback: All 8 feet 7 feet 5 feet | Except townhouse 0 feet (at-tached)/8 feet (side),,or/clackamas/oregon-city/17.zoning.txt#L4143,3,1,True,0,True,[3] a public utility easement may supersede this minimum setback where one crosses the lot
00437,agree,,or/clackamas/oregon-city,R-10,setback_rear_ft,20,20,feet,clear,True,"15 feet - - Porch | 10 feet - - ADU, cottage cluster","Minimum rea r yard setback | 20 feet , exce pt 20 feet, except 20 feet , except | 15 feet - - Porch | 10 feet - - ADU , cottage cluster",,or/clackamas/oregon-city/17.zoning.txt#L4149,3,1,True,0,True,[3] a public utility easement may supersede this minimum setback where one crosses the lot
00438,agree,,or/clackamas/oregon-city,R-10,setback_street_side_ft,10,10,feet,clear,True,8 feet interior side (R-10) | 20 feet front yard (R-10),Minimum corner side | yard setback 10 feet 10 feet 10 feet,,or/clackamas/oregon-city/17.zoning.txt#L4148,3,1,True,0,True,[3] a public utility easement may supersede this minimum setback where one crosses the lot
00439,agree,,or/clackamas/oregon-city,R-10,min_lot_sqft,10000,10000,square feet,clear,True,"10,000 sq ft single-family detached/duplex/triplex (R-10) | 1,500 sq ft townhouse","Quad pl ex a nd co t tage 1 0 , 000 squ are 8 , 000 squ are 7 , 000 s qu are | cl uster f eet fe et fe e t",,or/clackamas/oregon-city/17.zoning.txt#L4118,3,1,True,1,False,[1] lot size may be reduced for land divisions under OCMC 16.08.065
00440,agree,,or/clackamas/oregon-city,R-10,min_lot_sqft [unit_lots],1500,1500,square feet,clear,True,"10,000 sq ft quadplex and cottage cluster (R-10)","1, 500 s quare 1, 500 square 1, 500 square | Townho u se f eet feet feet",,or/clackamas/oregon-city/17.zoning.txt#L4120-L4121,3,1,True,1,False,[1] lot size may be reduced for land divisions under OCMC 16.08.065
00441,agree,,or/clackamas/oregon-city,R-10,min_lot_width_ft,65,65,feet,clear,True,20 feet Except townhouse | 80 feet minimum lot depth (R-10),Minimum lot width: | All 65 feet 60 feet 50 feet,,or/clackamas/oregon-city/17.zoning.txt#L4133,3,0,False,0,False,
00442,agree,,or/clackamas/oregon-city,R-10,max_coverage_pct,40,40,percent,clear,True,45% with ADU | None for cottage cluster,"Maximum bu ildi n g lot | coverage 4 0% I 40% , 4 0% , | With ADU except 45%",,or/clackamas/oregon-city/17.zoning.txt#L4126,3,0,False,0,False,
00443,agree,,or/clackamas/oregon-city,R-10,max_height_ft,35,35,feet,clear,True,25 feet Except cottage cluster unit,Maxim um h eight: All 35 feet 35 fee t 35 fee t,,or/clackamas/oregon-city/17.zoning.txt#L4122,3,0,False,0,False,
00444,agree,,or/clackamas/oregon-city,R-10,min_density_du_per_acre,3.5,3.5,units per acre,clear,True,4 du/acre Except cottage clusters (R-10) | 4.4 du/acre maximum net density (R-10) | 17.4 du/acre maximum Except townhouses (R-10),Minimum net density: All 3.5 du / acre 4.4 du / acre 5.8 du /a cre,,or/clackamas/oregon-city/17.zoning.txt#L4184-L4186,2,0,False,0,False,
00445,agree,,or/clackamas/oregon-city,R-10,setback_garage_entrance_ft,20,20,feet,clear,True,5 feet Alley | 20 feet front yard setback (R-10),"Garage setback | 20 feet from ROW, exce p t | 5 feet Alley",,or/clackamas/oregon-city/17.zoning.txt#L4153-L4155,3,2,True,1,False,[2] a detached garage is an accessory structure; reduced setback per 17.54.010.B | [3] a public utility easement may supersede this minimum setback where one crosses the lot
00446,agree,,or/clackamas/oregon-city,R-10,setback_garage_entrance_ft [abuts_alley],5,5,feet,clear,True,20 feet from ROW (base),"Garage setback | 20 feet from ROW, exce p t | 5 feet Alley",,or/clackamas/oregon-city/17.zoning.txt#L4155,3,2,True,1,False,[2] a detached garage is an accessory structure; reduced setback per 17.54.010.B | [3] a public utility easement may supersede this minimum setback where one crosses the lot
00447,agree,,or/clackamas/oregon-city,R-8,setback_front_ft,15,15,feet,clear,True,10 feet - - Porch (R-8) | 10 feet - - cottage cluster | 20 feet (R-10 column),"Mi nimum front yard 20 feet, except 15 feet , except 10 feet , except | setback: All 15 feet - - Porch 1 0 feet - - Porch 5 feet - - Porch",,or/clackamas/oregon-city/17.zoning.txt#L4138,3,1,True,0,True,[3] a public utility easement may supersede this minimum setback where one crosses the lot
00448,agree,,or/clackamas/oregon-city,R-8,setback_side_ft,7,7,feet,clear,True,0 feet (attached) - Except townhouse | 8 feet (R-10 column),Minimum interior side | yard setback: All 8 feet 7 feet 5 feet | Except townhouse 0 feet (at-tached)/8 feet (side),,or/clackamas/oregon-city/17.zoning.txt#L4143,3,1,True,0,True,[3] a public utility easement may supersede this minimum setback where one crosses the lot
00449,agree,,or/clackamas/oregon-city,R-8,setback_rear_ft,20,20,feet,clear,True,"15 feet - - Porch | 10 feet - - ADU, cottage cluster","Minimum rea r yard setback | 20 feet , exce pt 20 feet, except 20 feet , except | 15 feet - - Porch | 10 feet - - ADU , cottage cluster",,or/clackamas/oregon-city/17.zoning.txt#L4149,3,1,True,0,True,[3] a public utility easement may supersede this minimum setback where one crosses the lot
00450,agree,,or/clackamas/oregon-city,R-8,setback_street_side_ft,10,10,feet,clear,True,7 feet interior side (R-8) | 15 feet front yard (R-8),Minimum corner side | yard setback 10 feet 10 feet 10 feet,,or/clackamas/oregon-city/17.zoning.txt#L4148,3,1,True,0,True,[3] a public utility easement may supersede this minimum setback where one crosses the lot
00451,agree,,or/clackamas/oregon-city,R-8,min_lot_sqft,8000,8000,square feet,clear,True,"8,000 sq ft single-family detached/duplex/triplex (R-8) | 1,500 sq ft townhouse","Quad pl ex a nd co t tage 1 0 , 000 squ are 8 , 000 squ are 7 , 000 s qu are | cl uster f eet fe et fe e t",,or/clackamas/oregon-city/17.zoning.txt#L4118,3,1,True,1,False,[1] lot size may be reduced for land divisions under OCMC 16.08.065
00452,agree,,or/clackamas/oregon-city,R-8,min_lot_sqft [unit_lots],1500,1500,square feet,clear,True,"8,000 sq ft quadplex and cottage cluster (R-8)","1, 500 s quare 1, 500 square 1, 500 square | Townho u se f eet feet feet",,or/clackamas/oregon-city/17.zoning.txt#L4120-L4121,3,1,True,1,False,[1] lot size may be reduced for land divisions under OCMC 16.08.065
00453,agree,,or/clackamas/oregon-city,R-8,min_lot_width_ft,60,60,feet,clear,True,20 feet Except townhouse | 75 feet minimum lot depth (R-8),Minimum lot width: | All 65 feet 60 feet 50 feet,,or/clackamas/oregon-city/17.zoning.txt#L4133,3,0,False,0,False,
00454,agree,,or/clackamas/oregon-city,R-8,max_coverage_pct,40,40,percent,clear,True,45% with ADU | None for cottage cluster,"Maximum bu ildi n g lot | coverage 4 0% I 40% , 4 0% , | With ADU except 45%",,or/clackamas/oregon-city/17.zoning.txt#L4126,3,0,False,0,False,
00455,agree,,or/clackamas/oregon-city,R-8,max_height_ft,35,35,feet,clear,True,25 feet Except cottage cluster unit,Maxim um h eight: All 35 feet 35 fee t 35 fee t,,or/clackamas/oregon-city/17.zoning.txt#L4122,3,0,False,0,False,
00456,agree,,or/clackamas/oregon-city,R-8,min_density_du_per_acre,4.4,4.4,units per acre,clear,True,4.4 du/acre Except cottage clusters (R-8) | 5.4 du/acre maximum net density (R-8) | 21.6 du/acre maximum Except townhouses (R-8),Minimum net density: All 3.5 du / acre 4.4 du / acre 5.8 du /a cre,,or/clackamas/oregon-city/17.zoning.txt#L4184-L4186,2,0,False,0,False,
00457,agree,,or/clackamas/oregon-city,R-8,setback_garage_entrance_ft,20,20,feet,clear,True,5 feet Alley | 15 feet front yard setback (R-8),"Garage setback | 20 feet from ROW, exce p t | 5 feet Alley",,or/clackamas/oregon-city/17.zoning.txt#L4153-L4155,3,2,True,1,False,[2] a detached garage is an accessory structure; reduced setback per 17.54.010.B | [3] a public utility easement may supersede this minimum setback where one crosses the lot
00458,agree,,or/clackamas/oregon-city,R-8,setback_garage_entrance_ft [abuts_alley],5,5,feet,clear,True,20 feet from ROW (base),"Garage setback | 20 feet from ROW, exce p t | 5 feet Alley",,or/clackamas/oregon-city/17.zoning.txt#L4155,3,2,True,1,False,[2] a detached garage is an accessory structure; reduced setback per 17.54.010.B | [3] a public utility easement may supersede this minimum setback where one crosses the lot
00459,agree,,or/clackamas/oregon-city,R-6,setback_front_ft,10,10,feet,clear,True,5 feet - - Porch (R-6) | 10 feet - - cottage cluster | 15 feet (R-8 column),"Mi nimum front yard 20 feet, except 15 feet , except 10 feet , except | setback: All 15 feet - - Porch 1 0 feet - - Porch 5 feet - - Porch",,or/clackamas/oregon-city/17.zoning.txt#L4138,3,1,True,0,True,[3] a public utility easement may supersede this minimum setback where one crosses the lot
00460,agree,,or/clackamas/oregon-city,R-6,setback_side_ft,5,5,feet,clear,True,0 feet (attached) - Except townhouse | 7 feet (R-8 column),Minimum interior side | yard setback: All 8 feet 7 feet 5 feet | Except townhouse 0 feet (at-tached)/8 feet (side),,or/clackamas/oregon-city/17.zoning.txt#L4143,3,1,True,0,True,[3] a public utility easement may supersede this minimum setback where one crosses the lot
00461,agree,,or/clackamas/oregon-city,R-6,setback_rear_ft,20,20,feet,clear,True,"15 feet - - Porch | 10 feet - - ADU, cottage cluster","Minimum rea r yard setback | 20 feet , exce pt 20 feet, except 20 feet , except | 15 feet - - Porch | 10 feet - - ADU , cottage cluster",,or/clackamas/oregon-city/17.zoning.txt#L4149,3,1,True,0,True,[3] a public utility easement may supersede this minimum setback where one crosses the lot
00462,agree,,or/clackamas/oregon-city,R-6,setback_street_side_ft,10,10,feet,clear,True,5 feet interior side (R-6) | 10 feet front yard (R-6),Minimum corner side | yard setback 10 feet 10 feet 10 feet,,or/clackamas/oregon-city/17.zoning.txt#L4148,3,1,True,0,True,[3] a public utility easement may supersede this minimum setback where one crosses the lot
00463,agree,,or/clackamas/oregon-city,R-6,min_lot_sqft,7000,7000,square feet,clear,True,"6,000 sq ft single-family detached/duplex/triplex (R-6) | 1,500 sq ft townhouse","Quad pl ex a nd co t tage 1 0 , 000 squ are 8 , 000 squ are 7 , 000 s qu are | cl uster f eet fe et fe e t",,or/clackamas/oregon-city/17.zoning.txt#L4118,3,1,True,1,False,[1] lot size may be reduced for land divisions under OCMC 16.08.065
00464,agree,,or/clackamas/oregon-city,R-6,min_lot_sqft [unit_lots],1500,1500,square feet,clear,True,"7,000 sq ft quadplex and cottage cluster (R-6)","1, 500 s quare 1, 500 square 1, 500 square | Townho u se f eet feet feet",,or/clackamas/oregon-city/17.zoning.txt#L4120-L4121,3,1,True,1,False,[1] lot size may be reduced for land divisions under OCMC 16.08.065
00465,agree,,or/clackamas/oregon-city,R-6,min_lot_width_ft,50,50,feet,clear,True,20 feet -- Except townhouse (R-6),"Minimum lot width: / All 65 feet 60 feet 50 feet (R-6 = third column, row ""All"")",,or/clackamas/oregon-city/17.zoning.txt#L4133,3,0,False,0,False,
00466,agree,,or/clackamas/oregon-city,R-6,max_coverage_pct,40,40,percent,clear,True,45% with ADU (R-6) | None -- cottage cluster (R-6),"Maximum bu ildi n g lot coverage 4 0% I 40% , 4 0% , / With ADU except 45% exce p t 45% e x cept 45% (R-6 = third column)",,or/clackamas/oregon-city/17.zoning.txt#L4126,3,0,False,0,False,
00467,agree,,or/clackamas/oregon-city,R-6,max_height_ft,35,35,feet,clear,True,25 feet -- Except cottage cluster unit (R-6),"Maxim um h eight: All 35 feet 35 fee t 35 fee t (R-6 = third column, row ""All"")",,or/clackamas/oregon-city/17.zoning.txt#L4122,3,0,False,0,False,
00468,agree,,or/clackamas/oregon-city,R-6,min_density_du_per_acre,5.8,5.8,units per acre,clear,True,"5.8 du/acre -- Except cottage clusters (R-6) | 7.3 du/acre -- Maximum net density: All (R-6) | 25 du/acre -- Maximum, Except townhouses (R-6)","Minimum net density: All 3.5 du / acre 4.4 du / acre 5.8 du /a cre (Table 17.08.050, R-6 = third column, row ""All"")",,or/clackamas/oregon-city/17.zoning.txt#L4184-L4186,2,0,False,0,False,
00469,agree,,or/clackamas/oregon-city,R-6,setback_garage_entrance_ft,20,20,feet,clear,True,5 feet Alley (R-6),"Garage setback 20 feet from ROW, exce p t 5 feet Alley (R-6 = third column)",,or/clackamas/oregon-city/17.zoning.txt#L4153-L4155,3,2,True,1,False,[2] a detached garage is an accessory structure: reduced setbacks per OCMC 17.54.010.B | [3] a public utility easement may supersede the 20 ft garage setback
00470,agree,,or/clackamas/oregon-city,R-6,setback_garage_entrance_ft [abuts_alley],5,5,feet,clear,True,"20 feet from ROW (base, R-6)","Garage setback 5 feet Alley 5 feet Alley 5 feet Alley (R-6 = third column; the ""except"" branch of 20 feet from ROW)",,or/clackamas/oregon-city/17.zoning.txt#L4155,3,2,True,1,False,[2] a detached garage is an accessory structure: reduced setbacks per OCMC 17.54.010.B | [3] a public utility easement may supersede the 5 ft alley garage setback
00471,agree,,or/clackamas/oregon-city,R-5,setback_front_ft,10,10,feet,clear,True,5 feet -- Porch (R-5),"Minimum front yard setback 10 feet, except / 5 feet - - Porch (Table 17.10.040, R-5 = first data column)",,or/clackamas/oregon-city/17.zoning.txt#L4331,2,1,True,0,True,[2] a public utility easement may supersede the 10 ft front setback
00472,agree,,or/clackamas/oregon-city,R-5,setback_side_ft,5,5,feet,clear,True,0 feet (attached)/5 feet (side) -- Townhouse row (R-5),"Minimum interior side yard setback -- All, except: 5 feet, except (R-5 = first data column)",,or/clackamas/oregon-city/17.zoning.txt#L4333,2,1,True,0,True,[2] a public utility easement may supersede the 5 ft interior side setback
00473,agree,,or/clackamas/oregon-city,R-5,setback_rear_ft,20,20,feet,clear,True,"15 feet -- Porch (R-5) | 10 feet -- ADU, cottage cluster (R-5) | 5 feet -- ADU (R-5)","Minimum rear yard setback 20 feet, except / 15 feet - - Porch / 10 feet -- ADU, cottage cluster / 5 feet - - ADU (R-5)",,or/clackamas/oregon-city/17.zoning.txt#L4340,2,1,True,0,True,[2] a public utility easement may supersede the 20 ft rear setback
00474,agree,,or/clackamas/oregon-city,R-5,setback_street_side_ft,7,7,feet,clear,True,,Minimum corner side yard set- back 7 feet 7 feet (R-5 = first data column),,or/clackamas/oregon-city/17.zoning.txt#L4338,2,1,True,0,True,[2] a public utility easement may supersede the 7 ft corner side setback
00475,agree,,or/clackamas/oregon-city,R-5,min_lot_sqft,7000,7000,square feet,clear,True,"5,000 square feet -- Single-family detached and duplex (R-5) | 5,000 square feet -- Triplex (R-5) | 1,500 square feet -- Townhouse (R-5)","Quadplex and cottage cluster 7,000 square feet 7,000 square feet (R-5 = first data column)",,or/clackamas/oregon-city/17.zoning.txt#L4313,2,1,True,1,False,[1] lot size may be reduced for land divisions per OCMC 16.08.065
00476,agree,,or/clackamas/oregon-city,R-5,min_lot_sqft [unit_lots],1500,1500,square feet,clear,True,"7,000 square feet -- Quadplex and cottage cluster (R-5), the base","Townhouse 1,500 square feet 1,500 square feet (R-5 = first data column)",,or/clackamas/oregon-city/17.zoning.txt#L4317,2,1,True,1,False,[1] lot size may be reduced for land divisions per OCMC 16.08.065
00477,agree,,or/clackamas/oregon-city,R-5,min_lot_width_ft,35,35,feet,clear,True,20 feet -- Townhouse (R-5),"Minimum lot width / All, except 35 feet, except 25 feet, except (R-5 = first data column, row ""All, except"")",,or/clackamas/oregon-city/17.zoning.txt#L4328,2,0,False,1,False,
00478,agree,,or/clackamas/oregon-city,R-5,min_lot_width_ft [unit_lots],20,20,feet,clear,True,"35 feet -- All, except (R-5), the base","Townhouse 20 feet 20 feet (R-5 = first data column, under Minimum lot width)",,or/clackamas/oregon-city/17.zoning.txt#L4329,2,0,False,1,False,
00479,agree,,or/clackamas/oregon-city,R-5,max_coverage_pct,70,70,percent,clear,True,50% -- Single-family detached and duplex (R-5) | 60% -- With ADU (R-5) | None -- Cottage cluster,"Triplex, quadplex and town- house 70% 80% (R-5 = first data column)",,or/clackamas/oregon-city/17.zoning.txt#L4324,2,0,False,0,False,
00480,agree,,or/clackamas/oregon-city,R-5,max_height_ft,35,35,feet,clear,True,25 feet -- Except cottage cluster unit (R-5),"Maximum height: All 35 feet 35 feet (R-5 = first data column, row ""All"")",,or/clackamas/oregon-city/17.zoning.txt#L4318,2,0,False,0,False,
00481,agree,,or/clackamas/oregon-city,R-5,min_density_du_per_acre,7.0,7.0,units per acre,clear,True,"8.7 du/acre -- Maximum net density, All except (R-5) | 25 du/acre -- Maximum, Townhouse (R-5)","Minimum net density 7 . 0 du / acre 10 du/acre (Table 17.10.050, R-5 = first data column)",,or/clackamas/oregon-city/17.zoning.txt#L4376-L4378,3,0,False,0,False,
00482,agree,,or/clackamas/oregon-city,R-5,setback_garage_entrance_ft,20,20,feet,clear,True,5 feet from alley (R-5),"Garage setbacks 20 feet from ROW, except / 5 feet from alley (R-5 = first data column)",,or/clackamas/oregon-city/17.zoning.txt#L4345-L4347,2,1,True,1,False,[2] a public utility easement may supersede the 20 ft garage setback
00483,agree,,or/clackamas/oregon-city,R-5,setback_garage_entrance_ft [abuts_alley],5,5,feet,clear,True,"20 feet from ROW (base, R-5)","5 feet from alley 5 feet from alley (R-5 = first data column; the ""except"" branch of Garage setbacks)",,or/clackamas/oregon-city/17.zoning.txt#L4347,2,1,True,1,False,[2] a public utility easement may supersede the 5 ft alley garage setback
00484,agree,,or/clackamas/oregon-city,R-3.5,setback_front_ft,5,5,feet,clear,True,0 feet -- Porch (R-3.5),"Minimum front yard setback 10 feet, except 5 feet, except / 0 feet - - Porch (R-3.5 = second data column)",,or/clackamas/oregon-city/17.zoning.txt#L4331,2,1,True,0,True,[2] a public utility easement may supersede the 5 ft front setback
00485,agree,,or/clackamas/oregon-city,R-3.5,setback_side_ft,5,5,feet,clear,True,0 feet (attached)/5 feet (side) -- Townhouse row (R-3.5),"Minimum interior side yard setback -- All, except: 5 feet, except (R-3.5 = second data column)",,or/clackamas/oregon-city/17.zoning.txt#L4333,2,1,True,0,True,[2] a public utility easement may supersede the 5 ft interior side setback
00486,agree,,or/clackamas/oregon-city,R-3.5,setback_rear_ft,20,20,feet,clear,True,15 feet -- Porch (R-3.5) | 10 feet -- Cottage cluster (R-3.5),"Minimum rear yard setback 20 feet, except / 15 feet - - Porch / 10 feet - Cottage cluster (R-3.5 = second data column)",,or/clackamas/oregon-city/17.zoning.txt#L4340,2,1,True,0,True,[2] a public utility easement may supersede the 20 ft rear setback
00487,agree,,or/clackamas/oregon-city,R-3.5,setback_street_side_ft,7,7,feet,clear,True,,Minimum corner side yard set- back 7 feet 7 feet (R-3.5 = second data column),,or/clackamas/oregon-city/17.zoning.txt#L4338,2,1,True,0,True,[2] a public utility easement may supersede the 7 ft corner side setback
00488,agree,,or/clackamas/oregon-city,R-3.5,min_lot_sqft,7000,7000,square feet,clear,True,"3,500 square feet -- Single-family detached and duplex (R-3.5) | 5,000 square feet -- Triplex (R-3.5) | 1,500 square feet -- Townhouse (R-3.5)","Quadplex and cottage cluster 7,000 square feet 7,000 square feet (R-3.5 = second data column)",,or/clackamas/oregon-city/17.zoning.txt#L4313,2,1,True,1,False,[1] lot size may be reduced for land divisions per OCMC 16.08.065
00489,agree,,or/clackamas/oregon-city,R-3.5,min_lot_sqft [unit_lots],1500,1500,square feet,clear,True,"7,000 square feet -- Quadplex and cottage cluster (R-3.5), the base","Townhouse 1,500 square feet 1,500 square feet (R-3.5 = second data column)",,or/clackamas/oregon-city/17.zoning.txt#L4317,2,1,True,1,False,[1] lot size may be reduced for land divisions per OCMC 16.08.065
00490,agree,,or/clackamas/oregon-city,R-3.5,min_lot_width_ft,25,25,feet,clear,True,20 feet -- Townhouse (R-3.5),"Minimum lot width / All, except 35 feet, except 25 feet, except (R-3.5 = second data column, row ""All, except"")",,or/clackamas/oregon-city/17.zoning.txt#L4328,2,0,False,1,False,
00491,agree,,or/clackamas/oregon-city,R-3.5,min_lot_width_ft [unit_lots],20,20,feet,clear,True,"25 feet -- All, except (R-3.5), the base","Townhouse 20 feet 20 feet (R-3.5 = second data column, under Minimum lot width)",,or/clackamas/oregon-city/17.zoning.txt#L4329,2,0,False,1,False,
00492,agree,,or/clackamas/oregon-city,R-3.5,max_coverage_pct,80,80,percent,clear,True,55% -- Single-family detached and duplex (R-3.5) | 65% -- With ADU (R-3.5) | None -- Cottage cluster,"Triplex, quadplex and town- house 70% 80% (R-3.5 = second data column)",,or/clackamas/oregon-city/17.zoning.txt#L4324,2,0,False,0,False,
00493,agree,,or/clackamas/oregon-city,R-3.5,max_height_ft,35,35,feet,clear,True,25 feet -- Except cottage cluster unit (R-3.5),"Maximum height: All 35 feet 35 feet (R-3.5 = second data column, row ""All"")",,or/clackamas/oregon-city/17.zoning.txt#L4318,2,0,False,0,False,
00494,agree,,or/clackamas/oregon-city,R-3.5,min_density_du_per_acre,10,10,units per acre,clear,True,"12.4 du/acre -- Maximum net density, All except (R-3.5) | 25 du/acre -- Maximum, Townhouse (R-3.5)","Minimum net density 7 . 0 du / acre 10 du/acre (Table 17.10.050, R-3.5 = second data column)",,or/clackamas/oregon-city/17.zoning.txt#L4376-L4378,3,0,False,0,False,
00495,agree,,or/clackamas/oregon-city,R-3.5,setback_garage_entrance_ft,20,20,feet,clear,True,5 feet from alley (R-3.5),"Garage setbacks 20 feet from ROW, except / 5 feet from alley (R-3.5 = second data column)",,or/clackamas/oregon-city/17.zoning.txt#L4345-L4347,2,1,True,1,False,[2] a public utility easement may supersede the 20 ft garage setback
00496,agree,,or/clackamas/oregon-city,R-3.5,setback_garage_entrance_ft [abuts_alley],5,5,feet,clear,True,"20 feet from ROW (base, R-3.5)","5 feet from alley 5 feet from alley (R-3.5 = second data column; the ""except"" branch of Garage setbacks)",,or/clackamas/oregon-city/17.zoning.txt#L4347,2,1,True,1,False,[2] a public utility easement may supersede the 5 ft alley garage setback
00785,unread,unclear+noted,or/clackamas/wilsonville,RN,min_lot_sqft,8000,,square feet,unclear,unknown,"R-10 Large Lot: 8,000 square feet | R-7 Medium Lot: 6,000 square feet | R-5 Small Lot: 4,000 square feet | 7,000 square feet for quadplexes in R-5 and R-7 per note C","R-10 Large Lot 8,000 ... / R-7 Medium Lot 6,000 C ... / R-5 Small Lot 4,000 C,D (Min. Lot Size (sq. ft.) A,B column)","Table 8A states no RN row: it prints one row per sub-district (R-10 Large Lot, R-7 Medium Lot, R-5 Small Lot) and the three give different figures, so no single figure can be read for the zone as printed.",or/clackamas/wilsonville/4.planning.txt#L7179-L7236,16,3,True,1,False,"[A] min lot size cut to 80% for resource protection, cluster housing, or added lots | [B] 1,500 sq ft if the four units are platted as townhouses | [C] 7,000 sq ft for quadplexes in the R-5 and R-7 sub-districts"
00787,unread,unclear+noted,or/clackamas/wilsonville,RN,min_lot_width_ft,40,,feet,unclear,unknown,R-10 Large Lot: 40 ft | R-7 Medium Lot: 35 ft | R-5 Small Lot: 35 ft | 20 ft for townhouses per note I,"R-10 Large Lot ... 40 / R-7 Medium Lot ... 35 / R-5 Small Lot ... 35 (Min. Lot Width I, J, N (ft.) column)","Table 8A states no RN row: it prints one row per sub-district (R-10 Large Lot, R-7 Medium Lot, R-5 Small Lot) and the three give different figures, so no single figure can be read for the zone as printed.",or/clackamas/wilsonville/4.planning.txt#L7179-L7236,16,2,True,1,False,[I] 20 ft lot width if the four units are platted as townhouses | [J] lot width may be reduced to 24 ft where the lot fronts a cul-de-sac
00789,agree,noted,or/clackamas/wilsonville,RN,min_lot_depth_ft,60,60,feet,clear,True,,"R-10 Large Lot 8,000 60' ... / R-7 Medium Lot 6,000 C 60' ... / R-5 Small Lot 4,000 C,D 60' (Min. Lot Depth (ft.) column)","Table 8A states no RN row, only sub-districts R-10/R-7/R-5, but all three print the same 60 ft lot depth so the zone resolves either way.",or/clackamas/wilsonville/4.planning.txt#L7179-L7236,16,0,False,0,False,
00790,unread,unclear+noted,or/clackamas/wilsonville,RN,min_frontage_ft,40,,feet,unclear,unknown,Min. lot width 40 ft (R-10) / 35 ft (R-7) / 35 ft (R-5) | 24 ft on a cul-de-sac per note J | no street frontage required on a platted private drive per note J,"Min. Lot Width I, J, N (ft.) -- Table 8A prints no minimum street frontage column; frontage appears only in notes J and N on the lot-width column",Table 8A has no minimum-frontage column and no RN row; the only frontage language is in notes J and N hung on the Min. Lot Width column.,or/clackamas/wilsonville/4.planning.txt#L7179-L7236,16,1,True,1,False,[J] no street frontage required on a platted private drive or pedestrian access; 24 ft on a cul-de-sac
00792,unread,unclear+noted,or/clackamas/wilsonville,RN,max_coverage_pct,40,,percent,unclear,unknown,R-10 Large Lot: 40% | R-7 Medium Lot: 45% | R-5 Small Lot: 60% | +10% where multiple buildings are built per note E,R-10 Large Lot ... 40% E / R-7 Medium Lot ... 45% E / R-5 Small Lot ... 60% E (Max. Lot Coverage (%) column),"Table 8A states no RN row: it prints one row per sub-district (R-10 Large Lot, R-7 Medium Lot, R-5 Small Lot) and the three give different figures, so no single figure can be read for the zone as printed.",or/clackamas/wilsonville/4.planning.txt#L7179-L7236,16,1,True,0,True,[E] coverage may be increased 10% on lots where multiple buildings are built
00793,unread,unclear+noted,or/clackamas/wilsonville,RN,setback_front_ft,20,,feet,unclear,unknown,R-10 Large Lot: 20 ft | R-7 Medium Lot: 15 ft | R-5 Small Lot: 12 ft,"Setbacks K, L, M -- Front Min. (ft.): R-10 20 F / R-7 15 F / R-5 12 F","Table 8A states no RN row: it prints one row per sub-district (R-10 Large Lot, R-7 Medium Lot, R-5 Small Lot) and the three give different figures, so no single figure can be read for the zone as printed.",or/clackamas/wilsonville/4.planning.txt#L7179-L7236,16,1,True,0,True,[F] front porches may extend 5 ft into the front setback
00794,unread,unclear+noted,or/clackamas/wilsonville,RN,setback_rear_ft,20,,feet,unclear,unknown,R-10 Large Lot: 20 ft | R-7 Medium Lot: 15 ft | R-5 Small Lot: 15 ft | 3 to 5 ft on alley lots per note G,"Setbacks K, L, M -- Rear Min. (ft.): R-10 20 / R-7 15 / R-5 15","Table 8A states no RN row: it prints one row per sub-district (R-10 Large Lot, R-7 Medium Lot, R-5 Small Lot) and the three give different figures, so no single figure can be read for the zone as printed.",or/clackamas/wilsonville/4.planning.txt#L7179-L7236,16,1,True,0,True,[G] rear or side setback is 3 to 5 ft where the garage door does not face the alley
00800,agree,noted,or/clackamas/wilsonville,RN,setback_garage_entrance_ft,20,20,feet,inferred,True,18 ft garage setback from an alley (all three sub-districts) | 18 ft from a sidewalk easement per note P,"Garage Min Setback from Street O,P (ft.): 20 in all three rows (R-10 ... 18G 20 / R-7 ... 18G 20 / R-5 ... 18G 20)","Table 8A has no RN row, only sub-districts R-10/R-7/R-5, but all three print the same 20 ft garage setback from the street (and 18 ft from an alley); the Side column holds note M rather than a number, which is how the columns were counted.",or/clackamas/wilsonville/4.planning.txt#L7179-L7236,16,2,True,1,False,[G] 18 ft minimum to an alley-facing garage door for an apron; otherwise rear/side setback 3 to 5 ft | [P] garage must also be set back 18 ft from any sidewalk easement paralleling the street
00925,agree,,or/multnomah/fairview,R-6,min_density_du_per_acre,5.8,5.8,units per acre,clear,True,"5.8 (a. Single Unit, R-6) | 5.8 (c. Townhouse, R-6)","3. Minimum Net Density (units/acre) [1] | b. Duplex, Triplex, Quadplex, Cottage Cluster | R-6: 5.8",,"or/multnomah/fairview/19.30.txt#L292,L299,L300",1,0,False,1,False,
00926,agree,,or/multnomah/fairview,R-6,min_density_du_per_acre [unit_lots],5.8,5.8,units per acre,clear,True,"5.8 (b. Duplex, Triplex, Quadplex, Cottage Cluster, R-6) | 5.8 (a. Single Unit, R-6)",3. Minimum Net Density (units/acre) [1] | c. Townhouse | R-6: 5.8,,"or/multnomah/fairview/19.30.txt#L292,L305,L306",1,0,False,1,False,
00927,agree,,or/multnomah/fairview,R-6,max_density_du_per_acre [unit_lots],25,25,units per acre,clear,True,"None (b. Duplex, Triplex, Quadplex, Cottage Cluster, R-6) | 7.3 (a. Single Unit, R-6)",4. Maximum Net Density (units/acre) | c. Townhouse | R-6: 25,,"or/multnomah/fairview/19.30.txt#L317,L330,L331",1,0,False,1,False,
00928,agree,,or/multnomah/fairview,R-6,min_building_separation_ft,10,10,feet,clear,True,,12. Special Yards (distance between primary buildings on the same lot) | R-6: 10 feet,,or/multnomah/fairview/19.30.txt#L405,1,0,False,0,False,
00929,agree,,or/multnomah/fairview,R-6,max_height_ft,35,35,feet,clear,True,2.5 stories (same cell),"17. Maximum Building Height | R-6: 2.5 stories, but not more than 35 ft.",,"or/multnomah/fairview/19.30.txt#L439,L440",1,0,False,0,False,
00930,agree,,or/multnomah/fairview,R-6,max_far,0.7,0.7,floor area ratio,clear,True,Cottage clusters none,14. Maximum Floor Area Ratio (FAR) | R-6: 0.7 to 1,,"or/multnomah/fairview/19.30.txt#L417,L418,L419",1,0,False,0,False,
00931,agree,,or/multnomah/fairview,R-6,max_lot_depth_ratio,3,3,times the lot width,clear,True,Townhomes and cottage clusters none,6. Maximum Lot Depth | R-6: 3 times the lot width,,or/multnomah/fairview/19.30.txt#L353,1,0,False,1,False,
00933,agree,,or/multnomah/fairview,R-6,setback_front_ft,10,10,feet,clear,True,,7. Front Yard Setback Minimum | R-6: 10 feet,,or/multnomah/fairview/19.30.txt#L362,1,0,False,0,False,
00934,agree,,or/multnomah/fairview,R-6,setback_side_ft,5,5,feet,clear,True,Townhomes No setback on attached side(s),10. Interior Side Yard Setback | R-6: 5 feet,,or/multnomah/fairview/19.30.txt#L387,1,0,False,0,False,
00935,agree,,or/multnomah/fairview,R-6,setback_rear_ft,15,15,feet,clear,True,Cottage clusters: 10 feet,9. Rear Yard Setback | R-6: 15 feet,,or/multnomah/fairview/19.30.txt#L377,1,0,False,0,False,
00936,agree,,or/multnomah/fairview,R-6,setback_street_side_ft,10,10,feet,clear,True,,11. Street Side Yard (corner) Setback Minimum | R-6: 10 feet,,or/multnomah/fairview/19.30.txt#L399,1,0,False,0,False,
00937,agree,,or/multnomah/fairview,R-6,min_lot_sqft,6000,6000,square feet,clear,True,"2,000 (e. Townhouse, R-6)","1. Minimum Lot Size (sq. ft.) | d. Quadplex | R-6: 6,000",,or/multnomah/fairview/19.30.txt#L257,1,0,False,0,False,
00938,agree,,or/multnomah/fairview,R-6,min_lot_width_ft,30,30,feet,clear,True,20 feet for townhouses,5. Minimum Lot Width at Front Property Line | R-6: 30 feet,,or/multnomah/fairview/19.30.txt#L343,1,0,False,0,False,
00939,agree,,or/multnomah/fairview,R-6,max_coverage_pct,50,50,percent,clear,True,"65% (16. Maximum Impervious Area Coverage, R-6)",15. Maximum Building Coverage | R-6: 50%,,or/multnomah/fairview/19.30.txt#L428,1,0,False,0,False,
00941,agree,,or/multnomah/fairview,R-6,setback_front_max_ft,30,30,feet,clear,True,Residential commercial buildings 10 feet,8. Front Yard Setback Maximum | R-6: 30 feet,,or/multnomah/fairview/19.30.txt#L369,1,0,False,0,False,
00942,agree,,or/multnomah/fairview,R-7.5,min_density_du_per_acre,4.6,4.6,units per acre,clear,True,"4.6 (a. Single Unit, R-7.5) | 4.6 (c. Townhouse, R-7.5)","3. Minimum Net Density (units/acre) [1] | b. Duplex, Triplex, Quadplex, Cottage Cluster | R-7.5: 4.6",,"or/multnomah/fairview/19.30.txt#L292,L299,L301",1,0,False,1,False,
00943,agree,,or/multnomah/fairview,R-7.5,min_density_du_per_acre [unit_lots],4.6,4.6,units per acre,clear,True,"4.6 (b. Duplex, Triplex, Quadplex, Cottage Cluster, R-7.5) | 4.6 (a. Single Unit, R-7.5)",3. Minimum Net Density (units/acre) [1] | c. Townhouse | R-7.5: 4.6,,"or/multnomah/fairview/19.30.txt#L292,L305,L307",1,0,False,1,False,
00944,agree,,or/multnomah/fairview,R-7.5,max_density_du_per_acre [unit_lots],23.2,23.2,units per acre,clear,True,"None (b. Duplex, Triplex, Quadplex, Cottage Cluster, R-7.5) | 5.8 (a. Single Unit, R-7.5)",4. Maximum Net Density (units/acre) | c. Townhouse | R-7.5: 23.2,,"or/multnomah/fairview/19.30.txt#L317,L330,L332",1,0,False,1,False,
00945,agree,,or/multnomah/fairview,R-7.5,min_building_separation_ft,10,10,feet,clear,True,,12. Special Yards (distance between primary buildings on the same lot) | R-7.5: 10 feet,,or/multnomah/fairview/19.30.txt#L406,1,0,False,0,False,
00946,agree,,or/multnomah/fairview,R-7.5,max_height_ft,35,35,feet,clear,True,2.5 stories (same cell),"17. Maximum Building Height | R-7.5: 2.5 stories, but not more than 35 ft.",,"or/multnomah/fairview/19.30.txt#L439,L441",1,0,False,0,False,
00947,agree,,or/multnomah/fairview,R-7.5,max_far,0.7,0.7,floor area ratio,clear,True,Cottage clusters none,14. Maximum Floor Area Ratio (FAR) | R-7.5: 0.7 to 1,,"or/multnomah/fairview/19.30.txt#L417,L420,L421",1,0,False,0,False,
00948,agree,,or/multnomah/fairview,R-7.5,max_lot_depth_ratio,3,3,times the lot width,clear,True,Townhomes and cottage clusters none,6. Maximum Lot Depth | R-7.5: 3 times the lot width,,or/multnomah/fairview/19.30.txt#L355,1,0,False,1,False,
00950,agree,,or/multnomah/fairview,R-7.5,setback_front_ft,10,10,feet,clear,True,,7. Front Yard Setback Minimum | R-7.5: 10 feet,,or/multnomah/fairview/19.30.txt#L363,1,0,False,0,False,
00951,agree,,or/multnomah/fairview,R-7.5,setback_side_ft,5,5,feet,clear,True,Townhomes No setback on attached side(s),10. Interior Side Yard Setback | R-7.5: 5 feet,,or/multnomah/fairview/19.30.txt#L389,1,0,False,0,False,
00952,agree,,or/multnomah/fairview,R-7.5,setback_rear_ft,15,15,feet,clear,True,Cottage clusters: 10 feet,9. Rear Yard Setback | R-7.5: 15 feet,,or/multnomah/fairview/19.30.txt#L379,1,0,False,0,False,
00953,agree,,or/multnomah/fairview,R-7.5,setback_street_side_ft,10,10,feet,clear,True,,11. Street Side Yard (corner) Setback Minimum | R-7.5: 10 feet,,or/multnomah/fairview/19.30.txt#L400,1,0,False,0,False,
00954,agree,,or/multnomah/fairview,R-7.5,min_lot_sqft,7500,7500,square feet,clear,True,"2,000 (e. Townhouse, R-7.5)","1. Minimum Lot Size (sq. ft.) | d. Quadplex | R-7.5: 7,500",,or/multnomah/fairview/19.30.txt#L258,1,0,False,0,False,
00955,agree,,or/multnomah/fairview,R-7.5,min_lot_width_ft,30,30,feet,clear,True,20 feet for townhouses,5. Minimum Lot Width at Front Property Line | R-7.5: 30 feet,,or/multnomah/fairview/19.30.txt#L345,1,0,False,0,False,
00956,agree,,or/multnomah/fairview,R-7.5,max_coverage_pct,50,50,percent,clear,True,"65% (16. Maximum Impervious Area Coverage, R-7.5)",15. Maximum Building Coverage | R-7.5: 50%,,or/multnomah/fairview/19.30.txt#L429,1,0,False,0,False,
00958,agree,,or/multnomah/fairview,R-7.5,setback_front_max_ft,30,30,feet,clear,True,Residential commercial buildings 10 feet,8. Front Yard Setback Maximum | R-7.5: 30 feet,,or/multnomah/fairview/19.30.txt#L370,1,0,False,0,False,
00959,agree,,or/multnomah/fairview,R-10,min_density_du_per_acre,3.5,3.5,units per acre,clear,True,"3.5 (a. Single Unit, R-10) | 3.5 (c. Townhouse, R-10)","3. Minimum Net Density (units/acre) [1] | b. Duplex, Triplex, Quadplex, Cottage Cluster | R-10: 3.5",,"or/multnomah/fairview/19.30.txt#L292,L299,L302",1,0,False,1,False,
00960,agree,,or/multnomah/fairview,R-10,min_density_du_per_acre [unit_lots],3.5,3.5,units per acre,clear,True,"3.5 (b. Duplex, Triplex, Quadplex, Cottage Cluster, R-10) | 3.5 (a. Single Unit, R-10)",3. Minimum Net Density (units/acre) [1] | c. Townhouse | R-10: 3.5,,"or/multnomah/fairview/19.30.txt#L292,L305,L308",1,0,False,1,False,
00961,agree,,or/multnomah/fairview,R-10,max_density_du_per_acre [unit_lots],17.6,17.6,units per acre,clear,True,"None (b. Duplex, Triplex, Quadplex, Cottage Cluster, R-10) | 4.4 (a. Single Unit, R-10)",4. Maximum Net Density (units/acre) | c. Townhouse | R-10: 17.6,,"or/multnomah/fairview/19.30.txt#L317,L330,L333",1,0,False,1,False,
00962,agree,,or/multnomah/fairview,R-10,min_building_separation_ft,10,10,feet,clear,True,,12. Special Yards (distance between primary buildings on the same lot) | R-10: 10 feet,,or/multnomah/fairview/19.30.txt#L407,1,0,False,0,False,
00963,agree,,or/multnomah/fairview,R-10,max_height_ft,35,35,feet,clear,True,2.5 stories (same cell),"17. Maximum Building Height | R-10: 2.5 stories, but not more than 35 ft.",,"or/multnomah/fairview/19.30.txt#L439,L442",1,0,False,0,False,
00964,agree,,or/multnomah/fairview,R-10,max_far,0.7,0.7,floor area ratio,clear,True,Cottage clusters none,14. Maximum Floor Area Ratio (FAR) | R-10: 0.7 to 1,,"or/multnomah/fairview/19.30.txt#L417,L422,L423",1,0,False,0,False,
00965,agree,,or/multnomah/fairview,R-10,max_lot_depth_ratio,3,3,times the lot width,clear,True,Townhomes and cottage clusters none,6. Maximum Lot Depth | R-10: 3 times the lot width,,or/multnomah/fairview/19.30.txt#L357,1,0,False,1,False,
00967,agree,,or/multnomah/fairview,R-10,setback_front_ft,10,10,feet,clear,True,,7. Front Yard Setback Minimum | R-10: 10 feet,,or/multnomah/fairview/19.30.txt#L364,1,0,False,0,False,
00968,agree,,or/multnomah/fairview,R-10,setback_side_ft,5,5,feet,clear,True,Townhomes No setback on attached side(s),10. Interior Side Yard Setback | R-10: 5 feet,,or/multnomah/fairview/19.30.txt#L391,1,0,False,0,False,
00969,agree,,or/multnomah/fairview,R-10,setback_rear_ft,15,15,feet,clear,True,Cottage clusters: 10 feet,9. Rear Yard Setback | R-10: 15 feet,,or/multnomah/fairview/19.30.txt#L381,1,0,False,0,False,
00970,agree,,or/multnomah/fairview,R-10,setback_street_side_ft,10,10,feet,clear,True,,"11. Street Side Yard (corner) Setback Minimum - R-10 cell (3rd of five district columns): ""10 feet""",,or/multnomah/fairview/19.30.txt#L401,1,0,False,0,False,
00971,agree,,or/multnomah/fairview,R-10,min_lot_sqft,10000,10000,square feet,clear,True,"2,000 (row 1.e Townhouse - but that row prints only three values, so its R-10 cell is not legible)","1. Minimum Lot Size (sq. ft.) / d. Quadplex - R-10: ""10,000""",,or/multnomah/fairview/19.30.txt#L259,1,0,False,0,False,
00972,agree,,or/multnomah/fairview,R-10,min_lot_width_ft,30,30,feet,clear,True,20 feet for townhouses (second line of the same R-10 cell),"5. Minimum Lot Width at Front Property Line - R-10: ""30 feet"" (cell continues ""20 feet for townhouses"")",,or/multnomah/fairview/19.30.txt#L347,1,0,False,0,False,
00973,agree,,or/multnomah/fairview,R-10,max_coverage_pct,50,50,percent,clear,True,"65% (row 16, Maximum Impervious Area Coverage, R-10)","15. Maximum Building Coverage - R-10: ""50%""",,or/multnomah/fairview/19.30.txt#L430,1,0,False,0,False,
00975,agree,,or/multnomah/fairview,R-10,setback_front_max_ft,30,30,feet,clear,True,"10 feet (row 7, Front Yard Setback Minimum, R-10)","8. Front Yard Setback Maximum - R-10: ""30 feet""",,or/multnomah/fairview/19.30.txt#L371,1,0,False,0,False,
00976,agree,,or/multnomah/fairview,RM,min_density_du_per_acre,14,14,units per acre,clear,True,"14 (row 3.c Townhouse, RM) | 3.5 (R-10 column, same row)","3. Minimum Net Density (units/acre) [1] / b. Duplex, Triplex, Quadplex, Cottage Cluster - RM: ""14 (Triplexes and Quadplexes)""",,"or/multnomah/fairview/19.30.txt#L292,L299,L304",1,0,False,0,False,
00977,agree,,or/multnomah/fairview,RM,max_density_du_per_acre,21.8,21.8,units per acre,clear,True,"21.8 (row 4.c Townhouse, RM) | 17.4 (row 4.d Multi-Unit, RM) | None (the R-6/R-7.5/R-10 cells in this row)","4. Maximum Net Density (units/acre) / b. Duplex, Triplex, Quadplex, Cottage Cluster - RM: ""21.8""",,"or/multnomah/fairview/19.30.txt#L317,L324,L329",1,0,False,0,False,
00978,agree,,or/multnomah/fairview,RM,min_building_separation_ft,10,10,feet,clear,True,,"12. Special Yards (distance between primary buildings on the same lot) - RM: ""10 feet""",,or/multnomah/fairview/19.30.txt#L409,1,0,False,0,False,
00979,agree,,or/multnomah/fairview,RM,max_height_ft,45,45,feet,clear,True,4 stories (the storey half of the same cell) | 35 ft. (R-6 / R-7.5 / R-10 / Townhouse Overlay columns),"17. Maximum Building Height - RM: ""4 stories, but not more than 45 ft.""",,"or/multnomah/fairview/19.30.txt#L439,L444",1,0,False,0,False,
00980,agree,,or/multnomah/fairview,RM,max_far,0.7,0.7,ratio (FAR),clear,True,none for Multi-unit (second line of the same RM cell),"14. Maximum Floor Area Ratio (FAR) - RM: ""0.7 to 1"" (cell continues ""Multi-unit none"")",,"or/multnomah/fairview/19.30.txt#L417,L425,L426",1,0,False,0,False,
00982,agree,,or/multnomah/fairview,RM,setback_front_ft,10,10,feet,clear,True,none for residential commercial buildings (same RM cell),"7. Front Yard Setback Minimum - RM: ""10 feet"" (cell continues ""Residential commercial buildings none"")",,or/multnomah/fairview/19.30.txt#L366,1,0,False,0,False,
00983,agree,,or/multnomah/fairview,RM,setback_side_ft,5,5,feet,clear,True,"0 - ""Townhomes No setback on attached side(s)"" (second line of the same RM cell)","10. Interior Side Yard Setback - RM: ""5 feet"" / ""Townhomes No setback on attached side(s)""",,or/multnomah/fairview/19.30.txt#L395,1,0,False,0,False,
00984,agree,,or/multnomah/fairview,RM,setback_rear_ft,15,15,feet,clear,True,10 feet for cottage clusters (the R-6/R-7.5/R-10 cells in this row),"9. Rear Yard Setback - RM: ""15 feet""",,or/multnomah/fairview/19.30.txt#L384,1,0,False,0,False,
00985,agree,,or/multnomah/fairview,RM,setback_street_side_ft,10,10,feet,clear,True,,"11. Street Side Yard (corner) Setback Minimum - RM cell (5th of five district columns): ""10 feet""",,or/multnomah/fairview/19.30.txt#L403,1,0,False,0,False,
00986,agree,,or/multnomah/fairview,RM,min_lot_sqft,2500.0,2500,sq ft per dwelling unit,clear,True,"2,000 per unit (row 1.c Triplex, RM) | 2,500 per unit (row 1.g Multi-Unit, RM)","1. Minimum Lot Size (sq. ft.) / d. Quadplex - RM: ""2,500 per unit""",,or/multnomah/fairview/19.30.txt#L256-L261,1,0,False,0,False,
00987,agree,,or/multnomah/fairview,RM,min_lot_width_ft,60,60,feet,clear,True,20 feet for townhouses (second line of the same RM cell),"5. Minimum Lot Width at Front Property Line - RM: ""60 feet"" (cell continues ""20 feet for townhouses"")",,or/multnomah/fairview/19.30.txt#L350,1,0,False,0,False,
00988,agree,,or/multnomah/fairview,RM,max_coverage_pct,60,60,percent,clear,True,"70% (row 16, Maximum Impervious Area Coverage, RM)","15. Maximum Building Coverage - RM: ""60%""",,or/multnomah/fairview/19.30.txt#L432,1,0,False,0,False,
00990,agree,,or/multnomah/fairview,RM,setback_front_max_ft,30,30,feet,clear,True,10 feet for residential commercial buildings (same RM cell),"8. Front Yard Setback Maximum - RM: ""30 feet"" (cell continues ""Residential commercial buildings 10 feet"")",,or/multnomah/fairview/19.30.txt#L373,1,0,False,0,False,
00991,agree,noted,or/multnomah/fairview,RM/TOZ,max_height_ft,35,35,feet,inferred,True,"45 ft. / 4 stories (RM column, same row) | 2.5 stories (the storey half of the same cell)","17. Maximum Building Height - Townhouse Overlay column (4th of five): ""2.5 stories, but not more than 35 ft.""","The header reads ""Townhouse Overlay""; the string ""RM/TOZ"" appears in no column header, so the column is identified from the zone note rather than from the table itself.","or/multnomah/fairview/19.30.txt#L439,L443",1,0,False,0,False,
00992,agree,noted,or/multnomah/fairview,RM/TOZ,max_far,0.7,0.7,ratio (FAR),inferred,True,0.7 to 1 (RM column - the same value),"14. Maximum Floor Area Ratio (FAR) - Townhouse Overlay column (4th of five): ""0.7 to 1""","The header reads ""Townhouse Overlay""; the string ""RM/TOZ"" appears in no column header, so the column is identified from the zone note rather than from the table itself.","or/multnomah/fairview/19.30.txt#L417,L424",1,0,False,0,False,
01041,agree,,or/multnomah/gresham,LDR-5,max_height_ft,35,35,feet,clear,True,"35 ft.12 (the ""All other uses"" row, LDR-5 - the same figure)","H. Maximum Building Height / Townhouse - LDR-5 (first data column): ""35 ft.12""",,"or/multnomah/gresham/4.0100.residential.txt#L330,L332",12,1,True,0,True,[11] height bonus for affordable housing development (Sec 10.1700)
01042,agree,,or/multnomah/gresham,LDR-5,setback_front_ft,10,10,feet,clear,True,"8 ft. (Front Porch Option column, same row) | 20 ft. (Garage column, same row) | 10 ft.5 (Townhouse row, LDR-5 - the same figure)","Single Detached Dwelling, Duplex, Triplex, and Quadplex / ""LDR-54, LDR-74, TLDR4, and TR4"" - Front Facade/Wall column: ""10 ft.5""",,or/multnomah/gresham/4.0100.residential.txt#L400,7,1,True,0,True,[5] 5 ft minimum (and 25 ft maximum) for plexes/townhouses off the end of a Minor Access Street
01043,agree,,or/multnomah/gresham,LDR-5,setback_garage_entrance_ft,20,20,feet,clear,True,10 ft.5 (Front Facade/Wall column) | 20 ft. (Street Side Garage Access column),"Single Detached Dwelling, Duplex, Triplex, and Quadplex / ""LDR-54, LDR-74, TLDR4, and TR4"" - Garage column: ""20 ft.""",,or/multnomah/gresham/4.0100.residential.txt#L400,7,0,False,0,False,
01044,agree,,or/multnomah/gresham,LDR-5,setback_side_ft,5,5,feet,clear,True,"6 in. on zero / 6 ft. other (Zero Lot Line column, same row) | NA (Common Wall column, same row)","Single Detached Dwelling, Duplex, Triplex, and Quadplex / ""LDR-54, LDR-74, TLDR4, and TR4"" - Interior Side column: ""5 ft.""",,or/multnomah/gresham/4.0100.residential.txt#L400,7,0,False,0,False,
01045,agree,,or/multnomah/gresham,LDR-5,setback_rear_ft,15.0,15,feet,clear,True,"8 ft. (Rear With Alley column, same row)","Single Detached Dwelling, Duplex, Triplex, and Quadplex / ""LDR-54, LDR-74, TLDR4, and TR4"" - Rear No Alley column: ""15 ft.""",,or/multnomah/gresham/4.0100.residential.txt#L400,7,1,True,1,False,"[2] on a double-frontage lot that yard becomes a front yard at 10 ft, unless the frontage is an alley or private accessway"
01047,agree,,or/multnomah/gresham,LDR-5,setback_rear_ft [abuts_alley],8.0,8,feet,clear,True,"15 ft. (Rear No Alley column - the base, no-alley case)","Single Detached Dwelling, Duplex, Triplex, and Quadplex / ""LDR-54, LDR-74, TLDR4, and TR4"" - Rear With Alley column (last): ""8 ft.""",,"or/multnomah/gresham/4.0100.residential.txt#L393-L397,L399-L400",7,0,False,1,False,
01048,agree,,or/multnomah/gresham,LDR-5,setback_street_side_ft,10,10,feet,clear,True,8 ft. (Street Side Porch column) | 20 ft. (Street Side Garage Access column),"Single Detached Dwelling, Duplex, Triplex, and Quadplex / ""LDR-54, LDR-74, TLDR4, and TR4"" - Street Side column: ""10 ft.""",,or/multnomah/gresham/4.0100.residential.txt#L400,7,0,False,0,False,
01049,agree,,or/multnomah/gresham,LDR-5,min_lot_sqft,5000,5000,square feet,clear,True,"None (Townhouse row, LDR-5) | 5,000 sq. ft. (Duplex row, LDR-5 - the same figure)","B. Minimum Lot Size2 / All other uses - LDR-5 (first data column): ""5,000 sq. ft.""",,or/multnomah/gresham/4.0100.residential.txt#L243,12,1,True,1,False,"[2] an existing Lot of Record below 5,000 sq ft may still be developed for any permitted use"
01050,agree,,or/multnomah/gresham,LDR-5,min_density_du_per_acre,6.22,6.22,units per acre,clear,True,"8.71 units per acre (D. Maximum Net Density, All other uses, LDR-5) | 4.35 units per acre (LDR-7 column, same row)","C. Minimum Net Density3 / All uses except Manufactured Dwelling Parks - LDR-5: ""6.22 units per acre4""",,"or/multnomah/gresham/4.0100.residential.txt#L233-L234,L244-L246",12,2,True,0,True,"[3] minimum density does not apply to affordable housing development (Sec 10.1700) | [4] min density waived on the partition of parent parcels of 20,000 net sq ft or less in LDR-5"
01051,agree,,or/multnomah/gresham,LDR-5,max_density_du_per_acre [unit_lots],25,25,units per acre,clear,True,"None (Duplex, Triplex, Quadplex, Cottage Cluster row, LDR-5 - the one-lot base) | 8.71 units per acre (All other uses, LDR-5)","D. Maximum Net Density6 / Townhouse - LDR-5: ""25 units per acre""",,"or/multnomah/gresham/4.0100.residential.txt#L233-L234,L250,L257",12,1,True,1,False,"[6] a density bonus applies to affordable housing development (Sec 10.1700), raising this ceiling"
01052,agree,,or/multnomah/gresham,LDR-5,min_frontage_ft,35,35,feet,clear,True,"16 ft. (Townhouse row, interior lots, LDR-5) | 40 ft.10 (All other uses, corner lots, LDR-5)","G. Minimum Street Frontage9 / 1. Minimum Street Frontage: Interior lots / All other uses - LDR-5: ""35 ft.""",,or/multnomah/gresham/4.0100.residential.txt#L314,12,1,True,3,False,[9] in LDR-5 a reduction in minimum street frontage may be approved under Sec 10.1520
01053,agree,,or/multnomah/gresham,LDR-5,min_frontage_ft [unit_lots],16,16,feet,clear,True,"35 ft. (All other uses, interior lots, LDR-5 - the non-unit-lot base)","G. Minimum Street Frontage9 / 1. Minimum Street Frontage: Interior lots / Townhouse - LDR-5: ""16 ft.""",,or/multnomah/gresham/4.0100.residential.txt#L313,12,1,True,3,False,[9] in LDR-5 a reduction in minimum street frontage may be approved under Sec 10.1520
01054,agree,,or/multnomah/gresham,LDR-5,min_frontage_ft [corner_lot],40,40,feet,clear,True,"None (Townhouse row, corner lots, LDR-5) | 35 ft. (All other uses, interior lots, LDR-5) | 25 ft. / 32 ft. (the figures table note 10 supplies for this cell)","G. Minimum Street Frontage9 / 2. Minimum Street Frontage: Corner lots / All other uses - LDR-5: ""40 ft.10""",,"or/multnomah/gresham/4.0100.residential.txt#L315,L319",12,2,True,3,False,"[9] in LDR-5 a reduction in minimum street frontage may be approved under Sec 10.1520 | [10] the mark sits on this LDR-5 cell: 25 ft with an alley or shared access, 32 ft without, from the corner radius end point"
01055,agree,,or/multnomah/gresham,LDR-5,min_lot_width_ft,35,35,feet,clear,True,"16 ft. (Townhouse row, interior lot, LDR-5) | 40 ft. (Triplex, Quadplex, and Cottage Cluster, corner lot, LDR-5)","E. Minimum Lot Width / 1. Width at building line: Interior lot / Duplex, Triplex, Quadplex, and Cottage Cluster - LDR-5: ""35 ft.""",,or/multnomah/gresham/4.0100.residential.txt#L274,12,0,False,3,False,
01056,agree,,or/multnomah/gresham,LDR-5,min_lot_width_ft [unit_lots],16,16,feet,clear,True,"35 ft. (Duplex, Triplex, Quadplex, and Cottage Cluster row, LDR-5 - the non-unit-lot base)","E. Minimum Lot Width / 1. Width at building line: Interior lot / Townhouse - LDR-5: ""16 ft.""",,or/multnomah/gresham/4.0100.residential.txt#L277,12,0,False,3,False,
01057,agree,,or/multnomah/gresham,LDR-5,min_lot_width_ft [corner_lot],40,40,feet,clear,True,"20 ft. (Townhouse row, corner lot, LDR-5) | 35 ft. (Duplex, Triplex, Quadplex, Cottage Cluster, interior lot, LDR-5) | 40 ft. (Duplex row, corner lot, LDR-5 - the same figure)","E. Minimum Lot Width / 2. Width at building line: Corner lot / Triplex, Quadplex, and Cottage Cluster - LDR-5: ""40 ft.""",,"or/multnomah/gresham/4.0100.residential.txt#L279,L283-L285",12,0,False,3,False,
01058,agree,,or/multnomah/gresham,LDR-5,min_lot_width_ft [corner_lot+unit_lots],20,20,feet,clear,True,"40 ft. (Triplex, Quadplex, and Cottage Cluster, corner lot, LDR-5 - the non-unit-lot base) | 16 / 25 / 42 ft. (table note 8 - but that fills the MDR-24 cell in this row, not LDR-5)","E. Minimum Lot Width / 2. Width at building line: Corner lot / Townhouse - LDR-5: ""20 ft.""",,"or/multnomah/gresham/4.0100.residential.txt#L279,L286",12,0,False,3,False,
01059,agree,,or/multnomah/gresham,LDR-7,setback_front_ft,10,10,feet,clear,True,"8 ft. (Front Porch Option column, same row) | 20 ft. (Garage column, same row)","Single Detached Dwelling, Duplex, Triplex, and Quadplex / ""LDR-54, LDR-74, TLDR4, and TR4"" - Front Facade/Wall column: ""10 ft.5""",,or/multnomah/gresham/4.0100.residential.txt#L400,7,1,True,0,True,[5] 5 ft minimum (and 25 ft maximum) for plexes/townhouses off the end of a Minor Access Street
01060,agree,,or/multnomah/gresham,LDR-7,setback_garage_entrance_ft,20,20,feet,clear,True,10 ft.5 (Front Facade/Wall column) | 20 ft. (Street Side Garage Access column),"Single Detached Dwelling, Duplex, Triplex, and Quadplex / ""LDR-54, LDR-74, TLDR4, and TR4"" - Garage column: ""20 ft.""",,or/multnomah/gresham/4.0100.residential.txt#L400,7,0,False,0,False,
01061,agree,,or/multnomah/gresham,LDR-7,setback_side_ft,5,5,feet,clear,True,"6 in. on zero / 6 ft. other (Zero Lot Line column, same row) | NA (Common Wall column, same row)","Single Detached Dwelling, Duplex, Triplex, and Quadplex / ""LDR-54, LDR-74, TLDR4, and TR4"" - Interior Side column: ""5 ft.""",,or/multnomah/gresham/4.0100.residential.txt#L400,7,0,False,0,False,
01062,agree,,or/multnomah/gresham,LDR-7,setback_rear_ft,15.0,15,feet,clear,True,"Rear With Alley: 8 ft. | Townhouse row, LDR-7 Rear No Alley: 15 ft.","Single Detached Dwelling, Duplex, Triplex, and Quadplex: LDR-54, LDR-74, TLDR4, and TR4 -- Rear No Alley: 15 ft.",,or/multnomah/gresham/4.0100.residential.txt#L400,7,1,True,1,False,"[2] Double-frontage lot: the rear yard is a front yard (10 ft), unless that frontage is an alley/accessway."
01064,agree,,or/multnomah/gresham,LDR-7,setback_rear_ft [abuts_alley],8.0,8,feet,clear,True,"Rear No Alley: 15 ft. | Townhouse row, LDR-7 Rear With Alley: 8 ft.","Single Detached Dwelling, Duplex, Triplex, and Quadplex: LDR-54, LDR-74, TLDR4, and TR4 -- Rear With Alley: 8 ft.",,"or/multnomah/gresham/4.0100.residential.txt#L393-L397,L399-L400",7,0,False,1,False,
01065,agree,,or/multnomah/gresham,LDR-7,setback_street_side_ft,10,10,feet,clear,True,Street Side Porch: 8 ft. | Street Side Garage Access: 20 ft.,"Single Detached Dwelling, Duplex, Triplex, and Quadplex: LDR-54, LDR-74, TLDR4, and TR4 -- Street Side Wall: 10 ft.",,or/multnomah/gresham/4.0100.residential.txt#L400,7,0,False,0,False,
01066,agree,,or/multnomah/gresham,LDR-7,min_lot_sqft,7000,7000,square feet,clear,True,"Duplex row (LDR-7): 7,000 sq. ft. | Townhouse row (LDR-7): None","B. Minimum Lot Size2 -- All other uses: LDR-7 7,000 sq. ft.",,or/multnomah/gresham/4.0100.residential.txt#L243,12,1,True,1,False,[2] A Lot of Record smaller than the minimum may still be developed for any use permitted in the district.
01067,agree,,or/multnomah/gresham,LDR-7,min_density_du_per_acre,4.35,4.35,units per acre,clear,True,"6.22 units per acre -- LDR-7 Maximum Net Density, All other uses (a ceiling, not this floor)",C. Minimum Net Density3 -- All uses except Manufactured Dwelling Parks: LDR-7 4.35 units per acre4,,"or/multnomah/gresham/4.0100.residential.txt#L233-L234,L244-L246",12,2,True,0,True,"[3] Minimum density does not apply to affordable housing development (Section 10.1700). | [4] Waived for a partition of a parent parcel of 20,000 net sq ft or less in LDR-5, LDR-7 and TR."
01068,agree,,or/multnomah/gresham,LDR-7,max_density_du_per_acre [unit_lots],25,25,units per acre,clear,True,"Duplex, Triplex, Quadplex, Cottage Cluster row (LDR-7): None | All other uses row (LDR-7): 6.22 units per acre",D. Maximum Net Density6 -- Townhouse: LDR-7 25 units per acre,,"or/multnomah/gresham/4.0100.residential.txt#L233-L234,L250,L257",12,1,True,1,False,"[6] A density bonus applies to affordable housing development (Section 10.1700), lifting the 25 du/ac cap."
01069,agree,noted,or/multnomah/gresham,LDR-7,max_height_ft,35,35,feet,clear,True,All other uses row (LDR-7): 35 ft.,H. Maximum Building Height11 -- Townhouse: LDR-7 35 ft.,"Cited line is the Townhouse row; a quadplex on one lot falls under All other uses, which prints the same 35 ft in this zone.",or/multnomah/gresham/4.0100.residential.txt#L332,12,1,True,0,True,[11] A height bonus applies to affordable housing development (Section 10.1700).
01070,agree,,or/multnomah/gresham,LDR-7,min_frontage_ft,40,40,feet,clear,True,"Townhouse row, interior (LDR-7): 16 ft. | Corner lots, All other uses (LDR-7): 40 ft.",G. Minimum Street Frontage9 / 1. Minimum Street Frontage: Interior lots -- All other uses: LDR-7 40 ft.,,or/multnomah/gresham/4.0100.residential.txt#L314,12,1,True,3,False,[9] A reduction below the minimum frontage may be approved in LDR-7/LDR-5/TR/TLDR under Section 10.1520.
01071,agree,,or/multnomah/gresham,LDR-7,min_frontage_ft [unit_lots],16,16,feet,clear,True,"All other uses, interior (LDR-7): 40 ft. | Corner lots, Townhouse (LDR-7): None",G. Minimum Street Frontage9 / 1. Minimum Street Frontage: Interior lots -- Townhouse: LDR-7 16 ft.,,or/multnomah/gresham/4.0100.residential.txt#L313,12,1,True,3,False,[9] A reduction below the minimum frontage may be approved in LDR-7/LDR-5/TR/TLDR under Section 10.1520.
01072,agree,,or/multnomah/gresham,LDR-7,min_frontage_ft [corner_lot],40,40,feet,clear,True,"Corner lots, Townhouse (LDR-7): None | Interior lots, All other uses (LDR-7): 40 ft.",2. Minimum Street Frontage: Corner lots -- All other uses: LDR-7 40 ft.,,"or/multnomah/gresham/4.0100.residential.txt#L315,L319",12,1,True,3,False,[9] A reduction below the minimum frontage may be approved in LDR-7/LDR-5/TR/TLDR under Section 10.1520.
01073,agree,,or/multnomah/gresham,LDR-7,min_lot_width_ft,40,40,feet,clear,True,"Townhouse row, interior (LDR-7): 16 ft. | Corner lot, Triplex/Quadplex (LDR-7): 40 ft.","E. Minimum Lot Width: 1. Width at building line: Interior lot -- Duplex, Triplex, Quadplex, and Cottage Cluster: LDR-7 40 ft.",,or/multnomah/gresham/4.0100.residential.txt#L274,12,0,False,3,False,
01074,agree,,or/multnomah/gresham,LDR-7,min_lot_width_ft [unit_lots],16,16,feet,clear,True,"Duplex, Triplex, Quadplex, Cottage Cluster, interior (LDR-7): 40 ft. | Corner lot, Townhouse (LDR-7): 20 ft.",E. Minimum Lot Width: 1. Width at building line: Interior lot -- Townhouse: LDR-7 16 ft.,,or/multnomah/gresham/4.0100.residential.txt#L277,12,0,False,3,False,
01075,agree,,or/multnomah/gresham,LDR-7,min_lot_width_ft [corner_lot],40,40,feet,clear,True,"Corner lot, Townhouse (LDR-7): 20 ft. | Interior lot, Duplex/Triplex/Quadplex (LDR-7): 40 ft.","2. Width at building line: Corner lot -- Triplex, Quadplex, and Cottage Cluster: LDR-7 40 ft.",,"or/multnomah/gresham/4.0100.residential.txt#L279,L283-L285",12,0,False,3,False,
01076,agree,,or/multnomah/gresham,LDR-7,min_lot_width_ft [corner_lot+unit_lots],20,20,feet,clear,True,"Corner lot, Triplex/Quadplex/Cottage Cluster (LDR-7): 40 ft. | Interior lot, Townhouse (LDR-7): 16 ft.",2. Width at building line: Corner lot -- Townhouse: LDR-7 20 ft.,,"or/multnomah/gresham/4.0100.residential.txt#L279,L286",12,0,False,3,False,
01077,agree,,or/multnomah/gresham,TLDR,setback_front_ft,10,10,feet,clear,True,Front Porch: 8 ft. | Garage: 20 ft.,"Single Detached Dwelling, Duplex, Triplex, and Quadplex: LDR-54, LDR-74, TLDR4, and TR4 -- Front Facade/Wall: 10 ft.5",,or/multnomah/gresham/4.0100.residential.txt#L400,7,1,True,0,True,"[5] Marks this 10 ft. cell: min 5 ft (max 25 ft) from the end of a Minor Access Street, for plexes."
01078,agree,,or/multnomah/gresham,TLDR,setback_garage_entrance_ft,20,20,feet,clear,True,Street Side Garage Access: 20 ft. | Front Facade/Wall: 10 ft.,"Single Detached Dwelling, Duplex, Triplex, and Quadplex: LDR-54, LDR-74, TLDR4, and TR4 -- Garage: 20 ft.",,or/multnomah/gresham/4.0100.residential.txt#L400,7,0,False,0,False,
01079,agree,,or/multnomah/gresham,TLDR,setback_side_ft,5,5,feet,clear,True,Zero Lot Line Option: 6 in. on zero / 6 ft. other | Common Wall: NA,"Single Detached Dwelling, Duplex, Triplex, and Quadplex: LDR-54, LDR-74, TLDR4, and TR4 -- Interior Side: 5 ft.",,or/multnomah/gresham/4.0100.residential.txt#L400,7,0,False,0,False,
01080,agree,,or/multnomah/gresham,TLDR,setback_rear_ft,15,15,feet,clear,True,"Rear With Alley: 8 ft. | Townhouse row, TLDR Rear No Alley: 15 ft.","Single Detached Dwelling, Duplex, Triplex, and Quadplex: LDR-54, LDR-74, TLDR4, and TR4 -- Rear No Alley: 15 ft.",,or/multnomah/gresham/4.0100.residential.txt#L400,7,1,True,1,False,"[2] Double-frontage lot: the rear yard is a front yard (10 ft), unless that frontage is an alley/accessway."
01081,agree,,or/multnomah/gresham,TLDR,setback_rear_ft [abuts_alley],8,8,feet,clear,True,"Rear No Alley: 15 ft. | Townhouse row, TLDR Rear With Alley: 8 ft.","Single Detached Dwelling, Duplex, Triplex, and Quadplex: LDR-54, LDR-74, TLDR4, and TR4 -- Rear With Alley: 8 ft.",,"or/multnomah/gresham/4.0100.residential.txt#L393-L397,L399-L400",7,0,False,1,False,
01082,agree,,or/multnomah/gresham,TLDR,setback_street_side_ft,10,10,feet,clear,True,Street Side Porch: 8 ft. | Street Side Garage Access: 20 ft.,"Single Detached Dwelling, Duplex, Triplex, and Quadplex: LDR-54, LDR-74, TLDR4, and TR4 -- Street Side Wall: 10 ft.",,or/multnomah/gresham/4.0100.residential.txt#L400,7,0,False,0,False,
01083,agree,,or/multnomah/gresham,TLDR,min_density_du_per_acre,10,10,units per acre,clear,True,"20 units per acre -- TLDR Maximum Net Density, All other uses (a ceiling, not this floor) | Manufactured Dwelling Parks (TLDR): 7 units per acre",C. Minimum Net Density3 -- All uses except Manufactured Dwelling Parks: TLDR 10 units per acre 4,,"or/multnomah/gresham/4.0100.residential.txt#L233-L234,L244-L246",12,2,True,0,True,"[3] Minimum density does not apply to affordable housing development (Section 10.1700). | [4] Waived for a partition of a parent parcel of 13,000 net sq ft or less in the TLDR District."
01084,agree,,or/multnomah/gresham,TLDR,max_density_du_per_acre [unit_lots],25,25,units per acre,clear,True,"Duplex, Triplex, Quadplex, Cottage Cluster row (TLDR): None | All other uses row (TLDR): 20 units per acre",D. Maximum Net Density6 -- Townhouse: TLDR 25 units per acre,,"or/multnomah/gresham/4.0100.residential.txt#L233-L234,L250,L257",12,1,True,1,False,"[6] A density bonus applies to affordable housing development (Section 10.1700), lifting the 25 du/ac cap."
01085,agree,noted,or/multnomah/gresham,TLDR,max_height_ft,35,35,feet,clear,True,All other uses row (TLDR): 35 ft.,H. Maximum Building Height11 -- Townhouse: TLDR 35 ft.,"Cited line is the Townhouse row; a quadplex on one lot falls under All other uses, which prints the same 35 ft in this zone.",or/multnomah/gresham/4.0100.residential.txt#L332,12,1,True,0,True,[11] A height bonus applies to affordable housing development (Section 10.1700).
01086,agree,,or/multnomah/gresham,TLDR,min_frontage_ft,35,35,feet,clear,True,"Townhouse row, interior (TLDR): None | Corner lots, All other uses (TLDR): 40 ft.",G. Minimum Street Frontage9 / 1. Minimum Street Frontage: Interior lots -- All other uses: TLDR 35 ft.,,or/multnomah/gresham/4.0100.residential.txt#L314,12,1,True,3,False,[9] A reduction below the minimum frontage may be approved in LDR-7/LDR-5/TR/TLDR under Section 10.1520.
01087,agree,,or/multnomah/gresham,TLDR,min_frontage_ft [corner_lot],40,40,feet,clear,True,"Corner lots, Townhouse (TLDR): None | Interior lots, All other uses (TLDR): 35 ft.",2. Minimum Street Frontage: Corner lots -- All other uses: TLDR 40 ft. as measured from the corner radius end point to the property corner.,,"or/multnomah/gresham/4.0100.residential.txt#L315,L319",12,1,True,3,False,[9] A reduction below the minimum frontage may be approved in LDR-7/LDR-5/TR/TLDR under Section 10.1520.
01089,agree,,or/multnomah/gresham,TLDR,min_lot_width_ft,16,16,feet,clear,True,"Townhouse row, interior (TLDR): 16 ft. | Corner lot, Triplex/Quadplex (TLDR): 20 ft. | All other uses, interior (TLDR): None","E. Minimum Lot Width: 1. Width at building line: Interior lot -- Duplex, Triplex, Quadplex, and Cottage Cluster: TLDR 16 ft.",,or/multnomah/gresham/4.0100.residential.txt#L274,12,0,False,3,False,
01090,agree,,or/multnomah/gresham,TLDR,min_lot_width_ft [unit_lots],16,16,feet,clear,True,"Duplex, Triplex, Quadplex, Cottage Cluster, interior (TLDR): 16 ft. | Corner lot, Townhouse (TLDR): 20 ft.",E. Minimum Lot Width: 1. Width at building line: Interior lot -- Townhouse: TLDR 16 ft.,,or/multnomah/gresham/4.0100.residential.txt#L277,12,0,False,3,False,
01091,agree,,or/multnomah/gresham,TLDR,min_lot_width_ft [corner_lot],20,20,feet,clear,True,"Corner lot, Townhouse (TLDR): 20 ft. | Interior lot, Duplex/Triplex/Quadplex (TLDR): 16 ft.","2. Width at building line: Corner lot -- Triplex, Quadplex, and Cottage Cluster: TLDR 20 ft.",,"or/multnomah/gresham/4.0100.residential.txt#L279,L283-L285",12,0,False,3,False,
01092,agree,,or/multnomah/gresham,TLDR,min_lot_width_ft [corner_lot+unit_lots],20,20,feet,clear,True,"Corner lot, Triplex/Quadplex/Cottage Cluster (TLDR): 20 ft. | Interior lot, Townhouse (TLDR): 16 ft.",2. Width at building line: Corner lot -- Townhouse: TLDR 20 ft.,,"or/multnomah/gresham/4.0100.residential.txt#L279,L286",12,0,False,3,False,
01093,agree,,or/multnomah/gresham,TR,setback_front_ft,10,10,feet,clear,True,Front Porch: 8 ft. | Garage: 20 ft.,"Single Detached Dwelling, Duplex, Triplex, and Quadplex: LDR-54, LDR-74, TLDR4, and TR4 -- Front Facade/Wall: 10 ft.5",,or/multnomah/gresham/4.0100.residential.txt#L400,7,1,True,0,True,"[5] Marks this 10 ft. cell: min 5 ft (max 25 ft) from the end of a Minor Access Street, for plexes."
01094,agree,,or/multnomah/gresham,TR,setback_garage_entrance_ft,20,20,feet,clear,True,Street Side Garage Access: 20 ft. | Front Facade/Wall: 10 ft.,"Single Detached Dwelling, Duplex, Triplex, and Quadplex: LDR-54, LDR-74, TLDR4, and TR4 -- Garage: 20 ft.",,or/multnomah/gresham/4.0100.residential.txt#L400,7,0,False,0,False,
01095,agree,,or/multnomah/gresham,TR,setback_side_ft,5,5,feet,clear,True,Zero Lot Line Option: 6 in. on zero / 6 ft. other | Common Wall: NA,"Single Detached Dwelling, Duplex, Triplex, and Quadplex: LDR-54, LDR-74, TLDR4, and TR4 -- Interior Side: 5 ft.",,or/multnomah/gresham/4.0100.residential.txt#L400,7,0,False,0,False,
01096,agree,,or/multnomah/gresham,TR,setback_rear_ft,15.0,15,feet,clear,True,"Rear With Alley: 8 ft. | Townhouse row, TR Rear No Alley: 15 ft.","Single Detached Dwelling, Duplex, Triplex, and Quadplex: LDR-54, LDR-74, TLDR4, and TR4 -- Rear No Alley: 15 ft.",,or/multnomah/gresham/4.0100.residential.txt#L400,7,1,True,1,False,"[2] Double-frontage lot: the rear yard is a front yard (10 ft), unless that frontage is an alley/accessway."
01098,agree,,or/multnomah/gresham,TR,setback_rear_ft [abuts_alley],8.0,8,feet,clear,True,"Rear No Alley: 15 ft. | Townhouse row, TR Rear With Alley: 8 ft.","Single Detached Dwelling, Duplex, Triplex, and Quadplex: LDR-54, LDR-74, TLDR4, and TR4 -- Rear With Alley: 8 ft.",,"or/multnomah/gresham/4.0100.residential.txt#L393-L397,L399-L400",7,0,False,1,False,
01099,agree,,or/multnomah/gresham,TR,setback_street_side_ft,10,10,feet,clear,True,Street Side Porch: 8 ft. | Street Side Garage Access: 20 ft.,"Single Detached Dwelling, Duplex, Triplex, and Quadplex: LDR-54, LDR-74, TLDR4, and TR4 -- Street Side Wall: 10 ft.",,or/multnomah/gresham/4.0100.residential.txt#L400,7,0,False,0,False,
01100,agree,,or/multnomah/gresham,TR,min_lot_sqft,4000,4000,square feet,clear,True,"Duplex row (TR): 4,000 sq. ft. | Townhouse row (TR): None","B. Minimum Lot Size2 -- All other uses: TR 4,000 sq. ft.",,or/multnomah/gresham/4.0100.residential.txt#L243,12,1,True,1,False,[2] A Lot of Record smaller than the minimum may still be developed for any use permitted in the district.
01101,agree,,or/multnomah/gresham,TR,min_density_du_per_acre,6.22,6.22,units per acre,clear,True,"TR Maximum Net Density, All other uses: 18.15 under 1.5 acres / 14.52 at 1.5 acres or greater",C. Minimum Net Density3 -- All uses except Manufactured Dwelling Parks: TR 6.22 units per acre4,,"or/multnomah/gresham/4.0100.residential.txt#L233-L234,L244-L246",12,2,True,0,True,"[3] Minimum density does not apply to affordable housing development (Section 10.1700). | [4] Waived for a partition of a parent parcel of 20,000 net sq ft or less in LDR-5, LDR-7 and TR."
01102,agree,,or/multnomah/gresham,TR,max_density_du_per_acre [unit_lots],25,25,units per acre,clear,True,"Duplex, Triplex, Quadplex, Cottage Cluster row (TR): None | All other uses row (TR): 18.15 under 1.5 acres, 14.52 at 1.5 acres or greater",D. Maximum Net Density6 -- Townhouse: TR 25 units per acre,,"or/multnomah/gresham/4.0100.residential.txt#L233-L234,L250,L257",12,1,True,1,False,"[6] A density bonus applies to affordable housing development (Section 10.1700), lifting the 25 du/ac cap."
01103,agree,noted,or/multnomah/gresham,TR,max_height_ft,35,35,feet,clear,True,All other uses row (TR): 35 ft.,H. Maximum Building Height11 -- Townhouse: TR 35 ft.,"Cited line is the Townhouse row; a quadplex on one lot falls under All other uses, which prints the same 35 ft in this zone.",or/multnomah/gresham/4.0100.residential.txt#L332,12,1,True,0,True,[11] A height bonus applies to affordable housing development (Section 10.1700).
01104,agree,,or/multnomah/gresham,TR,min_frontage_ft,35,35,feet,clear,True,"Townhouse row, interior (TR): 16 ft. | Corner lots, All other uses (TR): 40 ft. as measured from the corner radius end point",G. Minimum Street Frontage9 / 1. Minimum Street Frontage: Interior lots -- All other uses: TR 35 ft.,,or/multnomah/gresham/4.0100.residential.txt#L314,12,1,True,3,False,[9] A reduction below the minimum frontage may be approved in LDR-7/LDR-5/TR/TLDR under Section 10.1520.
01105,agree,,or/multnomah/gresham,TR,min_frontage_ft [unit_lots],16,16,feet,clear,True,"All other uses, interior lots, TR: 35 ft. | Corner lots, All other uses, TR: 40 ft.",G. Minimum Street Frontage9 / 1. Minimum Street Frontage: Interior lots - Townhouse   16 ft.   16 ft.   16 ft.   None   None   16 ft.   None (TR = 3rd column),,or/multnomah/gresham/4.0100.residential.txt#L313,12,0,False,3,False,
01106,agree,,or/multnomah/gresham,TR,min_frontage_ft [corner_lot],40,40,feet,clear,True,"Corner lots, Townhouse row, TR: None | Interior lots, All other uses, TR: 35 ft. | note 10's 25 ft / 32 ft if it were read onto the TR cell","2. Minimum Street Frontage: Corner lots - All other uses, TR column: ""40 ft. as measured from the corner radius end point to the property corner.""",,"or/multnomah/gresham/4.0100.residential.txt#L315,L319",12,0,False,3,False,
01107,agree,,or/multnomah/gresham,TR,min_lot_width_ft,35,35,feet,clear,True,"Townhouse row, interior, TR: 16 ft. | Corner lot, Triplex/Quadplex row, TR: 40 ft. | All other uses, interior, TR: 35 ft.","E. Minimum Lot Width: 1. Width at building line: Interior lot - Duplex, Triplex, Quadplex, and Cottage Cluster   35 ft.   40 ft.   35 ft.   16 ft.   16 ft.   16 ft.7   60 ft. (TR = 3rd column)",,or/multnomah/gresham/4.0100.residential.txt#L274,12,0,False,3,False,
01108,agree,,or/multnomah/gresham,TR,min_lot_width_ft [unit_lots],16,16,feet,clear,True,"Duplex/Triplex/Quadplex row, interior, TR: 35 ft. | Townhouse, corner lot, TR: 20 ft.",1. Width at building line: Interior lot - Townhouse   16 ft.   16 ft.   16 ft.   16 ft.   16 ft.   16 ft.7   16 ft. (TR = 3rd column),,or/multnomah/gresham/4.0100.residential.txt#L277,12,0,False,3,False,
01109,agree,,or/multnomah/gresham,TR,min_lot_width_ft [corner_lot],40,40,feet,clear,True,"Townhouse, corner lot, TR: 20 ft. | Duplex, corner lot, TR: 40 ft. | Triplex/Quadplex, interior lot, TR: 35 ft.","2. Width at building line: Corner lot - Triplex, Quadplex, and Cottage Cluster   40 ft.   40 ft.   40 ft.   20 ft.   70 ft.   70 ft.   70 ft. (TR = 3rd column)",,"or/multnomah/gresham/4.0100.residential.txt#L279,L283-L285",12,0,False,3,False,
01110,agree,,or/multnomah/gresham,TR,min_lot_width_ft [corner_lot+unit_lots],20,20,feet,clear,True,"Triplex/Quadplex, corner lot, TR: 40 ft. | Townhouse, interior lot, TR: 16 ft.",2. Width at building line: Corner lot - Townhouse   20 ft.   20 ft.   20 ft.   20 ft.   20 ft.   See table note 8   20 ft. (TR = 3rd column),,"or/multnomah/gresham/4.0100.residential.txt#L279,L286",12,0,False,3,False,
01203,agree,,or/multnomah/gresham,MDR-12,setback_front_ft,10,10,feet,clear,True,"Townhouse row, MDR-12/OFR/MDR-24, Front Facade/Wall: 10 ft. | Front Porch column, same row: 10 ft.","Single Detached Dwelling, Duplex, Triplex, and Quadplex / MDR-12, OFR and MDR-24 - Front Facade/Wall column: ""10 ft.""",,or/multnomah/gresham/4.0100.residential.txt#L403,7,1,True,0,True,"[5] at the end of a Minor Access Street: min 5 ft, max 25 ft (marker printed on the LDR/TR and cottage-cluster rows)"
01204,agree,,or/multnomah/gresham,MDR-12,setback_garage_entrance_ft,20,20,feet,clear,True,"Townhouse row, MDR-12/OFR/MDR-24, Garage: 20 ft. | Street Side Garage column, same row: 20 ft.","Single Detached Dwelling, Duplex, Triplex, and Quadplex / MDR-12, OFR and MDR-24 - Garage column: ""20 ft.""",,or/multnomah/gresham/4.0100.residential.txt#L403,7,0,False,0,False,
01205,agree,,or/multnomah/gresham,MDR-12,setback_side_ft,10,10,feet,clear,True,"Townhouse row, MDR-12/OFR/MDR-24, Interior Side: 5 ft. | Common Wall column, same row: NA","Single Detached Dwelling, Duplex, Triplex, and Quadplex / MDR-12, OFR and MDR-24 - Interior Side column: ""10 ft.""",,or/multnomah/gresham/4.0100.residential.txt#L403,7,0,False,1,False,
01206,agree,,or/multnomah/gresham,MDR-12,setback_side_ft [unit_lots],5,5,feet,clear,True,"Single Detached/Duplex/Triplex/Quadplex row, same districts, Interior Side: 10 ft. | Common Wall column, Townhouse row: NA","Townhouse / MDR-12, OFR, and MDR-24 - Interior Side column: ""5 ft.""",,"or/multnomah/gresham/4.0100.residential.txt#L405,L408-L409",7,0,False,1,False,
01207,agree,,or/multnomah/gresham,MDR-12,setback_rear_ft,15,15,feet,clear,True,"Rear With Alley Access column, same row: NA | Townhouse row, same districts, Rear No Alley: 10 ft.","Single Detached Dwelling, Duplex, Triplex, and Quadplex / MDR-12, OFR and MDR-24 - Rear No Alley column: ""15 ft.""",,or/multnomah/gresham/4.0100.residential.txt#L403,7,1,True,2,False,[2] double-frontage lot: the rear yard becomes a front yard unless that frontage is an alley or accessway
01208,agree,,or/multnomah/gresham,MDR-12,setback_rear_ft [unit_lots],10,10,feet,clear,True,"Rear With Alley Access column, Townhouse row: 8 ft. | Quadplex row, same districts, Rear No Alley: 15 ft.","Townhouse / MDR-12, OFR, and MDR-24 - Rear No Alley column: ""10 ft.""",,"or/multnomah/gresham/4.0100.residential.txt#L405,L408-L409",7,1,True,2,False,[2] double-frontage lot: the rear yard becomes a front yard unless that frontage is an alley or accessway
01209,agree,,or/multnomah/gresham,MDR-12,setback_rear_ft [abuts_alley+unit_lots],8,8,feet,clear,True,"Rear No Alley column, Townhouse row: 10 ft. | Quadplex row, same districts, Rear With Alley Access: NA","Townhouse / MDR-12, OFR, and MDR-24 - Rear With Alley Access column: ""8 ft.""",,"or/multnomah/gresham/4.0100.residential.txt#L405,L408-L409",7,0,False,2,False,
01210,agree,,or/multnomah/gresham,MDR-12,setback_street_side_ft,20,20,feet,clear,True,"Street Side Porch column, same row: 20 ft. | Townhouse row, same districts, Street Side: 8 ft.","Single Detached Dwelling, Duplex, Triplex, and Quadplex / MDR-12, OFR and MDR-24 - Street Side column: ""20 ft.""",,or/multnomah/gresham/4.0100.residential.txt#L403,7,0,False,1,False,
01211,agree,,or/multnomah/gresham,MDR-12,setback_street_side_ft [unit_lots],8,8,feet,clear,True,"Street Side Porch column, Townhouse row: 8 ft. | Quadplex row, same districts, Street Side: 20 ft.","Townhouse / MDR-12, OFR, and MDR-24 - Street Side column: ""8 ft.""",,"or/multnomah/gresham/4.0100.residential.txt#L405,L408-L409",7,0,False,1,False,
01212,agree,,or/multnomah/gresham,MDR-12,min_lot_sqft,3600,3600,square feet,clear,True,"Duplex row, MDR-12: 3,600 sq. ft. | Townhouse row, MDR-12: None | A. Minimum Site Size, Multi-family, MDR-12: 7,200 sq. ft.","B. Minimum Lot Size2 - All other uses   5,000 sq. ft.   7,000 sq. ft.   4,000 sq. ft.   None   3,600 sq. ft.   None   3,600 sq. ft. (MDR-12 = 5th column)",,or/multnomah/gresham/4.0100.residential.txt#L243,12,1,True,1,False,[2] a Lot of Record below the minimum lot size may still be developed for any use permitted in the district
01213,agree,,or/multnomah/gresham,MDR-12,min_density_du_per_acre,8.71,8.71,units per acre,clear,True,"Manufactured Dwelling Parks row, MDR-12: 3.78 units per acre | D. Maximum Net Density, All other uses, MDR-12: 12.1 units per acre","C. Minimum Net Density3 - All uses except Manufactured Dwelling Parks, MDR-12 column: ""8.71 units per acre""",,"or/multnomah/gresham/4.0100.residential.txt#L233-L234,L244-L246",12,1,True,0,True,[3] minimum density does not apply to affordable housing development (Sec 10.1700)
01214,agree,,or/multnomah/gresham,MDR-12,max_density_du_per_acre [unit_lots],25,25,units per acre,clear,True,"Duplex, Triplex, Quadplex, Cottage Cluster row, MDR-12: None | All other uses, MDR-12: 12.1 units per acre | Manufactured dwelling parks, MDR-12: 8.71 units per acre",D. Maximum Net Density6 - Townhouse   25 units per acre   25 units per acre   25 units per acre   25 units per acre   25 units per acre   24.2 (MDR-24)   25 (MDR-12 = 5th column),,"or/multnomah/gresham/4.0100.residential.txt#L233-L234,L250,L257",12,1,True,1,False,[6] affordable housing gets a density bonus above the printed maximum (Sec 10.1700)
01215,agree,noted,or/multnomah/gresham,MDR-12,max_height_ft,35,35,feet,clear,True,"All other uses row, MDR-12: 35 ft.",H. Maximum Building Height11 - Townhouse   35 ft.12   35 ft.   35 ft.   35 ft.   35 ft.   35 ft.   35 ft. (MDR-12 = 5th column),"The cited line is the Townhouse row; a quadplex on one lot falls under 'All other uses', which is also 35 ft. in MDR-12, so the figure is unaffected.",or/multnomah/gresham/4.0100.residential.txt#L332,12,1,True,0,True,[11] affordable housing gets a height bonus above the printed 35 ft (Sec 10.1700)
01216,agree,,or/multnomah/gresham,MDR-12,min_frontage_ft,45,45,feet,clear,True,"Townhouse row, interior lots, MDR-12: None | Corner lots, All other uses, MDR-12: 45 ft.",1. Minimum Street Frontage: Interior lots - All other uses   35 ft.   40 ft.   35 ft.   35 ft.   45 ft.   45 ft.   NA (MDR-12 = 5th column),,or/multnomah/gresham/4.0100.residential.txt#L314,12,0,False,3,False,
01217,agree,,or/multnomah/gresham,MDR-12,min_frontage_ft [corner_lot],45,45,feet,clear,True,"Corner lots, Townhouse row, MDR-12: None | Interior lots, All other uses, MDR-12: 45 ft.","2. Minimum Street Frontage: Corner lots - All other uses, MDR-12 column: ""45 ft.""",,"or/multnomah/gresham/4.0100.residential.txt#L315,L319",12,0,False,3,False,
01218,agree,,or/multnomah/gresham,MDR-12,min_lot_width_ft,16,16,feet,clear,True,"Townhouse row, interior, MDR-12: 16 ft. | All other uses, interior, MDR-12: 65 ft. | Corner lot, Triplex/Quadplex, MDR-12: 70 ft.","1. Width at building line: Interior lot - Duplex, Triplex, Quadplex, and Cottage Cluster   35 ft.   40 ft.   35 ft.   16 ft.   16 ft.   16 ft.7   60 ft. (MDR-12 = 5th column)",,or/multnomah/gresham/4.0100.residential.txt#L274,12,0,False,3,False,
01219,agree,,or/multnomah/gresham,MDR-12,min_lot_width_ft [unit_lots],16,16,feet,clear,True,"Duplex/Triplex/Quadplex row, interior, MDR-12: 16 ft. | Townhouse, corner lot, MDR-12: 20 ft.",1. Width at building line: Interior lot - Townhouse   16 ft.   16 ft.   16 ft.   16 ft.   16 ft.   16 ft.7   16 ft. (MDR-12 = 5th column),,or/multnomah/gresham/4.0100.residential.txt#L277,12,0,False,3,False,
01220,agree,,or/multnomah/gresham,MDR-12,min_lot_width_ft [corner_lot],70,70,feet,clear,True,"Townhouse, corner lot, MDR-12: 20 ft. | Duplex, corner lot, MDR-12: 70 ft. | Triplex/Quadplex, interior lot, MDR-12: 16 ft.","2. Width at building line: Corner lot - Triplex, Quadplex, and Cottage Cluster   40 ft.   40 ft.   40 ft.   20 ft.   70 ft.   70 ft.   70 ft. (MDR-12 = 5th column)",,"or/multnomah/gresham/4.0100.residential.txt#L279,L283-L285",12,0,False,3,False,
01221,agree,,or/multnomah/gresham,MDR-12,min_lot_width_ft [corner_lot+unit_lots],20,20,feet,clear,True,"Triplex/Quadplex, corner lot, MDR-12: 70 ft. | Townhouse, interior lot, MDR-12: 16 ft.",2. Width at building line: Corner lot - Townhouse   20 ft.   20 ft.   20 ft.   20 ft.   20 ft.   See table note 8   20 ft. (MDR-12 = 5th column),,"or/multnomah/gresham/4.0100.residential.txt#L279,L286",12,0,False,3,False,
01222,agree,,or/multnomah/gresham,MDR-24,setback_front_ft,10,10,feet,clear,True,"Townhouse row, MDR-12/OFR/MDR-24, Front Facade/Wall: 10 ft. | Front Porch column, same row: 10 ft.","Single Detached Dwelling, Duplex, Triplex, and Quadplex / MDR-12, OFR and MDR-24 - Front Facade/Wall column: ""10 ft.""",,or/multnomah/gresham/4.0100.residential.txt#L403,7,1,True,0,True,"[5] at the end of a Minor Access Street: min 5 ft, max 25 ft (marker printed on the LDR/TR and cottage-cluster rows)"
01223,agree,,or/multnomah/gresham,MDR-24,setback_garage_entrance_ft,20,20,feet,clear,True,"Townhouse row, MDR-12/OFR/MDR-24, Garage: 20 ft. | Street Side Garage column, same row: 20 ft.","Single Detached Dwelling, Duplex, Triplex, and Quadplex / MDR-12, OFR and MDR-24 - Garage column: ""20 ft.""",,or/multnomah/gresham/4.0100.residential.txt#L403,7,0,False,0,False,
01224,agree,,or/multnomah/gresham,MDR-24,setback_side_ft,10,10,feet,clear,True,"Townhouse row, MDR-12/OFR/MDR-24, Interior Side: 5 ft. | Common Wall column, same row: NA","Single Detached Dwelling, Duplex, Triplex, and Quadplex / MDR-12, OFR and MDR-24 - Interior Side column: ""10 ft.""",,or/multnomah/gresham/4.0100.residential.txt#L403,7,0,False,1,False,
01225,agree,,or/multnomah/gresham,MDR-24,setback_side_ft [unit_lots],5,5,feet,clear,True,"Single Detached/Duplex/Triplex/Quadplex row, same districts, Interior Side: 10 ft. | Common Wall column, Townhouse row: NA","Townhouse / MDR-12, OFR, and MDR-24 - Interior Side column: ""5 ft.""",,"or/multnomah/gresham/4.0100.residential.txt#L405,L408-L409",7,0,False,1,False,
01226,agree,,or/multnomah/gresham,MDR-24,setback_rear_ft,15,15,feet,clear,True,"Rear With Alley Access column, same row: NA | Townhouse row, same districts, Rear No Alley: 10 ft.","Single Detached Dwelling, Duplex, Triplex, and Quadplex / MDR-12, OFR and MDR-24 - Rear No Alley column: ""15 ft.""",,or/multnomah/gresham/4.0100.residential.txt#L403,7,1,True,2,False,[2] double-frontage lot: the rear yard becomes a front yard unless that frontage is an alley or accessway
01227,agree,,or/multnomah/gresham,MDR-24,setback_rear_ft [unit_lots],10,10,feet,clear,True,"Rear With Alley Access column, Townhouse row: 8 ft. | Quadplex row, same districts, Rear No Alley: 15 ft.","Townhouse / MDR-12, OFR, and MDR-24 - Rear No Alley column: ""10 ft.""",,"or/multnomah/gresham/4.0100.residential.txt#L405,L408-L409",7,1,True,2,False,[2] double-frontage lot: the rear yard becomes a front yard unless that frontage is an alley or accessway
01228,agree,,or/multnomah/gresham,MDR-24,setback_rear_ft [abuts_alley+unit_lots],8,8,feet,clear,True,"Rear No Alley column, Townhouse row: 10 ft. | Quadplex row, same districts, Rear With Alley Access: NA","Townhouse / MDR-12, OFR, and MDR-24 - Rear With Alley Access column: ""8 ft.""",,"or/multnomah/gresham/4.0100.residential.txt#L405,L408-L409",7,0,False,2,False,
01229,agree,,or/multnomah/gresham,MDR-24,setback_street_side_ft,20,20,feet,clear,True,"Street Side Porch column, same row: 20 ft. | Townhouse row, same districts, Street Side: 8 ft.","Single Detached Dwelling, Duplex, Triplex, and Quadplex / MDR-12, OFR and MDR-24 - Street Side column: ""20 ft.""",,or/multnomah/gresham/4.0100.residential.txt#L403,7,0,False,1,False,
01230,agree,,or/multnomah/gresham,MDR-24,setback_street_side_ft [unit_lots],8,8,feet,clear,True,"Street Side Porch column, Townhouse row: 8 ft. | Quadplex row, same districts, Street Side: 20 ft.","Townhouse / MDR-12, OFR, and MDR-24 - Street Side column: ""8 ft.""",,"or/multnomah/gresham/4.0100.residential.txt#L405,L408-L409",7,0,False,1,False,
01231,agree,noted,or/multnomah/gresham,MDR-24,min_lot_sqft,11000,11000,square feet,inferred,True,"B. Minimum Lot Size, All other uses, MDR-24: None | B. Minimum Lot Size, Duplex, MDR-24: 3,600 sq. ft. | A. Minimum Site Size, Multi-family, MDR-24: 11,000 sq. ft.","A. Minimum Site Size - All other uses   None   None   None   None   None   11,000 sq. ft.   7,200 sq. ft. (MDR-24 = 6th column)","The cited lines are section A 'Minimum Site Size', not section B 'Minimum Lot Size', where MDR-24 prints None for all other uses and 3,600 sq. ft. for a duplex; all three MDR-24 site-size rows read 11,000 sq. ft.",or/multnomah/gresham/4.0100.residential.txt#L233-L239,12,1,True,0,True,"[2] an undersized Lot of Record may still be developed; marker 2 is on B. Minimum Lot Size, not the cited site-size row"
01232,agree,,or/multnomah/gresham,MDR-24,min_density_du_per_acre,12.1,12.1,units per acre,clear,True,"Manufactured Dwelling Parks row, MDR-24: 12.1 units per acre | D. Maximum Net Density, All other uses, MDR-24: 24.2 units per acre","C. Minimum Net Density3 - All uses except Manufactured Dwelling Parks, MDR-24 column: ""12.1 units per acre5""",,"or/multnomah/gresham/4.0100.residential.txt#L233-L234,L244-L246",12,2,True,1,False,"[3] minimum density does not apply to affordable housing development (Sec 10.1700) | [5] marker 5 is on this cell: the 12.1 du/acre minimum does not apply to lots of record under 11,000 sq ft"
01233,agree,,or/multnomah/gresham,MDR-24,max_density_du_per_acre,24.2,24.2,units per acre,clear,True,"Townhouse row, MDR-24: 24.2 units per acre | All other uses, MDR-24: 24.2 units per acre | Manufactured dwelling parks, MDR-24: 24.2 units per acre","D. Maximum Net Density6 - Duplex, Triplex, Quadplex, Cottage Cluster, MDR-24 column: ""24.2 units per acre""",,"or/multnomah/gresham/4.0100.residential.txt#L233-L234,L250,L254",12,1,True,1,False,[6] affordable housing gets a density bonus above the printed maximum (Sec 10.1700)
01234,agree,,or/multnomah/gresham,MDR-24,max_density_du_per_acre [unit_lots],24.2,24.2,units per acre,clear,True,"Duplex, Triplex, Quadplex, Cottage Cluster row, MDR-24: 24.2 units per acre | All other uses, MDR-24: 24.2 units per acre","D. Maximum Net Density6 - Townhouse   25 units per acre (LDR-5, LDR-7, TR, TLDR, MDR-12, OFR)   MDR-24 column: ""24.2 units per acre""",,"or/multnomah/gresham/4.0100.residential.txt#L233-L234,L250,L257",12,1,True,1,False,[6] affordable housing gets a density bonus above the printed maximum (Sec 10.1700)
01235,agree,noted,or/multnomah/gresham,MDR-24,max_height_ft,35,35,feet,inferred,True,"All other uses row, MDR-24: 3 stories or 40 ft. | I. Modifications: Section 9.0600 height transition applies in MDR-24","H. Maximum Building Height11 - Townhouse, MDR-24 column: ""35 ft.""  (the All other uses row reads ""3 stories or 40 ft. Also see Section 4.0133(A)."")","The cited line is the Townhouse row; a quadplex on a single lot falls under 'All other uses', which in MDR-24 reads '3 stories or 40 ft.' rather than 35 ft.",or/multnomah/gresham/4.0100.residential.txt#L332,12,1,True,0,True,[11] affordable housing gets a height bonus above the printed 35 ft (Sec 10.1700)
01236,agree,,or/multnomah/gresham,MDR-24,min_lot_width_ft,16,16,feet,clear,True,"Townhouse row, interior, MDR-24: 16 ft.7 | All other uses, interior, MDR-24: 60 ft. | Corner lot, Triplex/Quadplex, MDR-24: 70 ft.","1. Width at building line: Interior lot - Duplex, Triplex, Quadplex, and Cottage Cluster, MDR-24 column: ""16 ft.7""",,or/multnomah/gresham/4.0100.residential.txt#L274,12,0,False,4,False,
01237,agree,,or/multnomah/gresham,MDR-24,min_lot_width_ft [corner_lot],70,70,feet,clear,True,"16 ft.7 (Duplex/Triplex/Quadplex/Cottage Cluster, interior lot, MDR-24) | See table note 8 (Townhouse corner, MDR-24) | 70 ft. (All other uses, corner, MDR-24)","Triplex, Quadplex, and Cottage Cluster | 40 | 40 | 40 | 20 | 70 | 70 ft. | 70 (E.2 Width at building line: Corner lot; MDR-24 col)",,"or/multnomah/gresham/4.0100.residential.txt#L279,L283-L285",12,0,False,4,False,
01238,agree,,or/multnomah/gresham,MDR-24,min_lot_width_ft [unit_lots],16,16,feet,clear,True,"16 ft.7 (Duplex/Triplex/Quadplex/Cottage Cluster, interior lot, MDR-24) | See table note 8 (Townhouse corner, MDR-24)",Townhouse | 16 ft. | 16 ft. | 16 ft. | 16 ft. | 16 ft. | 16 ft.7 | 16 ft. (E.1 Width at building line: Interior lot; MDR-24 col),,or/multnomah/gresham/4.0100.residential.txt#L277,12,0,False,4,False,
01239,agree,noted,or/multnomah/gresham,MDR-24,min_lot_width_ft [corner_lot+unit_lots],42,42,feet,clear,True,16 feet (abuts an alley) | 25 feet (shared access) | 20 ft. (Townhouse corner in every other district),Table 4.0130 note 8: Abuts an alley: 16 feet; shared access: 25 feet; no alley or shared access: 42 feet (MDR-24 Townhouse corner cell reads See table note 8),"The MDR-24 Townhouse corner cell prints no number - it reads See table note 8, so the figure comes from the note itself.","or/multnomah/gresham/4.0100.residential.txt#L279,L286-L287,L382",12,1,True,4,False,"[8] supplies the corner width: 16 ft abutting an alley, 25 ft shared access, 42 ft with neither"
01240,agree,noted,or/multnomah/gresham,MDR-24,min_lot_width_ft [abuts_alley+corner_lot+unit_lots],16,16,feet,clear,True,25 feet (shared access) | 42 feet (no alley or shared access) | 20 ft. (Townhouse corner in every other district),Table 4.0130 note 8: Abuts an alley: 16 feet; shared access: 25 feet; no alley or shared access: 42 feet (MDR-24 Townhouse corner cell reads See table note 8),"The MDR-24 Townhouse corner cell prints no number - it reads See table note 8, so the figure comes from the note itself.","or/multnomah/gresham/4.0100.residential.txt#L279,L286-L287,L382",12,1,True,4,False,"[8] supplies the corner width: 16 ft abutting an alley, 25 ft shared access, 42 ft with neither"
01241,agree,,or/multnomah/gresham,MDR-24,min_frontage_ft,45,45,feet,clear,True,"16 ft. (Townhouse, interior lot, MDR-24)",All other uses | 35 | 40 | 35 | 35 | 45 | 45 ft. | NA (G.1 Minimum Street Frontage: Interior lots; MDR-24 col),,or/multnomah/gresham/4.0100.residential.txt#L314,12,0,False,4,False,
01242,agree,,or/multnomah/gresham,MDR-24,min_frontage_ft [corner_lot],45,45,feet,clear,True,"Varies depending on access10 (Townhouse corner, MDR-24) | 45 ft. (All other uses, interior lot, MDR-24)",All other uses | 40 ft.10 | 40 | 40 as measured | 40 as measured | 45 | 45 ft. | NA (G.2 Min Street Frontage: Corner lots; MDR-24 col),,"or/multnomah/gresham/4.0100.residential.txt#L315,L319",12,0,False,4,False,
01243,agree,,or/multnomah/gresham,MDR-24,min_frontage_ft [unit_lots],16,16,feet,clear,True,"45 ft. (All other uses, interior lot, MDR-24)",Townhouse | 16 | 16 | 16 | None | None | 16 ft. | None (G.1 Minimum Street Frontage: Interior lots; MDR-24 col),,or/multnomah/gresham/4.0100.residential.txt#L313,12,0,False,4,False,
01244,agree,noted,or/multnomah/gresham,MDR-24,min_frontage_ft [corner_lot+unit_lots],32,32,feet,clear,True,"25 feet (alley or shared access) | 45 ft. (All other uses, corner lot, MDR-24)",Table 4.0130 note 10: As measured from the corner radius end point to the property corner 25 feet if there is an alley or shared access and 32 feet if not,"The MDR-24 Townhouse corner-frontage cell prints no number - it reads Varies depending on access10, so the figure comes from note 10.","or/multnomah/gresham/4.0100.residential.txt#L315,L316-L318,L385",12,1,True,4,False,"[10] supplies the corner frontage: 25 ft with an alley or shared access, 32 ft with neither"
01245,agree,noted,or/multnomah/gresham,MDR-24,min_frontage_ft [abuts_alley+corner_lot+unit_lots],25,25,feet,clear,True,"32 feet (no alley or shared access) | 45 ft. (All other uses, corner lot, MDR-24)",Table 4.0130 note 10: As measured from the corner radius end point to the property corner 25 feet if there is an alley or shared access and 32 feet if not,"The MDR-24 Townhouse corner-frontage cell prints no number - it reads Varies depending on access10, so the figure comes from note 10.","or/multnomah/gresham/4.0100.residential.txt#L315,L316-L318,L385",12,1,True,4,False,"[10] supplies the corner frontage: 25 ft with an alley or shared access, 32 ft with neither"
01246,agree,noted,or/multnomah/gresham,OFR,min_lot_sqft,7200,7200,square feet,clear,True,"3,600 sq. ft. (B. Minimum Lot Size2, All other uses, OFR) | 3,600 sq. ft. (B. Minimum Lot Size2, Duplex, OFR)","A. Minimum Site Size - Multi-family | NA | NA | NA | NA | 7,200 | 11,000 | 7,200 sq. ft. (OFR col); All other uses row also 7,200 sq. ft.","The marked lines are row A, Minimum SITE Size; the minimum LOT SIZE row (B, two rows below) reads 3,600 sq. ft. for OFR.",or/multnomah/gresham/4.0100.residential.txt#L233-L239,12,1,True,0,True,[2] an existing Lot of Record below the minimum may still be developed for any use permitted in the district
01247,agree,,or/multnomah/gresham,OFR,min_density_du_per_acre,8.71,8.71,units per acre,clear,True,"12.1 units per acre (All other uses, D. Maximum Net Density, OFR)",C. Minimum Net Density3 - All uses except Manufactured Dwelling Parks | 6.22 | 4.35 | 6.22 | 10 | 8.71 | 12.1 | 8.71 units per acre (OFR col),,"or/multnomah/gresham/4.0100.residential.txt#L233-L234,L244-L246",12,1,True,0,True,"[3] minimum density does not apply to affordable housing development, Section 10.1700"
01248,agree,,or/multnomah/gresham,OFR,max_density_du_per_acre [unit_lots],25,25,units per acre,clear,True,"None (Duplex, Triplex, Quadplex, Cottage Cluster row, OFR) | 12.1 units per acre (All other uses, OFR)",D. Maximum Net Density6 - Townhouse | 25 | 25 | 25 | 25 | 25 | 24.2 | 25 units per acre (OFR col),,"or/multnomah/gresham/4.0100.residential.txt#L233-L234,L250,L257",12,1,True,1,False,"[6] a density bonus applies to affordable housing development, Section 10.1700"
01249,agree,,or/multnomah/gresham,OFR,min_lot_width_ft,60,60,feet,clear,True,"16 ft. (Townhouse, interior lot, OFR) | 60 ft. (All other uses, interior lot, OFR)","Duplex, Triplex, Quadplex, and Cottage Cluster | 35 | 40 | 35 | 16 | 16 | 16 ft.7 | 60 ft. (E.1 Width: Interior lot; OFR col)",,or/multnomah/gresham/4.0100.residential.txt#L271-L274,12,0,False,3,False,
01250,agree,,or/multnomah/gresham,OFR,min_lot_width_ft [unit_lots],16,16,feet,clear,True,"60 ft. (Duplex/Triplex/Quadplex/Cottage Cluster, interior lot, OFR)",Townhouse | 16 | 16 | 16 | 16 | 16 | 16 ft.7 | 16 ft. (E.1 Width at building line: Interior lot; OFR col),,"or/multnomah/gresham/4.0100.residential.txt#L271-L272,L277",12,0,False,3,False,
01251,agree,,or/multnomah/gresham,OFR,min_lot_width_ft [corner_lot],70,70,feet,clear,True,"20 ft. (Townhouse, corner lot, OFR) | 60 ft. (Quadplex row, interior lot, OFR)","Triplex, Quadplex, and Cottage Cluster | 40 | 40 | 40 | 20 | 70 | 70 | 70 ft. (E.2 Width at building line: Corner lot; OFR col)",,"or/multnomah/gresham/4.0100.residential.txt#L279,L283-L285",12,0,False,3,False,
01252,agree,,or/multnomah/gresham,OFR,min_lot_width_ft [corner_lot+unit_lots],20,20,feet,clear,True,"70 ft. (Triplex/Quadplex/Cottage Cluster, corner lot, OFR) | 16 ft. (Townhouse, interior lot, OFR)",Townhouse | 20 | 20 | 20 | 20 | 20 | See table note 8 | 20 ft. (E.2 Width at building line: Corner lot; OFR col),,"or/multnomah/gresham/4.0100.residential.txt#L279,L286",12,0,False,3,False,
01253,agree,,or/multnomah/gresham,OFR,min_lot_depth_ft,100,100,feet,clear,True,"100 ft. (Townhouse, interior lot depth, OFR) | 100 ft. (All other uses, interior lot depth, OFR)","Triplex, Quadplex, and Cottage Cluster | 70 | 70 | 70 | None | None | None | 100 ft. (F.1 Depth: Interior lot; OFR col)",,"or/multnomah/gresham/4.0100.residential.txt#L289-L290,L298-L300",12,0,False,2,False,
01254,agree,,or/multnomah/gresham,OFR,min_lot_depth_ft [unit_lots],100,100,feet,clear,True,"100 ft. (Triplex/Quadplex/Cottage Cluster, interior lot depth, OFR)",Townhouse | 70 | 70 | None | None | None | None | 100 ft. (F.1 Depth: Interior lot; OFR col),,"or/multnomah/gresham/4.0100.residential.txt#L289-L290,L301",12,0,False,2,False,
01255,agree,,or/multnomah/gresham,OFR,min_lot_depth_ft [corner_lot],100,100,feet,clear,True,"100 ft. (interior lot depth, Quadplex row, OFR) | 100 ft. (Townhouse corner depth, OFR)","Triplex, Quadplex, and Cottage Cluster | 70 | 70 | 70 | None | 0 | 0 | 100 ft. (F.2 Depth: Corner lot; OFR col)",,"or/multnomah/gresham/4.0100.residential.txt#L303,L306-L308",12,0,False,2,False,
01256,agree,,or/multnomah/gresham,OFR,max_height_ft,35,35,feet,clear,True,"35 ft. (Townhouse row, OFR)",H. Maximum Building Height11 - All other uses | 35 ft.12 | 35 | 35 | 35 | 35 | 3 stories or 40 ft. | 35 ft. (OFR col),,"or/multnomah/gresham/4.0100.residential.txt#L331,L333",12,1,True,0,True,"[11] height bonus for affordable housing development, Section 10.1700"
01257,agree,,or/multnomah/gresham,OFR,setback_front_ft,10,10,feet,clear,True,"10 ft. (Front Porch column, same row) | 10 ft. (Townhouse row front facade, MDR-12/OFR/MDR-24)","Single Detached Dwelling, Duplex, Triplex, and Quadplex - MDR-12, OFR and MDR-24: 10 | 10 | 20 | 10 | NA | NA | 20 | 20 | 20 | 15 | NA - Front Facade/Wall col: 10 ft.",,"or/multnomah/gresham/4.0100.residential.txt#L399,L403-L404",7,1,True,0,True,"[5] min 5 ft / max 25 ft from the end of a Minor Access Street, for plexes and townhouses"
01258,agree,noted,or/multnomah/gresham,OFR,setback_side_ft,10,10,feet,clear,True,"5 ft. (Townhouse row, interior side) | NA (Common Wall column, same row)","Single Detached Dwelling, Duplex, Triplex, and Quadplex - MDR-12, OFR and MDR-24: 10 | 10 | 20 | 10 | NA | NA | 20 | 20 | 20 | 15 | NA - Interior Side col: 10 ft.","The Common Wall column reads NA for this row, so the table prints no setback for an attached party wall.","or/multnomah/gresham/4.0100.residential.txt#L399,L403-L404",7,0,False,1,False,
01259,agree,noted,or/multnomah/gresham,OFR,setback_side_ft [unit_lots],5,5,feet,clear,True,"NA (Common Wall column, Townhouse row) | 10 ft. (Quadplex row, interior side, MDR-12/OFR/MDR-24)","Townhouse - MDR-12, OFR, and MDR-24: 10 | 8 | 20 | 5 | NA | NA | 8 | 8 | 20 | 10 | 8 - Interior Side col: 5 ft.","The Common Wall column reads NA for the Townhouse row, so 5 ft is the only interior-side figure printed even where units share a party wall.","or/multnomah/gresham/4.0100.residential.txt#L405,L408-L409",7,0,False,1,False,
01260,agree,noted,or/multnomah/gresham,OFR,setback_rear_ft,15,15,feet,clear,True,"NA (Rear With Alley column, same row) | 10 ft. (Townhouse row, rear no alley)","Single Detached Dwelling, Duplex, Triplex, and Quadplex - MDR-12, OFR and MDR-24: 10 | 10 | 20 | 10 | NA | NA | 20 | 20 | 20 | 15 | NA - Rear No Alley col: 15 ft.","The Rear With Alley column reads NA for this row, so the table prints no alley-side rear setback for a quadplex.","or/multnomah/gresham/4.0100.residential.txt#L399,L403-L404",7,0,False,2,False,
01261,agree,,or/multnomah/gresham,OFR,setback_rear_ft [unit_lots],10,10,feet,clear,True,"8 ft. (Rear With Alley column, Townhouse row) | 15 ft. (Quadplex row, rear no alley)","Townhouse - MDR-12, OFR, and MDR-24: 10 | 8 | 20 | 5 | NA | NA | 8 | 8 | 20 | 10 | 8 - Rear No Alley col: 10 ft.",,"or/multnomah/gresham/4.0100.residential.txt#L405,L408-L409",7,0,False,2,False,
01262,agree,,or/multnomah/gresham,OFR,setback_rear_ft [abuts_alley+unit_lots],8,8,feet,clear,True,"10 ft. (Rear No Alley column, Townhouse row) | NA (Quadplex row, rear with alley)","Townhouse - MDR-12, OFR, and MDR-24: 10 | 8 | 20 | 5 | NA | NA | 8 | 8 | 20 | 10 | 8 - Rear With Alley col: 8 ft.",,"or/multnomah/gresham/4.0100.residential.txt#L405,L408-L409",7,0,False,2,False,
01263,agree,,or/multnomah/gresham,OFR,setback_street_side_ft,20,20,feet,clear,True,"20 ft. (Street Side Porch column) | 20 ft. (Street Side Garage Access column) | 8 ft. (Townhouse row, street side wall)","Single Detached Dwelling, Duplex, Triplex, and Quadplex - MDR-12, OFR and MDR-24: 10 | 10 | 20 | 10 | NA | NA | 20 | 20 | 20 | 15 | NA - Street Side Wall col: 20 ft.",,"or/multnomah/gresham/4.0100.residential.txt#L399,L403-L404",7,0,False,1,False,
01264,agree,,or/multnomah/gresham,OFR,setback_street_side_ft [unit_lots],8,8,feet,clear,True,"8 ft. (Street Side Porch column) | 20 ft. (Street Side Garage Access column) | 20 ft. (Quadplex row, street side wall)","Townhouse - MDR-12, OFR, and MDR-24: 10 | 8 | 20 | 5 | NA | NA | 8 | 8 | 20 | 10 | 8 - Street Side Wall col: 8 ft.",,"or/multnomah/gresham/4.0100.residential.txt#L405,L408-L409",7,0,False,1,False,
01265,agree,,or/multnomah/gresham,OFR,setback_garage_entrance_ft,20,20,feet,clear,True,"20 ft. (Street Side Garage Access column, same row) | 20 ft. (Townhouse row, garage)","Single Detached Dwelling, Duplex, Triplex, and Quadplex - MDR-12, OFR and MDR-24: 10 | 10 | 20 | 10 | NA | NA | 20 | 20 | 20 | 15 | NA - Garage col (FRONT group): 20 ft.",,"or/multnomah/gresham/4.0100.residential.txt#L399,L403-L404",7,0,False,0,False,
01348,agree,,or/multnomah/gresham,CMF,min_density_du_per_acre,12,12,units per acre,clear,True,18 units per acre for Townhouses / 20 for multi-family (RTC and SC columns),E. Minimum Residential Net Density15 - CMF14 column: 12 units per acre,,"or/multnomah/gresham/4.0400.corridor.txt#L295,L316-L321",18,1,True,0,True,"[15] minimum residential net density does not apply to affordable housing development, Sec 10.1700"
01349,agree,,or/multnomah/gresham,CMF,max_density_du_per_acre,24,24,units per acre,clear,True,"25 units per acre (townhouses in the NE Glisan / NE 162nd corridors, note 14)",F. Maximum Residential Net Density16 - CMF14 column: 24 units per acre,,or/multnomah/gresham/4.0400.corridor.txt#L325-L326,18,2,True,0,True,"[14] 25 units per acre for townhouses (24 for other middle housing) in the NE Glisan / NE 162nd CMF corridors | [16] a density bonus applies to affordable housing development, Section 10.1700"
01350,agree,noted,or/multnomah/gresham,CMF,parking_min_per_unit,0,0,spaces per unit,clear,True,"As provided in Section 9.0851 (L. Maximum Off-Street Parking Permitted, CMF)",K. Minimum Off-Street Parking Required - CMF14 column: None (every column of Table 4.0430 reads None),The cell states None rather than a number - read as zero required stalls per unit.,or/multnomah/gresham/4.0400.corridor.txt#L392-L393,18,1,True,0,True,"[14] in those CMF corridors middle housing follows Table 4.0130, whose parking row is See Section 9.0800, not None"
01351,agree,,or/multnomah/gresham,CMF,max_height_ft,45,45,feet,clear,True,"10 stories12, 18 (SC and SC-RJ columns) | 45 feet (note 18, Maximum Building Height for Townhouses)",I. Maximum Building Height17 (Section 4.0434) - CMF14 column: 45 feet18,,"or/multnomah/gresham/4.0400.corridor.txt#L359,L373,L497",18,2,True,1,False,"[14] in those CMF corridors middle housing takes TLDR height from Table 4.0130 (35 ft), not 45 ft | [17] a height bonus applies to affordable housing development, Section 10.1700"
01352,agree,noted,or/multnomah/gresham,CMF,max_height_ft [civic_corridor],35,35,feet,inferred,unknown,"3 stories or 40 ft. (All other uses, MDR-24) | 35 ft. (All other uses row, every other column)","H. Maximum Building Height11 - Townhouse | 35 ft.12 | 35 | 35 | 35 | 35 | 35 | 35 ft. (Table 4.0130, all seven columns)","CMF is not a column of Table 4.0130 - its columns are LDR-5, LDR-7, TR, TLDR, MDR-12, MDR-24 and OFR; the marked Townhouse row reads 35 ft. in all seven, so the zone match is by cross-reference, not by column.","or/multnomah/gresham/4.0100.residential.txt#L330,L332",12,1,True,1,False,"[11] height bonus for affordable housing development, Section 10.1700"
01353,agree,noted,or/multnomah/gresham,CMF,setback_front_ft,5,5,feet,clear,True,0 feet (interior side) | 15 feet (rear),G. Minimum Building Setbacks (Sections 4.0433 and 7.0512.A.2) - CMF14 column: 5 feet front and street-side; 15 feet rear; 0 feet interior side.1,The CMF cell states one figure for front and street-side together.,or/multnomah/gresham/4.0400.corridor.txt#L332-L336,18,1,True,0,True,[14] in those CMF corridors middle housing takes the TLDR setbacks of Table 4.0131 instead of this row
01354,agree,,or/multnomah/gresham,CMF,setback_side_ft,0,0,feet,clear,True,"5 feet (front and street-side) | 15 feet (rear) | 5 feet (townhouse non-common-wall side, note 1)",G. Minimum Building Setbacks (Sections 4.0433 and 7.0512.A.2) - CMF14 column: 5 feet front and street-side; 15 feet rear; 0 feet interior side.1,,or/multnomah/gresham/4.0400.corridor.txt#L332-L336,18,2,True,2,False,[1] 5 ft on any townhouse side that is not a common wall; 0 ft only at the common wall | [14] in those CMF corridors middle housing takes the TLDR setbacks of Table 4.0131 instead of this row
01357,agree,,or/multnomah/gresham,CMF,setback_rear_ft,15,15,feet,clear,True,"5 feet (front and street-side) | 0 feet (interior side) | 10 ft / 5 ft (townhouse rear, note 1)",G. Minimum Building Setbacks (Sections 4.0433 and 7.0512.A.2) - CMF14 column: 5 feet front and street-side; 15 feet rear; 0 feet interior side.1,,or/multnomah/gresham/4.0400.corridor.txt#L332-L336,18,2,True,2,False,"[1] townhouse rear yard is 10 ft with no alley and 5 ft with an alley, not 15 ft | [14] in those CMF corridors middle housing takes the TLDR setbacks of Table 4.0131 instead of this row"
01360,agree,noted,or/multnomah/gresham,CMF,setback_street_side_ft,5,5,feet,clear,True,0 feet (interior side) | 15 feet (rear),G. Minimum Building Setbacks (Sections 4.0433 and 7.0512.A.2) - CMF14 column: 5 feet front and street-side; 15 feet rear; 0 feet interior side.1,The CMF cell states one figure for front and street-side together.,or/multnomah/gresham/4.0400.corridor.txt#L332-L336,18,1,True,0,True,[14] in those CMF corridors middle housing takes the TLDR setbacks of Table 4.0131 instead of this row
01361,agree,,or/multnomah/gresham,CMF,setback_front_max_ft,20,20,feet,clear,True,"None (rear and interior side) | 30 feet (abutting an arterial or boulevard, note 3a) | 5 feet (abutting a collector or local street, note 3c)",H. Maximum Building Setbacks (Sections 4.0433 and 7.0512.A.2) - CMF14 column: 20 feet front and street-side3a; None for rear and interior side.,,or/multnomah/gresham/4.0400.corridor.txt#L351-L356,18,2,True,0,True,"[3] 30 ft abutting a Major/Minor Arterial or Boulevard for a building with dwellings; 5 ft on a Collector or Local street | [14] in those CMF corridors middle housing follows Tables 4.0130/4.0131 for TLDR, which carry no 20 ft maximum"
01362,agree,noted,or/multnomah/gresham,CMF,min_lot_sqft,10000,10000,square feet,clear,True,None (CC and MC columns),"A. Minimum Lot Size (Section 4.0431) - CMF14 column: 10,000 sq. ft.6, 7","Unlike RTC/SC/SC-RJ/CMU, the CMF cell prints no for-residential / none-for-commercial split - it reads a flat 10,000 sq. ft.",or/multnomah/gresham/4.0400.corridor.txt#L296-L297,18,2,True,1,False,"[6] minimum lot size does not apply to lots or parcels created for Townhouses | [14] in those CMF corridors middle housing takes TLDR minimum lot size from Table 4.0130, which is None"
01363,agree,,or/multnomah/gresham,CMF,min_frontage_ft,100,100,feet,clear,True,None (CC and MC columns),"B. Minimum Street Frontage (Section 4.0431) | CMF14 column: ""100 ft. for residential8, 11""",,or/multnomah/gresham/4.0400.corridor.txt#L301-L302,18,2,True,3,False,"[11] 16 ft for townhouses; corner 25 ft with alley/shared access, 32 ft without | [14] in the NE Glisan / NE 162nd corridors of CMF, TLDR Tables 4.0130/4.0131 govern middle housing"
01368,agree,,or/multnomah/gresham,SC,max_height_stories,10,10,stories,clear,True,45 feet maximum for townhouses (table note 18),"I. Maximum Building Height17 (Section 4.0434) | SC column: ""10 stories12, 18""",,"or/multnomah/gresham/4.0400.corridor.txt#L359,L373",18,3,True,0,True,"[12] Rockwood Triangle Area: 4 stories for buildings that include non-commercial uses | [17] affordable housing development gets a height bonus above this cap (Sec. 10.1700) | [18] townhouses capped at 45 feet, not the printed storeys; minimum height 2 stories here"
01369,agree,,or/multnomah/gresham,SC,min_density_du_per_acre [unit_lots],18,18,units per acre,clear,True,24 units per acre for multi-family (same SC cell),"E. Minimum Residential Net Density15 | SC column, Townhouses row: ""18 units per acre for Townhouses; 24 units per acre for multi-family""",,"or/multnomah/gresham/4.0400.corridor.txt#L295,L316-L321",18,1,True,1,False,[15] no minimum residential net density for affordable housing development (Sec. 10.1700)
01370,agree,,or/multnomah/gresham,SC,max_density_du_per_acre,60,60,units per acre,clear,True,,"F. Maximum Residential Net Density16 | SC column: ""60 units per acre""",,or/multnomah/gresham/4.0400.corridor.txt#L325-L326,18,1,True,0,True,[16] affordable housing development gets a density bonus above this cap (Sec. 10.1700)
01371,agree,,or/multnomah/gresham,SC,min_lot_sqft,10000,10000,square feet,clear,True,"none for commercial, institutional and mixed-use","A. Minimum Lot Size (Section 4.0431) | SC column: ""10,000 sq. ft. for residential, none for commercial, institutional and mixed-use6, 7""",,or/multnomah/gresham/4.0400.corridor.txt#L295-L300,18,1,True,1,False,[6] minimum lot size does not apply to lots or parcels created for townhouses
01372,agree,,or/multnomah/gresham,SC,min_frontage_ft,100,100,feet,clear,True,"none for commercial, institutional and mixed-use","B. Minimum Street Frontage (Section 4.0431) | SC column: ""100 ft. for residential; none for commercial, and institutional and mixed-use8, 11""",,"or/multnomah/gresham/4.0400.corridor.txt#L295,L301-L305",18,1,True,3,False,"[11] 16 ft for townhouses; corner 25 ft with alley/shared access, 32 ft without"
01376,agree,noted,or/multnomah/gresham,SC,setback_front_ft,5,5,feet,clear,True,"0 feet front (Commercial, Mixed-Use, and institutional block)","G. Minimum Building Setbacks | SC column, Residential block: ""5 feet front and street-side, 0 feet interior side, 15 feet rear.1, 13""","The same cell opens ""Setbacks at Street: See Section 7.0512.A.2"", so the street-facing figure in this zone may be set by that section rather than by the table.","or/multnomah/gresham/4.0400.corridor.txt#L332,L343-L347",18,1,True,0,True,"[1] townhouse front: facade 5 ft, porch 3 ft, garage 20 ft"
01377,agree,,or/multnomah/gresham,SC,setback_side_ft,0,0,feet,clear,True,5 feet front and street-side | 15 feet rear,"G. Minimum Building Setbacks | SC column, Residential block: ""5 feet front and street-side, 0 feet interior side, 15 feet rear.1, 13""",,"or/multnomah/gresham/4.0400.corridor.txt#L332,L343-L347",18,1,True,2,False,[1] interior side 5 ft on any side that is not a common wall; 0 ft at a common wall
01380,agree,,or/multnomah/gresham,SC,setback_rear_ft,15,15,feet,clear,True,"0 feet rear (Commercial, Mixed-Use, and institutional block)","G. Minimum Building Setbacks | SC column, Residential block: ""5 feet front and street-side, 0 feet interior side, 15 feet rear.1, 13""",,"or/multnomah/gresham/4.0400.corridor.txt#L332,L343-L347",18,1,True,2,False,"[1] townhouse rear 10 ft where there is no alley, 5 ft where there is an alley"
01383,agree,noted,or/multnomah/gresham,SC,setback_street_side_ft,5,5,feet,clear,True,"0 feet side (Commercial, Mixed-Use, and institutional block)","G. Minimum Building Setbacks | SC column, Residential block: ""5 feet front and street-side, 0 feet interior side, 15 feet rear.1, 13""","The same cell opens ""Setbacks at Street: See Section 7.0512.A.2"", so the street-facing figure in this zone may be set by that section rather than by the table.","or/multnomah/gresham/4.0400.corridor.txt#L332,L343-L347",18,1,True,0,True,"[1] street side (corner): facade 5 ft, porch 5 ft, garage with street-side access 20 ft"
01384,agree,noted,or/multnomah/gresham,SC,setback_front_max_ft,20,20,feet,clear,True,None for rear and interior side,"H. Maximum Building Setbacks | SC column: ""All Development: 20 feet front and street-side3a; None for rear and interior side.""","The same cell opens ""Setbacks at Street: See Section 7.0512.A.2"", so the street-facing figure in this zone may be set by that section rather than by the table.","or/multnomah/gresham/4.0400.corridor.txt#L351,L359-L366",18,1,True,0,True,[3] 30 ft where abutting a Major/Minor Arterial or Boulevard (3a); 3b/3c mark only CC/MC
01385,agree,,or/multnomah/gresham,SC,parking_min_per_unit,0,0,spaces per unit,clear,True,"1.5 spaces/unit for residential (row L, the MAXIMUM permitted)","K. Minimum Off-Street Parking Required | SC column: ""None""",,or/multnomah/gresham/4.0400.corridor.txt#L392-L393,18,0,False,0,False,
01387,agree,,or/multnomah/gresham,SC-RJ,max_height_stories,10,10,stories,clear,True,45 feet maximum for townhouses (table note 18),"I. Maximum Building Height17 (Section 4.0434) | SC-RJ column: ""10 stories12, 18""",,"or/multnomah/gresham/4.0400.corridor.txt#L359,L373",18,3,True,0,True,"[12] Rockwood Triangle Area: 4 stories for buildings that include non-commercial uses | [17] affordable housing development gets a height bonus above this cap (Sec. 10.1700) | [18] townhouses capped at 45 feet, not the printed storeys; minimum height 2 stories here"
01388,agree,,or/multnomah/gresham,SC-RJ,min_density_du_per_acre [unit_lots],18,18,units per acre,clear,True,24 units per acre for multi-family (same SC-RJ cell),"E. Minimum Residential Net Density15 | SC-RJ column, Townhouses row: ""18 units per acre for Townhouses; 24 units per acre for multi-family""",,"or/multnomah/gresham/4.0400.corridor.txt#L295,L316-L321",18,1,True,1,False,[15] no minimum residential net density for affordable housing development (Sec. 10.1700)
01389,agree,,or/multnomah/gresham,SC-RJ,max_density_du_per_acre,60,60,units per acre,clear,True,,"F. Maximum Residential Net Density16 | SC-RJ column: ""60 units per acre""",,or/multnomah/gresham/4.0400.corridor.txt#L325-L326,18,1,True,0,True,[16] affordable housing development gets a density bonus above this cap (Sec. 10.1700)
01390,agree,,or/multnomah/gresham,SC-RJ,min_lot_sqft,10000,10000,square feet,clear,True,"none for commercial, institutional, mixed-use, & industrial","A. Minimum Lot Size (Section 4.0431) | SC-RJ column: ""10,000 sq. ft. for residential, none for commercial, institutional, mixed-use, & industrial6, 7""",,or/multnomah/gresham/4.0400.corridor.txt#L295-L300,18,1,True,1,False,[6] minimum lot size does not apply to lots or parcels created for townhouses
01391,agree,,or/multnomah/gresham,SC-RJ,min_frontage_ft,100,100,feet,clear,True,"none for commercial, institutional, mixed-use & industrial","B. Minimum Street Frontage (Section 4.0431) | SC-RJ column: ""100 ft. for residential; none for commercial, institutional, mixed-use & industrial8, 11""",,"or/multnomah/gresham/4.0400.corridor.txt#L295,L301-L305",18,1,True,3,False,"[11] 16 ft for townhouses; corner 25 ft with alley/shared access, 32 ft without"
01395,agree,noted,or/multnomah/gresham,SC-RJ,setback_front_ft,5,5,feet,clear,True,"0 feet front (Commercial, Mixed-Use, and Institutional block)","G. Minimum Building Setbacks | SC-RJ column, Residential block: ""5 feet front and street-side, 0 feet interior side, 15 feet rear1, 13""","The same cell opens ""Setbacks at Street: See Section 7.0512.A.2"", so the street-facing figure in this zone may be set by that section rather than by the table.","or/multnomah/gresham/4.0400.corridor.txt#L332,L343-L347",18,1,True,0,True,"[1] townhouse front: facade 5 ft, porch 3 ft, garage 20 ft"
01396,agree,,or/multnomah/gresham,SC-RJ,setback_side_ft,0,0,feet,clear,True,5 feet front and street-side | 15 feet rear,"G. Minimum Building Setbacks | SC-RJ column, Residential block: ""5 feet front and street-side, 0 feet interior side, 15 feet rear1, 13""",,"or/multnomah/gresham/4.0400.corridor.txt#L332,L343-L347",18,1,True,2,False,[1] interior side 5 ft on any side that is not a common wall; 0 ft at a common wall
01399,agree,,or/multnomah/gresham,SC-RJ,setback_rear_ft,15,15,feet,clear,True,"0 feet rear (Commercial, Mixed-Use, and Institutional block)","G. Minimum Building Setbacks | SC-RJ column, Residential block: ""5 feet front and street-side, 0 feet interior side, 15 feet rear1, 13""",,"or/multnomah/gresham/4.0400.corridor.txt#L332,L343-L347",18,1,True,2,False,"[1] townhouse rear 10 ft where there is no alley, 5 ft where there is an alley"
01402,agree,noted,or/multnomah/gresham,SC-RJ,setback_street_side_ft,5,5,feet,clear,True,"0 feet side (Commercial, Mixed-Use, and Institutional block)","G. Minimum Building Setbacks | SC-RJ column, Residential block: ""5 feet front and street-side, 0 feet interior side, 15 feet rear1, 13""","The same cell opens ""Setbacks at Street: See Section 7.0512.A.2"", so the street-facing figure in this zone may be set by that section rather than by the table.","or/multnomah/gresham/4.0400.corridor.txt#L332,L343-L347",18,1,True,0,True,"[1] street side (corner): facade 5 ft, porch 5 ft, garage with street-side access 20 ft"
01403,agree,noted,or/multnomah/gresham,SC-RJ,setback_front_max_ft,20,20,feet,clear,True,Industrial: No maximum,"H. Maximum Building Setbacks | SC-RJ column: ""Residential, Commercial, Mixed-Use, and Institutional: 20 feet front and street-side3a; none for read and interior side.""","The same cell opens ""Setbacks at Street: See Section 7.0512.A.2"", so the street-facing figure in this zone may be set by that section rather than by the table.","or/multnomah/gresham/4.0400.corridor.txt#L351,L359-L366",18,1,True,0,True,[3] 30 ft where abutting a Major/Minor Arterial or Boulevard (3a); 3b/3c mark only CC/MC
01404,agree,,or/multnomah/gresham,SC-RJ,parking_min_per_unit,0,0,spaces per unit,clear,True,"1.5 spaces/unit for residential (row L, the MAXIMUM permitted)","K. Minimum Off-Street Parking Required | SC-RJ column: ""None""",,or/multnomah/gresham/4.0400.corridor.txt#L392-L393,18,0,False,0,False,
01406,agree,,or/multnomah/gresham,CMU,max_height_ft,45,45,feet,clear,True,,"I. Maximum Building Height17 | CMU column: ""45 feet18""; table note 18(ii): ""Maximum Building Height: 45 feet""",,"or/multnomah/gresham/4.0400.corridor.txt#L359,L373,L497",18,1,True,0,True,[17] affordable housing development gets a height bonus above this cap (Sec. 10.1700)
01407,agree,,or/multnomah/gresham,CMU,min_density_du_per_acre,12,12,units per acre,clear,True,,"E. Minimum Residential Net Density15 | CMU column: ""12 units per acre""",,"or/multnomah/gresham/4.0400.corridor.txt#L295,L316-L321",18,1,True,0,True,[15] no minimum residential net density for affordable housing development (Sec. 10.1700)
01408,agree,,or/multnomah/gresham,CMU,max_density_du_per_acre,24,24,units per acre,clear,True,,"F. Maximum Residential Net Density16 | CMU column: ""24 units per acre""",,or/multnomah/gresham/4.0400.corridor.txt#L325-L326,18,1,True,0,True,[16] affordable housing development gets a density bonus above this cap (Sec. 10.1700)
01409,agree,,or/multnomah/gresham,CMU,min_lot_sqft,10000,10000,square feet,clear,True,"none for commercial, institutional and mixed-use","A. Minimum Lot Size (Section 4.0431) | CMU column: ""10,000 sq. ft. for residential; none for commercial, institutional and mixed-use6, 7""",,or/multnomah/gresham/4.0400.corridor.txt#L295-L300,18,1,True,1,False,[6] minimum lot size does not apply to lots or parcels created for townhouses
01410,agree,,or/multnomah/gresham,CMU,min_frontage_ft,100,100,feet,clear,True,"none for commercial, institutional and mixed-use","B. Minimum Street Frontage (Section 4.0431) | CMU column: ""100 ft. for residential; none for commercial, institutional and mixed-use8,11""",,"or/multnomah/gresham/4.0400.corridor.txt#L295,L301-L305",18,1,True,3,False,"[11] 16 ft for townhouses; corner 25 ft with alley/shared access, 32 ft without"
01414,agree,,or/multnomah/gresham,CMU,setback_front_ft,5,5,feet,clear,True,,"G. Minimum Building Setbacks | CMU column: ""5 feet front and street-side; 15 feet rear; 0 feet interior side.1""",,or/multnomah/gresham/4.0400.corridor.txt#L332-L336,18,1,True,0,True,"[1] townhouse front: facade 5 ft, porch 3 ft, garage 20 ft"
01415,agree,,or/multnomah/gresham,CMU,setback_side_ft,0,0,feet,clear,True,5 feet front and street-side | 15 feet rear,"G. Minimum Building Setbacks | CMU column: ""5 feet front and street-side; 15 feet rear; 0 feet interior side.1""",,or/multnomah/gresham/4.0400.corridor.txt#L332-L336,18,1,True,2,False,[1] interior side 5 ft on any side that is not a common wall; 0 ft at a common wall
01418,agree,,or/multnomah/gresham,CMU,setback_rear_ft,15,15,feet,clear,True,,"G. Minimum Building Setbacks | CMU column: ""5 feet front and street-side; 15 feet rear; 0 feet interior side.1""",,or/multnomah/gresham/4.0400.corridor.txt#L332-L336,18,1,True,2,False,"[1] townhouse rear 10 ft where there is no alley, 5 ft where there is an alley"
01421,agree,,or/multnomah/gresham,CMU,setback_street_side_ft,5,5,feet,clear,True,,"G. Minimum Building Setbacks | CMU column: ""5 feet front and street-side; 15 feet rear; 0 feet interior side.1""",,or/multnomah/gresham/4.0400.corridor.txt#L332-L336,18,1,True,0,True,"[1] street side (corner): facade 5 ft, porch 5 ft, garage with street-side access 20 ft"
01422,agree,,or/multnomah/gresham,CMU,setback_front_max_ft,20,20,feet,clear,True,None for rear and interior side,"H. Maximum Building Setbacks | CMU column: ""20 feet front and street-side3a; None for rear and interior side.""",,or/multnomah/gresham/4.0400.corridor.txt#L351-L356,18,1,True,0,True,[3] 30 ft where abutting a Major/Minor Arterial or Boulevard (3a); 3b/3c mark only CC/MC
01423,agree,,or/multnomah/gresham,CMU,parking_min_per_unit,0,0,spaces per unit,clear,True,"As provided in Section 9.0851 (row L, the MAXIMUM permitted)","K. Minimum Off-Street Parking Required | CMU column: ""None""",,or/multnomah/gresham/4.0400.corridor.txt#L392-L393,18,0,False,0,False,
01425,agree_alt,noted,or/multnomah/gresham,RTC,max_height_stories,4,10,stories,inferred,True,4 stories inside the Triangle Area for buildings that include other uses | 6 stories inside the Triangle Area for commercial and institutional | 45 feet maximum for townhouses (table note 18),"I. Max Building Height17, RTC: ""Inside the Triangle Area: Commercial and Institutional: 6 stories; Buildings that include other uses: 4 stories; Outside the Triangle: 10 stories for all uses12, 18""","The RTC cell states three figures by geography and use; 10 stories is the Outside-the-Triangle figure, and a residential building inside the Triangle Area is held to 4 stories.","or/multnomah/gresham/4.0400.corridor.txt#L359,L373-L384",18,3,True,0,True,"[12] Rockwood Triangle Area: 4 stories for buildings that include non-commercial uses | [17] affordable housing development gets a height bonus above this cap (Sec. 10.1700) | [18] townhouses capped at 45 feet, not the printed storeys; minimum height 2 stories here"
01426,agree,,or/multnomah/gresham,RTC,min_lot_sqft,10000,10000,square feet,clear,True,"none for commercial, institutional and mixed-use","A. Minimum Lot Size (Section 4.0431) | RTC column: ""10,000 sq. ft. for residential, none for commercial, institutional and mixed-use6""",,or/multnomah/gresham/4.0400.corridor.txt#L295-L300,18,1,True,1,False,[6] minimum lot size does not apply to lots or parcels created for townhouses
01427,agree,,or/multnomah/gresham,RTC,min_frontage_ft,100,100,feet,clear,True,"none for commercial, institutional and mixed-use","B. Minimum Street Frontage (Section 4.0431) | RTC column: ""100 ft. for residential; none for commercial, institutional mixed-use11""",,"or/multnomah/gresham/4.0400.corridor.txt#L295,L301-L305",18,1,True,3,False,"[11] 16 ft for townhouses; corner 25 ft with alley/shared access, 32 ft without"
01431,agree,,or/multnomah/gresham,RTC,min_density_du_per_acre [unit_lots],18,18,units per acre,clear,True,20 units per acre for multi-family (same RTC cell),"E. Minimum Residential Net Density15 | RTC column, Townhouses row: ""18 units per acre for Townhouses; 20 units per acre for multi-family""",,"or/multnomah/gresham/4.0400.corridor.txt#L295,L316-L321",18,1,True,1,False,[15] no minimum residential net density for affordable housing development (Sec. 10.1700)
01432,agree,noted,or/multnomah/gresham,RTC,max_density_du_per_acre,40,40,units per acre,inferred,True,Unlimited inside the Stark/Burnside/181st Ave. Triangle,"F. Maximum Residential Net Density16 | RTC column: ""Unlimited inside Stark/Burnside/181st Ave. Triangle; 40 units per net acre elsewhere""","The RTC cell splits geographically: 40 units per net acre is the figure outside the Stark/Burnside/181st Ave. Triangle, where the maximum is unlimited.",or/multnomah/gresham/4.0400.corridor.txt#L325-L331,18,1,True,0,True,[16] affordable housing development gets a density bonus above this cap (Sec. 10.1700)
01433,agree,noted,or/multnomah/gresham,RTC,setback_front_ft,5,5,feet,clear,True,"0 feet front (Commercial, Mixed-Use, and Institutional block)","G. Minimum Building Setbacks | RTC column, Residential block: ""5 feet front and street-side, 0 feet interior side, 15 feet rear.1, 13""","The same cell opens ""Setbacks at Street: See Section 7.0512.A.2"", so the street-facing figure in this zone may be set by that section rather than by the table.","or/multnomah/gresham/4.0400.corridor.txt#L332,L343-L347",18,1,True,0,True,"[1] townhouse front: facade 5 ft, porch 3 ft, garage 20 ft"
01434,agree,,or/multnomah/gresham,RTC,setback_side_ft,0,0,feet,clear,True,"0 feet front, side, and rear - RTC Commercial, Mixed-Use, and Institutional line | 5 feet - front and street-side on the same RTC residential line","Row G Minimum Building Setbacks, RTC column, Residential line: ""5 feet front and street-side, 0 feet interior side, 15 feet rear.1, 13""",,"or/multnomah/gresham/4.0400.corridor.txt#L332,L343-L347",18,1,True,2,False,[1] interior side 5 ft on any side that is not a common wall; 0 ft at a common wall
01437,agree,,or/multnomah/gresham,RTC,setback_rear_ft,15,15,feet,clear,True,"0 feet front, side, and rear - RTC Commercial, Mixed-Use, and Institutional line | 0 feet - interior side on the same RTC residential line","Row G Minimum Building Setbacks, RTC column, Residential line: ""5 feet front and street-side, 0 feet interior side, 15 feet rear.1, 13""",,"or/multnomah/gresham/4.0400.corridor.txt#L332,L343-L347",18,1,True,2,False,"[1] townhouse rear yard 10 ft with no alley, 5 ft with an alley"
01440,agree,,or/multnomah/gresham,RTC,setback_street_side_ft,5,5,feet,clear,True,"0 feet front, side, and rear - RTC Commercial, Mixed-Use, and Institutional line | 15 feet - rear on the same RTC residential line","Row G Minimum Building Setbacks, RTC column, Residential line: ""5 feet front and street-side, 0 feet interior side, 15 feet rear.1, 13""",,"or/multnomah/gresham/4.0400.corridor.txt#L332,L343-L347",18,1,True,0,True,[1] corner street side: facade and porch 5 ft; street-access garage 20 ft
01441,agree,,or/multnomah/gresham,RTC,setback_front_max_ft,20,20,feet,clear,True,"10 feet front and street-side - RTC Commercial, Mixed-Use, and Institutional line | 30 feet under note 3a on an arterial or boulevard","Row H Maximum Building Setbacks, RTC column, Residential line: ""20 feet front and street-side3a; None for interior side and rear.""",,"or/multnomah/gresham/4.0400.corridor.txt#L351,L368-L372",18,1,True,0,True,[3] 30 ft on an arterial or boulevard (3a); may be exceeded with pedestrian amenities
01442,agree,,or/multnomah/gresham,RTC,parking_min_per_unit,0,0,spaces per unit,clear,True,"2 spaces/unit for residential - row L Maximum Off-Street Parking Permitted, RTC","Row K Minimum Off-Street Parking Required, RTC column: ""None""",,or/multnomah/gresham/4.0400.corridor.txt#L392-L393,18,0,False,0,False,
01443,agree,,or/multnomah/gresham,CC,max_height_ft,45,45,feet,clear,True,,"Row I Maximum Building Height17 (Section 4.0434), CC column: ""45 feet""",,"or/multnomah/gresham/4.0400.corridor.txt#L359,L373",18,1,True,0,True,"[17] height bonus for affordable housing development, Section 10.1700"
01444,agree,,or/multnomah/gresham,CC,min_density_du_per_acre,12,12,units per acre,clear,True,,"Row E Minimum Residential Net Density15, CC column: ""12 units per acre""",,"or/multnomah/gresham/4.0400.corridor.txt#L295,L316-L321",18,1,True,0,True,[15] minimum net density does not apply to affordable housing development
01445,agree,,or/multnomah/gresham,CC,max_density_du_per_acre,40,40,units per acre,clear,True,,"Row F Maximum Residential Net Density16, CC column: ""40 units per acre""",,or/multnomah/gresham/4.0400.corridor.txt#L325-L327,18,1,True,0,True,"[16] density bonus for affordable housing development, Section 10.1700"
01446,agree,,or/multnomah/gresham,CC,setback_front_ft,0,0,feet,clear,True,,"Row G Minimum Building Setbacks, CC column: ""0 feet front and street-side, interior side, and rear.""",,or/multnomah/gresham/4.0400.corridor.txt#L332-L337,18,1,True,0,True,[1] townhouse front 5 ft (garage 20 ft) over the 0 ft cell; townhouse is NP in this district
01447,agree,,or/multnomah/gresham,CC,setback_side_ft,0,0,feet,clear,True,,"Row G Minimum Building Setbacks, CC column: ""0 feet front and street-side, interior side, and rear.""",,or/multnomah/gresham/4.0400.corridor.txt#L332-L337,18,1,True,0,True,"[1] townhouse interior side 5 ft unless a common wall, over the 0 ft cell; townhouse is NP here"
01448,agree,,or/multnomah/gresham,CC,setback_rear_ft,0,0,feet,clear,True,,"Row G Minimum Building Setbacks, CC column: ""0 feet front and street-side, interior side, and rear.""",,or/multnomah/gresham/4.0400.corridor.txt#L332-L337,18,1,True,0,True,"[1] townhouse rear 10 ft, 5 ft with an alley, over the 0 ft cell; townhouse is NP here"
01449,agree,,or/multnomah/gresham,CC,setback_street_side_ft,0,0,feet,clear,True,,"Row G Minimum Building Setbacks, CC column: ""0 feet front and street-side, interior side, and rear.""",,or/multnomah/gresham/4.0400.corridor.txt#L332-L337,18,1,True,0,True,"[1] townhouse street side 5 ft, garage 20 ft, over the 0 ft cell; townhouse is NP here"
01450,agree_alt,,or/multnomah/gresham,CC,setback_front_max_ft,5,10,feet,clear,True,"5 feet under note 3c abutting a Collector, Community or Local street | 30 feet under note 3a for a building containing dwelling units on an arterial","Row H Maximum Building Setbacks, CC column: ""10 feet front and street-side3b, 3c; None for rear and interior side.""",,"or/multnomah/gresham/4.0400.corridor.txt#L351-L356,L431,L439-L441",18,1,True,0,True,"[3] 5 ft on a Collector, Community or Local street (3c); 10 ft on an arterial (3b)"
01451,agree,,or/multnomah/gresham,CC,parking_min_per_unit,0,0,spaces per unit,clear,True,"As provided in Section 9.0851 - row L Maximum Off-Street Parking Permitted, CC","Row K Minimum Off-Street Parking Required, CC column: ""None""",,or/multnomah/gresham/4.0400.corridor.txt#L392-L393,18,0,False,0,False,
01452,agree,,or/multnomah/gresham,MC,max_height_ft,45,45,feet,clear,True,,"Row I Maximum Building Height17 (Section 4.0434), MC column: ""45 feet""",,"or/multnomah/gresham/4.0400.corridor.txt#L359,L373",18,1,True,0,True,"[17] height bonus for affordable housing development, Section 10.1700"
01453,agree,,or/multnomah/gresham,MC,min_density_du_per_acre,12,12,units per acre,clear,True,,"Row E Minimum Residential Net Density15, MC column: ""12 units per acre""",,"or/multnomah/gresham/4.0400.corridor.txt#L295,L316-L321",18,1,True,0,True,[15] minimum net density does not apply to affordable housing development
01454,agree,,or/multnomah/gresham,MC,max_density_du_per_acre,40,40,units per acre,clear,True,,"Row F Maximum Residential Net Density16, MC column: ""40 units per acre""",,or/multnomah/gresham/4.0400.corridor.txt#L325-L327,18,1,True,0,True,"[16] density bonus for affordable housing development, Section 10.1700"
01455,agree,,or/multnomah/gresham,MC,setback_front_ft,0,0,feet,clear,True,,"Row G Minimum Building Setbacks, MC column: ""0 feet front and street-side, interior side, and rear.""",,or/multnomah/gresham/4.0400.corridor.txt#L332-L337,18,1,True,0,True,[1] townhouse front 5 ft (garage 20 ft) over the 0 ft cell; townhouse is NP in this district
01456,agree,,or/multnomah/gresham,MC,setback_side_ft,0,0,feet,clear,True,,"Row G Minimum Building Setbacks, MC column: ""0 feet front and street-side, interior side, and rear.""",,or/multnomah/gresham/4.0400.corridor.txt#L332-L337,18,1,True,0,True,"[1] townhouse interior side 5 ft unless a common wall, over the 0 ft cell; townhouse is NP here"
01457,agree,,or/multnomah/gresham,MC,setback_rear_ft,0,0,feet,clear,True,,"Row G Minimum Building Setbacks, MC column: ""0 feet front and street-side, interior side, and rear.""",,or/multnomah/gresham/4.0400.corridor.txt#L332-L337,18,1,True,0,True,"[1] townhouse rear 10 ft, 5 ft with an alley, over the 0 ft cell; townhouse is NP here"
01458,agree,,or/multnomah/gresham,MC,setback_street_side_ft,0,0,feet,clear,True,,"Row G Minimum Building Setbacks, MC column: ""0 feet front and street-side, interior side, and rear.""",,or/multnomah/gresham/4.0400.corridor.txt#L332-L337,18,1,True,0,True,"[1] townhouse street side 5 ft, garage 20 ft, over the 0 ft cell; townhouse is NP here"
01459,agree_alt,,or/multnomah/gresham,MC,setback_front_max_ft,5,10,feet,clear,True,"5 feet under note 3c abutting a Collector, Community or Local street | 30 feet under note 3a for a building containing dwelling units on an arterial","Row H Maximum Building Setbacks, MC column: ""10 feet front and street-side3b, 3c; None for rear and interior side.""",,"or/multnomah/gresham/4.0400.corridor.txt#L351-L356,L360-L361,L431,L439-L441",18,1,True,0,True,"[3] 5 ft on a Collector, Community or Local street (3c); 10 ft on an arterial (3b)"
01460,agree,,or/multnomah/gresham,MC,parking_min_per_unit,0,0,spaces per unit,clear,True,"As provided in Section 9.0851 - row L Maximum Off-Street Parking Permitted, MC","Row K Minimum Off-Street Parking Required, MC column: ""None""",,or/multnomah/gresham/4.0400.corridor.txt#L392-L393,18,0,False,0,False,
01617,agree_alt,,or/multnomah/portland,CR,open_space_min_sqft,48.0,36,sq ft per dwelling unit,clear,True,"48 sq ft per dwelling unit on sites over 20,000 sq ft (33.130.228.B.1.b) | 10 percent of total site area as common area for a congregate housing facility","33.130.228.B.1.a: ""On sites that are up to 20,000 square feet in total area, at least 36 square feet of outdoor area is required for each dwelling unit on the site""",,"or/multnomah/portland/33.130.txt#L618,L663-L664,L1263-L1269",1,0,False,1,False,
01619,agree,,or/multnomah/portland,CR,setback_front_ft,0,0,feet,clear,True,10 ft. - Street Lot Line abutting selected Civic Corridors | none - Street Lot Line across a local street from an RF-RM2 or RMP Zone,"Table 130-2, Min. Building Setbacks (33.130.215.B) - Street Lot Line, CR column: ""none""",,"or/multnomah/portland/33.130.txt#L618,L640",1,0,False,1,False,
01620,agree,,or/multnomah/portland,CR,setback_front_ft [civic_corridor],10,10,feet,clear,True,none - the base Street Lot Line row,"Table 130-2, Min. Building Setbacks - Street Lot Line abutting selected Civic Corridors, CR column: ""10 ft.""",,"or/multnomah/portland/33.130.txt#L618,L641",1,0,False,1,False,
01621,agree,,or/multnomah/portland,CR,setback_front_max_ft,10,10,feet,clear,True,20 ft. - Street Lot Line Abutting Selected Civic Corridors,"Table 130-2, Max. Building Setbacks (33.130.215.C) - Street Lot Line, CR column: ""10 ft.""",,"or/multnomah/portland/33.130.txt#L618,L651-L652",1,0,False,0,False,
01622,agree,,or/multnomah/portland,CR,setback_side_ft,10,10,feet,clear,True,"none - Lot Line Abutting OS, RX, C, E, or I Zoned Lot","Table 130-2, Min. Building Setbacks (33.130.215.B) - Lot Line Abutting RF-RM4, RMP, or IR zoned Lot, CR column: ""10 ft.""",,"or/multnomah/portland/33.130.txt#L618,L649",1,0,False,1,False,
01623,agree,,or/multnomah/portland,CR,setback_side_ft [abuts_nonresidential_zone],0,0,feet,clear,True,"10 ft. - Lot Line Abutting RF-RM4, RMP, or IR zoned Lot","Table 130-2, Min. Building Setbacks - Lot Line Abutting OS, RX, C, E, or I Zoned Lot, CR column: ""none""",,"or/multnomah/portland/33.130.txt#L618,L647",1,0,False,1,False,
01624,agree,,or/multnomah/portland,CR,setback_rear_ft,10,10,feet,clear,True,"none - Lot Line Abutting OS, RX, C, E, or I Zoned Lot","Table 130-2, Min. Building Setbacks (33.130.215.B) - Lot Line Abutting RF-RM4, RMP, or IR zoned Lot, CR column: ""10 ft.""",,"or/multnomah/portland/33.130.txt#L618,L649",1,0,False,1,False,
01625,agree,,or/multnomah/portland,CR,setback_rear_ft [abuts_nonresidential_zone],0,0,feet,clear,True,"10 ft. - Lot Line Abutting RF-RM4, RMP, or IR zoned Lot","Table 130-2, Min. Building Setbacks - Lot Line Abutting OS, RX, C, E, or I Zoned Lot, CR column: ""none""",,"or/multnomah/portland/33.130.txt#L618,L647",1,0,False,1,False,
01626,agree,,or/multnomah/portland,CR,max_height_ft,30,30,feet,clear,True,NA - Bonus Height for CR | NA - all three Step-down Height rows for CR,"Table 130-2, Base Height (see 33.130.210.B.1), CR column: ""30 ft.""",,"or/multnomah/portland/33.130.txt#L618,L627",1,0,False,0,False,
01627,agree,,or/multnomah/portland,CR,max_far,1.0,1,ratio (floor area to site area),clear,True,NA - Bonus FAR for CR,"Table 130-2, Maximum FAR (see 33.130.205 and 33.130.212), CR column: ""1 to 1 [1]""",,"or/multnomah/portland/33.130.txt#L618,L619",1,0,False,0,False,
01628,agree,noted,or/multnomah/portland,CR,max_coverage_pct,75,75,percent,inferred,True,"85% - Inner Pattern Area, CR column","Table 130-2, Max. Building Coverage (% of site area) - Eastern, Western, and River Pattern Areas, CR column: ""75%""","The cited block gives CR two coverage figures - 85% in the Inner Pattern Area and 75% in the Eastern, Western and River Pattern Areas - so one number requires picking a pattern area; I report the tighter 75%.","or/multnomah/portland/33.130.txt#L618,L656-L657",1,0,False,0,False,
01629,agree,,or/multnomah/portland,CR,min_landscaped_pct,15,15,percent,clear,True,,"Table 130-2, Min. Landscaped Area (% of site area) (see 33.130.225), CR column: ""15%""",,"or/multnomah/portland/33.130.txt#L618,L659",1,0,False,0,False,
01633,agree_alt,,or/multnomah/portland,CM1,open_space_min_sqft,48.0,36,sq ft per dwelling unit,clear,True,"48 sq ft per dwelling unit on sites over 20,000 sq ft (33.130.228.B.1.b) | 10 percent of total site area as common area for a congregate housing facility","33.130.228.B.1.a: ""On sites that are up to 20,000 square feet in total area, at least 36 square feet of outdoor area is required for each dwelling unit on the site""",,"or/multnomah/portland/33.130.txt#L618,L663-L664,L1263-L1269",1,0,False,1,False,
01635,agree,,or/multnomah/portland,CM1,setback_front_ft,0,0,feet,clear,True,10 ft. - Street Lot Line abutting selected Civic Corridors | none - Street Lot Line across a local street from an RF-RM2 or RMP Zone,"Table 130-2, Min. Building Setbacks (33.130.215.B) - Street Lot Line, CM1 column: ""none""",,"or/multnomah/portland/33.130.txt#L618,L640",1,0,False,1,False,
01636,agree,,or/multnomah/portland,CM1,setback_front_ft [civic_corridor],10,10,feet,clear,True,none - the base Street Lot Line row,"Table 130-2, Min. Building Setbacks - Street Lot Line abutting selected Civic Corridors, CM1 column: ""10 ft.""",,"or/multnomah/portland/33.130.txt#L618,L641",1,0,False,1,False,
01637,agree,,or/multnomah/portland,CM1,setback_front_max_ft,10,10,feet,clear,True,20 ft. - Street Lot Line Abutting Selected Civic Corridors,"Table 130-2, Max. Building Setbacks (33.130.215.C) - Street Lot Line, CM1 column: ""10 ft.""",,"or/multnomah/portland/33.130.txt#L618,L651-L652",1,0,False,0,False,
01638,agree,,or/multnomah/portland,CM1,setback_side_ft,10,10,feet,clear,True,"none - Lot Line Abutting OS, RX, C, E, or I Zoned Lot","Table 130-2, Min. Building Setbacks (33.130.215.B) - Lot Line Abutting RF-RM4, RMP, or IR zoned Lot, CM1 column: ""10 ft.""",,"or/multnomah/portland/33.130.txt#L618,L649",1,0,False,1,False,
01639,agree,,or/multnomah/portland,CM1,setback_side_ft [abuts_nonresidential_zone],0,0,feet,clear,True,"10 ft. - lot line abutting RF-RM4, RMP, or IR zoned lot (L649)","Min. Building Setbacks (see 33.130.215.B) / ""- Lot Line Abutting OS, RX, C, E, or I Zoned Lot"" - CM1 column: ""none""",,"or/multnomah/portland/33.130.txt#L618,L647",1,0,False,1,False,
01640,agree,,or/multnomah/portland,CM1,setback_rear_ft,10,10,feet,clear,True,"none - lot line abutting OS, RX, C, E, or I zoned lot (L647) | 10 ft. @ L3 landscape buffer abutting an RF-RM4 or RMP zoned lot (L661)","Min. Building Setbacks (see 33.130.215.B) / ""- Lot Line Abutting RF - RM4, RMP, or IR zoned Lot"" - CM1 column: ""10 ft.""",,"or/multnomah/portland/33.130.txt#L618,L649",1,0,False,1,False,
01641,agree,,or/multnomah/portland,CM1,setback_rear_ft [abuts_nonresidential_zone],0,0,feet,clear,True,"10 ft. - lot line abutting RF-RM4, RMP, or IR zoned lot (L649)","Min. Building Setbacks (see 33.130.215.B) / ""- Lot Line Abutting OS, RX, C, E, or I Zoned Lot"" - CM1 column: ""none""",,"or/multnomah/portland/33.130.txt#L618,L647",1,0,False,1,False,
01642,agree,,or/multnomah/portland,CM1,max_height_ft,35,35,feet,clear,True,step-down height NA in CM1 (L629-L635) | bonus height NA in CM1 (L636) | base height may be increased 5 ft. under the high-ceiling exception (L605-L610),"""Base Height (see 33.130.210.B.1)"" - CM1 column: ""35 ft.""",,"or/multnomah/portland/33.130.txt#L618,L627",1,0,False,0,False,
01643,agree,,or/multnomah/portland,CM1,max_far,1.5,1.5,floor area ratio (x to 1),clear,True,Bonus FAR - NA (L621),"""Maximum FAR (see 33.130.205 and 33.130.212)"" - CM1 column: ""1.5 to 1""",,"or/multnomah/portland/33.130.txt#L618,L619",1,0,False,0,False,
01644,agree,noted,or/multnomah/portland,CM1,max_coverage_pct,75,75,percent,inferred,True,85% - Inner Pattern Area (L656),"""Max. Building Coverage (% of site area)"" / ""- Eastern, Western, and River Pattern Areas (see 33.130.220)"" - CM1 column: ""75%""","The cited rows give two figures for this zone - 85% in the Inner Pattern Area and 75% in the Eastern, Western, and River Pattern Areas; I report the more restrictive 75%.","or/multnomah/portland/33.130.txt#L618,L656-L657",1,0,False,0,False,
01645,agree,,or/multnomah/portland,CM1,min_landscaped_pct,15,15,percent,clear,True,,"""Min. Landscaped Area (% of site area) (see 33.130.225)"" - CM1 column: ""15%""",,"or/multnomah/portland/33.130.txt#L618,L659",1,0,False,0,False,
01648,agree_alt,noted,or/multnomah/portland,CM2,open_space_min_sqft,48.0,36,sq ft per dwelling unit,inferred,True,"48 square feet per dwelling unit - sites more than 20,000 square feet (33.130.228.B.1.b) | 10 percent of total site area as common area - congregate housing facility (33.130.228.B.1.c)","""Required Residential Outdoor Area (see 33.130.228)"" - CM2: ""Yes""; 33.130.228.B.1.a ""at least 36 square feet of outdoor area is required for each dwelling unit on the site""","The table cell states only 'Yes'; the number comes from 33.130.228.B.1, which bands by site size - 36 sq ft per unit on sites up to 20,000 sq ft, 48 sq ft per unit above that - and I report the band a 4-unit lot falls in.","or/multnomah/portland/33.130.txt#L618,L663-L664,L1263-L1269",1,0,False,1,False,
01650,agree,,or/multnomah/portland,CM2,setback_front_ft,0,0,feet,clear,True,10 ft. - street lot line abutting selected Civic Corridors (L641) | 5 or 10 ft. - street lot line across a local street from an RF-RM2 or RMP zone (L643),"Min. Building Setbacks (see 33.130.215.B) / ""- Street Lot Line"" - CM2 column: ""none""",,"or/multnomah/portland/33.130.txt#L618,L640",1,0,False,1,False,
01651,agree,,or/multnomah/portland,CM2,setback_front_ft [civic_corridor],10,10,feet,clear,True,"none - street lot line, general (L640) | 20 ft. - Max. Building Setbacks, street lot line abutting selected Civic Corridors (L653)","Min. Building Setbacks (see 33.130.215.B) / ""- Street Lot Line abutting selected Civic Corridors"" - CM2 column: ""10 ft.""",,"or/multnomah/portland/33.130.txt#L618,L641",1,0,False,1,False,
01652,agree,,or/multnomah/portland,CM2,setback_front_max_ft,10,10,feet,clear,True,"20 ft. - Max. Building Setbacks, street lot line abutting selected Civic Corridors (L653) | 10 ft. - Min. Building Setbacks, street lot line abutting selected Civic Corridors (L641)","Max. Building Setbacks (see 33.130.215.C) / ""- Street Lot Line"" - CM2 column: ""10 ft.""",,"or/multnomah/portland/33.130.txt#L618,L651-L652",1,0,False,0,False,
01653,agree,,or/multnomah/portland,CM2,setback_side_ft,10,10,feet,clear,True,"none - lot line abutting OS, RX, C, E, or I zoned lot (L647) | 10 ft. @ L3 landscape buffer abutting an RF-RM4 or RMP zoned lot (L661)","Min. Building Setbacks (see 33.130.215.B) / ""- Lot Line Abutting RF - RM4, RMP, or IR zoned Lot"" - CM2 column: ""10 ft.""",,"or/multnomah/portland/33.130.txt#L618,L649",1,0,False,1,False,
01654,agree,,or/multnomah/portland,CM2,setback_side_ft [abuts_nonresidential_zone],0,0,feet,clear,True,"10 ft. - lot line abutting RF-RM4, RMP, or IR zoned lot (L649)","Min. Building Setbacks (see 33.130.215.B) / ""- Lot Line Abutting OS, RX, C, E, or I Zoned Lot"" - CM2 column: ""none""",,"or/multnomah/portland/33.130.txt#L618,L647",1,0,False,1,False,
01655,agree,,or/multnomah/portland,CM2,setback_rear_ft,10,10,feet,clear,True,"none - lot line abutting OS, RX, C, E, or I zoned lot (L647) | 10 ft. @ L3 landscape buffer abutting an RF-RM4 or RMP zoned lot (L661)","Min. Building Setbacks (see 33.130.215.B) / ""- Lot Line Abutting RF - RM4, RMP, or IR zoned Lot"" - CM2 column: ""10 ft.""",,"or/multnomah/portland/33.130.txt#L618,L649",1,0,False,1,False,
01656,agree,,or/multnomah/portland,CM2,setback_rear_ft [abuts_nonresidential_zone],0,0,feet,clear,True,"10 ft. - lot line abutting RF-RM4, RMP, or IR zoned lot (L649)","Min. Building Setbacks (see 33.130.215.B) / ""- Lot Line Abutting OS, RX, C, E, or I Zoned Lot"" - CM2 column: ""none""",,"or/multnomah/portland/33.130.txt#L618,L647",1,0,False,1,False,
01657,agree,,or/multnomah/portland,CM2,max_height_ft,45,45,feet,clear,True,35 ft. - step-down height within 25 ft. of a lot line abutting RF-R2.5 zones (L629) | 45 ft. - step-down within 25 ft. of RM1/RMP (L631) and within 15 ft. across a local service street (L633) | bonus height - 'See Table 130-3' (L636) | base height may be increased 5 ft. under the high-ceiling exception (L605-L610),"""Base Height (see 33.130.210.B.1)"" - CM2 column: ""45 ft.""",,"or/multnomah/portland/33.130.txt#L618,L627",1,0,False,0,False,
01658,agree,,or/multnomah/portland,CM2,max_far,2.5,2.5,floor area ratio (x to 1),clear,True,Bonus FAR - 'See Table 130-3' (L621),"""Maximum FAR (see 33.130.205 and 33.130.212)"" - CM2 column: ""2.5 to 1""",,"or/multnomah/portland/33.130.txt#L618,L619",1,0,False,0,False,
01659,agree,noted,or/multnomah/portland,CM2,max_coverage_pct,85,85,percent,inferred,True,100% - Inner Pattern Area (L656),"""Max. Building Coverage (% of site area)"" / ""- Eastern, Western, and River Pattern Areas (see 33.130.220)"" - CM2 column: ""85%""","The cited rows give two figures for this zone - 100% in the Inner Pattern Area and 85% in the Eastern, Western, and River Pattern Areas; I report the more restrictive 85%.","or/multnomah/portland/33.130.txt#L618,L656-L657",1,0,False,0,False,
01660,agree,,or/multnomah/portland,CM2,min_landscaped_pct,15,15,percent,clear,True,,"""Min. Landscaped Area (% of site area) (see 33.130.225)"" - CM2 column: ""15%""",,"or/multnomah/portland/33.130.txt#L618,L659",1,0,False,0,False,
01662,agree,noted,or/multnomah/portland,CM2,min_density_du_per_acre,1450.0,1450,sq ft of site area per dwelling unit,clear,True,"1 unit per 2,500 sq. ft. of site area - note [1], a MAXIMUM density and CR column only (L668-L669)","""Minimum Density (see 33.130.207)"" - CM2 column: ""1 unit per 1,450 sq. ft. of site area""","The code states this as 1 unit per 1,450 sq. ft. of site area, not units per acre (~30.0 units/acre).","or/multnomah/portland/33.130.txt#L618,L624-L626",1,0,False,0,False,
01664,agree_alt,noted,or/multnomah/portland,CM3,open_space_min_sqft,48.0,36,sq ft per dwelling unit,inferred,True,"48 square feet per dwelling unit - sites more than 20,000 square feet (33.130.228.B.1.b) | 10 percent of total site area as common area - congregate housing facility (33.130.228.B.1.c)","""Required Residential Outdoor Area (see 33.130.228)"" - CM3: ""Yes""; 33.130.228.B.1.a ""at least 36 square feet of outdoor area is required for each dwelling unit on the site""","The table cell states only 'Yes'; the number comes from 33.130.228.B.1, which bands by site size - 36 sq ft per unit on sites up to 20,000 sq ft, 48 sq ft per unit above that - and I report the band a 4-unit lot falls in.","or/multnomah/portland/33.130.txt#L618,L663-L664,L1263-L1269",1,0,False,1,False,
01666,agree,,or/multnomah/portland,CM3,setback_front_ft,0,0,feet,clear,True,10 ft. - street lot line abutting selected Civic Corridors (L641) | 5 or 10 ft. - street lot line across a local street from an RF-RM2 or RMP zone (L643),"Min. Building Setbacks (see 33.130.215.B) / ""- Street Lot Line"" - CM3 column: ""none""",,"or/multnomah/portland/33.130.txt#L618,L640",1,0,False,1,False,
01667,agree,,or/multnomah/portland,CM3,setback_front_ft [civic_corridor],10,10,feet,clear,True,"none - street lot line, general (L640) | 20 ft. - Max. Building Setbacks, street lot line abutting selected Civic Corridors (L653)","Min. Building Setbacks (see 33.130.215.B) / ""- Street Lot Line abutting selected Civic Corridors"" - CM3 column: ""10 ft.""",,"or/multnomah/portland/33.130.txt#L618,L641",1,0,False,1,False,
01668,agree,,or/multnomah/portland,CM3,setback_front_max_ft,10,10,feet,clear,True,"20 ft. - Max. Building Setbacks, street lot line abutting selected Civic Corridors (L653) | 10 ft. - Min. Building Setbacks, street lot line abutting selected Civic Corridors (L641)","Max. Building Setbacks (see 33.130.215.C) / ""- Street Lot Line"" - CM3 column: ""10 ft.""",,"or/multnomah/portland/33.130.txt#L618,L651-L652",1,0,False,0,False,
01669,agree,,or/multnomah/portland,CM3,setback_side_ft,10,10,feet,clear,True,"none - lot line abutting OS, RX, C, E, or I zoned lot (L647) | 10 ft. @ L3 landscape buffer abutting an RF-RM4 or RMP zoned lot (L661)","Min. Building Setbacks (see 33.130.215.B) / ""- Lot Line Abutting RF - RM4, RMP, or IR zoned Lot"" - CM3 column: ""10 ft.""",,"or/multnomah/portland/33.130.txt#L618,L649",1,0,False,1,False,
01670,agree,,or/multnomah/portland,CM3,setback_side_ft [abuts_nonresidential_zone],0,0,feet,clear,True,"10 ft. - lot line abutting RF-RM4, RMP, or IR zoned lot (L649)","Min. Building Setbacks (see 33.130.215.B) / ""- Lot Line Abutting OS, RX, C, E, or I Zoned Lot"" - CM3 column: ""none""",,"or/multnomah/portland/33.130.txt#L618,L647",1,0,False,1,False,
01671,agree,,or/multnomah/portland,CM3,setback_rear_ft,10,10,feet,clear,True,"none - lot line abutting OS, RX, C, E, or I zoned lot (L647) | 10 ft. @ L3 landscape buffer abutting an RF-RM4 or RMP zoned lot (L661)","Min. Building Setbacks (see 33.130.215.B) / ""- Lot Line Abutting RF - RM4, RMP, or IR zoned Lot"" - CM3 column: ""10 ft.""",,"or/multnomah/portland/33.130.txt#L618,L649",1,0,False,1,False,
01672,agree,,or/multnomah/portland,CM3,setback_rear_ft [abuts_nonresidential_zone],0,0,feet,clear,True,"10 ft. - lot line abutting RF-RM4, RMP, or IR zoned lot (L649)","Min. Building Setbacks (see 33.130.215.B) / ""- Lot Line Abutting OS, RX, C, E, or I Zoned Lot"" - CM3 column: ""none""",,"or/multnomah/portland/33.130.txt#L618,L647",1,0,False,1,False,
01673,agree,,or/multnomah/portland,CM3,max_height_ft,65,65,feet,clear,True,35 ft. - step-down height within 25 ft. of a lot line abutting RF-R2.5 zones (L629) | 45 ft. - step-down within 25 ft. of RM1/RMP (L631) and within 15 ft. across a local service street (L633) | bonus height - 'See Table 130-3' (L636) | base height may be increased 5 ft. under the high-ceiling exception (L605-L610),"""Base Height (see 33.130.210.B.1)"" - CM3 column: ""65 ft.""",,"or/multnomah/portland/33.130.txt#L618,L627",1,0,False,0,False,
01674,agree,,or/multnomah/portland,CM3,max_far,3.0,3,floor area ratio (x to 1),clear,True,Bonus FAR - 'See Table 130-3' (L621),"""Maximum FAR (see 33.130.205 and 33.130.212)"" - CM3 column: ""3 to 1""",,"or/multnomah/portland/33.130.txt#L618,L619",1,0,False,0,False,
01675,agree,noted,or/multnomah/portland,CM3,max_coverage_pct,85,85,percent,inferred,True,100% - Inner Pattern Area (L656),"""Max. Building Coverage (% of site area)"" / ""- Eastern, Western, and River Pattern Areas (see 33.130.220)"" - CM3 column: ""85%""","The cited rows give two figures for this zone - 100% in the Inner Pattern Area and 85% in the Eastern, Western, and River Pattern Areas; I report the more restrictive 85%.","or/multnomah/portland/33.130.txt#L618,L656-L657",1,0,False,0,False,
01676,agree,,or/multnomah/portland,CM3,min_landscaped_pct,15,15,percent,clear,True,,"""Min. Landscaped Area (% of site area) (see 33.130.225)"" - CM3 column: ""15%""",,"or/multnomah/portland/33.130.txt#L618,L659",1,0,False,0,False,
01678,agree,noted,or/multnomah/portland,CM3,min_density_du_per_acre,1000.0,1000,sq ft of site area per dwelling unit,clear,True,"1 unit per 2,500 sq. ft. of site area - note [1], a MAXIMUM density and CR column only (L668-L669)","""Minimum Density (see 33.130.207)"" - CM3 column: ""1 unit per 1,000 sq. ft. of site area""","The code states this as 1 unit per 1,000 sq. ft. of site area, not units per acre (~43.6 units/acre).","or/multnomah/portland/33.130.txt#L618,L624-L626",1,0,False,0,False,
01680,agree_alt,noted,or/multnomah/portland,CE,open_space_min_sqft,48.0,36,sq ft per dwelling unit,inferred,True,"48 square feet per dwelling unit - sites more than 20,000 square feet (33.130.228.B.1.b) | 10 percent of total site area as common area - congregate housing facility (33.130.228.B.1.c)","""Required Residential Outdoor Area (see 33.130.228)"" - CE: ""Yes""; 33.130.228.B.1.a ""at least 36 square feet of outdoor area is required for each dwelling unit on the site""","The table cell states only 'Yes'; the number comes from 33.130.228.B.1, which bands by site size - 36 sq ft per unit on sites up to 20,000 sq ft, 48 sq ft per unit above that - and I report the band a 4-unit lot falls in.","or/multnomah/portland/33.130.txt#L618,L663-L664,L1263-L1269",1,0,False,1,False,
01682,agree,,or/multnomah/portland,CE,setback_front_ft,0,0,feet,clear,True,10 ft. - street lot line abutting selected Civic Corridors (L641) | 5 or 10 ft. - street lot line across a local street from an RF-RM2 or RMP zone (L643),"Min. Building Setbacks (see 33.130.215.B) / ""- Street Lot Line"" - CE column: ""none""",,"or/multnomah/portland/33.130.txt#L618,L640",1,0,False,1,False,
01683,agree,,or/multnomah/portland,CE,setback_front_ft [civic_corridor],10,10,feet,clear,True,"none - street lot line, general (L640) | 20 ft. - Max. Building Setbacks, street lot line abutting selected Civic Corridors (L653)","Min. Building Setbacks (see 33.130.215.B) / ""- Street Lot Line abutting selected Civic Corridors"" - CE column: ""10 ft.""",,"or/multnomah/portland/33.130.txt#L618,L641",1,0,False,1,False,
01684,agree,,or/multnomah/portland,CE,setback_front_max_ft,10,10,feet,clear,True,"20 ft. - Max. Building Setbacks, street lot line abutting selected Civic Corridors (L653) | 10 ft. - Min. Building Setbacks, street lot line abutting selected Civic Corridors (L641)","Max. Building Setbacks (see 33.130.215.C) / ""- Street Lot Line"" - CE column: ""10 ft.""",,"or/multnomah/portland/33.130.txt#L618,L651-L652",1,0,False,0,False,
01685,agree,,or/multnomah/portland,CE,setback_side_ft,10,10,feet,clear,True,"none - lot line abutting OS, RX, C, E, or I zoned lot (L647) | 10 ft. @ L3 landscape buffer abutting an RF-RM4 or RMP zoned lot (L661)","Min. Building Setbacks (see 33.130.215.B) / ""- Lot Line Abutting RF - RM4, RMP, or IR zoned Lot"" - CE column: ""10 ft.""",,"or/multnomah/portland/33.130.txt#L618,L649",1,0,False,1,False,
01686,agree,,or/multnomah/portland,CE,setback_side_ft [abuts_nonresidential_zone],0,0,feet,clear,True,"10 ft. - lot line abutting RF-RM4, RMP, or IR zoned lot (L649)","Min. Building Setbacks (see 33.130.215.B) / ""- Lot Line Abutting OS, RX, C, E, or I Zoned Lot"" - CE column: ""none""",,"or/multnomah/portland/33.130.txt#L618,L647",1,0,False,1,False,
01687,agree,,or/multnomah/portland,CE,setback_rear_ft,10,10,feet,clear,True,"none - lot line abutting OS, RX, C, E, or I zoned lot (L647) | 10 ft. @ L3 landscape buffer abutting an RF-RM4 or RMP zoned lot (L661)","Min. Building Setbacks (see 33.130.215.B) / ""- Lot Line Abutting RF - RM4, RMP, or IR zoned Lot"" - CE column: ""10 ft.""",,"or/multnomah/portland/33.130.txt#L618,L649",1,0,False,1,False,
01688,agree,,or/multnomah/portland,CE,setback_rear_ft [abuts_nonresidential_zone],0,0,feet,clear,True,"10 ft. - Lot Line Abutting RF-RM4, RMP, or IR zoned Lot","Min. Building Setbacks (see 33.130.215.B) - Lot Line Abutting OS, RX, C, E, or I Zoned Lot none none none none none none",,"or/multnomah/portland/33.130.txt#L618,L647",1,0,False,1,False,
01689,agree,,or/multnomah/portland,CE,max_height_ft,45,45,feet,clear,True,"35 ft. step-down height within 25 ft. of a lot line abutting RF-R2.5 zones | 45 ft. step-down height abutting RM1/RMP zones | Bonus Height, see Table 130-3 | +5 ft. high-ceiling exception (33.130.210 exception 8)",Base Height (see 33.130.210.B.1) 30 ft. 35 ft. 45 ft. 65 ft. 45 ft. 75 ft.,,"or/multnomah/portland/33.130.txt#L618,L627",1,0,False,0,False,
01690,agree,,or/multnomah/portland,CE,max_far,2.5,2.5,floor area ratio (x to 1),clear,True,Bonus FAR for CE - See Table 130-3,Maximum FAR (see 33.130.205 and 33.130.212) 1 to 1 [1] 1.5 to 1 2.5 to 1 3 to 1 2.5 to 1 4 to 1,,"or/multnomah/portland/33.130.txt#L618,L619",1,0,False,0,False,
01691,agree,unclear+noted,or/multnomah/portland,CE,max_coverage_pct,75,75,percent of site area,unclear,True,85% - Inner Pattern Area (CE column),"Max. Building Coverage (% of site area) - Eastern, Western, and River Pattern Areas (see 33.130.220) 75% 75% 85% 85% 75% 100%","The cited block gives CE two coverage figures by pattern area - 85% Inner, 75% Eastern/Western/River - and the item names no pattern area, so the lower is reported.","or/multnomah/portland/33.130.txt#L618,L656-L657",1,0,False,0,False,
01692,agree,,or/multnomah/portland,CE,min_landscaped_pct,15,15,percent of site area,clear,True,,Min. Landscaped Area (% of site area) (see 33.130.225) 15% 15% 15% 15% 15% None,,"or/multnomah/portland/33.130.txt#L618,L659",1,0,False,0,False,
01695,agree,,or/multnomah/portland,CX,setback_front_ft,0,0,feet,clear,True,10 ft. - Street Lot Line abutting selected Civic Corridors | 5 or 10 ft. - Street Lot Line across a local street from an RF-RM2 or RMP zone,Min. Building Setbacks (see 33.130.215.B) - Street Lot Line none none none none none none,,"or/multnomah/portland/33.130.txt#L618,L640",1,0,False,1,False,
01696,agree,,or/multnomah/portland,CX,setback_front_ft [civic_corridor],10,10,feet,clear,True,none - Street Lot Line (base row),- Street Lot Line abutting selected Civic Corridors 10 ft. 10 ft. 10 ft. 10 ft. 10 ft. 10 ft.,,"or/multnomah/portland/33.130.txt#L618,L641",1,0,False,1,False,
01697,agree,,or/multnomah/portland,CX,setback_front_max_ft,10,10,feet,clear,True,20 ft. - Street Lot Line Abutting Selected Civic Corridors,Max. Building Setbacks (see 33.130.215.C) - Street Lot Line 10 ft. 10 ft. 10 ft. 10 ft. 10 ft. 10 ft.,,"or/multnomah/portland/33.130.txt#L618,L651-L652",1,0,False,0,False,
01698,agree,noted,or/multnomah/portland,CX,setback_side_ft,10,10,feet,inferred,True,"none - Lot Line Abutting OS, RX, C, E, or I Zoned Lot","- Lot Line Abutting RF - RM4, RMP, or IR zoned Lot 10 ft. 10 ft. 10 ft. 10 ft. 10 ft. 10 ft.","Table 130-2 states no unconditional side/rear setback; 10 ft. is the row for a lot line abutting an RF-RM4, RMP or IR zoned lot, the other row (OS, RX, C, E, I) being none.","or/multnomah/portland/33.130.txt#L618,L649",1,0,False,1,False,
01699,agree,,or/multnomah/portland,CX,setback_side_ft [abuts_nonresidential_zone],0,0,feet,clear,True,"10 ft. - Lot Line Abutting RF-RM4, RMP, or IR zoned Lot","Min. Building Setbacks (see 33.130.215.B) - Lot Line Abutting OS, RX, C, E, or I Zoned Lot none none none none none none",,"or/multnomah/portland/33.130.txt#L618,L647",1,0,False,1,False,
01700,agree,noted,or/multnomah/portland,CX,setback_rear_ft,10,10,feet,inferred,True,"none - Lot Line Abutting OS, RX, C, E, or I Zoned Lot","- Lot Line Abutting RF - RM4, RMP, or IR zoned Lot 10 ft. 10 ft. 10 ft. 10 ft. 10 ft. 10 ft.","Table 130-2 states no unconditional side/rear setback; 10 ft. is the row for a lot line abutting an RF-RM4, RMP or IR zoned lot, the other row (OS, RX, C, E, I) being none.","or/multnomah/portland/33.130.txt#L618,L649",1,0,False,1,False,
01701,agree,,or/multnomah/portland,CX,setback_rear_ft [abuts_nonresidential_zone],0,0,feet,clear,True,"10 ft. - Lot Line Abutting RF-RM4, RMP, or IR zoned Lot","Min. Building Setbacks (see 33.130.215.B) - Lot Line Abutting OS, RX, C, E, or I Zoned Lot none none none none none none",,"or/multnomah/portland/33.130.txt#L618,L647",1,0,False,1,False,
01702,agree,,or/multnomah/portland,CX,max_height_ft,75,75,feet,clear,True,"35 ft. step-down height within 25 ft. of a lot line abutting RF-R2.5 zones | 45 ft. step-down height abutting RM1/RMP zones | Bonus Height, see Table 130-3 | +5 ft. high-ceiling exception (33.130.210 exception 8)",Base Height (see 33.130.210.B.1) 30 ft. 35 ft. 45 ft. 65 ft. 45 ft. 75 ft.,,"or/multnomah/portland/33.130.txt#L618,L627",1,0,False,0,False,
01703,agree,,or/multnomah/portland,CX,max_far,4.0,4,floor area ratio (x to 1),clear,True,Bonus FAR for CX - See Table 130-3,Maximum FAR (see 33.130.205 and 33.130.212) 1 to 1 [1] 1.5 to 1 2.5 to 1 3 to 1 2.5 to 1 4 to 1,,"or/multnomah/portland/33.130.txt#L618,L619",1,0,False,0,False,
01704,agree,,or/multnomah/portland,CX,max_coverage_pct,100,100,percent of site area,clear,True,,"Max. Building Coverage (% of site area) - Inner Pattern Area 85% 85% 100% 100% 85% 100% - Eastern, Western, and River Pattern Areas 75% 75% 85% 85% 75% 100%",,"or/multnomah/portland/33.130.txt#L618,L656-L657",1,0,False,0,False,
01705,agree,,or/multnomah/portland,CX,min_landscaped_pct,0,0,percent of site area (printed None),clear,True,,Min. Landscaped Area (% of site area) (see 33.130.225) 15% 15% 15% 15% 15% None,,"or/multnomah/portland/33.130.txt#L618,L659",1,0,False,0,False,
01718,agree,unclear+noted,or/multnomah/portland,CI1,setback_front_ft,15,15,feet,unclear,True,"10 ft. - lot line abutting or across the street from an RM1-RMP, IR zoned lot | 0 ft. - lot line abutting or across the street from a C, CI, E, or I zoned lot","Minimum Building Setbacks [1] (see 33.150.215) - Lot line abutting or across the street from an OS, RF-R2.5 zoned lot 15 ft. (CI1); RM1-RMP, IR zoned lot 10 ft.; C, CI, E, or I zoned lot 0 ft.","The cited block states three CI1 figures keyed to the abutting zone - 15 ft., 10 ft. and 0 ft. - and the item carries no condition, so the most restrictive is reported.","or/multnomah/portland/33.150.txt#L531,L538-L545",5,0,False,0,False,
01719,agree,unclear+noted,or/multnomah/portland,CI1,setback_side_ft,15,15,feet,unclear,True,"10 ft. - lot line abutting or across the street from an RM1-RMP, IR zoned lot | 0 ft. - lot line abutting or across the street from a C, CI, E, or I zoned lot","Minimum Building Setbacks [1] (see 33.150.215) - Lot line abutting or across the street from an OS, RF-R2.5 zoned lot 15 ft. (CI1); RM1-RMP, IR zoned lot 10 ft.; C, CI, E, or I zoned lot 0 ft.","The cited block states three CI1 figures keyed to the abutting zone - 15 ft., 10 ft. and 0 ft. - and the item carries no condition, so the most restrictive is reported.","or/multnomah/portland/33.150.txt#L531,L538-L545",5,0,False,0,False,
01720,agree,unclear+noted,or/multnomah/portland,CI1,setback_rear_ft,15,15,feet,unclear,True,"10 ft. - lot line abutting or across the street from an RM1-RMP, IR zoned lot | 0 ft. - lot line abutting or across the street from a C, CI, E, or I zoned lot","Minimum Building Setbacks [1] (see 33.150.215) - Lot line abutting or across the street from an OS, RF-R2.5 zoned lot 15 ft. (CI1); RM1-RMP, IR zoned lot 10 ft.; C, CI, E, or I zoned lot 0 ft.","The cited block states three CI1 figures keyed to the abutting zone - 15 ft., 10 ft. and 0 ft. - and the item carries no condition, so the most restrictive is reported.","or/multnomah/portland/33.150.txt#L531,L538-L545",5,0,False,0,False,
01721,agree,,or/multnomah/portland,CI1,max_height_ft,75,75,feet,clear,True,roof-mounted solar panels may extend 5 ft. above the roof (33.150.210.5) | towers and spires 200 sq. ft. or less may exceed the height limit (33.150.210.6),Maximum Height (see 33.150.210) 75 ft. [4] 150 ft. [4] 75 ft.,,"or/multnomah/portland/33.150.txt#L531,L536-L537",5,1,True,0,True,[4] Height reduced on sites across the street from or adjacent to certain zones; see 33.150.210.C.
01722,agree,,or/multnomah/portland,CI1,max_far,0.5,0.5,floor area ratio (x to 1),clear,True,"NA - Maximum FAR with Inclusionary Housing Bonus, CI1 column",Maximum FAR [1] (see 33.150.205) 0.5 to 1 3 to 1 [2] [3] 2 to 1,,"or/multnomah/portland/33.150.txt#L531,L532-L533",5,0,False,0,False,
01723,agree,,or/multnomah/portland,CI1,max_coverage_pct,50,50,percent of site area,clear,True,,Maximum Building Coverage [1] (see 33.150.220) 50% of site area 85% of site area 70% of site area,,"or/multnomah/portland/33.150.txt#L531,L548-L549",5,0,False,0,False,
01724,agree,,or/multnomah/portland,CI1,min_landscaped_pct,25,25,percent of site area,clear,True,,Minimum Landscaped Area (see 33.150.240) 25% of site area 15% of site area 20% of site area,,"or/multnomah/portland/33.150.txt#L531,L552-L553",5,0,False,0,False,
01725,agree,,or/multnomah/portland,CI2,setback_front_ft,10,10,feet,clear,True,"0 ft. - lot line abutting or across the street from a C, CI, E, or I zoned lot","Minimum Building Setbacks [1] - Lot line abutting or across the street from an RM1-RMP, IR zoned lot 10 ft. 10 ft.; the OS, RF-R2.5 row is also 10 ft. in the CI2 column",,"or/multnomah/portland/33.150.txt#L531,L540-L543",5,1,True,2,False,[5] 0 ft. minimum where CI2's 10 ft. maximum setback applies (transit street/pedestrian district).
01726,agree,,or/multnomah/portland,CI2,setback_front_ft [abuts_nonresidential_zone],0,0,feet,clear,True,10 ft. - the OS/RF-R2.5 and RM1-RMP/IR abutting rows,"Minimum Building Setbacks [1] - Lot line abutting or across the street from a C, CI, E, or I zoned lot 0 ft. 0 ft.",,"or/multnomah/portland/33.150.txt#L531,L544-L545",5,0,False,2,False,
01727,agree,,or/multnomah/portland,CI2,setback_front_max_ft,10,10,feet,clear,True,None - the CI1 column of the same row,"Maximum Building Setbacks Street Lot Line, Transit Street or Pedestrian District [5] (See 33.150.215) None 10 ft. 10 ft.",,"or/multnomah/portland/33.150.txt#L531,L546-L547",5,0,False,0,False,
01728,agree,,or/multnomah/portland,CI2,setback_side_ft,10,10,feet,clear,True,"0 ft. - lot line abutting or across the street from a C, CI, E, or I zoned lot","Minimum Building Setbacks [1] - Lot line abutting or across the street from an RM1-RMP, IR zoned lot 10 ft. 10 ft.; the OS, RF-R2.5 row is also 10 ft. in the CI2 column",,"or/multnomah/portland/33.150.txt#L531,L540-L543",5,0,False,1,False,
01729,agree,,or/multnomah/portland,CI2,setback_side_ft [abuts_nonresidential_zone],0,0,feet,clear,True,10 ft. - the OS/RF-R2.5 and RM1-RMP/IR abutting rows,"Minimum Building Setbacks [1] - Lot line abutting or across the street from a C, CI, E, or I zoned lot 0 ft. 0 ft.",,"or/multnomah/portland/33.150.txt#L531,L544-L545",5,0,False,1,False,
01730,agree,,or/multnomah/portland,CI2,setback_rear_ft,10,10,feet,clear,True,"0 ft. - lot line abutting or across the street from a C, CI, E, or I zoned lot","Minimum Building Setbacks [1] - Lot line abutting or across the street from an RM1-RMP, IR zoned lot 10 ft. 10 ft.; the OS, RF-R2.5 row is also 10 ft. in the CI2 column",,"or/multnomah/portland/33.150.txt#L531,L540-L543",5,0,False,1,False,
01731,agree,,or/multnomah/portland,CI2,setback_rear_ft [abuts_nonresidential_zone],0,0,feet,clear,True,10 ft. - the OS/RF-R2.5 and RM1-RMP/IR abutting rows,"Minimum Building Setbacks [1] - Lot line abutting or across the street from a C, CI, E, or I zoned lot 0 ft. 0 ft.",,"or/multnomah/portland/33.150.txt#L531,L544-L545",5,0,False,1,False,
01732,agree,,or/multnomah/portland,CI2,max_height_ft,150,150,feet,clear,True,roof-mounted solar panels may extend 5 ft. above the roof (33.150.210.5) | towers and spires 200 sq. ft. or less may exceed the height limit (33.150.210.6),Maximum Height (see 33.150.210) 75 ft. [4] 150 ft. [4] 75 ft.,,"or/multnomah/portland/33.150.txt#L531,L536-L537",5,1,True,0,True,[4] Height reduced on sites across the street from or adjacent to certain zones; see 33.150.210.C.
01733,agree,,or/multnomah/portland,CI2,max_far,3.0,3,floor area ratio (x to 1),clear,True,"3.75 to 1 - Maximum FAR with Inclusionary Housing Bonus, CI2 column",Maximum FAR [1] (see 33.150.205) 0.5 to 1 3 to 1 [2] [3] 2 to 1,,"or/multnomah/portland/33.150.txt#L531,L532-L533",5,2,True,0,True,"[2] FAR is 3.7 to 1 (4.5 with IH bonus) inside the Legacy Good Samaritan campus, Map 150-3. | [3] FAR is 0.75 to 1 (1 to 1 with IH bonus) inside the PCC Sylvania campus, Map 150-5."
01734,agree,,or/multnomah/portland,CI2,max_coverage_pct,85,85,percent of site area,clear,True,,Maximum Building Coverage [1] (see 33.150.220) 50% of site area 85% of site area 70% of site area,,"or/multnomah/portland/33.150.txt#L531,L548-L549",5,0,False,0,False,
01735,agree,,or/multnomah/portland,CI2,min_landscaped_pct,15,15,percent of site area,clear,True,,Minimum Landscaped Area (see 33.150.240) 25% of site area 15% of site area 20% of site area,,"or/multnomah/portland/33.150.txt#L531,L552-L553",5,0,False,0,False,
01736,agree_alt,noted,or/multnomah/portland,IR,setback_front_ft,2.0,10,feet (floor of a per-height rule: 1 ft. per 2 ft. of building height),inferred,True,1 ft. for every 2 ft. of building height - the derived rule the 10 ft. floors,"Minimum Building Setbacks [1] (see 33.150.215), IR column: 1 ft. for every 2 ft. of building height but not less than 10 ft.","IR's cell is height-derived - 1 ft. of setback for every 2 ft. of building height, not less than 10 ft. - so the 10 ft. reported here is only the floor, not what a two-storey building owes.","or/multnomah/portland/33.150.txt#L531,L538-L545",5,1,True,1,False,[5] 0 ft. minimum where IR's 10 ft. maximum setback applies (transit street/pedestrian district).
01737,agree,,or/multnomah/portland,IR,setback_front_max_ft [on_transit_street],10,10,feet,clear,True,None - the CI1 column of the same row,"Maximum Building Setbacks Street Lot Line, Transit Street or Pedestrian District [5] (See 33.150.215) None 10 ft. 10 ft.",,"or/multnomah/portland/33.150.txt#L531,L546-L547",5,0,False,1,False,
01738,agree_alt,noted,or/multnomah/portland,IR,setback_side_ft,2.0,10,feet (floor of a per-height rule: 1 ft. per 2 ft. of building height),inferred,True,1 ft. for every 2 ft. of building height - the derived rule the 10 ft. floors,"Minimum Building Setbacks [1] (see 33.150.215), IR column: 1 ft. for every 2 ft. of building height but not less than 10 ft.","IR's cell is height-derived - 1 ft. of setback for every 2 ft. of building height, not less than 10 ft. - so the 10 ft. reported here is only the floor, not what a two-storey building owes.","or/multnomah/portland/33.150.txt#L531,L538-L545",5,0,False,0,False,
01739,agree_alt,noted,or/multnomah/portland,IR,setback_rear_ft,2.0,10,feet (floor of a per-height rule: 1 ft. per 2 ft. of building height),inferred,True,1 ft. for every 2 ft. of building height - the derived rule the 10 ft. floors,"Minimum Building Setbacks [1] (see 33.150.215), IR column: 1 ft. for every 2 ft. of building height but not less than 10 ft.","IR's cell is height-derived - 1 ft. of setback for every 2 ft. of building height, not less than 10 ft. - so the 10 ft. reported here is only the floor, not what a two-storey building owes.","or/multnomah/portland/33.150.txt#L531,L538-L545",5,0,False,0,False,
01740,agree,,or/multnomah/portland,IR,max_height_ft,75,75,feet,clear,True,roof-mounted solar panels may extend 5 ft. above the roof (33.150.210.5) | towers and spires 200 sq. ft. or less may exceed the height limit (33.150.210.6),Maximum Height (see 33.150.210) 75 ft. [4] 150 ft. [4] 75 ft.,,"or/multnomah/portland/33.150.txt#L531,L536-L537",5,0,False,0,False,
01741,agree,,or/multnomah/portland,IR,max_far,2.0,2,floor area ratio (x to 1),clear,True,"NA - Maximum FAR with Inclusionary Housing Bonus, IR column",Maximum FAR [1] (see 33.150.205) 0.5 to 1 3 to 1 [2] [3] 2 to 1,,"or/multnomah/portland/33.150.txt#L531,L532-L533",5,0,False,0,False,
01742,agree,,or/multnomah/portland,IR,max_coverage_pct,70,70,percent,clear,True,50% of site area (CI1 column) | 85% of site area (CI2 column),Maximum Building Coverage [1] (see 33.150.220) - IR column: 70% of site area,,"or/multnomah/portland/33.150.txt#L531,L548-L549",5,0,False,0,False,
01743,agree,,or/multnomah/portland,IR,min_landscaped_pct,20,20,percent,clear,True,25% of site area (CI1 column) | 15% of site area (CI2 column),Minimum Landscaped Area (see 33.150.240) - IR column: 20% of site area,,"or/multnomah/portland/33.150.txt#L531,L552-L553",5,0,False,0,False,
01796,agree,noted,or/multnomah/troutdale,LDR-1,min_frontage_ft [unit_lots],15,15,feet,clear,True,"none (the townhouse table lot size, width and depth rows all read 'none') | 20 ft (single-family table, line L326)","Minimum lot frontage (ft.) see note 1 [all columns] / 1. Minimum lot frontage is 15 feet if driveway, garage, or off-street parking area is in front yard.","The frontage cell for this zone reads only 'see note 1'; the 15 ft is stated by the footnote, not by the table cell, and only for lots with front-yard driveway/garage/parking.","or/multnomah/troutdale/3.zoning-districts.txt#L343-L344,L348,L368",4,1,True,1,False,"[1] supplies 15 ft where a driveway, garage or off-street parking is in the front yard; the cell states no number"
01800,agree,,or/multnomah/troutdale,LDR-1,setback_side_ft [unit_lots],5,5,feet,clear,True,"0 ft (Building side row, L353)",Setbacks (ft): Side yard   5   5   5   5   5   5  [Townhouse dwellings table],,"or/multnomah/troutdale/3.zoning-districts.txt#L343-L344,L352",4,0,False,3,False,
01801,agree,,or/multnomah/troutdale,LDR-1,setback_side_ft [attached_wall+unit_lots],0,0,feet,clear,True,"5 ft (Side yard row, L352)",Setbacks (ft): Building side   0   0   0   0   0   0  [Townhouse dwellings table],,"or/multnomah/troutdale/3.zoning-districts.txt#L343-L344,L353",4,0,False,3,False,
01804,agree,,or/multnomah/troutdale,LDR-1,setback_rear_ft [abuts_alley+unit_lots],0,0,feet,clear,True,10 ft (lots without rear alley access),Rear yard   10 or 0   see note 4 / 4. Rear yard setbacks are 0 feet for lots with rear alley access; 10 feet for other situations.,,"or/multnomah/troutdale/3.zoning-districts.txt#L343-L344,L362-L363,L371",4,1,True,1,False,"[4] 0 ft only with rear alley access, 10 ft otherwise - the split this item's abuts_alley condition encodes"
01810,agree,noted,or/multnomah/troutdale,LDR-2,min_frontage_ft [unit_lots],15,15,feet,clear,True,"none (the townhouse table lot size, width and depth rows all read 'none') | 20 ft (single-family table, line L326)","Minimum lot frontage (ft.) see note 1 [all columns] / 1. Minimum lot frontage is 15 feet if driveway, garage, or off-street parking area is in front yard.","The frontage cell for this zone reads only 'see note 1'; the 15 ft is stated by the footnote, not by the table cell, and only for lots with front-yard driveway/garage/parking.","or/multnomah/troutdale/3.zoning-districts.txt#L343-L344,L348,L368",4,1,True,1,False,"[1] supplies 15 ft where a driveway, garage or off-street parking is in the front yard; the cell states no number"
01814,agree,,or/multnomah/troutdale,LDR-2,setback_side_ft [unit_lots],5,5,feet,clear,True,"0 ft (Building side row, L353)",Setbacks (ft): Side yard   5   5   5   5   5   5  [Townhouse dwellings table],,"or/multnomah/troutdale/3.zoning-districts.txt#L343-L344,L352",4,0,False,3,False,
01815,agree,,or/multnomah/troutdale,LDR-2,setback_side_ft [attached_wall+unit_lots],0,0,feet,clear,True,"5 ft (Side yard row, L352)",Setbacks (ft): Building side   0   0   0   0   0   0  [Townhouse dwellings table],,"or/multnomah/troutdale/3.zoning-districts.txt#L343-L344,L353",4,0,False,3,False,
01818,agree,,or/multnomah/troutdale,LDR-2,setback_rear_ft [abuts_alley+unit_lots],0,0,feet,clear,True,10 ft (lots without rear alley access),Rear yard   10 or 0   see note 4 / 4. Rear yard setbacks are 0 feet for lots with rear alley access; 10 feet for other situations.,,"or/multnomah/troutdale/3.zoning-districts.txt#L343-L344,L362-L363,L371",4,1,True,1,False,"[4] 0 ft only with rear alley access, 10 ft otherwise - the split this item's abuts_alley condition encodes"
01824,agree,noted,or/multnomah/troutdale,MDR,min_frontage_ft [unit_lots],15,15,feet,clear,True,"none (the townhouse table lot size, width and depth rows all read 'none') | 20 ft (single-family table, line L326)","Minimum lot frontage (ft.) see note 1 [all columns] / 1. Minimum lot frontage is 15 feet if driveway, garage, or off-street parking area is in front yard.","The frontage cell for this zone reads only 'see note 1'; the 15 ft is stated by the footnote, not by the table cell, and only for lots with front-yard driveway/garage/parking.","or/multnomah/troutdale/3.zoning-districts.txt#L343-L344,L348,L368",4,1,True,1,False,"[1] supplies 15 ft where a driveway, garage or off-street parking is in the front yard; the cell states no number"
01828,agree,,or/multnomah/troutdale,MDR,setback_side_ft [unit_lots],5,5,feet,clear,True,"0 ft (Building side row, L353)",Setbacks (ft): Side yard   5   5   5   5   5   5  [Townhouse dwellings table],,"or/multnomah/troutdale/3.zoning-districts.txt#L343-L344,L352",4,0,False,3,False,
01829,agree,,or/multnomah/troutdale,MDR,setback_side_ft [attached_wall+unit_lots],0,0,feet,clear,True,"5 ft (Side yard row, L352)",Setbacks (ft): Building side   0   0   0   0   0   0  [Townhouse dwellings table],,"or/multnomah/troutdale/3.zoning-districts.txt#L343-L344,L353",4,0,False,3,False,
01832,agree,,or/multnomah/troutdale,MDR,setback_rear_ft [abuts_alley+unit_lots],0,0,feet,clear,True,10 ft (lots without rear alley access),Rear yard   10 or 0   see note 4 / 4. Rear yard setbacks are 0 feet for lots with rear alley access; 10 feet for other situations.,,"or/multnomah/troutdale/3.zoning-districts.txt#L343-L344,L362-L363,L371",4,1,True,1,False,"[4] 0 ft only with rear alley access, 10 ft otherwise - the split this item's abuts_alley condition encodes"
01835,agree,,or/multnomah/troutdale,HDR,max_height_ft,35,35,feet,clear,True,"25 ft (cottage cluster table, L387) | 35 ft (single-family table, L336)","Maximum building height (ft.)   35   35   35   35   35   35  [Townhouse dwellings table, HDR column]",,or/multnomah/troutdale/3.zoning-districts.txt#L365,4,0,False,0,False,
01838,agree,,or/multnomah/troutdale,HDR,setback_side_ft,5,5,feet,clear,True,"0 ft (Building side row, L353)","Setbacks (ft): Side yard   5   5   5   5   5   5  [Townhouse dwellings table, HDR column]",,or/multnomah/troutdale/3.zoning-districts.txt#L352,4,0,False,0,False,
01845,agree,noted,or/multnomah/wood-village,NC,max_height_ft,45,45,feet,inferred,True,55 feet (top of the printed range) | 18 feet (Minimum Height row),Maximum Height   45 - 55 feet (see Figure 230-3)(2)  [NC column],"The NC cell prints a range, 45 - 55 feet (see Figure 230-3), not one number; 45 is the low end and Figure 230-3 is not in the passage.","or/multnomah/wood-village/230.310.txt#L64-L65,L70,L86",5,1,True,0,True,[2] height may step down or the building be set back further on lot portions adjacent to residential zones
01846,agree,,or/multnomah/wood-village,NC,setback_front_ft,3,3,feet,clear,True,10 feet (the maximum half of the same cell),Minimum Setbacks - Front setback   3 feet min. - 10 feet max.  [NC column],,"or/multnomah/wood-village/230.310.txt#L64-L65,L73",5,0,False,0,False,
01847,agree,,or/multnomah/wood-village,NC,setback_front_max_ft,10,10,feet,clear,True,3 feet (the minimum half of the same cell),Minimum Setbacks - Front setback   3 feet min. - 10 feet max.  [NC column],,"or/multnomah/wood-village/230.310.txt#L64-L65,L73",5,0,False,0,False,
01848,agree,,or/multnomah/wood-village,NC,min_landscaped_pct,5,5,percent,clear,True,"3 - 10 feet (Landscape Buffer, street frontage row)","Minimum Landscape - Site area   5%(3) / (3)Within boundaries of the development, a minimum of five (5) percent of the site area shall be landscaped.",,"or/multnomah/wood-village/230.310.txt#L64-L65,L78,L88",5,0,False,0,False,
01849,agree,,or/multnomah/wood-village,TC,max_height_ft,35,35,feet,clear,True,115 ft(2) (Nonresidential and Mixed Use column),Maximum height   35 ft  [RESIDENTIAL USE CATEGORIES(1) column],,"or/multnomah/wood-village/235.300.txt#L68-L69,L72",5,1,True,0,True,[2] abutting light residential: 25 ft within 25 ft of that lot line (the (2) mark sits on the 115 ft column)
01850,agree,,or/multnomah/wood-village,TC,setback_front_ft,10,10,feet,clear,True,0 - 10 ft (Nonresidential and Mixed Use column),Front setback   10 ft(5)  [RESIDENTIAL USE CATEGORIES(1) column],,"or/multnomah/wood-village/235.300.txt#L68-L69,L73",5,0,False,0,False,
01851,agree,,or/multnomah/wood-village,TC,setback_garage_entrance_ft,20,20,feet,clear,True,"None(3), 22 ft minimum when parallels street (Nonresidential and Mixed Use column)",Garage setback   20 ft(5)  [RESIDENTIAL USE CATEGORIES(1) column],,"or/multnomah/wood-village/235.300.txt#L68-L69,L74",5,0,False,0,False,
01852,agree,,or/multnomah/wood-village,TC,setback_side_ft,5,5,feet,clear,True,None(3) (Nonresidential and Mixed Use column),Side setback   5 ft  [RESIDENTIAL USE CATEGORIES(1) column],,"or/multnomah/wood-village/235.300.txt#L68-L69,L75",5,1,True,0,True,[3] 15 ft side setback where the site abuts a residential zone (the (3) mark sits on the nonresidential column)
01853,agree,,or/multnomah/wood-village,TC,setback_rear_ft,15,15,feet,clear,True,None(3) (Nonresidential and Mixed Use column),Rear setback   15 ft  [RESIDENTIAL USE CATEGORIES(1) column],,"or/multnomah/wood-village/235.300.txt#L68-L69,L76",5,0,False,0,False,
01855,agree,,or/multnomah/wood-village,LR 7.5,min_density_du_per_acre,4.6,4.6,dwellings per net acre,clear,True,.9 (25%) (LR12 column) | 80% (the parenthetical beside 4.6),Minimum Number of Dwellings Per Net Acre   .9 (25%)   4.6 (80%)  [LR7.5 column],,"or/multnomah/wood-village/210.320.txt#L62-L63,L68",3,0,False,0,False,
01856,agree,,or/multnomah/wood-village,LR 7.5,min_lot_sqft,7500,7500,square feet,clear,True,"12,000 sq ft (LR12 column) | 1,500 sq ft (note 2, townhouses)","Minimum Lot Size - Min. lot area(2)   12,000 sq ft   7,500 sq ft  [LR7.5 column]",,"or/multnomah/wood-village/210.320.txt#L62-L63,L65",3,1,True,1,False,"[2] townhouse minimum lot size is 1,500 sq ft"
01858,agree,,or/multnomah/wood-village,LR 7.5,min_lot_width_ft,60,60,feet,clear,True,"80 ft (LR12 column) | 20 ft (note 2, townhouses)",- Min. lot width(2)   80 ft   60 ft  [LR7.5 column],,"or/multnomah/wood-village/210.320.txt#L62-L63,L66",3,1,True,1,False,[2] townhouse minimum lot width is 20 ft
01860,agree,,or/multnomah/wood-village,LR 7.5,min_lot_depth_ft,100,100,feet,clear,True,"120 ft (LR12 column) | no minimum depth (note 2, townhouses)",- Min. lot depth(2) (See 210.320)   120 ft   100 ft  [LR7.5 column],,"or/multnomah/wood-village/210.320.txt#L62-L63,L67",3,1,True,1,False,[2] no minimum depth for townhouses
01861,agree,,or/multnomah/wood-village,LR 7.5,setback_front_ft,10,10,feet,clear,True,10 ft (Corner Lots - Front setback row),Minimum Setbacks - Front setback   10 ft(1)   10 ft(1)  [LR7.5 column],,"or/multnomah/wood-village/210.320.txt#L62-L63,L71",3,0,False,0,False,
01862,agree,,or/multnomah/wood-village,LR 7.5,setback_garage_entrance_ft,22,22,feet,clear,True,10 ft (Front setback row),- Garage setback(1)   22 ft   22 ft  [LR7.5 column],,"or/multnomah/wood-village/210.320.txt#L62-L63,L72,L82",3,0,False,0,False,
01863,agree,,or/multnomah/wood-village,LR 7.5,setback_side_ft,5,5,feet,clear,True,"10 ft (LR12 column) | 10 ft (Corner Lots - Side setback row) | 0 ft (note 2, attached townhouses)",- Side setback(2)   10 ft   5 ft  [LR7.5 column],,"or/multnomah/wood-village/210.320.txt#L62-L63,L73",3,1,True,2,False,[2] 0 ft side setback when attached to another townhouse
01864,agree,,or/multnomah/wood-village,LR 7.5,setback_side_ft [corner_lot],10,10,feet,clear,True,"5 ft (non-corner Side setback row) | 10 ft (Corner Lots - Street side setback, LR7.5) | 0 ft (note 2, attached townhouses)",Corner Lots - Side setback(2)   10 ft   10 ft  [LR7.5 column],,"or/multnomah/wood-village/210.320.txt#L62-L63,L75-L78",3,1,True,2,False,[2] 0 ft side setback when attached to another townhouse
01866,agree,,or/multnomah/wood-village,LR 7.5,setback_rear_ft,15,15,feet,clear,True,20 ft (Corner Lots - Rear setback row),- Rear setback(3)   15 ft   15 ft  [LR7.5 column],,"or/multnomah/wood-village/210.320.txt#L62-L63,L74",3,0,False,1,False,
01867,agree,,or/multnomah/wood-village,LR 7.5,setback_rear_ft [corner_lot],20,20,feet,clear,True,15 ft (non-corner Rear setback row),Corner Lots - Rear setback (See 210.330)   20 ft   20 ft  [LR7.5 column],,"or/multnomah/wood-village/210.320.txt#L62-L63,L75-L79",3,0,False,1,False,
01868,agree,,or/multnomah/wood-village,LR 7.5,setback_street_side_ft,10,10,feet,clear,True,"20 ft (LR12 column) | 10 ft (note 3, but that is cottage housing)",Corner Lots - Street side setback(3)   20 ft   10 ft  [LR7.5 column],,"or/multnomah/wood-village/210.320.txt#L62-L63,L75-L77",3,0,False,0,False,
01869,agree,,or/multnomah/wood-village,LR 7.5,max_coverage_pct,45,45,percent,clear,True,"70 percent (note 2, townhouses)","Maximum Site Coverage (See 210.350 and (2), (3) below)   45%   45%  [LR7.5 column]",,"or/multnomah/wood-village/210.320.txt#L62-L63,L80",3,1,True,1,False,[2] 70 percent site coverage for a townhouse (printed as Minimum site coverage)
01871,agree,,or/multnomah/wood-village,LR 7.5,max_height_ft,35,35,feet,clear,True,,Maximum Height (See 210.340)   35 ft   35 ft  [LR7.5 column],,"or/multnomah/wood-village/210.320.txt#L62-L63,L69",3,0,False,0,False,
01872,agree,,or/multnomah/wood-village,LR 12,min_density_du_per_acre,0.9,0.9,dwellings per net acre,clear,True,4.6 (80%) (LR7.5 column) | 25% (the parenthetical beside .9),Minimum Number of Dwellings Per Net Acre   .9 (25%)   4.6 (80%)  [LR12 column],,"or/multnomah/wood-village/210.320.txt#L62-L63,L68",3,0,False,0,False,
01873,agree,,or/multnomah/wood-village,LR 12,min_lot_sqft,12000,12000,square feet,clear,True,"7,500 sq ft (LR7.5 column) | 1,500 sq ft (note 2, townhouses)","Minimum Lot Size - Min. lot area(2)   12,000 sq ft   7,500 sq ft  [LR12 column]",,"or/multnomah/wood-village/210.320.txt#L62-L63,L65",3,1,True,1,False,"[2] townhouse minimum lot size is 1,500 sq ft"
01875,agree,,or/multnomah/wood-village,LR 12,min_lot_width_ft,80,80,feet,clear,True,"60 ft (LR7.5 column, same row) | 20 ft townhouse minimum width (note 2) | 12,000 sq ft min lot area (L65)",Standard                                                LR12          LR7.5  ||  – Min. lot width(2)                                     80 ft         60 ft,,"or/multnomah/wood-village/210.320.txt#L62-L63,L66",3,1,True,1,False,"[2] townhouses: 20 ft min width on a 1,500 sq ft lot, if the quadplex plats as townhouse unit lots"
01877,agree,,or/multnomah/wood-village,LR 12,min_lot_depth_ft,120,120,feet,clear,True,"100 ft (LR7.5 column, same row) | no minimum depth for townhouses (note 2)",Standard                                                LR12          LR7.5  ||  – Min. lot depth(2) (See 210.320)                       120 ft        100 ft,,"or/multnomah/wood-village/210.320.txt#L62-L63,L67",3,1,True,1,False,"[2] townhouses: no minimum lot depth at all, if the quadplex plats as townhouse unit lots"
01878,agree,,or/multnomah/wood-village,LR 12,setback_front_ft,10,10,feet,clear,True,10 ft corner-lot front setback (L76) | 22 ft garage setback (L72),Standard                                                LR12          LR7.5  ||  – Front setback                                         10 ft(1)      10 ft(1),,"or/multnomah/wood-village/210.320.txt#L62-L63,L71",3,0,False,0,False,
01879,agree,,or/multnomah/wood-village,LR 12,setback_garage_entrance_ft,22,22,feet,clear,True,"10 ft front setback (L71) | 22 ft (LR7.5 column, same row)",Standard                                                LR12          LR7.5  ||  – Garage setback(1)                                     22 ft         22 ft,,"or/multnomah/wood-village/210.320.txt#L62-L63,L72,L82",3,0,False,0,False,
01880,agree,,or/multnomah/wood-village,LR 12,setback_side_ft,10,10,feet,clear,True,"5 ft (LR7.5 column, same row) | 10 ft corner-lot side setback (L78) | 0 ft when attached to another townhouse (note 2)",Standard                                                LR12          LR7.5  ||  – Side setback(2)                                       10 ft         5 ft,,"or/multnomah/wood-village/210.320.txt#L62-L63,L73",3,1,True,2,False,[2] 0 ft side setback where a townhouse is attached to another townhouse - the party-wall case
01881,agree,,or/multnomah/wood-village,LR 12,setback_side_ft [corner_lot],10,10,feet,clear,True,"10 ft interior-lot side setback (L73, the base) | 20 ft corner-lot street side setback (L77) | 10 ft (LR7.5 column, same row)",Corner Lots  ||  – Side setback(2)                                       10 ft         10 ft,,"or/multnomah/wood-village/210.320.txt#L62-L63,L75-L78",3,1,True,2,False,[2] 0 ft side setback where attached to another townhouse; note 2 marks the corner-lot side row too
01883,agree,,or/multnomah/wood-village,LR 12,setback_rear_ft,15,15,feet,clear,True,20 ft corner-lot rear setback (L79) | 10 ft rear setback for cottage housing (note 3),Standard                                                LR12          LR7.5  ||  – Rear setback(3)                                       15 ft         15 ft,,"or/multnomah/wood-village/210.320.txt#L62-L63,L74",3,0,False,1,False,
01884,agree,,or/multnomah/wood-village,LR 12,setback_rear_ft [corner_lot],20,20,feet,clear,True,"15 ft interior-lot rear setback (L74, the base) | 20 ft (LR7.5 column, same row)",Corner Lots  ||  – Rear setback (See 210.330)                            20 ft         20 ft,,"or/multnomah/wood-village/210.320.txt#L62-L63,L75-L79",3,0,False,1,False,
01885,agree,,or/multnomah/wood-village,LR 12,setback_street_side_ft,20,20,feet,clear,True,"10 ft (LR7.5 column, same row) | 10 ft corner-lot front setback (L76) | 10 ft street side setback for cottage housing (note 3)",Corner Lots  ||  – Street side setback(3)                                20 ft         10 ft,,"or/multnomah/wood-village/210.320.txt#L62-L63,L75-L77",3,0,False,0,False,
01886,agree,noted,or/multnomah/wood-village,LR 12,max_coverage_pct,45,45,percent,clear,True,"45% (LR7.5 column, same row) | 70% site coverage for a townhouse (note 2) | exempt for cottage housing (note 3)","Standard                                                LR12          LR7.5  ||  Maximum Site Coverage (See 210.350 and (2), (3) below)  45%           45%","The row is 'Maximum Site Coverage', which may count more than the building footprint this field means by building coverage.","or/multnomah/wood-village/210.320.txt#L62-L63,L80",3,1,True,1,False,"[2] townhouse site coverage is 70%, printed as a 'minimum' though the row it marks is a maximum"
01888,agree,,or/multnomah/wood-village,LR 12,max_height_ft,35,35,feet,clear,True,"35 ft (LR7.5 column, same row)",Standard                                                LR12          LR7.5  ||  Maximum Height (See 210.340)                            35 ft         35 ft,,"or/multnomah/wood-village/210.320.txt#L62-L63,L69",3,0,False,0,False,
