id,line,outcome,confidence,misfiled,layer,document,section,lots,field,states,zones,figure,condition,duplicates,fragment,note,text
M0000,2030,not_here,clear,True,or/multnomah/portland,or/multnomah/portland/33.110.txt,33.110.275,195708,setback_front_ft,2.0,,3.5,,,Fences up to 3-1/2 feet high are allowed in required front building setbacks,"33.110.275 is the fence chapter; the sentence sets the maximum HEIGHT of a fence that may stand inside the front setback, not the front setback itself. The reader's 2.0 is a mis-parse of '3-1/2'. Fence height has no screen field.",1. Front building setbacks. Fences up to 3-1/2 feet high are allowed in required front
M0000,2039,not_here,clear,True,or/multnomah/portland,or/multnomah/portland/33.110.txt,33.110.275,195708,setback_rear_ft,8.0,,8,not abutting a pedestrian connection,,Fences up to 8 feet high are allowed in required side or rear building setbacks,"8 ft is the maximum fence height permitted within a side or rear setback, not a rear setback distance. A fence standard, not a standard on our building.",a. Fences up to 8 feet high are allowed in required side or rear building setbacks
M0000,2059,not_here,clear,True,or/multnomah/portland,or/multnomah/portland/33.110.txt,33.110.275,195708,setback_front_ft,8.0,,8,"corner lot, main entrance on side-street facade",,"Fences up to 8 feet high are allowed in the required front building setback,","Corner-lot fence exception (C.3.c): 8 ft is fence height allowed inside the front setback, outside the first 10 ft of the side street lot line. Not a front setback distance.","c. Fences up to 8 feet high are allowed in the required front building setback,"
M0000,2061,not_here,clear,True,or/multnomah/portland,or/multnomah/portland/33.110.txt,33.110.275,195708,setback_rear_ft,8.0,,8,"corner lot, main entrance on side-street facade",,Fences up to 8 feet high are allowed in all other side or rear building setbacks.,Corner-lot fence exception (C.3.d): fence height within side/rear setbacks. Not a rear setback distance.,d. Fences up to 8 feet high are allowed in all other side or rear building setbacks.
M0001,559,not_here,inferred,False,or/multnomah/portland,or/multnomah/portland/33.140.txt,33.140.210,195708,max_height_ft,10.0 | 5.0,,10,"projection with width, depth or diameter of 5 ft or less",,"10 feet above the height limit, or 5 feet above the highest point of the roof, whichever is greater","33.140.210.C.1: an allowance for chimneys, flag poles, satellite dishes and similar items to rise ABOVE the height limit. It presupposes the limit rather than stating it; the base limit lives in Table 140-3 (the L590/L597 cite we hold for EX). Note the other chapter zones (EG1, EG2, IG1, IG2, IH) hold no max height at all, but that gap is not stated by this line.","10 feet above the height limit, or 5 feet above the highest point of the roof, whichever"
M0001,562,not_here,clear,False,or/multnomah/portland,or/multnomah/portland/33.140.txt,33.140.210,195708,max_height_ft,4.0,,4,parapets and rooftop railings,,Parapets and rooftop railings may extend 4 feet above the height limit.,"A projection allowance above the height limit for parapets/railings, not the building height limit.",2. Parapets and rooftop railings may extend 4 feet above the height limit.
M0001,566,not_here,clear,False,or/multnomah/portland,or/multnomah/portland/33.140.txt,33.140.210,195708,max_height_ft,16.0,,16,"elevator mechanical equipment, set back 15 ft from street-facing roof edges",,Elevator mechanical equipment may extend up to 16 feet above the height limit,"Rooftop mechanical exception, not the building height limit. A two-storey no-elevator townhouse pod has no elevator equipment anyway.",a. Elevator mechanical equipment may extend up to 16 feet above the height
M0001,569,not_here,inferred,False,or/multnomah/portland,or/multnomah/portland/33.140.txt,33.140.210,195708,max_height_ft,10.0,,10,other mechanical equipment and stairwell enclosures covering no more than 10% of roof area,,more than 10 percent of the roof area may extend up to 10 feet above the height limit.,Rooftop mechanical/stairwell-enclosure exception above the height limit (subject on L568). Not the building height limit.,more than 10 percent of the roof area may extend up to 10 feet above the height
M0002,2030,not_here,clear,True,or/multnomah/_unincorporated,or/multnomah/_unincorporated/33.110.txt,33.110.275,2855,setback_front_ft,2.0,,3.5,,,Fences up to 3-1/2 feet high are allowed in required front building setbacks,"Same text as Portland 33.110.275 adopted for unincorporated Multnomah pockets: maximum fence height in the front setback, not the front setback distance. Reader's 2.0 is a mis-parse of '3-1/2'.",1. Front building setbacks. Fences up to 3-1/2 feet high are allowed in required front
M0002,2039,not_here,clear,True,or/multnomah/_unincorporated,or/multnomah/_unincorporated/33.110.txt,33.110.275,2855,setback_rear_ft,8.0,,8,not abutting a pedestrian connection,,Fences up to 8 feet high are allowed in required side or rear building setbacks,"Fence height within side/rear setbacks, not a rear setback distance.",a. Fences up to 8 feet high are allowed in required side or rear building setbacks
M0002,2059,not_here,clear,True,or/multnomah/_unincorporated,or/multnomah/_unincorporated/33.110.txt,33.110.275,2855,setback_front_ft,8.0,,8,"corner lot, main entrance on side-street facade",,"Fences up to 8 feet high are allowed in the required front building setback,","Corner-lot fence exception (C.3.c): fence height inside the front setback, not a front setback distance.","c. Fences up to 8 feet high are allowed in the required front building setback,"
M0002,2061,not_here,clear,True,or/multnomah/_unincorporated,or/multnomah/_unincorporated/33.110.txt,33.110.275,2855,setback_rear_ft,8.0,,8,"corner lot, main entrance on side-street facade",,Fences up to 8 feet high are allowed in all other side or rear building setbacks.,"Corner-lot fence exception (C.3.d): fence height within side/rear setbacks, not a rear setback distance.",d. Fences up to 8 feet high are allowed in all other side or rear building setbacks.
M0003,559,not_here,inferred,False,or/multnomah/_unincorporated,or/multnomah/_unincorporated/33.140.txt,33.140.210,2855,max_height_ft,10.0 | 5.0,,10,"projection with width, depth or diameter of 5 ft or less",,"10 feet above the height limit, or 5 feet above the highest point of the roof, whichever is greater","Projection allowance (chimneys, flag poles, dishes) above the height limit; does not state the limit. We hold NO max height for EG2 or IG2 in this layer, but the base limit is in Table 140-3, not this line, so this line is not the place to take it from.","10 feet above the height limit, or 5 feet above the highest point of the roof, whichever"
M0003,562,not_here,clear,False,or/multnomah/_unincorporated,or/multnomah/_unincorporated/33.140.txt,33.140.210,2855,max_height_ft,4.0,,4,parapets and rooftop railings,,Parapets and rooftop railings may extend 4 feet above the height limit.,"Parapet/railing allowance above the height limit, not the building height limit.",2. Parapets and rooftop railings may extend 4 feet above the height limit.
M0003,566,not_here,clear,False,or/multnomah/_unincorporated,or/multnomah/_unincorporated/33.140.txt,33.140.210,2855,max_height_ft,16.0,,16,"elevator mechanical equipment, set back 15 ft from street-facing roof edges",,Elevator mechanical equipment may extend up to 16 feet above the height limit,"Rooftop mechanical exception, not the building height limit.",a. Elevator mechanical equipment may extend up to 16 feet above the height
M0003,569,not_here,inferred,False,or/multnomah/_unincorporated,or/multnomah/_unincorporated/33.140.txt,33.140.210,2855,max_height_ft,10.0,,10,other mechanical equipment and stairwell enclosures covering no more than 10% of roof area,,more than 10 percent of the roof area may extend up to 10 feet above the height limit.,Rooftop mechanical/stairwell-enclosure exception above the height limit (subject on L568). Not the building height limit.,more than 10 percent of the roof area may extend up to 10 feet above the height
M0004,1614,not_here,inferred,False,or/clackamas/milwaukie,or/clackamas/milwaukie/19.500.supplementary.txt,19.505.4,0,max_height_ft,25.0,,25,"or 2 stories, whichever is greater",,"1. Max height   25 ft or 2 stories, whichever is greater","Row of Table 19.505.4.B.1, the cottage cluster development standards (900 sf footprint, 1,400 sf average floor area, 'Number of Cottages Allowed'). Cottage cluster is a different housing type; the R-MD 35 / R-HD 45 we hold from 19.300 stay the standard for an attached fourplex.","1. Max height 25 ft or 2 stories, whichever is greater 25 ft or 2 stories, whichever is greater"
M0004,1615,not_here,inferred,False,or/clackamas/milwaukie,or/clackamas/milwaukie/19.500.supplementary.txt,19.505.4,0,max_height_ft,10.0 | 15.0,,15,structure between 5 and 10 ft of rear lot line,,2. Max structure height between 5 & 10 ft of rear lot line   15 ft   15 ft,"Cottage cluster table row: a rear-edge height step for cottages. Different housing type; not a standard on the fourplex. Reader's 10.0 is the 10 ft band edge, not a height.",2. Max structure height between 5 & 10 ft of rear lot line 15 ft 15 ft
M0004,1650,not_here,inferred,False,or/clackamas/milwaukie,or/clackamas/milwaukie/19.500.supplementary.txt,19.505.4,0,max_height_ft,25.0,,25,"or 2 stories, whichever is greater",,"The height for all structures must not exceed 25 ft or 2 stories, whichever is greater.","Prose restatement of the L1614 cottage cluster table row, in the 19.505.4 cottage cluster section ('cottage unit' on L1644). 'All structures' means all structures in the cluster. Not our housing type.","The height for all structures must not exceed 25 ft or 2 stories, whichever is greater."
M0004,1876,not_here,clear,False,or/clackamas/milwaukie,or/clackamas/milwaukie/19.500.supplementary.txt,19.505.4,0,max_units,3.0 | 12.0 | 1.0,,12,"cottage cluster, minimum 3 cottages",,A cottage cluster must include a minimum of 3 cottages and a maximum of 12 cottages,Sentence names its subject: the cottage count of a cottage cluster. Not a unit cap on an attached fourplex.,"A cottage cluster must include a minimum of 3 cottages and a maximum of 12 cottages, subject to Table 19.505.4.B.1. Minimum separation between detached units is 6 ft."
M0004,2004,not_here,clear,True,or/clackamas/milwaukie,or/clackamas/milwaukie/19.500.supplementary.txt,19.505.4,0,setback_garage_entrance_ft,20.0,,20,,,Garage doors for attached and detached individual garages must not exceed 20 ft in width.,"20 ft is a maximum garage DOOR WIDTH, not a setback to a garage entrance; and it sits inside the cottage cluster design standards (19.505.4.C.4.k). No screen field for garage door width.",Garage doors for attached and detached individual garages must not exceed 20 ft in width.
M0005,631,not_here,inferred,False,or/multnomah/gresham,or/multnomah/gresham/4.0100.residential.txt,4.0140,28873,max_height_ft,6.0,,6,"ground-mounted, LDR-5 / LDR-7 / TLDR / TR",,b.   Ground-mounted. Systems shall not exceed 6 feet in height.,"4.0140 solar energy systems: 6 ft is the height cap on a ground-mounted solar array (an accessory structure), not the district building height. The roof-top rule just above (L628) defers to the district height limit we already hold.",b. Ground-mounted. Systems shall not exceed 6 feet in height.
M0005,636,not_here,clear,False,or/multnomah/gresham,or/multnomah/gresham/4.0100.residential.txt,4.0140,28873,max_height_ft,10.0,,10,"flat/mansard roof, MDR-12 / MDR-24 / OFR",,the solar energy systems on frames shall not exceed 10 feet above the roof height on which the system is installed.,"Height of a frame-mounted solar system above the roof, not the building height limit.",frames shall not exceed 10 feet above the roof height on which the system is installed.
M0005,639,not_here,clear,False,or/multnomah/gresham,or/multnomah/gresham/4.0100.residential.txt,4.0140,28873,max_height_ft,20.0,,20,"ground-mounted, MDR-12 / MDR-24 / OFR",,Ground-mounted solar energy systems shall not exceed 20 feet in height.,"Height cap on a ground-mounted solar array (accessory structure), not the building height limit.",b. Ground-mounted. Ground-mounted solar energy systems shall not exceed 20 feet in height.
M0006,1050,not_here,clear,False,or/multnomah/gresham,or/multnomah/gresham/4.1500.springwater.txt,4.1595,28873,max_height_ft,6.0,,6,"ground-mounted, Springwater residential districts",,Ground-mounted solar energy systems shall not exceed 6 feet in height.,"4.1595 solar energy systems, Springwater: cap on a ground-mounted solar array, not the district building height (which the roof-top rule on L1048 defers to).",b. Ground-mounted. Ground-mounted solar energy systems shall not exceed 6 feet in height.
M0006,1055,not_here,clear,False,or/multnomah/gresham,or/multnomah/gresham/4.1500.springwater.txt,4.1595,28873,max_height_ft,10.0,,10,"flat/mansard roof, NC-SW / VC-SW",,the solar energy systems on frames shall not exceed 10 feet above the roof height on which the system is installed.,"Frame-mounted solar height above the roof, and the heading (L1051) puts it in NC-SW and VC-SW, neither of which is a chapter zone. Not the building height limit.",frames shall not exceed 10 feet above the roof height on which the system is installed.
M0006,1058,not_here,clear,False,or/multnomah/gresham,or/multnomah/gresham/4.1500.springwater.txt,4.1595,28873,max_height_ft,20.0,,20,"ground-mounted, NC-SW / VC-SW",,Ground-mounted solar energy systems shall not exceed 20 feet in height.,"Ground-mounted solar array height cap in NC-SW/VC-SW (not chapter zones). Accessory structure, not the building height limit.",b. Ground-mounted. Ground-mounted solar energy systems shall not exceed 20 feet in height.
M0007,15625,not_here,inferred,True,or/clackamas/oregon-city,or/clackamas/oregon-city/17.zoning.txt,17.54.100,0,max_height_ft,3.5,,3.5,fence located in front of a building,,"A fence, hedge, wall, retaining wall, or combination thereof located in front of a building may be up to 3.5 feet in total height","17.54.100 fence standards: 3.5 ft is the maximum height of a fence/hedge/wall in front of the building (subject on L15623-24). Fence height, no screen field; the R-zone 35 ft building height we hold is untouched.",3.5 feet in total height as measured from the finished
M0007,15639,not_here,inferred,True,or/clackamas/oregon-city,or/clackamas/oregon-city/17.zoning.txt,17.54.100,0,max_height_ft,8.5,,8.5,"fence next to or behind the forward-most building, or more than 40 ft from right-of-way",,may be up to (as measured from the finished grade) 8.5 feet in height from the finished grade.,"Maximum fence/hedge/wall height beside or behind the forward-most building (subject on L15636-38). Fence height, not building height.",finished grade) 8.5 feet in height from the finished
M0007,15677,not_here,inferred,True,or/clackamas/oregon-city,or/clackamas/oregon-city/17.zoning.txt,17.54.100,0,max_height_ft,5.0,,3.5,fence located in front of the home,,"Any fence, hedge or wall located in front of may be up to 3. 5 feet in total height.","Caption text of the 'Residential Height Requirements' fence figure, restating item 1: 3.5 ft fence height in front of the home. The reader's 5.0 comes from '3.5' split as '3. 5' in extraction. Fence height, not building height.",3. 5 feet in total height.
M0008,15460,not_here,clear,False,or/clackamas/wilsonville,or/clackamas/wilsonville/4.planning.txt,4.176,0,max_height_ft,12.0,,12,,,Evergreen trees: Minimum height of 12 feet.,"Section 4.176 is the landscaping standard; this is the minimum planting height of an evergreen tree at installation, a plant-material spec, not a building height. No screen field holds tree size.",b. Evergreen trees: Minimum height of 12 feet.
M0008,15475,not_here,clear,False,or/clackamas/wilsonville,or/clackamas/wilsonville/4.planning.txt,4.176,0,max_height_ft,50.0,,50,,,"Trees over 50 feet mature height: Quercus garryana (Native Oregon White Oak),","A species list of satisfactory street trees, grouped by mature tree height. The 50 feet is a botanical classification, not a building standard.","a. Trees over 50 feet mature height: Quercus garryana (Native Oregon White Oak),"
M0008,15481,not_here,clear,False,or/clackamas/wilsonville,or/clackamas/wilsonville/4.planning.txt,4.176,0,max_height_ft,50.0,,50,,,"Trees under 50 feet mature height: Acer rubrum (Red Sunset Maple), Cornus","Same street-tree species list as L15475, the under-50-foot group. Tree height, not building height.","b. Trees under 50 feet mature height: Acer rubrum (Red Sunset Maple), Cornus"
M0009,408,not_here,clear,False,or/multnomah/fairview,or/multnomah/fairview/19.65.txt,19.65.090,2456,max_height_ft,12.0,,12,,,"the distance from the finished floor to the bottom of the ceiling structure above must be at least 12 feet. For ground floor area associated with a residential use, the height is 10 feet.","Design standard R1: a MINIMUM interior floor-to-ceiling height on the ground floor (12 ft commercial, 10 ft residential), not the maximum building height we hold at 45 ft (L241-L251). No screen field holds ceiling height. Worth knowing for a fixed-dimension pod in TCC: the residential ground floor must clear 10 ft floor-to-structure, which the screen cannot see.","Ground Floor Height. For ground floor commercial space in new buildings, the distance from the finished floor to the bottom of the ceiling structure above must be at least 12 feet. For ground floor ar"
M0009,617,not_here,clear,False,or/multnomah/fairview,or/multnomah/fairview/19.65.txt,19.65.090,2456,open_space_min_pct,20.0,,20,,,Up to 20 percent of the outdoor area may be landscaped to the standards of FMC 19.163.030(E)(1).,"Inside optional points item P2 (Outdoor Recreation Area, 3 pts). The 20 percent is a CAP on how much of that elective outdoor area may be landscaping, not a minimum open space share of lot area. An elective menu item, and the wrong direction for the field.",Up to 20 percent of the outdoor area may be landscaped to the standards of FMC 19.163.030(E)(1).
M0009,620,not_here,clear,False,or/multnomah/fairview,or/multnomah/fairview/19.65.txt,19.65.090,2456,max_height_ft,15.0,,15,,,"must be at least 15 feet. For ground floor area associated with a residential use, the height is 12 feet.","Optional points item P3 (Additional Ground Floor Height, 2 pts): a minimum interior floor-to-ceiling height a builder may choose to exceed for points. Not building height and not a requirement.","Additional Ground Floor Height. For ground floor commercial space in new buildings, the distance from the finished floor to the bottom of the ceiling structure above must be at least 15 feet. For grou"
M0010,500,not_here,clear,True,or/multnomah/gresham,or/multnomah/gresham/7.0400.middle-housing-design.txt,7.0431,28873,parking_min_per_unit,8.0,,,,,parking spaces for residential uses shall be at least 8.5 feet wide by 18 feet deep,"Stall dimensions (8.5 x 18 ft standard, 8 x 24 ft parallel) for townhouse projects, not a count of stalls per unit; the reader's 8.0 is the parallel stall width. This is stall geometry. If the screen carries a stall width/depth standard for Gresham, check it holds these figures for townhouse projects in these zones.","b. Off- street parking spaces for residential uses shall be at least 8.5 feet wide by 18 feet deep, or 8"
M0010,517,not_here,inferred,False,or/multnomah/gresham,or/multnomah/gresham/7.0400.middle-housing-design.txt,7.0431,28873,setback_garage_entrance_ft,3.0,,3,,,3 feet beyond the edge of the garage door,"L516-L517: where a pedestrian walkway is combined with a driveway, the walkway WIDTH must extend 3 ft past the garage door edge. A walkway width, not a setback to the garage entrance. We hold 20 ft garage setbacks for the downtown zones from 4.1100.",3 feet beyond the edge of the garage door (see Figure 7.0420(C) ).
M0010,574,not_here,clear,False,or/multnomah/gresham,or/multnomah/gresham/7.0400.middle-housing-design.txt,7.0431,28873,setback_street_side_ft,10.0,,10,,,within 10 feet of the street side setback line shall utilize a,"H. Side Wall Articulation: the 10 ft is a trigger distance (facades within 10 ft of the street side setback line must use one articulation strategy), not the street-side setback itself. Our held street-side setbacks (5 ft corridor, 10 ft downtown) come from the zone tables.",1. Facades facing street side setbacks and within 10 feet of the street side setback line shall utilize a
M0010,586,not_here,inferred,False,or/multnomah/gresham,or/multnomah/gresham/7.0400.middle-housing-design.txt,7.0431,28873,setback_side_ft,5.0,,5,elective articulation option (d) of four,,Setback all side walls at least an additional 5 feet,"Option (d) of four alternative side-wall articulation strategies (a: offsets every 35 ft, b: upper-floor step-back, c: 280 sq ft wall planes, d: extra 5 ft setback). It binds only if the builder elects it, so it is not the minimum side setback. A menu item the value model cannot hold; belongs in the refusals ledger if it is not already there.",d. Setback all side walls at least an additional 5 feet from the side setback line.
M0011,134,not_here,inferred,False,or/clackamas/happy-valley,or/clackamas/happy-valley/16.22.residential.txt,16.22.020,0,max_density_du_per_acre,20.0,,2.18,"one primary dwelling unit per 20,000 sq ft",,"The numerical designation of R-20 shall be interpreted to mean that the maximum density shall be one primary dwelling unit per 20,000 square feet of lot area.","A purpose statement (16.22.020, Ord. 389 of 2009), not the standards table. The sentence states 1 primary du per 20,000 sq ft (43,560/20,000 = 2.18 du/ac, a derived conversion); the reader's 20.0 is 'Twenty thousand' misread. It describes the single-detached pattern the district was written for. The operative density we hold for R20 comes from the table at L278/L281 (8.7 du/ac under unit_lots = four units per 20,000 sq ft). Reviewer should be aware the legacy purpose prose, read literally, would ask 80,000 sq ft for four units, which the 2022 table does not.",Residential—Twenty thousand Square Feet (R-20). This low density urban residential district responds to development patterns already established in the City and perpetuates those patterns in recogniti
M0011,138,not_here,inferred,False,or/clackamas/happy-valley,or/clackamas/happy-valley/16.22.residential.txt,16.22.020,0,max_density_du_per_acre,15.0,,2.9,"one primary dwelling unit per 15,000 sq ft",,"The numerical designation of R-15 shall be interpreted to mean that the maximum density shall be one primary dwelling unit per 15,000 square feet of lot area.","Same purpose-statement pattern as L134 for R-15: 1 primary du per 15,000 sq ft (43,560/15,000 = 2.90 du/ac, derived); the reader's 15.0 is 'Fifteen thousand' misread. The single-detached pattern in prose; the table at L278/L281 we hold gives 11.6 du/ac under unit_lots (four units per 15,000 sq ft). Same literal-conflict caveat as L134.",Residential—Fifteen thousand Square Feet (R-15). This low density urban residential district responds to the continuing urbanization of the City due to the availability of public sanitary sewers in ar
M0012,480,not_here,inferred,False,or/clackamas/milwaukie,or/clackamas/milwaukie/19.300.base-zones.txt,19.302.4,0,min_lot_sqft,5000.0,,5000,all other uses,,"All other uses require a minimum lot size of 5,000 sq ft.","Closes the R-HD lot-size-band list at L476-L478, where Quadplex is named in the bands (5,000-6,999 at L477, 7,000+ at L478, and the band at L476 we hold as 3,000). 'All other uses' means uses not listed in the bands, so it does not reach a quadplex.","All other uses require a minimum lot size of 5,000 sq ft."
M0012,514,encode,clear,False,or/clackamas/milwaukie,or/clackamas/milwaukie/19.300.base-zones.txt,19.302.4,0,setback_front_ft,5.0,R-HD,5,property identified in Figure 19.302.4 (map),,"For those properties identified in Figure 19.302.4, the minimum front yard setback is 5 ft.","We hold R-HD front setback 20 ft from L495 only. This sentence reduces it to 5 ft for the parcels mapped in Figure 19.302.4, a map-based site condition nothing computes until the figure's parcels are identified. Less restrictive than what we hold, so the gap costs greens rather than creating false ones, but it is a stated figure we do not carry. YAML: R-HD setback_front_ft exception when 'mapped in Figure 19.302.4' value 5, cite L514.","Table 19.302.4 is supplemented by Figure 19.302.4. For those properties identified in Figure 19.302.4, the minimum front yard setback is 5 ft."
M0013,243,not_here,inferred,False,or/clackamas/gladstone,or/clackamas/gladstone/17.10.r-7.2.txt,17.10.055,0,setback_front_ft,10.0,,10,cottage clusters,,(i) Front setbacks: 10 feet;,L241: 'Cottage clusters shall meet the minimum setback standards'. Section 17.10.055 is the cottage cluster standard; a 4-unit attached townhouse is not a cottage cluster. We hold the R10/R7.2 front setback of 20 ft from L169.,(i) Front setbacks: 10 feet;
M0013,247,not_here,inferred,False,or/clackamas/gladstone,or/clackamas/gladstone/17.10.r-7.2.txt,17.10.055,0,setback_rear_ft,10.0,,10,cottage clusters,,(iii) Rear setbacks: 10 feet.,Same cottage cluster setback list under L241. Not our housing type. We hold the R10/R7.2 rear setback of 15 ft from L197.,(iii) Rear setbacks: 10 feet.
M0014,248,not_here,inferred,False,or/clackamas/gladstone,or/clackamas/gladstone/17.12.r-5.txt,17.12.055,0,setback_front_ft,10.0,,10,cottage clusters,,(i) Front setbacks: 10 feet;,"L246: 'Cottage clusters shall meet the minimum setback standards'. Section 17.12.055 is the R5 cottage cluster standard, not our housing type. We hold the R5 front setback of 20 ft from L182.",(i) Front setbacks: 10 feet;
M0014,252,not_here,inferred,False,or/clackamas/gladstone,or/clackamas/gladstone/17.12.r-5.txt,17.12.055,0,setback_rear_ft,10.0,,10,cottage clusters,,(iii) Rear setbacks: 10 feet.,Same R5 cottage cluster setback list under L246. Not our housing type. We hold the R5 rear setback of 15 ft from L205.,(iii) Rear setbacks: 10 feet.
M0015,530,not_here,clear,False,or/clackamas/gladstone,or/clackamas/gladstone/17.48.parking.txt,17.48.050,0,parking_min_per_unit,1.0,,,,,100 percent of all bicycle parking spaces for multi-household development of four units and more shall be provided as long-term bicycle parking.,"Bicycle parking, not off-street vehicle stalls. The reader's 1.0 is '100 percent'. The sentence does reach a 4-unit building (all its bike spaces must be long-term), but no screen field holds bicycle parking.","(C) Notwithstanding subsection (1)(a)(A) of this section, 100 percent of all bicycle parking spaces for multi-household development of four units and more shall be provided as long-term bicycle parkin"
M0015,534,not_here,clear,False,or/clackamas/gladstone,or/clackamas/gladstone/17.48.parking.txt,17.48.050,0,parking_min_per_unit,30.0,,,,,located outside within 30 feet of the main entrance to the building,"A location rule for short-term bicycle racks (within 30 ft of the main entrance). The reader's 30 is a distance, not a stalls-per-unit ratio, and it is bicycle parking.","(a) Short-Term Bicycle Parking. Short-term bicycle parking facilities are lockers or racks that meet the standards of this section and that are located inside a building, or located outside within 30 "
M0015,540,not_here,clear,False,or/clackamas/gladstone,or/clackamas/gladstone/17.48.parking.txt,17.48.050,0,parking_min_per_unit,2.0,,,,,located within 100 feet of an entrance to the building,"Definition of covered outside long-term bicycle parking (within 100 ft of an entrance). The reader's 2.0 comes from the cross-reference '(2)(g)'. Bicycle parking, not vehicle stalls per unit.",(B) Covered outside bicycle parking spaces that meet the requirements of subsection (2)(g) of this section and are located within 100 feet of an entrance to the building;
M0016,4157,not_here,clear,True,or/clackamas/milwaukie,or/clackamas/milwaukie/19.300.base-zones.txt,19.312.7,0,max_height_ft,15.0,,,,,"The ground-floor street wall area is defined as the area up to the finished ceiling height of the space fronting the street or 15 ft above finished grade, whichever is less.","This defines the 'ground-floor street wall area' used by a blank-wall / facade transparency design standard (L4155); the 15 ft is the upper edge of the measured wall area, not a building height limit. No field holds facade transparency.","The ground-floor street wall area is defined as the area up to the finished ceiling height of the space fronting the street or 15 ft above finished grade, whichever is less."
M0016,4278,not_here,inferred,True,or/clackamas/milwaukie,or/clackamas/milwaukie/19.300.base-zones.txt,19.312.7,0,max_height_ft,14.0,,,,,"The ground-floor height must be at least 14 ft, as measured from the finished floor to the ceiling","A MINIMUM floor-to-ceiling height for the ground floor, not a maximum building height; the surrounding 19.312.7 standards (customer/tenant/lobby entrances, mansard roofs banned under 3 stories) read as mixed-use/commercial design standards, not R-MD/R-HD rules. If 19.312.7 does turn out to reach residential buildings in these zones, a 14 ft ground floor would be an unencoded design condition with no field to hold it.","The ground-floor height must be at least 14 ft, as measured from the finished floor to the ceiling, or from the finished floor to the bottom of the structure above (as in a multistory building). The b"
M0017,1978,not_here,inferred,False,or/multnomah/portland,or/multnomah/portland/33.110.txt,33.815.040,195708,max_height_ft,50.0,,50,institutional uses,,Maximum Height [3]   50 ft.,"Row of Table 110-9 'Institutional Development Standards' (L1973-L1974): the 50 ft height governs institutional uses (schools, religious institutions, medical centers) in R zones, not household living. The residential heights we hold (30/35 ft) come from Table 110-3.",Maximum Height [3] 50 ft.
M0017,1979,not_here,inferred,True,or/multnomah/portland,or/multnomah/portland/33.110.txt,33.815.040,195708,max_height_ft,1.0 | 2.0,,,institutional uses,,"Minimum Building Setbacks [2]   1 ft. back for every 2 ft. of bldg. height, but in no","This is a setback row (1 ft of setback per 2 ft of height, minimum 15 ft), not a height limit, and it is in the institutional table 110-9; the reader took the ratio's 1 and 2 as heights. Not a standard on a fourplex.","Minimum Building Setbacks [2] 1 ft. back for every 2 ft. of bldg. height, but in no"
M0018,1718,not_here,clear,False,or/multnomah/portland,or/multnomah/portland/33.120.txt,33.120.270,195708,setback_side_ft,3.0,,3,"detached houses, lots >= 25 ft wide, internal lot lines of a land division",,their side setbacks reduced to 3 feet on lot lines internal to the land division site.,"33.120.270.D 'Reduced setbacks for detached houses' (L1716-L1717): a land-division allowance for detached houses on newly created lots, applying only to lot lines internal to the division. Different housing type and a different stage; an attached fourplex on one lot never reaches it.",their side setbacks reduced to 3 feet on lot lines internal to the land division site. The
M0018,1762,not_here,inferred,False,or/multnomah/portland,or/multnomah/portland/33.120.txt,33.120.270,195708,max_height_ft,25.0,,25,cottage cluster,,Maximum height. The maximum height allowed is 25 feet.,"Item 5 of the cottage cluster standards: every neighbouring item (L1745 site area, L1747 site width, L1749 maximum area, L1756 'Cottage clusters are exempt from...') names cottage clusters. The 25 ft cap is on cottages, not on an attached townhouse building.",5. Maximum height. The maximum height allowed is 25 feet. Existing dwelling units that
M0019,1224,encode,clear,False,or/multnomah/portland,or/multnomah/portland/33.120.txt,33.910,195708,setback_garage_entrance_ft,5.0,RM2 RM3 RM4 RX,5,"alternative to the 18 ft: garage entrance may be 5 ft or closer to the street lot line, provided it is no closer to the lot line than the facade of the residential portion",,"In the RM2, RM3, RM4, and RX zone, the garage entrance must be either 5 feet or closer to the street lot line, or 18 feet or farther from the street lot line.","We hold a flat 18 ft minimum for all six zones from Table 120-4 (L545-L546); the text makes it bimodal in RM2/RM3/RM4/RX -- either 5 ft or closer, or 18 ft or farther -- so a garage door at 0-5 ft that is flush with or behind the residential facade is legal and our 18 ft floor would fail it. RM1 and RMP keep the plain 18 ft. L1228-L1229 also waive the setback entirely on a lot line abutting an alley (not in our exceptions either).","a. In the RM2, RM3, RM4, and RX zone, the garage entrance must be either 5 feet"
M0019,1226,encode,clear,False,or/multnomah/portland,or/multnomah/portland/33.120.txt,33.910,195708,setback_garage_entrance_ft,5.0,RM2 RM3 RM4 RX,5,when the garage entrance is within 5 ft of the front lot line it may not be closer to the lot line than the facade of the residential portion of the building,,"If the garage entrance is located within 5 feet of the front lot line, it may not be closer to the lot line than the facade of the residential portion of the building.","Same rule as L1224 -- this sentence is the qualifier on the 'within 5 ft' branch, so one YAML entry quoting L1224-L1227 covers both marked lines; counted here so the quote span is not cut short of the facade condition. Not a duplicate: we hold no 5 ft figure for this field anywhere.","garage entrance is located within 5 feet of the front lot line, it may not be closer"
M0020,666,not_here,inferred,False,or/multnomah/gresham,or/multnomah/gresham/4.0100.residential.txt,4.0141,28873,max_height_ft,10.0,LDR-5 LDR-7 TLDR TR,10,roof-top wind energy system,,and shall not exceed 10 feet above the height of the roof on which the system is installed.,"4.0141.C.1.a: height cap on a roof-top wind energy system (L663-L665), measured above the roof it sits on. Accessory equipment, not the building; the building's own limit is the district height we already hold.",and shall not exceed 10 feet above the height of the roof on which the system is installed.
M0020,669,not_here,clear,False,or/multnomah/gresham,or/multnomah/gresham/4.0100.residential.txt,4.0141,28873,max_height_ft,10.0,MDR-12 MDR-24 OFR,10,roof-top wind energy system,,Roof-top. The height of roof-top wind energy systems shall not exceed a value equal to 10 feet,"Height cap on roof-top wind energy systems in MDR-12/MDR-24/OFR; accessory equipment, not a building height standard.",a. Roof-top. The height of roof-top wind energy systems shall not exceed a value equal to 10 feet
M0020,671,not_here,clear,False,or/multnomah/gresham,or/multnomah/gresham/4.0100.residential.txt,4.0141,28873,max_height_ft,45.0,MDR-12 MDR-24 OFR,45,building plus roof-top wind energy system combined,,the wind energy system height together shall not exceed 45 feet.,"A combined cap on building height plus a roof-top wind turbine; it constrains the turbine, not the building (the 35 ft building limit we hold still governs the structure). Only matters if a fourplex mounts a wind system.",the wind energy system height together shall not exceed 45 feet.
M0020,672,not_here,clear,False,or/multnomah/gresham,or/multnomah/gresham/4.0100.residential.txt,4.0141,28873,max_height_ft,45.0,MDR-12 MDR-24 OFR,45,ground-mounted wind energy system,,Ground-mounted. The height of ground-mounted wind energy systems shall not exceed 45 feet as,"Height cap on a ground-mounted wind energy system measured from grade at its base; accessory equipment, not the building.",b. Ground-mounted. The height of ground-mounted wind energy systems shall not exceed 45 feet as
M0021,218,not_here,inferred,False,or/multnomah/gresham,or/multnomah/gresham/4.0200.commercial.txt,4.0232,28873,max_height_ft,10.0,NC,10,"solar energy system on frames, flat or mansard roof",,frames shall not exceed 10 feet above the roof height on which the system is installed.,"4.0232.C.1.a: height of frame-mounted solar panels above a flat roof (L217); accessory equipment, not a building height. Separately, we_hold shows NO max_height_ft for NC at all -- that gap is real but this line is not its source.",frames shall not exceed 10 feet above the roof height on which the system is installed.
M0021,221,not_here,clear,False,or/multnomah/gresham,or/multnomah/gresham/4.0200.commercial.txt,4.0232,28873,max_height_ft,20.0,NC,20,ground-mounted solar energy system,,Ground-mounted. Ground-mounted solar energy systems shall not exceed 20 feet in height.,"Height cap on a ground-mounted solar array, not the building. NC's missing building height must come from the NC district standards, not from 4.0232.",2. Ground-mounted. Ground-mounted solar energy systems shall not exceed 20 feet in height.
M0022,667,not_here,inferred,False,or/multnomah/gresham,or/multnomah/gresham/4.0400.corridor.txt,4.0442,28873,max_height_ft,10.0,CC CMF CMU MC RTC SC SC-RJ,10,"solar energy system on frames, flat or mansard roof",,frames shall not exceed 10 feet above the roof height on which the system is installed.,"4.0442.C.1.a solar energy standards for corridor districts (L664): height of frame-mounted panels above a flat roof, accessory equipment. Note we_hold has no max_height_ft for RTC, SC or SC-RJ though they are chapter zones -- a gap, but not one this line fills.",frames shall not exceed 10 feet above the roof height on which the system is installed.
M0022,670,not_here,clear,False,or/multnomah/gresham,or/multnomah/gresham/4.0400.corridor.txt,4.0442,28873,max_height_ft,20.0,CC CMF CMU MC RTC SC SC-RJ,20,ground-mounted solar energy system,,Ground-mounted. Ground-mounted solar energy systems shall not exceed 20 feet in height.,"Height cap on a ground-mounted solar array in corridor districts, not on the building.",2. Ground-mounted. Ground-mounted solar energy systems shall not exceed 20 feet in height.
M0023,1340,not_here,clear,True,or/multnomah/troutdale,or/multnomah/troutdale/8.development-standards.txt,8,5139,parking_min_per_unit,100.0,,,manufactured home park,,factured home space or in an off-street parking bay within one hundred (100) feet,"Manufactured home park standard (item 9.f): the 100 is a DISTANCE -- resident stalls may sit in a parking bay within 100 ft of the home served -- not a stalls-per-unit ratio. Different housing type and a distance, not a ratio; the actual ratio is deferred to Chapter 9 (L1336-L1337), which we already hold.",factured home space or in an off-street parking bay within one hundred (100) feet
M0023,1348,not_here,inferred,True,or/multnomah/troutdale,or/multnomah/troutdale/8.development-standards.txt,8,5139,parking_min_per_unit,100.0,,,non-residential uses inside a manufactured home park,,These parking spaces shall be provided within one hundred (100) feet of the,"Item 9.h (L1346-L1349): stalls for non-residential uses within a manufactured home park must be within 100 ft of that use; a distance, for a non-residential use, inside a manufactured home park. Not a per-unit ratio and not our building.",These parking spaces shall be provided within one hundred (100) feet of the
M0024,1978,not_here,inferred,False,or/multnomah/_unincorporated,or/multnomah/_unincorporated/33.110.txt,33.815.040,2855,max_height_ft,50.0,,50,institutional uses (Table 110-9),,Maximum Height [3] 50 ft.,"This row is in Table 110-9, headed 'Institutional Development Standards [1]' (L1973-L1974), inside 33.815.040 -- the conditional-use standards for schools, religious institutions and similar institutional uses in the R zones. The 50 ft ceiling governs institutional buildings, not a 4-unit townhouse; our residential 30 ft (L435/L454) stands.",Maximum Height [3] 50 ft.
M0024,1979,not_here,inferred,True,or/multnomah/_unincorporated,or/multnomah/_unincorporated/33.110.txt,33.815.040,2855,max_height_ft,1.0 | 2.0,,,institutional uses (Table 110-9),,"Minimum Building Setbacks [2] 1 ft. back for every 2 ft. of bldg. height, but in no case less than 15 ft.","Not a height standard: this is the minimum building setback row of Table 110-9 (institutional development), a height-proportional setback with a 15 ft floor. The reader matched 'bldg. height' to max_height_ft. Either way it governs institutional uses only, so nothing to encode for our building.","Minimum Building Setbacks [2] 1 ft. back for every 2 ft. of bldg. height, but in no"
M0025,597,encode,inferred,False,or/multnomah/_unincorporated,or/multnomah/_unincorporated/33.140.txt,33.140,2855,max_height_ft,45.0 | 65.0,EG2 IG2,,"no limit (the EG2 and IG2 cells read 'no limit', not a number)",,Maximum Height 45 ft. no limit 65 ft no limit no limit no limit,"Table 140-2, the E/I-zone development standards. Column order is EG1, EG2, EX, IG1, IG2, IH -- confirmed inside the passage by the abutting-R setback row (L604: the EG2, IG2 and IH cells read 15 ft, matching Table 140-3's 'EG2, IG2, IH' group at L629). The 45 ft and 65 ft the reader took are the EG1 and EX cells, neither a chapter zone; the EG2 and IG2 cells both read 'no limit'. We hold no max_height_ft at all for EG2 or IG2, so write both as no height limit (exempt/unbounded), never as 45 or 65.",Maximum Height 45 ft. no limit 65 ft no limit no limit no limit
M0025,629,not_here,unclear,True,or/multnomah/_unincorporated,or/multnomah/_unincorporated/33.140.txt,33.140,2855,max_height_ft,15.0 | 10.0,EG2 IG2,,side or rear lot line abutting an R-zoned lot; any wall height,,"EG2, IG2, IH Any height 15 ft. / 10 ft. @ L3 15 ft. / 10 ft. @ L3","Not a height standard. Table 140-3 (L625-L626 header) gives the minimum building setback from a side and from a rear lot line abutting an R-zoned lot, banded by wall height; for EG2, IG2, IH at any height it is 15 ft, or 10 ft with L3 landscaping (note [1] L631: not for lot lines abutting RX). The fields it belongs to are setback_side_ft / setback_rear_ft with an abutting-R condition. I cannot tell from this batch whether EG2/IG2 already hold that -- we_hold lists only max_height_ft here; if they do not, this is the line to encode.","EG2, IG2, IH Any height 15 ft. / 10 ft. @ L3 15 ft. / 10 ft. @ L3"
M0026,237,not_here,clear,False,or/multnomah/fairview,or/multnomah/fairview/19.163.txt,19.163.050,2456,max_height_ft,12.0,,12,wire fence around a recreational court,,"Any recreational court, with the consent of the planning commission, may be enclosed by a wire fence not to exceed 12 feet in height","19.163.050.D is a fence height for recreational-court enclosures, not a building height. Fences are not the building being screened.","D. Fences – Recreational Courts. Any recreational court, with the consent of the planning commission, may be enclosed by a wire fence not to exceed 12 feet in height; provided, that no part of the cou"
M0026,247,not_here,clear,False,or/multnomah/fairview,or/multnomah/fairview/19.163.txt,19.163.050,2456,max_height_ft,10.0,,10,electric fence; industrial and agricultural holding districts only (L245),,The electric fence shall not exceed 10 feet in height and shall be completely surrounded by a nonelectric fence or wall a minimum of six feet in height.,"An electric-fence height, and L245 restricts electric fences to general industrial, light industrial and agricultural holding districts. Neither a building nor a residential zone.",2. The electric fence shall not exceed 10 feet in height and shall be completely surrounded by a nonelectric fence or wall a minimum of six feet in height.
M0027,187,not_here,clear,True,or/multnomah/fairview,or/multnomah/fairview/19.164.txt,19.164.040,2456,parking_min_per_unit,10.0,,,short-term bicycle parking for multi-unit dwellings,,Short-term bicycle parking shall be provided at a ratio of one bicycle space for every 10 vehicle parking spaces,"Bicycle parking, not vehicle stalls: 1 short-term bike space per 10 vehicle spaces (and L189, unmarked, 1 long-term bike space per dwelling unit) for multi-unit dwellings. No bicycle field on this screen; with Fairview's vehicle minimum held at 0 (L25) the short-term ratio yields zero spaces anyway.","a. Short-term bicycle parking shall be provided at a ratio of one bicycle space for every 10 vehicle parking spaces and shall be located within 30 feet of the main entrance to the building, in a locat"
M0027,193,not_here,clear,True,or/multnomah/fairview,or/multnomah/fairview/19.164.txt,19.164.040,2456,parking_min_per_unit,10.0,,,"short-term bicycle parking for commercial retail, office and institutional developments",,one bicycle space for every 10 vehicle parking spaces and shall be located within 50 feet of the main entrance to the building,"Bicycle parking, and under the heading at L191 'Commercial Retail, Office, and Institutional Developments'. Wrong standard and wrong use for a 4-unit townhouse.","a. Short-term bicycle parking shall be provided at a ratio of one bicycle space for every 10 vehicle parking spaces and shall be located within 50 feet of the main entrance to the building, in a locat"
M0028,414,not_here,clear,True,or/clackamas/_unincorporated,or/clackamas/_unincorporated/zdo.1015.txt,1015.03,0,parking_min_per_unit,2.0,,,bicycle parking location,,At least 75 percent of the bicycle parking spaces shall be located within 50 feet of a public entrance to the building.,A bicycle-parking location standard (75% within 50 ft of an entrance). The reader's '2' is the list numeral. Not a vehicle-stall ratio.,2 At least 75 percent of the bicycle parking spaces shall be located within 50 feet of a public entrance to the building.
M0028,424,not_here,clear,True,or/clackamas/_unincorporated,or/clackamas/_unincorporated/zdo.1015.txt,1015.03,0,parking_min_per_unit,1.0,,,bicycle parking cover; quadplexes named,,"When more than seven bicycle parking spaces are required, a minimum of 50 percent of the spaces shall be covered.","A bicycle-parking design standard, not vehicle stalls; the reader's '1' is the list numeral. Worth knowing but not for this field: the second sentence makes ALL required bicycle spaces for 'quadplexes, and multifamily dwellings' covered, a real obligation on our building that no field on this screen holds.","1 When more than seven bicycle parking spaces are required, a minimum of 50 percent of the spaces shall be covered. All of the required bicycle spaces for schools, park-and-ride lots, congregate housi"
M0028,428,not_here,clear,True,or/clackamas/_unincorporated,or/clackamas/_unincorporated/zdo.1015.txt,1015.03,0,parking_min_per_unit,3.0 | 15.0,,,bicycle parking security when more than 15 covered spaces are required,,"When more than 15 covered bicycle parking spaces are required, 50 percent of the required covered spaces shall be enclosed","Bicycle-parking enclosure standard; the reader's '3' is the list numeral and '15' is a bicycle-space threshold. Not a vehicle-stall ratio, and a 4-unit building will not reach 15 required bicycle spaces.","3 When more than 15 covered bicycle parking spaces are required, 50 percent of the required covered spaces shall be enclosed and offer a high level of security, e.g., bicycle lockers or a locked cage "
M0029,327,encode,unclear,False,or/clackamas/happy-valley,or/clackamas/happy-valley/16.22.residential.txt,16.22.030,0,max_density_du_per_acre,8.5,R8.5,5.12,"one primary dwelling unit per 8,500 sq ft of lot (43,560 / 8,500 = 5.12 du/acre); applicability to a quadplex needs the middle-housing provisions",,"The numerical designation of R-8.5 shall be interpreted to mean that the maximum density shall be one primary dwelling unit per 8,500 square feet.","The reader's 8.5 is the zone label, not a density. The line states an operative district-wide maximum density (1 primary du per 8,500 sq ft) and we hold null for R8.5's base density, only a unit_lots exception at 20.5 (which is 4 units per 8,500 sq ft, i.e. the per-unit lot-area table at L468/L471). This is the same shape as Milwaukie's R-MD 6.2 du/acre cap named in the field's own description. What I cannot tell from this passage: whether 16.22's middle-housing section disapplies this density to quadplexes (OAR 660-046-0220 bars density maximums on large-city middle housing) -- taken literally it asks 34,000 sq ft for four units and would RED the zone. Encode as the stated cap with that ruling attached, or record the refusal in prose; do not leave it unread.","Residential—Eight thousand five hundred Square Feet (R-8.5). This urban residential district responds to the continuing urbanization of the City. Single-family detached dwellings are encouraged, but m"
M0029,331,encode,unclear,False,or/clackamas/happy-valley,or/clackamas/happy-valley/16.22.residential.txt,16.22.030,0,max_density_du_per_acre,7.0,R7,6.22,"one primary dwelling unit per 7,000 sq ft of lot area (43,560 / 7,000 = 6.22 du/acre); applicability to a quadplex needs the middle-housing provisions",,"The numerical designation R-7 shall be interpreted to mean that the maximum density shall be one primary dwelling unit per 7,000 square feet of lot area.","Same as L327 for R-7: the reader's 7.0 is the zone label; the operative figure is 1 primary du per 7,000 sq ft. We hold null for R7's base density with a unit_lots exception at 24.9 (4 units per 7,000 sq ft). The open question is identical -- whether the chapter's middle-housing provisions (L468/L471) override this district density for quadplexes; read literally it asks 28,000 sq ft for four units. Needs a ruling, not silence.",Residential—Seven thousand Square Feet (R-7). This development district will allow more urban residential density within the City through the use of small lots and a variation in dwelling types. Trend
M0030,371,not_here,clear,False,or/clackamas/tualatin,or/clackamas/tualatin/40-41.residential.txt,41.220,0,max_height_ft,75.0,,75,"water reservoirs (Basic Utilities, conditional use)",,"Conditional uses limited to water reservoirs, with a maximum height of 75 feet.","A use-table limitation on Basic Utilities (L368): conditional-use water reservoirs may be up to 75 ft. It is a height for reservoirs, not for a dwelling; RML's 35 ft (L577) stands.",with a maximum height of 75 feet.
M0030,516,not_here,inferred,False,or/clackamas/tualatin,or/clackamas/tualatin/40-41.residential.txt,41.220,0,min_lot_width_ft,100.0 | 40.0,RML,100,conditional uses (row of the RML minimum average lot width table),,Conditional Uses 100 feet Minimum lot width at street is 40 feet.,"This is the 'Conditional Uses' row of the RML MINIMUM AVERAGE LOT WIDTH table (L497); a quadplex is a permitted use with its own row here (L478 in the lot-size table, L501-L503 in the width table), so 100 ft / 40 ft at street do not reach our building. But the same table shows we hold NO min_lot_width_ft for RML at all: L501-L503 'Duplex, Triplex, Quadplex, and Cottage Clusters 50 feet May be reduced to 30 feet if on a cul-de-sac' (26 ft for Flexible Lot Subdivisions) -- that unmarked line is the one RML is missing.",Conditional Uses 100 feet Minimum lot width at street is 40 feet.
M0031,4335,not_here,inferred,False,or/clackamas/wilsonville,or/clackamas/wilsonville/4.planning.txt,4.163,0,min_lot_sqft,30000.0,RA-H,30000,RA-H (Residential Agricultural-Holding) zone,,"A. Minimum Lot Size: 30,000 square feet.","These '(.05) Dimensional Standards' belong to the RA-H zone (Wilsonville 4.110), identified from the surrounding permitted uses -- non-commercial parks kept 45 ft from 'any other lot in a residential or RA-H district' (L4319-L4320), farm-product stands (L4332) -- not to any of the chapter zones; the batch's '4.163' section label is off. RA-H is not an encoded zone. If any screened lot sits in RA-H that is a zone gap for the zone ledger, not a figure to add to OTR/PDR/R/RN/V.","A. Minimum Lot Size: 30,000 square feet."
M0031,4336,not_here,inferred,False,or/clackamas/wilsonville,or/clackamas/wilsonville/4.planning.txt,4.163,0,setback_rear_ft,30.0,RA-H,30,RA-H (Residential Agricultural-Holding) zone; front and rear,,B. Minimum Front and Rear Yard Setbacks: 30 feet.,Same RA-H dimensional standards as L4335: a 30 ft front and rear yard for the agricultural-holding zone (side yard 10 ft at L4337). None of the chapter zones; the values we hold for OTR/PDR/R/RN/V (15/20/5 ft) come from their own sections and are untouched by this line.,B. Minimum Front and Rear Yard Setbacks: 30 feet.
M0032,4633,not_here,inferred,False,or/clackamas/milwaukie,or/clackamas/milwaukie/19.500.supplementary.txt,19.511,0,max_coverage_pct,10.0,,,affordable-housing incentive (19.511),,Maximum lot coverage: up to 10 percentage points increase over the base maximum.,"19.511 is Milwaukie's affordable-housing incentive section (L4689 and L4693 condition the bonuses on 100% of units restricted to 80% AMI or affordable homeownership under 19.511.B). The 10 is an optional bonus increment over the base maximum for a qualifying regulated-affordable development, not a coverage figure on a market-rate 4-unit townhouse; the base 30% (R-MD) / 50% (R-HD) we hold still governs. A different stage/programme, not a site condition.",Maximum lot coverage: up to 10 percentage points increase over the base maximum.
M0032,4693,not_here,clear,True,or/clackamas/milwaukie,or/clackamas/milwaukie/19.500.supplementary.txt,19.511,0,max_units,19.511,,,,,"eligible for the incentives as defined in Subsection 19.511.B, the incentives identified in this subsection are increased by an additional 10 percentage points","The matched figure 19.511 is a section cross-reference (Subsection 19.511.B), not a dwelling-unit count. The sentence raises the affordable-homeownership incentive bonuses by 10 percentage points; it states no standard on our building and no unit maximum. Not a max_units line.","For housing developments where 100% of the total number of proposed dwelling units are homeownership units and are eligible for the incentives as defined in Subsection 19.511.B, the incentives identif"
M0033,173,not_here,clear,True,or/clackamas/gladstone,or/clackamas/gladstone/17.10.r-7.2.txt,17.10.050,0,max_units,2.0,,,cottage cluster only,,"Cottage cluster minimum setbacks can be reduced to five feet, if there is more than 150 square feet per dwelling unit of common open space provided","The matched 2 is the subsection reference in GMC 17.12.065(2). The sentence is a side-setback reduction (to 5 ft) for cottage clusters conditioned on common open space, a different housing type and a setback standard, not a unit count. Our 4-unit attached townhouse is not a cottage cluster.","Cottage cluster minimum setbacks can be reduced to five feet, if there is more than 150 square feet per dwelling unit of common open space provided, as defined in GMC Section 17.12.065(2)."
M0034,782,not_here,clear,True,or/clackamas/milwaukie,or/clackamas/milwaukie/19.600.parking.txt,19.606.4,0,parking_min_per_unit,1.0,,,,,"Calculating the 1/4-acre threshold (10,890 sq ft) is based on the cumulative area measured around the perimeter of all new off-street parking spaces","The matched 1 is the numerator of '1/4-acre'. The sentence tells how to measure the 1/4-acre parking-area threshold that triggers Milwaukie's parking-lot tree-canopy/landscaping standard (the surrounding lines L854, L862 are all canopy coverage). It is a parking lot's landscaping applicability rule, not a stalls-per-unit ratio; the 0.5/unit we hold at 19.600.parking.txt#L292 is untouched.","Calculating the 1/4-acre threshold (10,890 sq ft) is based on the cumulative area measured around the perimeter of all new off-street parking spaces, vehicle maneuvering lanes, vehicle maneuvering are"
M0035,1924,not_here,inferred,False,or/multnomah/portland,or/multnomah/portland/33.120.txt,33.120.275,195708,max_height_ft,75.0,,75,institutional development only (Table 120-8),,Maximum Height [3]   75 ft.,"This row belongs to Table 120-8 'Institutional Development Standards' (L1919-L1920) in 33.120.275, which governs institutional uses (schools, religious institutions, medical centers) on sites in the multi-dwelling zones, not residential buildings. The residential height limits we hold for RM1-RX come from Table 120-3 at #L529 and are unaffected. 75 ft happens to equal our RM4 value but it is a different standard for a different use, so not a duplicate.",Maximum Height [3] 75 ft.
M0035,1925,not_here,clear,True,or/multnomah/portland,or/multnomah/portland/33.120.txt,33.120.275,195708,max_height_ft,1.0 | 2.0,,,institutional development only (Table 120-8),,"Minimum Building Setbacks [2]   1 ft. back for every 2 ft. of bldg. height, but in no case less than 10 ft.","The 1 and 2 are the ratio of a height-scaled minimum building setback (1 ft of setback per 2 ft of height, floor 10 ft), a setback standard in step-back/per_height_ft form, not a maximum height. And it sits in Table 120-8 Institutional Development Standards, so it governs institutional uses, not our 4-unit townhouse. Residential setbacks in these zones come from Table 120-4, which note [2] at L1940 says this table only supersedes for institutional sites.","Minimum Building Setbacks [2] 1 ft. back for every 2 ft. of bldg. height, but in no case less"
M0036,674,not_here,clear,False,or/multnomah/gresham,or/multnomah/gresham/4.1500.springwater.txt,4,28873,max_height_ft,20.0,,20,"retail stores over 20,000 sq ft",,"Retail stores of greater than 20,000 square feet are exempted from this requirement, however buildings must be built to a height of 20 feet or contain a parapet wall of at least 20 feet in height.","A table note (4.1522 notes, L671-L675) for large retail stores in the Springwater commercial districts: a minimum built height or parapet of 20 ft, a floor not a ceiling, for a commercial use. Nothing here reaches a residential building in LDR-SW, THR-SW or VLDR-SW, whose 35/45/40 ft maximums at #L278 stand.",built to a height of 20 feet or contain a parapet wall of at least 20 feet in height.
M0037,883,not_here,clear,True,or/multnomah/troutdale,or/multnomah/troutdale/8.development-standards.txt,8.140,5139,max_units,1400.0,,,cottage cluster only,,"The maximum average floor area for a cottage cluster is one thousand four hundred (1,400) square feet per dwelling unit.","1,400 is square feet of average floor area per unit, a unit-size cap the screen holds no field for, not a count of dwelling units. And it is in 8.140's cottage cluster standards (L882 'Average Unit Size ... for a cottage cluster'), a different housing type from our attached townhouse.","four hundred (1,400) square feet per dwelling unit. Community buildings shall be included"
M0037,1002,not_here,clear,True,or/multnomah/troutdale,or/multnomah/troutdale/8.development-standards.txt,8.140,5139,parking_min_per_unit,10.0,,,cottage cluster only,,"Off-street parking spaces shall not be located within ten (10) feet of any other property line, except alley property lines.","10 ft is a parking-location setback from side and rear property lines, not a stalls-per-unit ratio, and it lives in the cottage cluster parking standards of 8.140 (L991-L992 'Cottage cluster projects', L1000 'cottages'). Our building's parking count stays at the 1.0/unit we hold from 9.parking.txt.",ii. Off-street parking spaces shall not be located within ten (10) feet of any other
M0038,61,encode,clear,False,or/multnomah/fairview,or/multnomah/fairview/19.120.txt,19.120.040,2456,max_coverage_pct,70.0,VTH,70,,,C. Lot Coverage. The total of all structures shall cover no more than 70 percent of any lot.,"Fairview's Village Townhouse (VTH) zone states a flat 70% maximum lot coverage for all structures, and we hold no max_coverage_pct for VTH at all. Townhouses are the zone's own housing type, so it applies to our 4-unit attached townhouse. YAML: VTH max_coverage_pct: 70, cite 19.120.txt#L61.",C. Lot Coverage. The total of all structures shall cover no more than 70 percent of any lot.
M0038,65,encode,inferred,True,or/multnomah/fairview,or/multnomah/fairview/19.120.txt,19.120.040,2456,max_units,10.0,VTH,10,front: either 10 or 15 ft from ROW; side: 0 ft both sides; rear: min 15 ft,,front facades shall be set back from the right-of-way for a distance of either 10 or 15 feet. Sides of units may have a setback of zero feet from property line on both sides of the lot. The rear facade shall be set back a minimum of 15 feet,"Not a unit count: the 10 is the front setback. The sentence states VTH's three setbacks: front 10 or 15 ft from the right-of-way (a two-value build-to form, 10 is the smaller), side 0 ft on both sides, rear minimum 15 ft. Nothing we encoded quotes this line and we hold nothing for VTH on coverage either, so I infer the VTH setbacks (setback_front_ft 10 [or 15], setback_side_ft 0, setback_rear_ft 15) are unheld; if they are already held from another citation, downgrade to duplicate. Would need we_hold for the setback fields to be sure.",E. Setbacks. Dwelling unit front facades shall be set back from the right-of-way for a distance of either 10 or 15 feet. Sides of units may have a setback of zero feet from property line on both sides
M0039,125,not_here,clear,True,or/multnomah/wood-village,or/multnomah/wood-village/350.065.all-other-uses.txt,350.065,772,parking_min_per_unit,2.0,,,,,(b) Option 2. One tree must be provided for every four parking spaces.,"The matched 2 is the option number ('Option 2'). The sentence sets a parking-lot interior landscaping ratio of one tree per four stalls with planter dimensions, a parking lot's landscaping standard, not a required stalls-per-unit figure. The 1/unit we hold from 350.045.required-spaces.txt is untouched.","(b) Option 2. One tree must be provided for every four parking spaces. If surrounded by cement, the tree planting area must have a minimum dimension of 4 ft. If surrounded by asphalt, the tree plantin"
M0040,187,not_here,clear,True,or/clackamas/gladstone,or/clackamas/gladstone/17.12.r-5.txt,17.12.050,0,max_units,2.0,R5,,cottage cluster with >150 sq ft per unit of common open space,,"Cottage cluster minimum setbacks can be reduced to five feet, if there is more than 150 square feet per dwelling unit of common open space provided","The sentence is a cottage-cluster setback reduction (side/rear setback to 5 ft), a different housing type; the '2' the reader took as a unit count is the subsection reference in 'GMC Section 17.12.065(2)', not a figure for any standard. If anything it belongs to a setback field, and only for cottage clusters, so nothing to encode for a 4-unit attached townhouse.","Cottage cluster minimum setbacks can be reduced to five feet, if there is more than 150 square feet per dwelling unit of common open space provided, as defined in GMC Section 17.12.065(2)."
M0041,4346,encode,unclear,False,or/clackamas/wilsonville,or/clackamas/wilsonville/4.planning.txt,4.120,0,min_frontage_ft,75.0,RA-H,75,reducible on a finding that the reduced frontage will not hinder future development to Comprehensive Plan densities,,"C. Minimum Street Frontage: 75 feet. A reduced street frontage may be approved, based on a","Section 4.120 (page header at L4340) sits before the R zone at 4.124 (L4443) and is Wilsonville's Residential Agricultural-Holding (RA-H) zone, which is not in chapter_zones and has no we_hold entry for any field; the 75 ft minimum street frontage is a lot standard for a zone we hold nothing for. To confirm I would need the section heading and its permitted-uses list showing that middle housing / a quadplex is permitted in RA-H; if it is not, this is not_here (a zone our building cannot use).","C. Minimum Street Frontage: 75 feet. A reduced street frontage may be approved, based on a"
M0041,4349,encode,unclear,False,or/clackamas/wilsonville,or/clackamas/wilsonville/4.planning.txt,4.120,0,max_height_ft,35.0,RA-H,35,,,D. Maximum Height: 35 feet.,"Same section (4.120, inferred to be the RA-H zone). 35 ft is the same number we hold for PDR1-6, R and V, but a duplicate needs a zone we hold it for and RA-H has no we_hold entry, so this is the height limit of an unencoded zone. Same caveat as L4346: confirm from the section's permitted uses that a quadplex is allowed in RA-H, otherwise not_here.",D. Maximum Height: 35 feet.
M0042,186,not_here,inferred,True,or/multnomah/portland,or/multnomah/portland/33.100.txt,33.100.200,195708,max_height_ft,1.0,OS,,"setback grows 1 ft per foot of building height, all property lines",,from all property lines a minimum of 1 foot for each foot of building height.,"This is 33.100.200.A.1 'Building setbacks', a setback proportional to height (a per_height_ft form: 1 ft of setback per 1 ft of height from all property lines), not a maximum building height; the OS zone has no numeric height limit here. It reaches OS only, where household living is limited to caretaker-type dwellings, so a 4-unit townhouse is not a use in this zone; if the OS setback fields are empty this is the rule that fills them, but it never binds our building.",from all property lines a minimum of 1 foot for each foot of building height.
M0043,2105,not_here,clear,False,or/multnomah/portland,or/multnomah/portland/33.110.txt,33.110.280,195708,max_height_ft,4.0,R10 R2.5 R20 R5 R7 RF,4,street-facing retaining walls in the area regulated by 33.110.280.B.1,,Retaining walls are limited to 4 feet in height measured from the bottom of the,"33.110.280 regulates street-facing retaining walls; 4 ft is a retaining wall's height (and L2107-2108's 3 ft is the spacing between walls), not the building's. We hold 30/35 ft building heights for these zones from L435/L454 and this line does not touch them.",1. Retaining walls are limited to 4 feet in height measured from the bottom of the
M0044,831,not_here,clear,False,or/multnomah/portland,or/multnomah/portland/33.150.txt,33.150.260,195708,max_height_ft,3.0,CI1 CI2 IR,,rooftop mechanical equipment within 50 ft of an R zone,,The equipment is set back from roof edges facing the R zone 3 feet for each foot of height,"33.150.260 is the screening standard for rooftop mechanical equipment: one of three ways to screen it (parapet, screen, or a 3-ft-per-foot-of-equipment-height setback from the roof edge). The 3 is a screening ratio for equipment, not a building height; we hold 75/150/75 ft for CI1/CI2/IR from L531 and nothing here changes them.",3. The equipment is set back from roof edges facing the R zone 3 feet for each foot of height
M0045,317,not_here,clear,False,or/multnomah/gresham,or/multnomah/gresham/4.0300.industrial.txt,4.0332,28873,max_height_ft,20.0,GI HI,20,ground-mounted solar energy systems,,Ground-mounted solar energy systems shall not exceed 20 feet in height.,"4.0332 sets height limits for solar energy systems in the industrial districts; 20 ft is the limit for a ground-mounted solar array, an accessory structure, not a building. GI and HI are industrial districts where a 4-unit townhouse is not a permitted use in any case.",2. Ground-mounted. Ground-mounted solar energy systems shall not exceed 20 feet in height.
M0046,329,not_here,clear,False,or/multnomah/gresham,or/multnomah/gresham/4.0300.industrial.txt,4.0333,28873,max_height_ft,45.0,GI HI,45,"roof-top wind energy systems, measured above the roof top",,Wind energy system height shall not exceed a value equal to 45 feet above the roof top.,"4.0333 sets height limits for wind energy systems in the industrial districts; 45 ft above the roof is a limit on a rooftop turbine, an accessory structure, not on the building. GI and HI do not allow our building regardless.",1. Roof-top. Wind energy system height shall not exceed a value equal to 45 feet above the roof top.
M0046,330,not_here,clear,False,or/multnomah/gresham,or/multnomah/gresham/4.0300.industrial.txt,4.0333,28873,max_height_ft,110.0,GI HI,110,ground-mounted wind energy systems,,Ground-mounted wind energy systems shall not exceed 110 feet in height.,"Same section as L329: 110 ft is the limit for a ground-mounted wind turbine in the industrial districts, an accessory structure, not a building height. GI and HI are industrial zones that do not permit a 4-unit townhouse.",2. Ground-mounted. Ground-mounted wind energy systems shall not exceed 110 feet in height.
M0047,753,not_here,clear,False,or/multnomah/gresham,or/multnomah/gresham/4.1100.downtown.txt,4.1135,28873,max_height_ft,10.0,DRL-1 DRL-2,10,"roof-top wind energy systems in DRL-1 and DRL-2, measured above the roof",,not exceed 10 feet above the height of the roof on which the system is installed.,"4.1135.1.a limits a rooftop wind energy system in DRL-1/DRL-2 to the district height limit and to 10 ft above the roof it sits on; it is an accessory-equipment limit that references the building height we already hold (35 ft DRL-1, 50 ft DRL-2 from L426) rather than setting a new one.",not exceed 10 feet above the height of the roof on which the system is installed.
M0048,448,not_here,clear,False,or/multnomah/gresham,or/multnomah/gresham/4.1200.civic-neighborhood.txt,4.1200,28873,max_height_ft,20.0,,20,ground-mounted solar energy system,,Ground-mounted solar energy systems shall not exceed 20 feet in height.,"This is the height cap on a ground-mounted solar energy system (4.1234 Solar Energy Standards), an accessory installation, not the building. We hold no max_height_ft at all for CNRM/CNTH/CNTM; L457 of the same document refers to 'the district height limit', so one exists elsewhere in 4.1200, but this line is not it.",2. Ground-mounted. Ground-mounted solar energy systems shall not exceed 20 feet in height.
M0049,441,not_here,clear,False,or/multnomah/gresham,or/multnomah/gresham/4.1200.civic-neighborhood.txt,4.1234,28873,max_height_ft,10.0,,10,roof-top solar on a flat or mansard roof,,the solar energy systems on frames shall not exceed 10 feet above the roof height on which the system is installed.,"4.1234.C limits how far a roof-mounted solar panel frame may rise above the roof it sits on (10 ft on flat roofs, 18 in on pitched roofs at L446). It is an accessory-equipment projection limit, not the building's height standard, and it reads as an addition above whatever the district limit is.",not exceed 10 feet above the roof height on which the system is installed.
M0050,458,not_here,clear,False,or/multnomah/gresham,or/multnomah/gresham/4.1200.civic-neighborhood.txt,4.1235,28873,max_height_ft,10.0,,10,roof-top wind energy system,,Wind energy systems shall not exceed the district height limit in which they are located and shall not exceed 10 feet above the height of the roof on which the system is installed.,"4.1235.C.1 caps a roof-top wind turbine at 10 ft above the roof and at the district height limit; it is equipment, not the building. The sentence does confirm a 'district height limit' exists for the Civic Neighborhood districts, which we hold nothing for (we_hold is empty for CNRM/CNTH/CNTM), but the number is not on this line.",exceed 10 feet above the height of the roof on which the system is installed.
M0050,459,not_here,clear,False,or/multnomah/gresham,or/multnomah/gresham/4.1200.civic-neighborhood.txt,4.1235,28873,max_height_ft,45.0,,45,ground-mounted wind energy system,,The height of ground-mounted wind energy systems shall not exceed 45 feet as measured,"The 45 ft is the height cap on a free-standing wind turbine (grade to top of system), an accessory structure. It does not govern the townhouse building.",2. Ground-mounted. The height of ground-mounted wind energy systems shall not exceed 45 feet as measured
M0050,460,not_here,clear,False,or/multnomah/gresham,or/multnomah/gresham/4.1200.civic-neighborhood.txt,4.1235,28873,max_height_ft,45.0,,45,ground-mounted wind energy system; 110 ft with Special Use Review,,from the grade at the base of the equipment to the top of the system. The height limit of 45 feet can be,"Continuation of L459: the same 45 ft wind-turbine cap, restated to say it may be exceeded up to 110 ft with a Special Use Review (L461). Equipment height, not building height.",from the grade at the base of the equipment to the top of the system. The height limit of 45 feet can be
M0051,1090,not_here,clear,False,or/multnomah/gresham,or/multnomah/gresham/9.0800.parking.txt,9.0861,28873,max_height_ft,6.0,,6,window sill in a parking structure where floor levels prevent a 4 ft sill,,the sill may be raised to allow it to be no more than 2 feet above finished floor up to a maximum sill height of 6 feet above grade.,"9.0861 is the design standard for parking structures (above-ground parking garages); the 6 ft is the maximum height of a required window or wall opening's sill, a facade-transparency rule. Our building parks at grade and this is not a building height in any case.",maximum sill height of 6 feet above grade.
M0052,71,not_here,clear,False,or/multnomah/gresham,or/multnomah/gresham/pws.6.03-6.04.txt,6.04,28873,max_height_ft,3.0,,3,within a Clear Vision Area at a street/alley/driveway intersection,,"No fence, wall, landscaping, sign, structure, or parked vehicle that would impede visibility between a height of 3 feet and 10 feet above the center line grades","PWS 6.04 is the corner sight-triangle rule: 3 ft to 10 ft is the visibility band that must stay clear, not a height limit on the building. It is, however, a placement constraint no field in `standards` holds: on a corner lot no structure, driveway or parking may sit inside the triangle (40 ft legs at street intersections per L112, 25 ft at alleys per L114, and one is formed at every street-and-driveway junction per L69).","wall, landscaping, sign, structure, or parked vehicle that would impede visibility between a height of 3 feet"
M0053,1114,not_here,inferred,False,or/multnomah/troutdale,or/multnomah/troutdale/3.zoning-districts.txt,3.430,5139,min_lot_width_ft,150.0,IP,150,,,Minimum lot width   150 ft.   None   None,"This row belongs to the 3.430 table for the IP / LI / GI industrial districts (header at L1112: 'Land Use IP LI GI'), which do not permit a residential dwelling as a primary use, so a 4-unit townhouse cannot be sited there; we hold nothing for these zones for that reason. The 150 ft applies to IP only; LI and GI say None. If the industrial districts turn out to list dwellings as permitted, this whole table becomes encode.",Minimum lot width 150 ft. None None
M0053,1117,not_here,inferred,False,or/multnomah/troutdale,or/multnomah/troutdale/3.zoning-districts.txt,3.430,5139,setback_front_ft,20.0,IP LI GI,20,,,Front yard setback   20 ft.   20 ft.   20 ft.,"Industrial-district (IP / LI / GI) front setback from the 3.430 table; the building is not a permitted use in these districts, so the figure does not reach it. 20 ft in all three columns.",Front yard setback 20 ft. 20 ft. 20 ft.
M0053,1118,not_here,inferred,False,or/multnomah/troutdale,or/multnomah/troutdale/3.zoning-districts.txt,3.430,5139,setback_side_ft,15.0 | 10.0,IP LI,15,,,Side yard setback   15 ft.   10 ft.   None,"Industrial-district side setback: IP 15 ft, LI 10 ft, GI none (with a 3.430.B.4 cross-reference at L1119). Our building is not a use in IP / LI / GI, so nothing to encode.",Side yard setback 15 ft. 10 ft. None
M0053,1120,not_here,inferred,False,or/multnomah/troutdale,or/multnomah/troutdale/3.zoning-districts.txt,3.430,5139,setback_street_side_ft,15.0 | 10.0,IP LI,15,,,Street side yard setback   15 ft.   10 ft.   None,"Industrial-district street-side setback: IP 15 ft, LI 10 ft, GI none (see 3.430.B.4 at L1121). Not a residential district; the townhouse cannot be placed there.",Street side yard setback 15 ft. 10 ft. None
M0053,1122,not_here,inferred,False,or/multnomah/troutdale,or/multnomah/troutdale/3.zoning-districts.txt,3.430,5139,setback_rear_ft,10.0,IP,10,,,Rear yard setback   10 ft.   None   None,"Industrial-district rear setback: IP 10 ft, LI and GI none (see 3.430.B.4 at L1123). Same table, same reason: no dwelling use in IP / LI / GI.",Rear yard setback 10 ft. None None
M0053,1132,not_here,inferred,False,or/multnomah/troutdale,or/multnomah/troutdale/3.zoning-districts.txt,3.430,5139,max_height_ft,35.0 | 45.0,IP LI,35,,,Maximum Height of the Structure   35 ft.   45 ft.   see 3.430.B.2,"Industrial-district height: IP 35 ft, LI 45 ft, GI deferred to 3.430.B.2. The 35 coincides with what we hold for HDR / LDR / MDR / MU-2 but it is a different table for different districts, so it is not a duplicate; it is simply not a standard on a residential building.",Maximum Height of the Structure 35 ft. 45 ft. see 3.430.B.2
M0054,67,not_here,clear,True,or/multnomah/troutdale,or/multnomah/troutdale/9.parking.txt,9.010,5139,parking_min_per_unit,2000.0,,,off-site parking allowance,,"Required parking spaces may be provided off-site, within two thousand (2,000) feet of","The 2,000 is a walking distance (feet of pedestrian travel) within which required stalls may be located off-site, a relief provision, not a stalls-per-unit ratio; the reader matched a distance to the ratio field. No field in `standards` holds an off-site distance, and the ratio we hold (1 per unit, townhome row L94 / quadplex L92-93) is unaffected.","A. Required parking spaces may be provided off-site, within two thousand (2,000) feet of"
M0055,583,not_here,clear,True,or/multnomah/troutdale,or/multnomah/troutdale/9.parking.txt,9.115,5139,parking_min_per_unit,8.0 | 16.0,,,"compact stalls, up to 35% of required spaces",,The compact size of a parking space shall be eight (8) feet by sixteen (16) feet (one,"8 x 16 are the dimensions of an optional compact stall, not a count per unit; the reader matched stall geometry to the ratio field. The binding stall for a screen that assumes standard stalls is 9 x 18 at L580, and the compact size is an allowance (at most 35% of required stalls, i.e. 1 of our 4). If a stall-dimension field exists and holds nothing for Troutdale, L580 is the line to encode, not this one.",2. The compact size of a parking space shall be eight (8) feet by sixteen (16) feet (one
M0056,186,not_here,inferred,True,or/multnomah/_unincorporated,or/multnomah/_unincorporated/33.100.txt,33.100.200,2855,max_height_ft,1.0,OS,,"1 ft of setback per 1 ft of building height, from all property lines",,from all property lines a minimum of 1 foot for each foot of building height.,"The sentence is a setback rule (a per-height-ft setback from every property line), not a height limit; the field it belongs to is the setbacks, in a per_height_ft form. Chapter 33.100 is the Open Space zone and 33.100.200's uses are recreational and institutional (playgrounds, sports fields, schools), so a fourplex is not a use this standard reaches; nothing to encode.",from all property lines a minimum of 1 foot for each foot of building height.
M0057,2105,not_here,clear,False,or/multnomah/_unincorporated,or/multnomah/_unincorporated/33.110.txt,33.110.280,2855,max_height_ft,4.0,R10 R20 R5 R7 RF,4,"retaining walls, measured from the bottom of the footing",,Retaining walls are limited to 4 feet in height measured from the bottom of the footing,"This is the height cap on a retaining wall in the street-facing area regulated by 33.110.280, not the building height; the 30 ft building height we hold for these zones from L435/L454 is untouched. A wall's height is a different thing.",1. Retaining walls are limited to 4 feet in height measured from the bottom of the
M0058,1551,not_here,clear,False,or/multnomah/_unincorporated,or/multnomah/_unincorporated/39.cfu.txt,39.4110,2855,max_height_ft,2.0,CFU,2,vegetation inside the primary fire safety zone,,other vegetation should be kept less than 2 feet in height.,"The 2 feet is how tall vegetation may be kept within the 30 ft primary fire safety zone around a dwelling (MCC 39.4110 fire safety standards), not a building height. CFU is the Commercial Forest Use zone; the whole section is single-dwelling forest-zone fire-safety siting, not a standard on a fourplex.",than 2 feet in height.
M0059,4,encode,inferred,False,or/multnomah/_unincorporated,or/multnomah/_unincorporated/39.lr-10.txt,39.4868,2855,min_lot_sqft,10000.0,LR10,10000,stated in the purpose clause 'for one dwelling'; confirm in the LR-10 dimensional-requirements section and the LR general provisions (MCC 39.4778-39.4786) for any middle-housing lot minimum,,"Urban Low Density Residential Base zone with a minimum lot size of 10,000 square feet for one dwelling.","We hold no minimum lot area at all for LR10, and 10,000 sq ft appears nowhere in what this jurisdiction holds for the field (the held values are the Title 33 R-zone and rural-acreage figures). The zone's lot minimum is 10,000 sq ft. This line is the purpose statement, so cite the operative dimensional section once it is read; if the LR general provisions set a different minimum for a fourplex, that number governs instead, but 10,000 is the zone's floor and should not be left empty.","lot size of 10,000 square feet for one dwelling."
M0060,59,encode,clear,False,or/multnomah/fairview,or/multnomah/fairview/19.130.txt,19.130.040,2456,max_height_ft,55.0 | 70.0,VO,55,"tower elements may reach 70 ft (an architectural-element allowance, not the building cap)",,Buildings within this zone may not exceed 55 feet in height and tower elements shall not exceed 70 feet.,"We hold no building height for VO and this is the zone's plain height standard: 55 ft for buildings. The 70 ft applies only to tower elements and should not be written as the building height. L61 also states there are no setbacks in VO, which is worth checking against what we hold for the VO setbacks. If VO's use table excludes multi-unit residential the zone is moot for our building, but this passage does not say so and the height figure is the zone's regardless.",A. Height. Buildings within this zone may not exceed 55 feet in height and tower elements shall not exceed 70 feet.
M0061,102,not_here,inferred,False,or/multnomah/fairview,or/multnomah/fairview/19.80.txt,19.80.040,2456,max_coverage_pct,85.0,LI,85,counts buildings plus impervious (paved) surfaces and accessory structures,,The maximum allowable lot coverage in the light industrial district is 85 percent.,"Two reasons. It is the light industrial district's standard, and a fourplex is not an industrial use. And the 85 percent is computed over buildings AND paved surfaces, so it is an impervious-coverage cap, not the building-coverage standard the field describes; writing it into max_coverage_pct would mis-state the denominator even in a zone we screen.",The maximum allowable lot coverage in the light industrial district is 85 percent. The maximum allowable lot coverage is computed by calculating the total area covered by buildings and impervious (pav
M0062,137,not_here,inferred,False,or/multnomah/fairview,or/multnomah/fairview/19.85.txt,19.85.040,2456,max_coverage_pct,85.0,GI,85,counts buildings plus impervious (paved) surfaces and accessory structures,,The maximum allowable lot coverage in the general industrial district is 85 percent.,"Same shape as LI 19.80.040: the general industrial district's coverage cap, and one that counts paved surfaces with buildings. An industrial district's standard on a use that is not ours, and a different standard (impervious, not building coverage) besides.",The maximum allowable lot coverage in the general industrial district is 85 percent. The maximum allowable lot coverage is computed by calculating the total area covered by buildings and impervious (p
M0063,210,not_here,inferred,False,or/clackamas/_unincorporated,or/clackamas/_unincorporated/zdo.1012.txt,1012.07,0,min_lot_sqft,43560.0,,43560,"base-density calculation step (gross site area divided by 1 acre per dwelling unit), rounded per subdivision/partition size",,"Divide GSA by the minimum lot area per dwelling unit of 43,560 square feet. The result is base density.","This is a step in a land-division density calculation (gross site area, base density, rounding rules for a subdivision or partition of 10 lots or fewer), a different stage from siting a fourplex on a lot. The 1 acre per dwelling unit cannot be the minimum lot for R5-R30 or VR45/VR57, whose lot minimums run 5,000-30,000 sq ft and for which we hold the 7,000 sq ft fourplex figure from ZDO 845; 1012.07 must be computing density for some other, larger-lot zone not named in this passage.","2 Divide GSA by the minimum lot area per dwelling unit of 43,560 square feet. The result is base density."
M0064,1085,not_here,clear,False,or/clackamas/milwaukie,or/clackamas/milwaukie/19.200.definitions.txt,19.202.3,0,max_height_ft,4.5,,4.5,,,"Existing trees are measured at a height 4.5 ft above the mean ground level at the base of the tree, also sometimes referred to as ""diameter at breast height.""","A definition of how a tree's trunk diameter is measured (DBH at 4.5 ft). The 4.5 ft is a measuring point on a tree, not a building height or any standard on our building.","Existing trees are measured at a height 4.5 ft above the mean ground level at the base of the tree, also sometimes referred to as ""diameter at breast height."" Trees on slopes are measured from the gro"
M0065,2800,not_here,clear,False,or/clackamas/milwaukie,or/clackamas/milwaukie/19.500.supplementary.txt,19.507.3,0,max_height_ft,3.0,,3,,,"The sign shall not exceed 4 sq ft in area, shall not be illuminated, shall not exceed 3 ft in height","Height limit for a home-occupation sign (19.507.3 Permitted Signage). A sign, not a building; no standard on our building.","Only one sign is permitted on any property with an approved home occupation. The sign shall not exceed 4 sq ft in area, shall not be illuminated, shall not exceed 3 ft in height, and shall not be loca"
M0066,3542,not_here,clear,False,or/clackamas/oregon-city,or/clackamas/oregon-city/17.zoning.txt,17.04.1340,0,max_height_ft,4.5,,4.5,,,a height 4.5 feet above the ground level at the base of the,"Definition (17.04.1340) of where a mature tree's trunk diameter is measured: 4.5 ft above ground. A tree-measurement point, not a building height.",a height 4.5 feet above the ground level at the base of the
M0067,6734,not_here,inferred,False,or/clackamas/oregon-city,or/clackamas/oregon-city/17.zoning.txt,17.24.050,0,min_density_du_per_acre,17.4,,17.4,ground-floor residential uses in a commercial/mixed-use district,,"Ground-floor residential uses shall achieve a minimum net density of 17.4 units per acre, with no maximum net density.","Section 17.24.050 sits in a commercial district chapter (the surrounding lines cap ground-floor residential at 50% of the ground-floor nonresidential square footage), well past the R-zone chapters at L4122-L4378. The 17.4 du/acre floor governs residential uses in that commercial zone, not the R-10/R-8/R-6/R-5/R-3.5 zones this encoding reaches; if Oregon City's commercial zones are ever encoded, this is their ground-floor residential density floor.","minimum net density of 17.4 units per acre, with no maximum"
M0068,168,not_here,clear,False,or/clackamas/west-linn,or/clackamas/west-linn/25.willamette-historic.txt,25.040,0,max_height_ft,10.0,,10,,,"Construction of accessory structures under 120 square feet and 10 feet in height (greenhouses, storage sheds, jacuzzis, spas, structures, gazebos, etc.) in a side or rear yard.","An exemption from Willamette Historic District design review for small accessory structures (sheds, gazebos) under 10 ft. An accessory structure and a procedure threshold, not a building height limit on our building.","16. Accessory structures. Construction of accessory structures under 120 square feet and 10 feet in height (greenhouses, storage sheds, jacuzzis, spas, structures, gazebos, etc.) in a side or rear yar"
M0069,158,not_here,clear,False,or/clackamas/west-linn,or/clackamas/west-linn/46.parking.txt,46.090,0,parking_min_per_unit,20.0,,20,,,"For office, industrial, and public uses where there are more than 20 parking spaces for employees on the site","A carpool-reservation rule for office, industrial and public uses; the 20 is a threshold count of employee stalls, not a per-unit residential parking ratio. Commercial/industrial use, not our building.","B. For office, industrial, and public uses where there are more than 20 parking spaces for employees on the site, at least 10 percent of the employee parking spaces shall be reserved for carpool use b"
M0070,13956,not_here,clear,False,or/clackamas/wilsonville,or/clackamas/wilsonville/4.planning.txt,4.156.05,0,max_height_ft,30.0,,30,,,One site may have up to two exempt flags; no exempt flag may be more than 30 feet in height.,"Sign code (4.156.05) height cap on permit-exempt flags/flagpoles. A sign, not a building; no standard on our building.",exempt flag may be more than 30 feet in height.
M0071,14092,not_here,clear,False,or/clackamas/wilsonville,or/clackamas/wilsonville/4.planning.txt,4.156.07,0,min_frontage_ft,200.0,,200,,,additional entrances to the subdivision or development located on a separate street frontage or on the same street frontage located at least 200 feet apart.,"Sign code (4.156.07) spacing rule for additional subdivision/multi-family entrance signs: entrances at least 200 ft apart on one frontage may each get a sign. A sign-spacing distance, not a minimum lot frontage.",same street frontage located at least 200 feet apart.
M0072,16011,not_here,inferred,False,or/clackamas/wilsonville,or/clackamas/wilsonville/4.planning.txt,4.184,0,setback_side_ft,50.0,,50,a 4.184 conditional use with a five-acre minimum land area,,"2. Front, Rear and Side Yard Setbacks: A minimum of 50 feet.","This is the dimensional block of a conditional use, not a residential zone standard: item B sits under a use whose minimum land area is five acres (L16009) and is followed by '(.06) Conditional Use Regulations - Public Utility Structures'. A five-acre use with 50 ft yards on every side is not a 4-unit townhouse; the residential side setbacks we hold (5/7/10/0 at L3037, L7263, L5011) are unaffected.","2. Front, Rear and Side Yard Setbacks: A minimum of 50 feet."
M0073,18817,not_here,clear,False,or/clackamas/wilsonville,or/clackamas/wilsonville/4.planning.txt,4.199,0,max_height_ft,200.0,,200,wireless communication towers,,Towers more than 200 feet in height shall be,"A painting/marking rule for wireless communication facility towers (OSAD and FAA rules apply above 200 ft). The 200 is a threshold on a tower's height, not a building height limit.",compatible with the existing structure. Towers more than 200 feet in height shall be
M0074,18595,not_here,clear,False,or/clackamas/wilsonville,or/clackamas/wilsonville/4.planning.txt,4.801,0,max_height_ft,50.0,,50,wireless facility in the public right-of-way,,the maximum height allowed in the right-of-way is 50 feet.,Height cap for a wireless communication facility / small wireless facility placed in the public right-of-way (Section 4.801 WCF application standards). Not a building on a lot.,maximum height allowed in the right-of-way is 50 feet.
M0075,18844,not_here,clear,False,or/clackamas/wilsonville,or/clackamas/wilsonville/4.planning.txt,4.803,0,max_height_ft,20.0,,20,trees and shrubs near WCF guy wires,,guy wires shall be of a kind that would not exceed 20 feet in height,"A landscaping rule for a wireless facility site: plant species near guy wires must stay under 20 ft so an uprooted tree cannot take the guys down. Plant height, not building height.",guy wires shall be of a kind that would not exceed 20 feet in height and would not affect
M0076,454,not_here,inferred,True,or/clackamas/tualatin,or/clackamas/tualatin/40-41.residential.txt,41.300,0,max_units,10.0,,10,table row: Multi-Family (5 or more units),,10 units per acre,"The row label on L452-L453 is 'Multi-Family (5 or more units)'; a 4-unit attached townhouse is below that threshold. The figure is also a density rate (units per acre), not a dwelling-unit count, so max_units is the wrong field in any case.",10 units per acre
M0076,457,not_here,clear,True,or/clackamas/tualatin,or/clackamas/tualatin/40-41.residential.txt,41.300,0,max_units,12.0,,12,"table row: Manufactured Dwelling Parks, single-wide",,12 units per acre Limited to single-wide dwelling parks,"Density rate for manufactured dwelling parks (single-wide). A different housing type, and a units-per-acre rate rather than a unit count.",12 units per acre Limited to single-wide dwelling parks
M0076,462,not_here,inferred,True,or/clackamas/tualatin,or/clackamas/tualatin/40-41.residential.txt,41.300,0,max_units,15.0,,15,table row: Retirement Housing Facility or Congregate Care Facility,,15 units per acre,"The row label on L460-L461 is 'Retirement Housing Facility, or Congregate Care Facility'. A different use, and a units-per-acre rate rather than a unit count.",15 units per acre
M0076,463,not_here,clear,True,or/clackamas/tualatin,or/clackamas/tualatin/40-41.residential.txt,41.300,0,max_units,15.0,,15,table row: Nursing Facility,,Nursing Facility 15 units per acre,"Density rate for a nursing facility. A different use, and a units-per-acre rate rather than a unit count.",Nursing Facility 15 units per acre
M0076,464,not_here,clear,True,or/clackamas/tualatin,or/clackamas/tualatin/40-41.residential.txt,41.300,0,max_units,15.0,,15,table row: Group Living Uses,,Group Living Uses 15 units per acre,"Density rate for group living uses. A different use, and a units-per-acre rate rather than a unit count.",Group Living Uses 15 units per acre
M0077,487,duplicate,clear,False,or/multnomah/gresham,or/multnomah/gresham/4.0400.corridor.txt,4,28873,min_density_du_per_acre,12.0 | 25.0,CMF,12,middle housing in CMF along the NE Glisan Street and NE 162nd Avenue corridors,CMF#L295,minimum net density for middle housing shall be 12 units per acre,"Footnote 14 restates the 12 units/acre minimum we already hold for CMF from the corridor table (L295, L316-L321), for the Glisan/162nd CMF areas specifically. The same sentence goes on to set a MAXIMUM density (25 for townhouses, 24 for other middle housing), which is a standard we do not hold; that is proposed as encode under line 488.",minimum net density for middle housing shall be 12 units per acre and maximum density shall be 25 units per acre
M0077,488,encode,inferred,False,or/multnomah/gresham,or/multnomah/gresham/4.0400.corridor.txt,4,28873,max_units,24.0,CMF,24,"CMF along the NE Glisan Street and NE 162nd Avenue corridors; 24 units/acre for middle housing other than townhouses (a quadplex on one lot), 25 units/acre for townhouses (unit lots)",,maximum density shall be 25 units per acre for townhouses and 24 units per acre for all other middle housing uses.,"A maximum density on middle housing in CMF that we hold nothing for (max_units is empty). It is a rate, not a count: on a single lot our 4-unit pod is 'other middle housing' at 24 units/acre, so the lot must be at least 4/24 acre (about 7,260 sq ft); as townhouses on unit lots the cap is 25 units/acre (about 6,970 sq ft). A smaller CMF lot along Glisan/162nd screens GREEN today and should not. Footnote 14 also makes single detached dwellings and middle housing in these CMF areas conform to TLDR Tables 4.0130/4.0131 instead of the corridor table, so the CMF height/frontage/setbacks we hold from L295-L373 may not be the ones that apply on those corridors; outside this field, but it needs a ruling.",for townhouses and 24 units per acre for all other middle housing uses.
M0078,299,not_here,inferred,True,or/multnomah/troutdale,or/multnomah/troutdale/8.development-standards.txt,8.060,5139,max_units,200.0,,200,multi-family or mixed-use development containing more than five dwelling units,,the rate of two hundred (200) square feet per dwelling unit,"L297-L298 make this a usable-recreation-area rate (200 sq ft per unit, counted toward the landscaping percentage) for multi-family and mixed-use developments of more than five units. The nearest field would be open space, not max_units, and a 4-unit building is under the five-unit threshold, so nothing to encode.",the rate of two hundred (200) square feet per dwelling unit. Such areas shall be counted
M0079,925,encode,unclear,False,or/multnomah/fairview,or/multnomah/fairview/19.30.txt,19.30.090,2456,open_space_min_pct,10.0,R-10 R-6 R-7.5 R/MH RM RM/TOZ,10,"all multiple-unit developments; common open space, inclusive of required yard setbacks; site area net of required right-of-way and public dedications",,a minimum of 10 percent of the site area shall be designated and permanently reserved as usable common open space in all multiple-unit developments,"We hold no open-space figure for Fairview. This is COMMON open space (10 percent of site area, with required setbacks counting), whereas the field is labelled private open space; the private figures are the 48 sq ft patios/balconies at L929/L931, which are separate. Whether the 10 percent reaches our building turns on Fairview's definition of 'multiple-unit development' / 'multi-unit housing' (3, 4, or 5+ units, and whether middle housing is included), which this passage does not say; the definitions chapter and the applicability clause at the top of 19.30.090 would settle it, and would also say which of these zones it reaches. If it applies, 10 percent inclusive of setbacks rarely binds a small lot, but it is a standard to hold rather than leave as clear land.","1. Common Open Space. Inclusive of required yard setbacks, a minimum of 10 percent of the site area shall be designated and permanently reserved as usable common open space in all multiple-unit develo"
M0080,1649,not_here,clear,True,or/multnomah/portland,or/multnomah/portland/33.120.txt,33.120.255,195708,max_units,5.0 | 20.0,,,,,The circulation system on sites with 5 to 20 units must be at least 4 feet,"This is a pedestrian circulation path minimum WIDTH (4 ft), tiered by how many units the site has; 5 and 20 are the tier bounds, not a cap on dwelling units. Our 4-unit site falls in the 'up to 4 units' tier (L1647-L1648, 3 ft) anyway. No field on the screen holds pedestrian path width.",(2) The circulation system on sites with 5 to 20 units must be at least 4 feet
M0080,1654,not_here,clear,True,or/multnomah/portland,or/multnomah/portland/33.120.txt,33.120.255,195708,max_units,4.0,,,,,Segments of the circulation system that connect only to an entrance providing access to up to 4 units may be 3 feet wide.,"The 4 is the unit-count threshold for a 3 ft pedestrian path segment, not a maximum dwelling-unit count. It is a walkway-width standard (our building would qualify for the 3 ft segment), for which the screen holds no field.",providing access to up to 4 units may be 3 feet wide.
M0081,95,not_here,clear,True,or/multnomah/gresham,or/multnomah/gresham/4.0100.residential.txt,4.0114,28873,max_units,12.1,,,,,"single detached dwellings of 12.1 units per acre, manufactured dwelling parks at a maximum net density of 8.71 units per acre","Both figures are maximum net densities (du/acre, so max_density_du_per_acre, not a unit count) and both govern other housing types: 12.1 is for single detached dwellings, 8.71 for manufactured dwelling parks. The townhouse figure for our building is on L96.","single detached dwellings of 12.1 units per acre, manufactured dwelling parks at a maximum net density of"
M0081,96,encode,unclear,True,or/multnomah/gresham,or/multnomah/gresham/4.0100.residential.txt,4.0114,28873,max_units,8.71 | 25.0,MDR-12,25,townhouses; maximum net density (du/acre),,townhouses at a maximum net density of 25 units per acre,"This is a max_density_du_per_acre figure (25 du/acre for townhouses in MDR-12; four units would need about 6,970 sq ft net), not max_units, and it squarely reaches a 4-unit attached townhouse. Nothing in this item shows MDR-12 holding max_density_du_per_acre. It is the same purpose-statement pattern as M0082, where springwater's table entry (L243,L250-L253) already holds the townhouse figure as a unit_lots exception; if 4.0100's density table already holds 25 for MDR-12 townhouses, downgrade this to a duplicate of that entry. Need: MDR-12's max_density_du_per_acre we_hold entry.","8.71 units per acre, and townhouses at a maximum net density of 25 units per acre . Manufactured dwelling"
M0082,118,duplicate,inferred,True,or/multnomah/gresham,or/multnomah/gresham/4.1500.springwater.txt,4.1504,28873,max_units,3.6 | 14.4,VLDR-SW,14.4,townhouses (held as the unit_lots exception),"VLDR-SW#L243,L250-L253",for Townhouses of 14.4 units per acre,"A density (du/acre), so max_density_du_per_acre rather than max_units. The purpose statement restates the table: VLDR-SW already holds 14.4 as the unit_lots exception cited from L243,L250-L253. The other figure on the line, 3.6 du/acre, governs Single Detached Dwellings, not our building.","Dwellings of 3.6 units per acre, and for Townhouses of 14.4 units per acre. There is no minimum density in this"
M0083,785,not_here,clear,True,or/multnomah/fairview,or/multnomah/fairview/19.30.txt,19.30.060,2456,setback_garage_entrance_ft,20.0,,,,,Garage doors for attached and detached individual garages must not exceed 20 feet in width.,"A maximum garage-door WIDTH, not a setback to the garage entrance, and it sits in the cottage cluster design standards (subsection F, individual garages for cottages). Neither the thing measured nor the housing type is ours; no screen field holds garage door width.",d. Garage doors for attached and detached individual garages must not exceed 20 feet in width.
M0084,680,encode,unclear,False,or/clackamas/happy-valley,or/clackamas/happy-valley/16.22.residential.txt,16.22.040,0,max_height_ft,45.0 | 49.0,MURS,45,"single-family residential building, measured at the front elevation; side and rear elevations may reach 49 ft",,The single-family residential building height maximum is 45 feet at the front elevation; side and rear elevations may not exceed 49 feet.,"For R5 the 45 restates R5#L642,L670 and the 49 is a side/rear relaxation a single max_height cannot hold (45 is the conservative value). For MURS we hold 65 with no condition, but footnote [7] caps a 'single-family residential building' at 45 front / 49 side-rear. The shown height cells carry [6], whose text is the 20% open-space rule (it fits the L671 recreation-area row), so the table markers look shifted by one and [7] most likely governs the height row for both columns. Happy Valley's vocabulary calls townhomes 'single-family attached' (its SFA zone), so a 4-unit attached townhome may be a single-family residential building here, making MURS 45 for our building, not 65. Need: which cell carries [7], and whether a fourplex/attached townhome is 'single-family residential' in 16.22's definitions.",[7] The single-family residential building height maximum is 45 feet at the front elevation; side and rear elevations may not exceed 49 feet.
M0085,151,not_here,clear,True,or/clackamas/happy-valley,or/clackamas/happy-valley/16.43.parking.txt,16.43.030,0,parking_min_per_unit,1.0 | 4.0,,,,,A maximum number of vehicular parking spaces allowed exists if provided for in Table 16.43.030-1 (including footnotes 1 and 4),"The 1 and 4 are footnote numbers, not stalls per unit, and the sentence is about parking MAXIMUMS (a 23.0 per 1,000 sq ft cap for land uses in the Downtown District, Regional Center and Town Center, plus maximums in CFAs and within a half mile of priority transit corridors). No screen field holds a parking maximum; footnote 4 (L457) limits residential maximums to multifamily in centers and transit areas. Worth a note as an unencoded condition, not a min-per-unit figure.",Maximum Parking Allowed. A maximum number of vehicular parking spaces allowed exists if provided for in Table 16.43.030-1 (including footnotes 1 and 4) and a maximum surface parking area allowed exist
M0085,459,not_here,clear,True,or/clackamas/happy-valley,or/clackamas/happy-valley/16.43.parking.txt,16.43.030,0,max_units,660.0 | 39.0 | 10.0 | 456.25,,,,,"residential units smaller than 750 square feet, affordable housing as defined in OAR 660-039-0010, and publicly supported housing as defined in ORS 456.250 are exempt","The figures 660, 39, 10 and 456.25 are OAR/ORS citation numbers, not dwelling-unit counts. The sentence is an exemption from MINIMUM parking (SRO, units under 750 sq ft, affordable and publicly supported housing). It loosens parking_min_per_unit (held at 1) rather than tightening it, so leaving it unencoded is conservative; it would only matter if the pod's units are under 750 sq ft or the project is affordable/publicly supported.","Single-room occupancy housing, residential units smaller than 750 square feet, affordable housing as defined in OAR 660-039-0010, and publicly supported housing as defined in ORS 456.250 are exempt fr"
M0086,3976,not_here,inferred,False,or/clackamas/milwaukie,or/clackamas/milwaukie/19.300.base-zones.txt,19.600,0,setback_front_max_ft,10.0 | 30.0,,,,,Properties in the MUTSA have a maximum front yard setback of 10 ft. Properties on key streets in the NME have a maximum front yard setback of 30 ft.,"These maximum front setbacks belong to the 19.312 North Milwaukie Innovation Area subdistricts (MUTSA and NME, per the L3974 heading 'Subsection 19.312.7.A'), not to R-HD or R-MD, the only zones this document's encoding reaches. Zone-gap flag rather than a number for our zones: if a 4-unit townhouse is a permitted use in MUTSA and any screened lot sits there, MUTSA would need its own zone with setback_front_max_ft 10 (NME 30 on key streets).",1. Properties in the MUTSA have a maximum front yard setback of 10 ft. Properties on key streets in the NME have a maximum front yard setback of 30 ft. Refer to 19.312.7 for key streets.
M0087,109,not_here,clear,True,or/clackamas/west-linn,or/clackamas/west-linn/48.access.txt,48.030,0,max_units,2.03,,,,,"One single-family residence, including residences with an accessory dwelling unit as defined in CDC 02.030, shall provide a driveway with 10 feet of unobstructed horizontal clearance.","The 2.03 is the section citation 'CDC 02.030', not a unit count. The sentence sets the driveway clearance width (10 ft) for ONE single-family residence; the tier that would reach four homes on a shared driveway is L111 (14 to 20 ft wide paved surface for two to four homes), a driveway-width standard the screen has no field for.","1. One single-family residence, including residences with an accessory dwelling unit as defined in CDC 02.030, shall provide a driveway with 10 feet of unobstructed horizontal clearance. Dual-track or"
M0087,115,encode,inferred,False,or/clackamas/west-linn,or/clackamas/west-linn/48.access.txt,48.030,0,setback_garage_entrance_ft,20.0,R-10 R-15 R-2.1 R-20 R-3 R-4.5 R-40 R-5 R-7,20,"applies when any portion of the house is less than 150 ft from the right-of-way (48.030.B); measured from the garage door to the back of sidewalk, or to the paved right-of-way if no sidewalk",,"The driveway shall include a minimum of 20 feet in length between the garage door and the back of sidewalk, or, if no sidewalk is proposed, to the paved portion of the right-of-way.","West Linn holds no garage entrance setback in any zone, and this citywide access rule (Chapter 48 CDC) is one: 20 ft of driveway between the garage door and the back of sidewalk. Subsection B expressly covers two to four homes sharing a driveway (L111), so it reaches four attached townhomes with their own garages. The datum is the back of sidewalk / pavement edge rather than the lot line; since those sit at or beyond the lot line, holding 20 ft from the lot line is the conservative reading.","4. The driveway shall include a minimum of 20 feet in length between the garage door and the back of sidewalk, or, if no sidewalk is proposed, to the paved portion of the right-of-way."
M0088,139,not_here,inferred,True,or/multnomah/portland,or/multnomah/portland/33.120.txt,33.120.030,195708,max_units,29.0,RMP,29,RMP zone; manufactured dwelling parks,,Allowed density may be up to 29 units per acre. Allowed housing is manufactured dwellings that are assembled off-site.,"33.120.030 is the zone-characteristics narrative, not a standard, and the figure is a density (units per acre), not a unit count, so the field is max_density_du_per_acre at best. The RMP zone's allowed housing is manufactured dwellings in parks, which a 4-unit attached townhouse is not. If RMP's max_density_du_per_acre is genuinely unheld, the regulating line is the RMP density standard in the 33.120 development-standards table, not this paragraph.",parks. Allowed density may be up to 29 units per acre. Allowed housing is manufactured
M0089,585,not_here,clear,True,or/multnomah/portland,or/multnomah/portland/33.120.txt,33.120.210,195708,parking_min_per_unit,6.0,,6,structured parking with Level 2 chargers,,"Floor area for structured parking when at least 50 percent, or 6, of the parking spaces in the structure, whichever is greater, have at least a Level 2 charger adjacent to the space","This is an FAR exclusion in 33.120.210 (floor area not counted toward maximum FAR when a parking structure has EV chargers at 50 percent or 6 stalls, whichever is greater). The 6 is a count of charger-equipped stalls in a garage, not a required stalls-per-unit ratio; it is not a parking standard at all.","1. Floor area for structured parking when at least 50 percent, or 6, of the parking spaces"
M0090,414,not_here,clear,True,or/multnomah/portland,or/multnomah/portland/33.130.txt,33.130.205,195708,parking_min_per_unit,6.0,,6,structured parking with Level 2 chargers; except in CR,,"Floor area for structured parking when at least 50 percent, or 6, of the parking spaces in the structure, whichever is greater, have at least a Level 2 charger adjacent to the space","Same FAR-exclusion clause as 33.120.210, here in the commercial/mixed-use chapter 33.130.205 (except in the CR zone). The 6 is a count of charger-equipped stalls that lets garage floor area drop out of FAR; it is not a required stalls-per-unit figure and not a standard our screen holds.","1. Floor area for structured parking when at least 50 percent, or 6, of the parking spaces"
M0091,567,not_here,clear,True,or/multnomah/gresham,or/multnomah/gresham/3.0100.definitions.txt,3.0103,28873,max_units,60.0,,60,affordable-housing definition,,At least 50 percent of the multi-family units being affordable to households with incomes at or below 60 percent of median family income,"Article 3 definitions: this is one prong of the affordable-housing definition, and the 60 is a percentage of median family income (an income threshold), not a dwelling-unit count or any screened standard. The reader matched a percentage to max_units.",2. At least 50 percent of the multi-family units being affordable to households with incomes at or below 60
M0092,57,duplicate,inferred,False,or/multnomah/gresham,or/multnomah/gresham/4.0100.residential.txt,4.0110,28873,max_density_du_per_acre,8.71 | 25.0,LDR-5,25,townhouses (unit lots),"LDR-5#L233-L234,L250,L254",maximum net density for single detached units of 8.71 units per acre and for townhouses of 25 units per acre.,"4.0110 is the LDR-5 purpose statement restating the 4.0130 density table. The 25 units per acre for townhouses is what we hold for LDR-5 under the unit_lots exception (value 25, taken from the table at L233-L234, L250, L254). The 8.71 is for single detached units and is not our building.",maximum net density for single detached units of 8.71 units per acre and for townhouses of 25 units per acre.
M0092,59,not_here,clear,True,or/multnomah/gresham,or/multnomah/gresham/4.0100.residential.txt,4.0110,28873,max_units,6.22,LDR-5,6.22,"subdivisions and partitions of parent parcels over 20,000 sq ft",,"For all subdivisions, and for those partitions of parent parcels greater than 20,000 square feet, a minimum net density of 6.22 units per acre is required.","A MINIMUM net density, not a maximum, and it applies at the land-division stage (subdivisions and large partitions), not to placing a building on an existing lot. The field is max_units; the sentence is about minimum density for land divisions, which is not a standard our screen holds.",density of 6.22 units per acre is required.
M0093,65,duplicate,inferred,False,or/multnomah/gresham,or/multnomah/gresham/4.0100.residential.txt,4.0111,28873,max_density_du_per_acre,6.22 | 25.0,LDR-7,25,townhouses (unit lots),"LDR-7#L233-L234,L250,L254",maximum net density for single detached units of 6.22 units per acre and for townhouses of 25 units per acre.,"4.0111 is the LDR-7 purpose statement restating the 4.0130 density table. The 25 units per acre for townhouses is what we hold for LDR-7 under the unit_lots exception (value 25, cited to the table at L233-L234, L250, L254). The 6.22 is for single detached units and is not our building.",maximum net density for single detached units of 6.22 units per acre and for townhouses of 25 units per acre.
M0093,67,not_here,clear,True,or/multnomah/gresham,or/multnomah/gresham/4.0100.residential.txt,4.0111,28873,max_units,4.35,LDR-7,4.35,"subdivisions and partitions of parent parcels over 20,000 sq ft",,"For all subdivisions, and for those partitions of parent parcels greater than 20,000 square feet, a minimum net density of 4.35 units per acre is required.","A MINIMUM net density for land divisions (subdivisions and partitions of parent parcels over 20,000 sq ft), not a maximum and not a standard on placing a building on an existing lot. The reader filed a minimum density under max_units.",density of 4.35 units per acre is required.
M0094,89,not_here,inferred,True,or/multnomah/gresham,or/multnomah/gresham/4.0100.residential.txt,4.0113,28873,max_units,6.22 | 14.52 | 18.15 | 25.0,TR,25,townhouses; single detached banded by site size,,"net density for single detached units is 6.22 to 14.52 or 18.15 units per acre, depending on site size, and 25 units per acre for townhouses.","The figures are densities (units per acre), so the field is max_density_du_per_acre, not max_units. Under that field nothing is missing for TR: the 25 units per acre for townhouses is already held as TR's unit_lots exception (value 25, cited to the 4.0130 table), and the 6.22 to 14.52 or 18.15 band is for single detached units, not our building. 4.0113 is the TR purpose statement restating the table.","net density for single detached units is 6.22 to 14.52 or 18.15 units per acre, depending on site size, and 25"
M0095,248,not_here,inferred,True,or/multnomah/gresham,or/multnomah/gresham/4.0100.residential.txt,4.0130,28873,max_units,7.0 | 3.78 | 12.1,,,Manufactured Dwelling Parks row; minimum net density block,,Manufactured NA NA NA 7 units per acre 3.78 units per 12.1 units per NA,"This is the Manufactured Dwelling Parks row of the 4.0130 table, and it sits in the block above 'D. Maximum Net Density' (L250), i.e. the minimum net density block, whose 'All uses' row (L245: 6.22, 4.35) matches the minimum densities stated in 4.0110 and 4.0111. So the 7, 3.78 and 12.1 are minimum densities for manufactured dwelling parks: a different use and a minimum, not a maximum unit count on our building.",Manufactured NA NA NA 7 units per acre 3.78 units per 12.1 units per NA
M0096,156,encode,clear,False,or/multnomah/gresham,or/multnomah/gresham/4.0200.commercial.txt,4.0230,28873,min_lot_sqft,10000.0,NC,10000,,,"B. Minimum Lot Size 10,000 square feet","Row B of the NC development-standards table in 4.0230 sets a zone-wide minimum lot size of 10,000 sq ft, and we hold no min_lot_sqft for NC at all. It is a dimensional standard on any lot in the zone, not use-specific, so it binds a fourplex sited in NC.","B. Minimum Lot Size 10,000 square feet"
M0097,433,not_here,clear,True,or/multnomah/gresham,or/multnomah/gresham/4.0400.corridor.txt,4.0434,28873,max_units,30.0,,30,"abutting a Major Arterial, Minor Arterial, or Boulevard",,for a building containing dwelling units is thirty (30) feet. The maximum front or streetside setback may be,"The thirty (30) is a MAXIMUM front or streetside setback in feet (Table 4.0430 note 3.a), not a dwelling-unit count; the reader matched a setback figure to max_units. Worth a separate check against the front-setback field, since a maximum front setback is a real constraint in these corridor zones when abutting an arterial or boulevard.",for a building containing dwelling units is thirty (30) feet. The maximum front or streetside setback may be
M0098,276,not_here,inferred,False,or/multnomah/gresham,or/multnomah/gresham/4.1400.pleasant-valley.txt,4.1415,28873,max_units,8.0 | 25.0 | 40.0,,,densities 8 / 25 / 40 units per acre by column (LDR-PV / MDR-PV / HDR-PV),,All Other Uses 8 units per acre 25 units per acre 40 units per acre,"This is the catch-all row of the Pleasant Valley density table; the middle-housing rows sit above it (L273 'None None 40 units per acre', L274 'Townhouses 25 / 25 / 40', L275 'Cottage Cluster None None 40'), so an attached quadplex is governed by one of those, not by 'All Other Uses'. The row label at L273 is truncated in the passage, so which middle-housing row carries our building cannot be read here.",All Other Uses 8 units per acre 25 units per acre 40 units per acre
M0099,122,not_here,inferred,False,or/multnomah/gresham,or/multnomah/gresham/4.1500.springwater.txt,4.1505,28873,max_units,5.8 | 7.3 | 25.0,,,"district-average net density range, 5.8-7.3 detached / 5.8-25 townhouses",,average net density for single detached units of 5.8 to 7.3 dwelling units per acre and 5.8 to 25 units per acre,"L120-L123 is the LDR-SW district purpose statement ('The Low-Density Residential District consists of...'), describing an average net density across the district, not a per-lot maximum applied to a building. It is a plan/land-division-stage descriptor, and the operative LDR-SW dimensional standards live in the district's own table.",average net density for single detached units of 5.8 to 7.3 dwelling units per acre and 5.8 to 25 units per acre
M0100,892,not_here,inferred,False,or/multnomah/gresham,or/multnomah/gresham/7.0400.middle-housing-design.txt,7.0450,28873,max_coverage_pct,50.0,,50,definition of a design-variety feature category,,a. Building lot coverage. Lot coverage does not exceed 50 percent.,"L891 introduces this list as 'The following design feature categories shall be used to apply the design feature variety requirements' - 50 percent defines when a structure counts as having that design feature so it can differ from nearby structures, not a coverage cap our building must meet. The whole of 7.0450 governs a multi-lot development site / middle housing land division, not a single-lot pod.",a. Building lot coverage. Lot coverage does not exceed 50 percent.
M0101,1481,not_here,clear,True,or/multnomah/troutdale,or/multnomah/troutdale/8.development-standards.txt,8.170,5139,max_units,800.0,,800,,,2. Accessory dwelling units shall not exceed eight hundred (800) square feet in area or fifty,"The 800 is a maximum floor area in square feet for an accessory dwelling unit, not a dwelling-unit count. Doubly out of scope: an ADU is not the building being screened, and the standard is a floor-area cap, not max_units.",2. Accessory dwelling units shall not exceed eight hundred (800) square feet in area or fifty
M0102,1531,encode,clear,True,or/multnomah/troutdale,or/multnomah/troutdale/8.development-standards.txt,8.230,5139,max_units,25.0,MU-3,25,"minimum building height, applies to middle housing in MU-3",,A. Middle housing dwelling units shall have a minimum building height of twenty-five (25) feet.,"The reader filed this under max_units, but the 25 is a MINIMUM building height in feet - and it is aimed squarely at our building ('Middle housing dwelling units') in MU-3 under section 8.230 'Standards in the MU-3 (Urban Mixed-Use) Zoning District'. We hold nothing for a minimum height in MU-3, and a fixed-dimension pod shorter than 25 ft would fail it, so this belongs on a min_height_ft field for MU-3 rather than being dropped as a misfile.",A. Middle housing dwelling units shall have a minimum building height of twenty-five (25) feet.
M0103,247,not_here,clear,False,or/multnomah/fairview,or/multnomah/fairview/19.13.definitions.txt,19.13.060,2456,max_far,0.7,,0.7,illustrative example inside a definition,,"For example, a floor area ratio of 0.7 to one means 0.7 square feet of floor area for every one square foot of site area.","19.13.060 is the definitions chapter; the 0.7 is the worked example explaining what a floor area ratio means and is attached to no zone and no standard. The 0.7 we hold for R-6, R-7.5, R-10, RM and RM/TOZ comes from the 19.30 table, so nothing here is a restatement of a zone standard.","“Floor area ratio (FAR)” means the amount of floor area of a building or structure in relation to the amount of site area, expressed in square feet. For example, a floor area ratio of 0.7 to one means"
M0104,80,not_here,clear,True,or/multnomah/wood-village,or/multnomah/wood-village/230.310.txt,230.310,772,min_frontage_ft,10.0,,10.0,landscape buffer along street frontage,,Landscape Buffer – Street frontage(4)   3 – 10 feet,"The row sits under the 'Minimum Landscape / Landscape Buffer' heading of the NC standards table: 3-10 feet is the required WIDTH of the landscaping strip along the street frontage, not a minimum lot frontage. It is a landscape-buffer width standard, which the screen holds no field for.",– Street frontage(4) 3 – 10 feet
M0105,657,encode,inferred,False,or/clackamas/milwaukie,or/clackamas/milwaukie/19.500.supplementary.txt,19.504.6,0,min_frontage_ft,25.0,R-HD R-MD,25.0,flag lot (accessway/pole width and street frontage),,Flag lots must have frontage or access on a public street. The minimum width of the accessway and street frontage is 25 ft.,"We hold no min_frontage_ft anywhere in Milwaukie, and this states a hard 25 ft minimum street frontage / accessway width that binds a flag lot in R-HD and R-MD — exactly the pole-width case where a fourplex's vehicle access fails. Encode as min_frontage_ft 25 conditional on flag lot. Inferred because the passage shows only the sentence, not the 19.504.6 heading, so whether it is written as a division-time or development-time standard is not visible here.",Flag lots must have frontage or access on a public street. The minimum width of the accessway and street frontage is 25 ft. The accessway is the pole portion of the lot that provides access to the fla
M0106,4651,not_here,clear,False,or/clackamas/oregon-city,or/clackamas/oregon-city/17.zoning.txt,17.12.050,0,max_units,26.2,,26.2,affordable-housing density bonus (80% AMI units),,Projects containing exclusively affordable units may develop to the maximum twenty percent increase or 26.2 du/acre.,"26.2 du/acre is the ceiling of an affordable-housing density BONUS — a relaxation available only to projects that include units affordable at or below 80% AMI, granted one bonus unit per affordable unit. It is not the base maximum net density that would bind a market-rate fourplex, and the base figure is not stated on this line.",twenty percent increase or 26.2 du/acre. Affordable units
M0107,150,not_here,clear,False,or/clackamas/tualatin,or/clackamas/tualatin/40-41.residential.txt,40.300,0,max_units,10.0,,10.0,retirement housing / congregate care use,,Retirement Housing or Congregate Care Facility 10 units per acre,"This row of the RL/RML maximum-density table governs a different use — retirement housing / congregate care. The row that would reach an attached fourplex is 'Townhouse 25 units per acre' (L144), which is not the marked line.",Congregate Care Facility 10 units per acre
M0108,148,not_here,clear,False,or/clackamas/west-linn,or/clackamas/west-linn/10.r-15.txt,10.070,0,setback_side_ft,10.0,,10.0,cottage cluster project,,"Front, rear, and side yard setbacks in a cottage cluster project are 10 ft.","The 10 ft applies only inside a cottage cluster project, a different middle-housing type than our attached fourplex. R-15's side setback for our building stays the 7.5 ft we hold from L153.","Front, rear, and side yard setbacks in a cottage cluster project are 10 ft. There are no additional setbacks for individual structures on individual lots, but minimum distance between structures shall"
M0109,201,not_here,clear,False,or/clackamas/west-linn,or/clackamas/west-linn/16.r-2.1.txt,16.070,0,setback_side_ft,10.0,,10.0,cottage cluster project,,"Front, rear, and side yard setbacks for a cottage cluster project are 10 ft.",Cottage cluster projects only — a different housing type from a 4-unit attached townhome. R-2.1's side setback for our building stays the 5 ft we hold from L206.,"Front, rear, and side yard setbacks for a cottage cluster project are 10 ft. There are no additional setbacks for individual structures on individual lots, but minimum distance between structures shal"
M0110,13813,not_here,clear,False,or/clackamas/wilsonville,or/clackamas/wilsonville/4.planning.txt,4.156,0,max_height_ft,35.0,,35.0,DRB sign-height waiver ceiling,,no waiver shall be granted to allow signs to exceed 35 feet in height,"Section 4.156 is the sign code; the 35 feet is the ceiling on a DRB waiver of SIGN height from ground, not a building height. It coincidentally equals the 35 ft building height we already hold for these zones, but it is a different thing entirely.","be granted to allow signs to exceed 35 feet in height), number of signs, or use of electronic"
M0111,1284,not_here,clear,False,or/multnomah/portland,or/multnomah/portland/33.130.txt,33.130.228,195708,setback_front_ft,5.0,,5.0,ground-level required outdoor area encroachment,,If the area is at ground level it may extend up to 5 feet into a required front setback,"33.130.228 is the required-outdoor-area standard. The 5 feet is how far a ground-level outdoor area may PROJECT INTO the front setback, not the front setback itself; the zones' front setback stays the 0 ft (10 ft on a Civic Corridor) we hold from L618/L640.","level it may extend up to 5 feet into a required front setback, and may extend"
M0111,1285,not_here,clear,False,or/multnomah/portland,or/multnomah/portland/33.130.txt,33.130.228,195708,setback_rear_ft,5.0,,5.0,outdoor area near an RF-RM4 lot line,,may extend into required side and rear setbacks as long as the area is not closer than 5 feet to a lot line abutting an RF through RM4 zoned lot,"Same outdoor-area encroachment allowance: 5 feet is the buffer a required outdoor area must keep from a residentially zoned lot line when it extends into a setback, not the building's rear setback. The rear setback for these zones stays the 10 ft we hold from L618/L649.",into required side and rear setbacks as long as the area is not closer than 5 feet
M0112,461,encode,inferred,False,or/multnomah/portland,or/multnomah/portland/33.150.txt,33.150.210,195708,max_height_ft,30.0,CI1,30.0,portion of the site within 60 ft of a lot line abutting or across the street from a site zoned OS or RF through R2.5,,"from a site zoned OS or RF through R2.5, the maximum height is 30 feet. See Figure","L458-L459 head this as 'Reduced maximum height ... In the CI1 zone'. We hold CI1 = 75 ft flat, with no abutting-zone reduction; on a CI1 site next to OS or RF-R2.5 land the first 60 ft of the site is capped at 30 ft, which the screen would miss.","from a site zoned OS or RF through R2.5, the maximum height is 30 feet. See Figure"
M0112,470,encode,inferred,False,or/multnomah/portland,or/multnomah/portland/33.150.txt,33.150.210,195708,max_height_ft,45.0,CI1,45.0,portion of the site within 40 ft of a lot line abutting or across the street from a site zoned RM1 through RMP or a commercial/mixed use zone,,height is 45 feet. See Figure 150 -2.,"Second CI1 reduction (L468-L470), keyed to the neighbouring zone rather than the site's own. We hold CI1 = 75 ft only; 45 ft within 40 ft of an RM1-RMP or commercial/mixed use neighbour is unheld.",height is 45 feet. See Figure 150 -2.
M0112,475,encode,inferred,False,or/multnomah/portland,or/multnomah/portland/33.150.txt,33.150.210,195708,max_height_ft,30.0,CI2,30.0,portion of the site within 60 ft of a lot line abutting or across the street from a site zoned OS or RF through R2.5,,"street from a site zoned OS, or RF through R2.5, the maximum height is 30 feet.",L471-L473 put this in the CI2 zone. We hold CI2 = 150 ft flat; the abutting-zone step-down to 30 ft on the first 60 ft of site is not held.,"street from a site zoned OS, or RF through R2.5, the maximum height is 30 feet."
M0112,479,encode,inferred,False,or/multnomah/portland,or/multnomah/portland/33.150.txt,33.150.210,195708,max_height_ft,75.0,CI2,75.0,portion of the site more than 60 ft but within 130 ft of a lot line abutting or across the street from a site zoned OS or RF through R2.5,,maximum height is 75 feet. See Figure 150-1.,"The second band of the same CI2 step-down (L477-L479). We hold CI2 = 150 ft, so this 75 ft middle band is a number we do not hold.",maximum height is 75 feet. See Figure 150-1.
M0112,484,encode,inferred,False,or/multnomah/portland,or/multnomah/portland/33.150.txt,33.150.210,195708,max_height_ft,45.0,CI2,45.0,portion of the site within 40 ft of a lot line abutting or across the street from a site zoned RM1 through RMP or a commercial/mixed use zone,,maximum height is 45 feet. See Figure 150-2.,CI2 reduction against the milder neighbour set (L480-L484). We hold CI2 = 150 ft with no such condition.,maximum height is 45 feet. See Figure 150-2.
M0112,487,encode,inferred,False,or/multnomah/portland,or/multnomah/portland/33.150.txt,33.150.210,195708,max_height_ft,75.0,CI2,75.0,portion of the site more than 40 ft but within 110 ft of a lot line abutting or across the street from a site zoned RM1 through RMP or a commercial/mixed use zone,,"commercial/mixed use zones, the maximum height is 75 feet. See Figure 150-2.","Outer band of the CI2 reduction (L485-L487). 75 ft is a figure we hold for CI1 and IR but not for CI2, where we hold 150 ft; as a conditional reduction on CI2 it is unheld.","commercial/mixed use zones, the maximum height is 75 feet. See Figure 150-2."
M0113,105,duplicate,clear,False,or/multnomah/gresham,or/multnomah/gresham/4.0100.residential.txt,4.0115,28873,max_density_du_per_acre,24.2 | 12.1,MDR-24,24.2,,"MDR-24#L233-L234,L250,L254",at a maximum net density of 24.2 units per acre and a minimum net density of 12.1 units per acre. Some non-,"Purpose statement for the MDR-24 district restating the table figure; we already hold MDR-24 max density = 24.2 from the standards table. The 12.1 in the same sentence is the minimum density, which we also already hold for MDR-24.",at a maximum net density of 24.2 units per acre and a minimum net density of 12.1 units per acre. Some non-
M0114,111,duplicate,clear,False,or/multnomah/gresham,or/multnomah/gresham/4.0100.residential.txt,4.0116,28873,min_density_du_per_acre,8.71 | 12.1,OFR,8.71,,"OFR#L233-L234,L244-L246",and multi-family housing at a minimum net density of 8.71 units per acre and a maximum net density of 12.1,"Purpose statement for the OFR district restating the table figure; we hold OFR min density = 8.71 already. The maximum in the same sentence (12.1 single detached / 25 townhouse units per acre, L112) is the other field, and matches the unit_lots exception of 25 we hold for OFR.",and multi-family housing at a minimum net density of 8.71 units per acre and a maximum net density of 12.1
M0115,461,encode,inferred,False,or/multnomah/gresham,or/multnomah/gresham/4.0100.residential.txt,4.0133,28873,max_height_ft,45.0,MDR-24,45.0,"when fire sprinklers, alarms and (where the Building Code requires) enclosed pressurized exit stairwells are provided; otherwise three storeys and 40 ft",,height can be increased to 45 feet.,"L458 scopes this to MDR-24. We hold MDR-24 = 35 ft; this section states a base of 40 ft and three storeys, raised to 45 ft with built-in fire protection. Both the 40 ft base and the 45 ft sprinklered figure differ from the 35 ft we hold, so the bonus and the storey cap are unheld.",height can be increased to 45 feet.
M0116,655,encode,unclear,False,or/multnomah/gresham,or/multnomah/gresham/4.1400.pleasant-valley.txt,4.1424,28873,max_height_ft,45.0,NC-PV,45.0,footnotes 2 and 3 apply to the figure,,"F. Maximum Building Height  45 ft.2,3 45 ft.2,3","A three-column standards table whose header row sits above the passage window. Its rows (minimum and maximum residential density 'None', 0 ft minimum setbacks, maximum setbacks with build-to frontages) are not the Pleasant Valley residential districts we hold heights for, so the columns are the non-residential PV districts; NC-PV is a chapter zone we hold no height for at all. To confirm which columns are which I would need the table header lines above L637 and footnotes 2 and 3.","F. Maximum Building Height 45 ft.2,3 45 ft.2,3"
M0117,1256,encode,clear,False,or/multnomah/_unincorporated,or/multnomah/_unincorporated/39.cfu.txt,39.4105,2855,max_height_ft,35.0,CFU,35.0,,,(A) Maximum structure height – 35 feet.,"Section 39.4105 is the CFU building height requirement and applies to structures generally, not to a named use. We hold no max height for CFU at all, so this zone currently screens with no height ceiling.",(A) Maximum structure height – 35 feet.
M0118,277,encode,clear,False,or/multnomah/_unincorporated,or/multnomah/_unincorporated/39.lr-10.txt,39.4878,2855,max_height_ft,35.0,LR10,35.0,,,Maximum Structure Height ¬ 35 feet.,The LR-10 dimensional block in 39.4878 states a flat 35 ft structure height alongside the yard table; it is not tied to a housing type. We hold no max height for LR10.,Maximum Structure Height ¬ 35 feet.
M0119,472,encode,clear,False,or/multnomah/_unincorporated,or/multnomah/_unincorporated/39.mua-20.txt,39.4330,2855,max_height_ft,35.0,MUA20,35.0,,,Maximum Structure Height – 35 feet,"The MUA-20 dimensional block in 39.4330 states a flat 35 ft structure height for the zone; the exceptions that follow are for barns, silos and similar agricultural structures, not dwellings. We hold no max height for MUA20.",Maximum Structure Height – 35 feet
M0120,342,encode,clear,False,or/multnomah/_unincorporated,or/multnomah/_unincorporated/39.muf.txt,39.4720,2855,max_height_ft,35.0,MUF19,35,,,Maximum Structure Height ¬ 35 feet.,"we_hold for this layer is empty for max_height_ft — unincorporated Multnomah holds no building height at all, so MUF19's zone-wide 35 ft cap is unheld. It is the plain dimensional standard of the district (the yard table sits directly above it), not a use- or structure-type rule; the barn/silo/antenna exception at L354 is what carves out the special structures, which implies the 35 ft binds everything else.",Maximum Structure Height ¬ 35 feet.
M0121,479,encode,clear,False,or/multnomah/_unincorporated,or/multnomah/_unincorporated/39.oci.txt,39.4682,2855,max_height_ft,35.0,OCI,35,,,Maximum Structure Height - 35 feet,"Same gap as MUF19: the layer holds no max_height_ft for any zone. OCI's 35 ft is the district-wide structure height stated immediately under the yard table, qualified only by the barn/antenna exception at L519 and the accessory-structure/fence provisions, none of which reach a townhouse.",Maximum Structure Height - 35 feet
M0122,238,encode,clear,False,or/multnomah/_unincorporated,or/multnomah/_unincorporated/39.uf-20.txt,39.4743,2855,max_height_ft,35.0,UF20,35,,,Maximum Structure Height ¬ 35 feet.,Third unheld height in the same layer. UF20's 35 ft follows the yard table (Front 30 / Side 10 / Street side 30 / Rear 30) and is the district's general structure height; we hold nothing for it.,Maximum Structure Height ¬ 35 feet.
M0123,106,encode,inferred,False,or/clackamas/happy-valley,or/clackamas/happy-valley/16.22.residential.txt,16.22.010,0,min_lot_width_ft,100.0,FU-10,100,,,Lot width (minimum) 100 feet,"The table header at L103 names the column FU-10, and FU-10 is absent from chapter_zones — the zone itself is unencoded in Happy Valley, so no we_hold entry can match. Not a duplicate of R40's 100 ft (#L282): same figure, different zone. This is a zone gap, not a field gap.",Lot width (minimum) 100 feet
M0123,114,encode,inferred,False,or/clackamas/happy-valley,or/clackamas/happy-valley/16.22.residential.txt,16.22.010,0,max_height_ft,45.0,FU-10,45,"front elevation, per note [2]",,Building height (maximum) 45 feet[2],"Same FU-10 column (heading at L103). We hold 45 ft for R5/R7/R8.5/R10/R15/R20/R40/SFA but nothing for FU-10, so this is the height half of the same missing-zone row rather than a restatement of any held entry.",Building height (maximum) 45 feet[2]
M0123,118,encode,inferred,False,or/clackamas/happy-valley,or/clackamas/happy-valley/16.22.residential.txt,16.22.010,0,max_height_ft,45.0 | 49.0,FU-10,45,45 ft at the front elevation; 49 ft at side and rear elevations,,The single-family residential building height maximum is 45 feet at the front elevation; side and rear elevations may not exceed 49 feet.,"Footnote [2] carried by L114, so it governs the same unencoded FU-10 row: the 45 ft is an elevation-specific measurement with a 49 ft companion, a shape we hold nowhere for this zone. Encoded conservatively at the binding 45 ft front figure. Happy Valley uses ""single-family (attached)"" for townhouses elsewhere (16.22.060 note [4]), so the bare ""single-family residential"" here is not a clean exclusion of our building.",[2] The single-family residential building height maximum is 45 feet at the front elevation; side and rear elevations may not exceed 49 feet.
M0124,1321,encode,inferred,False,or/clackamas/happy-valley,or/clackamas/happy-valley/16.22.residential.txt,16.22.060,0,max_height_ft,45.0,MURM,45,"single-family (attached); 45 ft at front elevation, 49 ft at side and rear",,Maximum building height for single-family (attached) is 45 feet at the front elevation; the building height may not exceed 49 feet at the side and rear elevations.,"This is the alarm one. ""Single-family (attached)"" is our building — a 4-unit attached townhouse — and this note caps it at 45 ft, while we hold 65 ft for MURM taken from this same table (#L1306,L1315). MURM is the zone because the footnote block (L1318-L1321) closes the 16.22.060 table those held lines sit in. The held 65 ft is the zone's general maximum; our type is 20 ft lower.",[4] Building height is measured pursuant to Chapter 16.12 Definitions. Maximum building height for single-family (attached) is 45 feet at the front elevation; the building height may not exceed 49 fee
M0125,3991,not_here,inferred,False,or/clackamas/milwaukie,or/clackamas/milwaukie/19.300.base-zones.txt,19.312.6,0,max_height_ft,45.0,,45,green building approval and certification under 19.510,,are permitted a total of 45 ft of additional height above the 45-ft base height maximum.,"A discretionary height bonus earned through a separate approval and certification process (19.510), introduced by L3989 as an incentive ""beyond those required by the baseline standards"" — a procedure, not a by-right dimension of the zone. It only loosens a maximum, so leaving it unheld cannot produce a false GREEN. It also reads against a 45-ft base, which matches R-HD's held 45 but not R-MD's 35, and sits ~3,500 lines past the R-HD/R-MD sections in the document.",Project proposals that receive green building approvals and certification as identified in Section 19.510 are permitted a total of 45 ft of additional height above the 45-ft base height maximum.
M0126,1077,not_here,clear,True,or/clackamas/milwaukie,or/clackamas/milwaukie/19.600.parking.txt,19.608.3,0,max_height_ft,35.0 | 10.0 | 13.0,,,,,shall have a height clearance of at least 13 ft.,"Misfiled: this is loading-berth geometry in the parking chapter — 35 ft long, 10 ft wide, 13 ft vertical clearance — not a building height. The 35 ft the reader matched is a berth length. The fields it is really about are loading-space length/width and overhead clearance, none of which we hold, and none of which bind a 4-unit residential building (loading berths attach to commercial and large-scale uses).","Loading spaces shall be at least 35 ft long and 10 ft wide, and shall have a height clearance of at least 13 ft."
M0127,148,not_here,clear,False,or/clackamas/west-linn,or/clackamas/west-linn/08.r-40.txt,08.070,0,setback_side_ft,10.0,,10,cottage cluster project,,"Front, rear, and side yard setbacks for a cottage cluster project are 10 ft.","Explicitly a cottage cluster standard, and L145 immediately above confirms the surrounding row ""Does not apply to townhouses or cottage clusters"" — the code is keeping the two housing types on separate tracks. Our building is neither. That it happens to equal the 10 ft we already hold for R-40 (#L153) is a coincidence of figures, not the same standard, so this is not a duplicate either.","Front, rear, and side yard setbacks for a cottage cluster project are 10 ft. There are no additional setbacks for individual structures on individual lots, but minimum distance between structures shal"
M0128,152,not_here,clear,False,or/clackamas/west-linn,or/clackamas/west-linn/09.r-20.txt,09.070,0,setback_side_ft,10.0,R-20,10.0,cottage cluster project only,,"Front, rear, and side yard setbacks in a cottage cluster project are 10 ft.","The 10 ft applies only to a cottage cluster project, a different middle-housing type from our 4-unit attached townhouse. The surrounding table lines confirm the split ('Does not apply to townhouses or cottage clusters'), so the R-20 townhouse side setback stays the 7.5 ft we hold at L157.","Front, rear, and side yard setbacks in a cottage cluster project are 10 ft. There are no additional setbacks for individual structures on individual lots, but minimum distance between structures shall"
M0129,149,not_here,clear,False,or/clackamas/west-linn,or/clackamas/west-linn/11.r-10.txt,11.070,0,setback_side_ft,10.0,R-10,10.0,cottage cluster project only,,"Front, rear, and side yard setbacks in a cottage cluster project are 10 ft.","Cottage cluster setback, not a townhouse standard. Our building is a 4-unit attached townhouse, so this figure never reaches it; the R-10 side setback we hold (7.5 ft, L154) is unaffected.","Front, rear, and side yard setbacks in a cottage cluster project are 10 ft. There are no additional setbacks for individual structures on individual lots, but minimum distance between structures shall"
M0130,151,not_here,clear,False,or/clackamas/west-linn,or/clackamas/west-linn/12.r-7.txt,12.070,0,setback_side_ft,10.0,R-7,10.0,cottage cluster project only,,"Front, rear, and side yard setbacks in a cottage cluster project are 10 ft.","The sentence governs cottage cluster projects, a housing type we do not screen. Line L149 immediately above ('Does not apply to townhouses or cottage clusters') shows the chapter treats townhouses separately, so R-7 keeps the 7.5 ft at L156.","Front, rear, and side yard setbacks in a cottage cluster project are 10 ft. There are no additional setbacks for individual structures on individual lots, but minimum distance between structures shall"
M0131,161,not_here,clear,False,or/clackamas/west-linn,or/clackamas/west-linn/13.r-5.txt,13.070,0,setback_side_ft,10.0,R-5,10.0,cottage cluster project only,,"Front, rear, and side yard setbacks for a cottage cluster project are 10 ft.","Cottage cluster standard, not a 4-unit attached townhouse standard. The R-5 side setback we hold (5 ft, L166) is the townhouse figure and is not displaced by this line.","Front, rear, and side yard setbacks for a cottage cluster project are 10 ft. There are no additional setbacks for individual structures on individual lots, but minimum distance between structures shal"
M0132,186,not_here,clear,False,or/clackamas/west-linn,or/clackamas/west-linn/14.r-4.5.txt,14.070,0,setback_side_ft,10.0,R-4.5,10.0,cottage cluster project only,,"Front, rear, and side yard setbacks for a cottage cluster project are 10 ft.","Applies to a cottage cluster project, a different housing type from ours. R-4.5 keeps the 5 ft side setback held at L191.","Front, rear, and side yard setbacks for a cottage cluster project are 10 ft. There are no additional setbacks for individual structures on individual lots, but minimum distance between structures shal"
M0133,179,not_here,clear,False,or/clackamas/west-linn,or/clackamas/west-linn/15.r-3.txt,15.070,0,setback_side_ft,10.0,R-3,10.0,cottage cluster project only,,"Front, rear, and side yard setbacks for a cottage cluster project are 10 ft.","Cottage cluster project setback, not a townhouse setback. R-3 keeps the 5 ft held at L187.","Front, rear, and side yard setbacks for a cottage cluster project are 10 ft. There are no additional setbacks for individual structures on individual lots, but minimum distance between structures shal"
M0134,13590,not_here,clear,True,or/clackamas/wilsonville,or/clackamas/wilsonville/4.planning.txt,4.155,0,max_height_ft,12.0 | 35.0,,35.0,loading berth dimensions,,"A loading berth shall contain space 12 feet wide, 35 feet long, and have a height clearance of 14 feet.","The 12 and 35 are the width and length of an off-street loading berth, not a building height; the only height in the sentence is a 14 ft clearance inside that berth. It is also a different thing entirely from a zoning height limit, and the berth table just above (L13588-L13589) requires berths only at 30,000 sq ft of floor area and over, far beyond a 4-unit townhouse. Wilsonville's 35 ft building height is already held from the zone tables.","3. A loading berth shall contain space 12 feet wide, 35 feet long, and have a height"
