layer,field,verdict,nearness,path,line,section,stated,novel,held,repeats,text
or/clackamas/_unincorporated,max_coverage_pct,unheld,same_field,or/clackamas/_unincorporated/zdo.315.txt,1257,315.04,65,65,50,1,5 Maximum lot coverage in a planned unit development is 65 percent.
or/clackamas/_unincorporated,setback_rear_ft,unheld,same_field,or/clackamas/_unincorporated/zdo.315.txt,1269,315.04,10,10,"15,20",1,"1 The minimum rear setback for a detached single-family dwelling, duplex, manufactured home, prefabricated structure, or single room occupancy is 10 feet."
or/clackamas/_unincorporated,max_height_ft,unheld,same_field,or/clackamas/_unincorporated/zdo.315.txt,1275,315.04,"8,10,15","8,10,15",35,1,Building Area Building Height ≤ 8 feet Building Height > 8 feet and ≤ 10 feet Building Height > 10 feet and ≤ 15 feet Building Height > 15 feet
or/clackamas/_unincorporated,max_height_ft,unheld,same_field,or/clackamas/_unincorporated/zdo.315.txt,1367,315.04,25,25,35,3,"25 feet or the building height of the primary dwelling, whichever is less[24]"
or/clackamas/_unincorporated,max_height_ft,unheld,same_field,or/clackamas/_unincorporated/zdo.315.txt,1386,315.04,8,8,35,1,Building Height ≤ 8 feet
or/clackamas/_unincorporated,max_height_ft,unheld,same_field,or/clackamas/_unincorporated/zdo.315.txt,1387,315.04,"8,20","8,20",35,1,Building Height > 8 feet and ≤ 20 feet
or/clackamas/_unincorporated,max_height_ft,unheld,same_field,or/clackamas/_unincorporated/zdo.315.txt,1388,315.04,20,20,35,1,Building Height > 20 feet
or/clackamas/_unincorporated,setback_front_max_ft,unheld,same_field,or/clackamas/_unincorporated/zdo.315.txt,1434,315.04,35,35,18,1,[19] Dwellings located on lots with less than 35 feet of street frontage shall be exempt from the maximum front setback standard.
or/clackamas/_unincorporated,max_height_ft,unheld,same_field,or/clackamas/_unincorporated/zdo.315.txt,1559,315.04,"8,10","8,10",35,1,Building Area Building Height ≤ 8 feet Building Height > 8 feet and ≤ 10 feet Building Height > 10 feet
or/clackamas/_unincorporated,setback_side_ft,unheld,same_field,or/clackamas/_unincorporated/zdo.315.txt,1566,315.04,10,10,5,1,"[14] If the side lot line abuts an Urban Low Density Residential, VR-5/7, or VR-4/5 District, the minimum side setback for a two-story building is 10 feet."
or/clackamas/_unincorporated,setback_side_ft,unheld,same_field,or/clackamas/_unincorporated/zdo.315.txt,1570,315.04,15,15,5,1,"[16] If the side lot line abuts a residential zoning district other than HDR, SHD, or RCHDR, the minimum side setback is 15 feet."
or/clackamas/happy-valley,setback_street_side_ft,unheld,same_field,or/clackamas/happy-valley/16.22.residential.txt,1018,16.22.050,"20,10","20,10","5,8,15",1,"The minimum front, rear, side and street side building setbacks for public and institutional uses in the SFA district is 20 feet. Cottage clusters shall have a perimeter setback of 10 feet in the MUR-"
or/clackamas/happy-valley,max_height_ft,unheld,same_field,or/clackamas/happy-valley/16.22.residential.txt,1130,16.22.050,25,25,"35,45,65",1,"The detached accessory structure shall have a maximum building height of 25 feet or the building height of the primary dwelling, whichever is less."
or/clackamas/happy-valley,max_height_ft,unheld,same_field,or/clackamas/happy-valley/16.22.residential.txt,1146,16.22.050,20,20,"35,45,65",1,"For structures greater than eight feet and up to 20 feet in height, the minimum side yard setbacks shall be zero on one side and three feet on the other side. The minimum rear yard setback where the r"
or/clackamas/happy-valley,max_height_ft,unheld,same_field,or/clackamas/happy-valley/16.22.residential.txt,1150,16.22.050,20,20,"35,45,65",1,"For structures greater than 20 feet in height, the minimum side yard setbacks shall be zero on one side and five feet on the other side. The minimum rear yard setback where the rear property line abut"
or/clackamas/lake-oswego,min_lot_sqft,unheld,same_field,or/clackamas/lake-oswego/50.04.dimensional.txt,96,50.04.001.1,"3000,5800","3000,5800","1500,7000,7500,10000,15000",4,"3,000 sq. ft. + [(actual lot size – 5,800 sq. ft.) x 0.19]"
or/clackamas/lake-oswego,max_height_ft,unheld,same_field,or/clackamas/lake-oswego/50.04.dimensional.txt,159,50.04.001.1,18,18,"25,28,30,35",1,Height ≤ 18 ft.
or/clackamas/lake-oswego,max_height_ft,unheld,same_field,or/clackamas/lake-oswego/50.04.dimensional.txt,168,50.04.001.1,18,18,"25,28,30,35",1,Height > 18 ft.
or/clackamas/lake-oswego,max_height_ft,unheld,same_field,or/clackamas/lake-oswego/50.04.dimensional.txt,222,50.04.001.1,24,24,"25,28,30,35",8,Lesser of 24 ft. or height of roof form of primary structure
or/clackamas/lake-oswego,max_height_ft,unheld,same_field,or/clackamas/lake-oswego/50.04.dimensional.txt,252,50.04.001.1,50,50,"25,28,30,35",2,"[Cross-References: Height Limitation: see Charter Section 46A for 50 ft. Maximum Height of Structures in Residential Areas; Height Measure: see LOC § 50.04.003.4, General Exception to Structure Height"
or/clackamas/lake-oswego,max_height_ft,unheld,same_field,or/clackamas/lake-oswego/50.04.dimensional.txt,300,50.04.001.1,18,18,"25,28,30,35",1,"An accessory structure = 18 ft. in height shall not exceed a total 800 sq. ft. in size, or the square footage of the footprint of the primary structure, whichever is less. An accessory structure > 18"
or/clackamas/lake-oswego,setback_front_ft,unheld,same_field,or/clackamas/lake-oswego/50.04.dimensional.txt,356,50.04.001.1,18,18,"0,10,20,25",1,On steeply sloped lots the minimum required front yard setback for detached dwellings and middle housing shall be 18 ft.
or/clackamas/lake-oswego,max_height_ft,unheld,same_field,or/clackamas/lake-oswego/50.04.dimensional.txt,617,50.04.001.2,50,50,"25,28,30,35",1,"[Cross-Reference: Height Limitation: see Charter Section 46A for 50 ft. Maximum Height of Structures in Residential Areas; LOC § 50.04.003.4, General Exception to Structure Height Limitations; LOC § 5"
or/clackamas/lake-oswego,max_height_ft,unheld,same_field,or/clackamas/lake-oswego/50.04.dimensional.txt,727,50.04.001.2,18,18,"25,28,30,35",1,"An accessory structure ≤ 18 ft. in height shall not exceed a total of 800 sq. ft. in size or the square footage of the footprint of the primary structure, whichever is less. An accessory structure > 1"
or/clackamas/lake-oswego,setback_front_ft,unheld,same_field,or/clackamas/lake-oswego/50.04.dimensional.txt,770,50.04.001-4,18,18,"0,10,20,25",2,"On steeply sloped lots, the minimum required front yard setback for detached dwellings and middle housing shall be 18 ft."
or/clackamas/milwaukie,min_lot_sqft,unheld,same_field,or/clackamas/milwaukie/19.300.base-zones.txt,480,19.302.4,5000,5000,"1500,3000",1,"All other uses require a minimum lot size of 5,000 sq ft."
or/clackamas/milwaukie,setback_front_ft,unheld,same_field,or/clackamas/milwaukie/19.300.base-zones.txt,514,19.302.4,5,5,20,1,"Table 19.302.4 is supplemented by Figure 19.302.4. For those properties identified in Figure 19.302.4, the minimum front yard setback is 5 ft."
or/clackamas/rivergrove,setback_front_ft,unheld,same_field,or/clackamas/rivergrove/rldo.composite.txt,1044,,"30,3","30,3",25,1,Front Setback - 30 feet. Side Setback - 3 feet
or/clackamas/rivergrove,setback_street_side_ft,unheld,same_field,or/clackamas/rivergrove/rldo.composite.txt,1045,,10,10,15,1,Side Setback (corner lot) - 10 feet.
or/clackamas/rivergrove,setback_rear_ft,unheld,same_field,or/clackamas/rivergrove/rldo.composite.txt,1046,,3,3,25,1,Rear Setback - 3 feet.
or/clackamas/wilsonville,max_height_ft,unheld,same_field,or/clackamas/wilsonville/4.planning.txt,2473,4,20,20,35,1,"ii. no structure, sign or any other object shall exceed 20 feet in height;"
or/clackamas/wilsonville,max_height_ft,unheld,same_field,or/clackamas/wilsonville/4.planning.txt,3678,4,25,25,35,1,4. Building Height. The maximum building height for all structures is 25 feet.
or/clackamas/wilsonville,max_height_ft,unheld,same_field,or/clackamas/wilsonville/4.planning.txt,3783,4.113,25,25,35,1,b. The existing dwelling may be expanded up to a maximum height of 25 feet or a
or/clackamas/wilsonville,min_lot_sqft,unheld,same_field,or/clackamas/wilsonville/4.planning.txt,4094,4,1000,1000,"1250,1500,7000,8000,20000",1,"A. Minimum Lot Size. 1,000 square feet for each unit."
or/clackamas/wilsonville,min_frontage_ft,unheld,same_field,or/clackamas/wilsonville/4.planning.txt,4095,4,100,100,"20,30,35,40,80",1,B. Minimum Street Frontage. 100 feet.
or/clackamas/wilsonville,setback_front_ft,unheld,same_field,or/clackamas/wilsonville/4.planning.txt,4096,4,30,30,"12,15,20",1,"C. Front Yard Setback. 30 feet, unless located in the Old Town overlay zone, in which case"
or/clackamas/wilsonville,setback_rear_ft,unheld,same_field,or/clackamas/wilsonville/4.planning.txt,4099,4,30,30,"5,15,20",1,D. Minimum Rear Yard Setback. 30 feet.
or/clackamas/wilsonville,setback_side_ft,unheld,same_field,or/clackamas/wilsonville/4.planning.txt,4100,4,24,24,"0,5,7,10",1,E. Minimum Side Yard Setback. 24 feet.
or/clackamas/wilsonville,max_height_ft,unheld,same_field,or/clackamas/wilsonville/4.planning.txt,4564,4.113,20,20,35,2,exceeding a height of 20 feet; and
or/clackamas/wilsonville,min_frontage_ft,unheld,same_field,or/clackamas/wilsonville/4.planning.txt,4740,4.113,24,24,"20,30,35,40,80",1,F . Lot frontage may be reduced to 24 feet when the lot fronts a cul-de-sac.
or/clackamas/wilsonville,min_lot_sqft,unheld,same_field,or/clackamas/wilsonville/4.planning.txt,7245,4,5000,5000,"1250,1500,7000,8000,20000",1,"D. In R-5 sub-districts the minimum lot size for triplexes is 5,000 square feet."
or/clackamas/wilsonville,setback_side_ft,unheld,same_field,or/clackamas/wilsonville/4.planning.txt,7436,4,3.5,3.5,"0,5,7,10",1,"F . For Urban Form Type 1 and 2, side setbacks may be reduced to either: (1) down to a minimum of 3.5 feet for"
or/clackamas/wilsonville,max_height_ft,unheld,same_field,or/clackamas/wilsonville/4.planning.txt,7982,4,12,12,35,1,Ground floor height minimum 12 ft.
or/clackamas/wilsonville,setback_front_ft,unheld,same_field,or/clackamas/wilsonville/4.planning.txt,10013,4,30,30,"12,15,20",1,"Front Setback 30 feet, minimum, except"
or/clackamas/wilsonville,max_height_ft,unheld,same_field,or/clackamas/wilsonville/4.planning.txt,10028,4,24,24,35,1,height of 24 feet;
or/clackamas/wilsonville,max_height_ft,unheld,same_field,or/clackamas/wilsonville/4.planning.txt,10049,4,15,15,35,1,"* The Ground Floor height shall measure 15 feet, minimum from finished floor to"
or/clackamas/wilsonville,max_height_ft,unheld,same_field,or/clackamas/wilsonville/4.planning.txt,10054,4,30,30,35,1,a. For Buildings 30 feet in height (unless lower by adjustment):
or/clackamas/wilsonville,max_height_ft,unheld,same_field,or/clackamas/wilsonville/4.planning.txt,10059,4,30,30,35,1,b. For Buildings between 30 feet and 5 stories in height:
or/clackamas/wilsonville,setback_front_ft,unheld,same_field,or/clackamas/wilsonville/4.planning.txt,10402,4,30,30,"12,15,20",1,C. Front Yard Setback. Thirty (30) feet. Structures on corner or through lots shall observe the
or/clackamas/wilsonville,setback_side_ft,unheld,same_field,or/clackamas/wilsonville/4.planning.txt,10405,4,30,30,"0,5,7,10",1,D. Rear and Side Yard Setback. Thirty (30) feet. Structures on corner or through lots shall
or/clackamas/wilsonville,min_lot_sqft,unheld,same_field,or/clackamas/wilsonville/4.planning.txt,10982,4,3000,3000,"1250,1500,7000,8000,20000",1,"complies with section 4.137.2(.05), due to such things as a lot size less than 3,000 square feet,"
or/clackamas/wilsonville,max_height_ft,unheld,same_field,or/clackamas/wilsonville/4.planning.txt,15443,4,24,24,35,1,C. Where a proposed development includes buildings larger than 24 feet in height or greater
or/clackamas/wilsonville,max_height_ft,unheld,same_field,or/clackamas/wilsonville/4.planning.txt,15448,4,50,50,35,1,"no more than 50 feet on center, to break up the length and height of the façade."
or/clackamas/wilsonville,min_lot_sqft,unheld,same_field,or/clackamas/wilsonville/4.planning.txt,15998,4.113,10000,10000,"1250,1500,7000,8000,20000",1,"1. Minimum Lot Area: 10,000 square feet."
or/clackamas/wilsonville,min_frontage_ft,unheld,same_field,or/clackamas/wilsonville/4.planning.txt,15999,4.113,100,100,"20,30,35,40,80",1,2. Minimum Street Frontage: 100 feet.
or/clackamas/wilsonville,max_height_ft,unheld,same_field,or/clackamas/wilsonville/4.planning.txt,16001,4,50,50,35,1,4. Maximum Building Height: 50 feet.
or/clackamas/wilsonville,min_frontage_ft,unheld,same_field,or/clackamas/wilsonville/4.planning.txt,16040,4,100,100,"20,30,35,40,80",1,4. Minimum Street Frontage: 100 feet.
or/clackamas/wilsonville,min_lot_sqft,unheld,same_field,or/clackamas/wilsonville/4.planning.txt,16042,4,12000,12000,"1250,1500,7000,8000,20000",1,"6. Minimum Lot Size: 12,000 square feet."
or/multnomah/_unincorporated,max_height_ft,unheld,same_field,or/multnomah/_unincorporated/33.110.txt,664,33.110,6,6,"25,30,35",1,d. Water collection cisterns that are 6 feet or less in height;
or/multnomah/_unincorporated,max_height_ft,unheld,same_field,or/multnomah/_unincorporated/33.110.txt,695,33.110,10,10,"25,30,35",1,"be reduced to 10 feet. However, the height limitations of subparagraph c. apply."
or/multnomah/_unincorporated,max_height_ft,unheld,same_field,or/multnomah/_unincorporated/33.110.txt,2006,33.110,16,16,"25,30,35",1,edges on street facing facades may extend up to 16 feet above the height limit. Other mechanical equipment
or/multnomah/_unincorporated,max_height_ft,unheld,same_field,or/multnomah/_unincorporated/33.110.txt,2009,33.110,10,10,"25,30,35",1,to 10 feet above the height limit.
or/multnomah/fairview,setback_rear_ft,unheld,same_field,or/multnomah/fairview/19.115.txt,73,19.115.040,"50,37.5","50,37.5","0,5,8,15",1,b. Detached garages on lots abutting Fairview and Clear Creek shall have rear setbacks in compliance with the environmental setbacks of those creeks; 50 feet and 37.5 feet respectively. Minimum side y
or/multnomah/fairview,max_height_ft,unheld,same_field,or/multnomah/fairview/19.135.txt,78,19.135.030,"7,12.5","7,12.5","35,45",1,"e. Awnings may extend up to four feet into a public right-of-way. Awnings shall have a minimum clearance of 7.0 feet and a maximum height of 12.5 feet. Awning covering material shall be metal, glass,"
or/multnomah/fairview,max_height_ft,unheld,same_field,or/multnomah/fairview/19.135.txt,80,19.135.030,18,18,"35,45",1,"f. Buildings in the “four corners area” of the VMU zone (delineated in Figure V-1, following Chapter 19.155 FMC) shall have a minimum front facade height of 18 feet as measured from the finished stree"
or/multnomah/fairview,max_height_ft,unheld,same_field,or/multnomah/fairview/19.135.txt,88,19.135.030,18,18,"35,45",1,"Building front facade height, as measured from the street grade, shall be no less than 18 feet."
or/multnomah/fairview,setback_front_ft,unheld,same_field,or/multnomah/fairview/19.30.txt,475,19.30.030,30,30,"0,10,20",1,"1. When an existing single-unit dwelling on the same street is located within 30 feet of the subject site, a front yard setback similar to that of the nearest single-unit dwelling shall be used. “Simi"
or/multnomah/fairview,max_height_ft,unheld,same_field,or/multnomah/fairview/19.65.txt,255,19.65.060,15,15,"35,45",1,"2. Across a Local Street or Alley from a Residential Zone. On the portion of the site within 15 feet of a lot line that is across a local street or alley, as identified in the Fairview Transportation"
or/multnomah/gresham,min_lot_width_ft,unheld,same_field,or/multnomah/gresham/4.0100.residential.txt,597,4,50,50,"16,20,25,35,40,42,45,60,70,75,100",1,Lot width at building line (interior and corner lots): 50 feet
or/multnomah/portland,max_height_ft,unheld,same_field,or/multnomah/portland/33.110.txt,664,33.110,6,6,"30,35,45,65,75,100,150",1,d. Water collection cisterns that are 6 feet or less in height;
or/multnomah/portland,max_height_ft,unheld,same_field,or/multnomah/portland/33.110.txt,695,33.110,10,10,"30,35,45,65,75,100,150",1,"be reduced to 10 feet. However, the height limitations of subparagraph c. apply."
or/multnomah/portland,max_height_ft,unheld,same_field,or/multnomah/portland/33.110.txt,1642,33.110,25,25,"30,35,45,65,75,100,150",1,"case, the maximum height allowed is reduced to 25 feet. Adjustments are"
or/multnomah/portland,max_height_ft,unheld,same_field,or/multnomah/portland/33.110.txt,1745,33.110,25,25,"30,35,45,65,75,100,150",1,6. Maximum height. The maximum height allowed is 25 feet. Existing dwelling units that
or/multnomah/portland,max_height_ft,unheld,same_field,or/multnomah/portland/33.110.txt,2006,33.110,16,16,"30,35,45,65,75,100,150",1,edges on street facing facades may extend up to 16 feet above the height limit. Other mechanical equipment
or/multnomah/portland,max_height_ft,unheld,same_field,or/multnomah/portland/33.110.txt,2009,33.110,10,10,"30,35,45,65,75,100,150",1,to 10 feet above the height limit.
or/multnomah/portland,setback_garage_entrance_ft,unheld,same_field,or/multnomah/portland/33.120.txt,1224,33.910,5,5,18,1,"a. In the RM2, RM3, RM4, and RX zone, the garage entrance must be either 5 feet"
or/multnomah/portland,setback_garage_entrance_ft,unheld,same_field,or/multnomah/portland/33.120.txt,1226,33.910,5,5,18,1,"garage entrance is located within 5 feet of the front lot line, it may not be closer"
or/multnomah/portland,max_height_ft,unheld,same_field,or/multnomah/portland/33.130.txt,565,33.130.212,"10,5","10,5","30,35,45,65,75,100,150",1,"feet or less may extend 10 feet above the height limits, or 5 feet above the highest"
or/multnomah/portland,max_height_ft,unheld,same_field,or/multnomah/portland/33.130.txt,575,33.130,4,4,"30,35,45,65,75,100,150",1,railings may extend 4 feet above the height limits.
or/multnomah/portland,max_height_ft,unheld,same_field,or/multnomah/portland/33.130.txt,578,33.130,6,6,"30,35,45,65,75,100,150",1,between individual rooftop decks may extend 6 feet above the height limits if the
or/multnomah/portland,max_height_ft,unheld,same_field,or/multnomah/portland/33.130.txt,589,33.130,10,10,"30,35,45,65,75,100,150",1,the roof area may extend up to 10 feet above the height limits.
or/multnomah/portland,max_height_ft,unheld,same_field,or/multnomah/portland/33.130.txt,606,33.130,5,5,"30,35,45,65,75,100,150",1,"district, base height, step-down height, and bonus height may be increased by 5 feet"
or/multnomah/portland,max_height_ft,unheld,same_field,or/multnomah/portland/33.130.txt,886,33.130,15,15,"30,35,45,65,75,100,150",1,(2) Buildings that are 15 feet or less in height are exempt from the required
or/multnomah/portland,max_height_ft,unheld,same_field,or/multnomah/portland/33.130.txt,1919,33.130,6,6,"30,35,45,65,75,100,150",1,b. Water cisterns that are 6 feet or less in height are allowed in side and rear
or/multnomah/portland,max_height_ft,unheld,same_field,or/multnomah/portland/33.150.txt,499,33.150,"5,10","5,10","30,35,45,65,75,100,150",1,"depth, or diameter of 5 feet or less may extend 10 feet above the height limit, or 5 feet"
or/multnomah/portland,max_height_ft,unheld,same_field,or/multnomah/portland/33.150.txt,502,33.150,4,4,"30,35,45,65,75,100,150",1,2. Parapets and rooftop railings may extend 4 feet above the height limit.
or/multnomah/portland,max_height_ft,unheld,same_field,or/multnomah/portland/33.150.txt,506,33.150,16,16,"30,35,45,65,75,100,150",1,a. Elevator mechanical equipment may extend up to 16 feet above the height
or/multnomah/portland,max_height_ft,unheld,same_field,or/multnomah/portland/33.150.txt,509,33.150,10,10,"30,35,45,65,75,100,150",1,more than 10 percent of the roof area may extend up to 10 feet above the height
or/multnomah/troutdale,setback_street_side_ft,unheld,same_field,or/multnomah/troutdale/3.zoning-districts.txt,318,3,20,20,"0,10",1,5. Street side yard setback is 20 feet if driveway access is taken from street side yard.
or/multnomah/troutdale,setback_street_side_ft,unheld,same_field,or/multnomah/troutdale/3.zoning-districts.txt,340,3,20,20,"0,10",1,2. Street side yard setback is 20 feet if driveway access is taken from street side yard.
or/multnomah/troutdale,max_height_ft,unheld,same_field,or/multnomah/troutdale/3.zoning-districts.txt,777,3.235,1,1,"35,55",1,"b. For each one (1) foot reduction in the minimum setback, the building height"
or/multnomah/troutdale,max_height_ft,unheld,same_field,or/multnomah/troutdale/3.zoning-districts.txt,779,3.235,5,5,"35,55",1,maximum five (5) feet closer to the common property line has a building height
or/multnomah/wood-village,max_height_ft,unheld,same_field,or/multnomah/wood-village/235.300.txt,81,235.300,25,25,"35,45",1,"(2)For sites abutting a light residential zone or abutting right-of-way adjacent to a light residential zone, the maximum height is twenty-five (25) feet within the first twenty-five (25) feet from th"
or,max_height_ft,unheld,read_section,or/oar.660-046-0220.txt,61,660-046-0220,25,25,,1,"Height: A Large City may not apply lower maximum height standards than those applicable to detached single-family dwellings in the same zone, except a maximum height may not be less than 25 feet or tw"
or/clackamas/_unincorporated,min_lot_sqft,unheld,read_section,or/clackamas/_unincorporated/zdo.315.txt,1086,315.04,"3630,2420","3630,2420",7000,1,"12 For a townhouse, the minimum lot size is 3,630 square feet in the MR-1 District and 2,420 square feet in the MR-2 District unless, as part of an application filed pursuant to Section 1105, Subdivis"
or/clackamas/_unincorporated,min_lot_sqft,unheld,read_section,or/clackamas/_unincorporated/zdo.315.txt,1535,315.04,3630,3630,7000,1,"[1] The minimum lot size for a lot developed with a detached single-family dwelling classified as a nonconforming use is 3,630 square feet."
or/clackamas/_unincorporated,min_lot_sqft,unheld,read_section,or/clackamas/_unincorporated/zdo.315.txt,1537,315.04,2420,2420,7000,1,"[2] The minimum lot size for a lot developed with a detached single-family dwelling classified as a nonconforming use is 2,420 square feet."
or/clackamas/_unincorporated,setback_rear_ft,unheld,read_section,or/clackamas/_unincorporated/zdo.845.txt,137,845.04,10,10,"15,20",1,7 Minimum Setbacks: The minimum front and rear setbacks are 10 feet. The minimum side setback is five feet.
or/clackamas/lake-oswego,min_lot_sqft,unheld,read_section,or/clackamas/lake-oswego/50.04.dimensional.txt,553,50.04.001.2,"2750,6000","2750,6000","1500,7000,7500,10000,15000",4,"2,750 sq. ft. + [(actual lot size – 6,000 sq. ft.) x 0.19]"
or/clackamas/lake-oswego,min_lot_sqft,unheld,read_section,or/clackamas/lake-oswego/50.04.dimensional.txt,558,50.04.001.2,"2850,5000","2850,5000","1500,7000,7500,10000,15000",1,"2,850 sq. ft. + [(actual lot size – 5,000 sq. ft.) x 0.28]"
or/clackamas/lake-oswego,min_lot_sqft,unheld,read_section,or/clackamas/lake-oswego/50.04.dimensional.txt,566,50.04.001.2,"2850,5000","2850,5000","1500,7000,7500,10000,15000",1,"2,850 sq. ft. + [(actual lot size – 5,000 sq. ft.) x 0.48]"
or/clackamas/lake-oswego,max_height_ft,unheld,read_section,or/clackamas/lake-oswego/50.04.dimensional.txt,788,50.04.001-5,10,10,"25,28,30,35",1,[1] < 600 sq. ft. and with walls < 10 ft. in height below the eave.
or/clackamas/lake-oswego,max_height_ft,unheld,read_section,or/clackamas/lake-oswego/50.04.dimensional.txt,805,50.04.001-6,18,18,"25,28,30,35",1,Structures ≤ 18 ft. in height Structures > 18 ft. in height
or/clackamas/lake-oswego,max_height_ft,unheld,read_section,or/clackamas/lake-oswego/50.04.dimensional.txt,1099,50.04.001-9,"40,50","40,50","25,28,30,35",2,"Two or more: 40 ft. average, with no individual primary structure exceeding 50 ft. base building height."
or/clackamas/lake-oswego,max_height_ft,unheld,read_section,or/clackamas/lake-oswego/50.04.dimensional.txt,1121,50.04.001-9,60,60,"25,28,30,35",1,"In the R-5 zone, a structure shall not exceed the base height standards set forth in subsection 2.g.i(2) of this section if the structure is closer than 60 ft. to a lot carrying a residential designat"
or/clackamas/lake-oswego,max_height_ft,unheld,read_section,or/clackamas/lake-oswego/50.04.dimensional.txt,1167,50.04.001-9,"40,50","40,50","25,28,30,35",1,"Average height may increase to 40 ft. over the entire site, with no individual structure exceeding 50 ft., in the following circumstances:"
or/clackamas/lake-oswego,max_height_ft,unheld,read_section,or/clackamas/lake-oswego/50.04.dimensional.txt,1661,50.04.001-13,60,60,"25,28,30,35",1,"In the R-0 or R-3, a structure shall not exceed the base height standards set forth in subsection 3.f.ii of this section if the structure is closer than 60 ft. to a lot carrying a residential designat"
or/clackamas/milwaukie,min_frontage_ft,unheld,read_section,or/clackamas/milwaukie/12.16.access-management.txt,190,12.16.040,50,50,,1,"For lots with one street frontage on a local street and/or neighborhood route, one additional accessway may be granted where the driveway approaches can be spaced fifty (50) feet apart, upon review an"
or/clackamas/milwaukie,max_units,unheld,read_section,or/clackamas/milwaukie/12.16.access-management.txt,264,12.16.040,8,8,,1,Multi-unit residential or cottage cluster developments with between five (5) and eight (8) units must have a minimum driveway apron width of sixteen (16) feet on local or neighborhood streets and twen
or/clackamas/milwaukie,max_units,unheld,read_section,or/clackamas/milwaukie/12.16.access-management.txt,268,12.16.040,8,8,,1,"Multi-unit residential or cottage cluster developments with more than eight (8) dwelling units, and off-street parking areas with sixteen (16) or more spaces, must have a minimum driveway apron width"
or/clackamas/milwaukie,max_coverage_pct,unheld,read_section,or/clackamas/milwaukie/19.300.base-zones.txt,544,19.302.5,10,10,"30,35,45,50",1,"The maximum lot coverage percentage in Subsection 19.302.4 is increased by 10 percentage points for development of an addition to an existing single detached dwelling or an accessory structure, provid"
or/clackamas/milwaukie,max_coverage_pct,unheld,read_section,or/clackamas/milwaukie/19.300.base-zones.txt,548,19.302.5,10,10,"30,35,45,50",1,"The maximum lot coverage percentage in Subsection 19.302.4 is increased by 10 percentage points for development of a middle housing dwelling (except for townhouses and cottage clusters), an addition t"
or/clackamas/milwaukie,max_coverage_pct,unheld,read_section,or/clackamas/milwaukie/19.300.base-zones.txt,559,19.302.5,5,5,"30,35,45,50",1,The maximum lot coverage percentage in Subsection 19.302.4.B.4 is increased by a total of 5 percentage points for the development of new detached or attached accessory dwelling units. This allowance a
or/clackamas/milwaukie,max_height_ft,unheld,read_section,or/clackamas/milwaukie/19.300.base-zones.txt,579,19.302.5,10,10,"35,45",1,"An additional 10 ft of building height may be permitted in excess of the required maximum standard. For the additional 10 ft in building height, an additional 10% of site area beyond the minimum is re"
or/clackamas/milwaukie,max_units,unheld,read_section,or/clackamas/milwaukie/19.500.supplementary.txt,1469,19.505.3,5,5,,1,"a. For buildings with more than 5 dwelling units, a minimum of 10% of the gross site area, or 750 sq ft, whichever is greater, shall be designated as common open space."
or/clackamas/milwaukie,min_frontage_ft,unheld,read_section,or/clackamas/milwaukie/19.500.supplementary.txt,1493,19.505.3,10,10,,1,"c. For sites not on an arterial street, at least 50% of a site's street frontage, excluding driveways, shall be occupied by buildings that are located no further than 10 ft from the required setback l"
or/clackamas/milwaukie,min_frontage_ft,unheld,read_section,or/clackamas/milwaukie/19.500.supplementary.txt,1494,19.505.3,20,20,,1,"d. For sites on an arterial street, at least 50% of a site's street frontage, excluding driveways, shall be occupied by buildings that are located no further than 20 ft from the required setback line."
or/clackamas/milwaukie,max_height_ft,unheld,read_section,or/clackamas/milwaukie/19.500.supplementary.txt,1531,19.505.3,6,6,"35,45",1,"c. On sites with a side or rear lot line that abuts an R-MD Zone, landscaping, or a combination of fencing and landscaping, shall be used to provide a sightobscuring screen 6 ft high along the abuttin"
or/clackamas/milwaukie,max_height_ft,unheld,read_section,or/clackamas/milwaukie/19.500.supplementary.txt,1571,19.505.3,30,30,"35,45",1,"b. Where windows on a multi-unit development are within 30 ft of windows on adjacent residences, windows on the multi-unit development shall be offset so the panes do not overlap windows on adjacent r"
or/clackamas/milwaukie,open_space_min_pct,unheld,read_section,or/clackamas/milwaukie/19.500.supplementary.txt,1577,19.505.3,70,70,,1,a. At least 70% of the street or common open space frontage shall be visible from the following areas on 1 or more dwelling units: a front door; a ground-floor window (except a garage window); or a se
or/clackamas/milwaukie,min_lot_width_ft,unheld,read_section,or/clackamas/milwaukie/19.500.supplementary.txt,2336,19.505.5,25,25,"20,30,50,60",1,"On townhouse lots with a lot width of 25 ft or less, there is no required side yard between an accessory structure and a side lot line abutting a townhouse lot. All other accessory structure regulatio"
or/clackamas/rivergrove,max_height_ft,unheld,read_section,or/clackamas/rivergrove/rldo.composite.txt,872,,12,12,,1,height for each 12 feet in width;
or/clackamas/rivergrove,max_height_ft,unheld,read_section,or/clackamas/rivergrove/rldo.composite.txt,1058,,35,35,,1,(a) No new residential structure may exceed 35 feet in height (not including the height
or/clackamas/rivergrove,max_height_ft,unheld,read_section,or/clackamas/rivergrove/rldo.composite.txt,1061,,20,20,,1,(b) No new accessory structures may exceed 20 feet in height.
or/clackamas/rivergrove,min_frontage_ft,unheld,read_section,or/clackamas/rivergrove/rldo.composite.txt,1549,,25,25,,1,(c) The partition contains a parcel having 25 feet or less street frontage;
or/clackamas/tualatin,max_units,unheld,read_section,or/clackamas/tualatin/40-41.residential.txt,150,40.300,10,10,,1,Congregate Care Facility 10 units per acre
or/clackamas/tualatin,max_height_ft,unheld,read_section,or/clackamas/tualatin/40-41.residential.txt,371,41.220,75,75,35,1,with a maximum height of 75 feet.
or/clackamas/tualatin,max_units,unheld,read_section,or/clackamas/tualatin/40-41.residential.txt,454,41.300,10,10,,1,10 units per acre
or/clackamas/tualatin,max_units,unheld,read_section,or/clackamas/tualatin/40-41.residential.txt,457,41.300,12,12,,1,12 units per acre Limited to single-wide dwelling parks
or/clackamas/tualatin,max_units,unheld,read_section,or/clackamas/tualatin/40-41.residential.txt,462,41.300,15,15,,1,15 units per acre
or/clackamas/tualatin,max_units,unheld,read_section,or/clackamas/tualatin/40-41.residential.txt,463,41.300,15,15,,1,Nursing Facility 15 units per acre
or/clackamas/tualatin,max_units,unheld,read_section,or/clackamas/tualatin/40-41.residential.txt,464,41.300,15,15,,1,Group Living Uses 15 units per acre
or/clackamas/tualatin,min_lot_width_ft,unheld,read_section,or/clackamas/tualatin/40-41.residential.txt,516,41.220,"100,40","100,40","0,50",1,Conditional Uses 100 feet Minimum lot width at street is 40 feet.
or/clackamas/west-linn,min_frontage_ft,unheld,read_section,or/clackamas/west-linn/02.definitions.txt,281,02.030,35,35,,1,"Flag lot. A lot complying with all other provisions of the Community Development Code which does not meet the minimum street frontage requirement of 35 feet, and which gains access to the public right"
or/clackamas/west-linn,max_height_ft,unheld,read_section,or/clackamas/west-linn/02.definitions.txt,678,02.030,20,20,"35,40",1,"Minor modification. A change in the approved design that is equal to or less than a 10 percent increase in the length, width or height of the facility. A change of location by under 20 feet laterally"
or/clackamas/west-linn,max_height_ft,unheld,read_section,or/clackamas/west-linn/02.definitions.txt,1015,02.030,16,16,"35,40",1,"Tree. A woody perennial plant usually having one dominant trunk, the capacity to achieve a mature height greater than 16 feet, and primarily referred to as a tree in scientific literature."
or/clackamas/west-linn,max_units,unheld,read_section,or/clackamas/west-linn/16.r-2.1.txt,218,16.070,3.5,3.5,,1,Multifamily dwelling units are limited to 3.5 stories in height.
or/clackamas/west-linn,max_height_ft,unheld,read_section,or/clackamas/west-linn/25.willamette-historic.txt,418,25.070,"28,50","28,50","35,40",1,a. Residential structures are limited to 28 feet in height. Cupolas and towers shall not exceed 50 feet in height.
or/clackamas/west-linn,setback_garage_entrance_ft,unheld,read_section,or/clackamas/west-linn/48.access.txt,115,48.030,20,20,,1,"4. The driveway shall include a minimum of 20 feet in length between the garage door and the back of sidewalk, or, if no sidewalk is proposed, to the paved portion of the right-of-way."
or/clackamas/wilsonville,open_space_min_pct,unheld,read_section,or/clackamas/wilsonville/4.planning.txt,2964,4.113,25,25,,1,"2,000 square feet to be counted towards the 25 percent open space requirement. For"
or/clackamas/wilsonville,open_space_min_pct,unheld,read_section,or/clackamas/wilsonville/4.planning.txt,2969,4,25,25,,1,towards the 25 percent open space requirement.
or/clackamas/wilsonville,max_units,unheld,read_section,or/clackamas/wilsonville/4.planning.txt,4397,4,25,25,,2,density listed in Table 1; or (2) net density of 25 units per acre. If applying a maximum density
or/clackamas/wilsonville,max_units,unheld,read_section,or/clackamas/wilsonville/4.planning.txt,4491,4,7.5,7.5,,1,Density Range district thus allowing a maximum of 7.5 units per acre of Gross Development Area
or/clackamas/wilsonville,setback_rear_ft,unheld,read_section,or/clackamas/wilsonville/4.planning.txt,7450,4.127,10,10,"5,15,20",1,H. The minimum rear setback for a cottage cluster and Accessory Dwelling Unit (ADU) is 10 feet.
or/clackamas/wilsonville,setback_front_ft,unheld,read_section,or/clackamas/wilsonville/4.planning.txt,7492,4.127,6,6,"12,15,20",1,B. Where the minimum front setback is 6 feet it is intended to accommodate a public utility easement (PUE) for
or/clackamas/wilsonville,max_height_ft,unheld,read_section,or/clackamas/wilsonville/4.planning.txt,7502,4.127,25,25,35,1,"E. In Urban Form 3, buildings or portions thereof greater than either 2 stories or 25 feet in height shall have a"
or/clackamas/wilsonville,max_height_ft,unheld,read_section,or/clackamas/wilsonville/4.planning.txt,7590,4.127,20,20,35,1,"i. be at least 20 feet in height so as to be visible from a distance, the Develop-"
or/clackamas/wilsonville,max_height_ft,unheld,read_section,or/clackamas/wilsonville/4.planning.txt,7591,4.127,20,20,35,1,ment Review Board may approve height shorter than 20 feet upon the
or/clackamas/wilsonville,open_space_min_pct,unheld,read_section,or/clackamas/wilsonville/4.planning.txt,7631,4,50,50,,1,least 50 percent usable open space as defined by this Code and other like space
or/clackamas/wilsonville,max_units,unheld,read_section,or/clackamas/wilsonville/4.planning.txt,12971,4,25,25,,1,"parcel(s) established in the approved plan, or (2) 25 units per acre."
or/clackamas/wilsonville,open_space_min_pct,unheld,read_section,or/clackamas/wilsonville/4.planning.txt,13166,4,50,50,,1,more than 50 percent of the reduced open space area may be from the required
or/multnomah/_unincorporated,max_coverage_pct,unheld,read_section,or/multnomah/_unincorporated/33.110.txt,1439,33.110,5,5,"40,50",1,or common green is 5 percent greater than the building coverage of the base zone.
or/multnomah/_unincorporated,max_coverage_pct,unheld,read_section,or/multnomah/_unincorporated/33.110.txt,1641,33.110,60,60,"40,50",1,b. Exception. The maximum building coverage allowed per lot is 60 percent. In this
or/multnomah/_unincorporated,open_space_min_pct,unheld,read_section,or/multnomah/_unincorporated/33.110.txt,1769,33.110,25,25,,1,"outdoor area by up to 25 percent may be requested prior to January 2, 2032."
or/multnomah/_unincorporated,max_units,unheld,read_section,or/multnomah/_unincorporated/33.110.txt,1833,33.110,4,4,,1,feet wide for sites with 3 or 4 dwelling units and 4 feet wide for sites with 5 or
or/multnomah/_unincorporated,max_height_ft,unheld,read_section,or/multnomah/_unincorporated/33.140.txt,597,33.140,"45,65","45,65","25,30,35",1,Maximum Height 45 ft. no limit 65 ft no limit no limit no limit
or/multnomah/_unincorporated,max_height_ft,unheld,read_section,or/multnomah/_unincorporated/33.140.txt,629,33.140,"15,10","15,10","25,30,35",1,"EG2, IG2, IH Any height 15 ft. / 10 ft. @ L3 15 ft. / 10 ft. @ L3"
or/multnomah/fairview,setback_garage_entrance_ft,unheld,read_section,or/multnomah/fairview/19.115.txt,63,19.115.040,20,20,,1,1. Four out of five attached garages with front access on any block frontage in the VSF zone shall be set back a minimum of 20 feet from the front facade. Such garages may have a single garage door fo
or/multnomah/fairview,max_coverage_pct,unheld,read_section,or/multnomah/fairview/19.120.txt,61,19.120.040,70,70,"50,60,65,75",1,C. Lot Coverage. The total of all structures shall cover no more than 70 percent of any lot.
or/multnomah/gresham,max_units,unheld,read_section,or/multnomah/gresham/4.0100.residential.txt,248,4.0130,"7,3.78,12.1","7,3.78,12.1",,1,Manufactured NA NA NA 7 units per acre 3.78 units per 12.1 units per NA
or/multnomah/gresham,max_units,unheld,read_section,or/multnomah/gresham/4.0400.corridor.txt,488,4,24,24,,1,for townhouses and 24 units per acre for all other middle housing uses.
or/multnomah/gresham,max_height_ft,unheld,read_section,or/multnomah/gresham/4.1100.downtown.txt,528,4.1100,110,110,"35,40,45,50,85",1,1. The maximum height and ﬂoor area ratio ( FA R) for the portion of development sites within 110 feet of the center line of N Main Avenue
or/multnomah/gresham,max_height_ft,unheld,read_section,or/multnomah/gresham/4.1100.downtown.txt,532,4.1100,8,8,"35,40,45,50,85",1,2. Building heights in all Downtown sub- districts except DRL-1 and DRL-2 shall be allowed to exceed the maximum up to 8 feet to allow for
or/multnomah/gresham,max_height_ft,unheld,read_section,or/multnomah/gresham/4.1100.downtown.txt,724,4.1100,6,6,"35,40,45,50,85",1,b. Ground-mounted. Ground-mounted solar energy systems shall not exceed 6 feet in height.
or/multnomah/gresham,max_height_ft,unheld,read_section,or/multnomah/gresham/4.1100.downtown.txt,729,4.1100,10,10,"35,40,45,50,85",1,shall not exceed 10 feet above the roof height on which the system is installed.
or/multnomah/gresham,max_height_ft,unheld,read_section,or/multnomah/gresham/4.1100.downtown.txt,732,4.1100,20,20,"35,40,45,50,85",1,b. Ground-mounted. Ground-mounted solar energy systems shall not exceed 20 feet in height.
or/multnomah/gresham,max_units,unheld,read_section,or/multnomah/gresham/4.1400.pleasant-valley.txt,276,4.1415,"8,25,40","8,25,40",,1,All Other Uses 8 units per acre 25 units per acre 40 units per acre
or/multnomah/gresham,max_height_ft,unheld,read_section,or/multnomah/gresham/4.1500.springwater.txt,674,4,20,20,"35,40,45,50,85",1,built to a height of 20 feet or contain a parapet wall of at least 20 feet in height.
or/multnomah/gresham,setback_garage_entrance_ft,unheld,read_section,or/multnomah/gresham/7.0400.middle-housing-design.txt,259,7.0420,3,3,"20,25",1,width shall extend at least 3 feet beyond the edge of the garage door (see Figure 7.0420(C) ).
or/multnomah/gresham,max_height_ft,unheld,read_section,or/multnomah/gresham/7.0400.middle-housing-design.txt,283,7.0420,6,6,"35,40,45,50,85",2,shall be a minimum of 6 feet in height at time of planting.
or/multnomah/gresham,max_height_ft,unheld,read_section,or/multnomah/gresham/7.0400.middle-housing-design.txt,344,7.0420,25,25,"35,40,45,50,85",1,of a mature height and width of at least 25 feet.
or/multnomah/gresham,max_height_ft,unheld,read_section,or/multnomah/gresham/7.0400.middle-housing-design.txt,346,7.0420,6,6,"35,40,45,50,85",1,burlapped or container stock. Evergreen canopy trees shall be a minimum of 6 feet in height at
or/multnomah/gresham,max_height_ft,unheld,read_section,or/multnomah/gresham/7.0400.middle-housing-design.txt,373,7.0420,5,5,"35,40,45,50,85",1,"1. Facades greater than one story in height, facing a side setback, and less than 5 feet from a minimum"
or/multnomah/gresham,setback_garage_entrance_ft,unheld,read_section,or/multnomah/gresham/7.0400.middle-housing-design.txt,517,7.0431,3,3,"20,25",1,3 feet beyond the edge of the garage door (see Figure 7.0420(C) ).
or/multnomah/portland,max_coverage_pct,unheld,read_section,or/multnomah/portland/33.110.txt,1439,33.110,5,5,"50,60,70,75,85,100",1,or common green is 5 percent greater than the building coverage of the base zone.
or/multnomah/portland,open_space_min_pct,unheld,read_section,or/multnomah/portland/33.110.txt,1769,33.110,25,25,,1,"outdoor area by up to 25 percent may be requested prior to January 2, 2032."
or/multnomah/portland,max_units,unheld,read_section,or/multnomah/portland/33.110.txt,1833,33.110,4,4,,1,feet wide for sites with 3 or 4 dwelling units and 4 feet wide for sites with 5 or
or/multnomah/portland,max_height_ft,unheld,read_section,or/multnomah/portland/33.120.txt,944,33.120,6,6,"30,35,45,65,75,100,150",1,extend 6 feet above the height limit provided that the wall or fence is set back at least
or/multnomah/portland,max_height_ft,unheld,read_section,or/multnomah/portland/33.120.txt,949,33.120,16,16,"30,35,45,65,75,100,150",1,a. Elevator mechanical equipment may extend up to 16 feet above the height
or/multnomah/portland,max_height_ft,unheld,read_section,or/multnomah/portland/33.120.txt,1204,33.120,6,6,"30,35,45,65,75,100,150",1,d. Water collection cisterns that are 6 feet or less in height;
or/multnomah/portland,setback_front_ft,unheld,read_section,or/multnomah/portland/33.120.txt,2439,33.120,8,8,"0,2,5,10,15,20",1,"(3) Fences up to 8 feet high are allowed in the required front building setback,"
or/multnomah/portland,max_units,unheld,read_section,or/multnomah/portland/33.130.txt,1549,33.130,4,4,,1,circulation system that provide access to no more than 4 units may be 3 feet
or/multnomah/portland,setback_garage_entrance_ft,unheld,read_section,or/multnomah/portland/33.130.txt,1805,33.130,5,5,18,1,5. Garage entrance setback. The garage entrance must be either 5 feet or closer to the
or/multnomah/troutdale,max_height_ft,unheld,read_section,or/multnomah/troutdale/1.020.definitions.txt,862,1.020,6,6,"35,55",1,"Windscreens. A fence-like structure, not to exceed six (6) feet in height, on the north or east side of"
or/multnomah/wood-village,min_frontage_ft,unheld,read_section,or/multnomah/wood-village/230.310.txt,80,230.310,10,10,,1,– Street frontage(4) 3 – 10 feet
or/clackamas/_unincorporated,min_lot_sqft,unheld,unread_section,or/clackamas/_unincorporated/zdo.1012.txt,210,1012.07,43560,43560,7000,1,"2 Divide GSA by the minimum lot area per dwelling unit of 43,560 square feet. The result is base density."
or/clackamas/gladstone,setback_front_ft,unheld,unread_section,or/clackamas/gladstone/17.10.r-7.2.txt,243,17.10.055,10,10,20,1,(i) Front setbacks: 10 feet;
or/clackamas/gladstone,setback_rear_ft,unheld,unread_section,or/clackamas/gladstone/17.10.r-7.2.txt,247,17.10.055,10,10,15,1,(iii) Rear setbacks: 10 feet.
or/clackamas/gladstone,max_height_ft,unheld,unread_section,or/clackamas/gladstone/17.10.r-7.2.txt,293,17.10.060,12,12,35,1,(j) Roof pitch of not less than three feet in height for each 12 feet in width; and
or/clackamas/gladstone,setback_garage_entrance_ft,unheld,unread_section,or/clackamas/gladstone/17.10.r-7.2.txt,381,17.10.065,20,20,,1,(d) Garage doors for attached and detached individual garages must not exceed 20 feet in width.
or/clackamas/gladstone,setback_front_ft,unheld,unread_section,or/clackamas/gladstone/17.12.r-5.txt,248,17.12.055,10,10,20,1,(i) Front setbacks: 10 feet;
or/clackamas/gladstone,setback_rear_ft,unheld,unread_section,or/clackamas/gladstone/17.12.r-5.txt,252,17.12.055,10,10,15,1,(iii) Rear setbacks: 10 feet.
or/clackamas/gladstone,max_height_ft,unheld,unread_section,or/clackamas/gladstone/17.12.r-5.txt,298,17.12.060,12,12,35,1,(j) Roof pitch of not less than three feet in height for each 12 feet in width; and
or/clackamas/gladstone,setback_garage_entrance_ft,unheld,unread_section,or/clackamas/gladstone/17.12.r-5.txt,388,17.12.065,20,20,,1,(d) Garage doors for attached and detached individual garages must not exceed 20 feet in width.
or/clackamas/happy-valley,max_height_ft,unheld,unread_section,or/clackamas/happy-valley/16.12.definitions.txt,123,16.12.030,30,30,"35,45,65",1,"Roofs of buildings, provided they are 30 feet or more in height above the street grade upon which such buildings front, church steeples, existing and replacement utility poles, flagpoles, street light"
or/clackamas/happy-valley,max_height_ft,unheld,unread_section,or/clackamas/happy-valley/16.12.definitions.txt,1571,16.12.030,50,50,"35,45,65",1,The facilities are mounted on structures 50 feet or less in height including their antennas (as defined in CFR 1.1320.d);
or/clackamas/happy-valley,max_height_ft,unheld,unread_section,or/clackamas/happy-valley/16.12.definitions.txt,1579,16.12.030,50,50,"35,45,65",1,"The facilities do not extend existing structures on which they are located to a height of more than 50 feet or by more than 10%, whichever is greater;"
or/clackamas/happy-valley,max_height_ft,unheld,unread_section,or/clackamas/happy-valley/16.12.definitions.txt,1725,16.12.030,20,20,"35,45,65",1,"The modification would protrude from the edge of the support tower more than 20 feet, or more than the width of the support tower structure at the level of the appurtenance, whichever is greater, and"
or/clackamas/lake-oswego,min_lot_sqft,unheld,unread_section,or/clackamas/lake-oswego/50.03.002.use-table.txt,1268,50.03.004.1,2500,2500,"1500,7000,7500,10000,15000",1,"At a net site density of 2,500 sq. ft./lot area per unit area allowed in conjunction with office uses in the same building."
or/clackamas/lake-oswego,max_height_ft,unheld,unread_section,or/clackamas/lake-oswego/50.04.dimensional.txt,1911,50.04.001.4,"60,40","60,40","25,28,30,35",2,Structures placed closer than 60 ft. from the property line of a lot which carries any residential zone designation shall have a maximum height of 40 ft. minus one ft. for each ft. less than 60 ft. th
or/clackamas/lake-oswego,max_height_ft,unheld,unread_section,or/clackamas/lake-oswego/50.04.dimensional.txt,1951,50.04.001.4,"100,45","100,45","25,28,30,35",2,"FMU State Street Height. For any area of a site that is located within 100 ft. of the centerline of State Street, the maximum height is 45 ft."
or/clackamas/lake-oswego,max_height_ft,unheld,unread_section,or/clackamas/lake-oswego/50.04.dimensional.txt,2003,50.04.001-15,24,24,"25,28,30,35",2,"The height of the roof form of the primary structure or 24 ft., whichever is less."
or/clackamas/lake-oswego,max_height_ft,unheld,unread_section,or/clackamas/lake-oswego/50.04.dimensional.txt,2051,50.04.001-17,24,24,"25,28,30,35",1,"Accessory Structures: 24 ft., or the height of the roof form of the primary structure, whichever is less."
or/clackamas/lake-oswego,max_height_ft,unheld,unread_section,or/clackamas/lake-oswego/50.04.dimensional.txt,2112,50.04.001-18,"78,158,104","78,158,104","25,28,30,35",1,For each CR&D zone the average height of all structures shall not exceed 78 ft. One structure is allowed a maximum structure height of 158 ft. No other structure shall exceed 104 ft. For the purpose o
or/clackamas/lake-oswego,max_height_ft,unheld,unread_section,or/clackamas/lake-oswego/50.04.dimensional.txt,2172,50.04.001-18,95,95,"25,28,30,35",1,"The maximum height limit shall be 95 ft. except in the MC zone located south of Kruse Way and east of Bangy Road, within which zone for no more than two structures the maximum allowable height is 175"
or/clackamas/lake-oswego,max_height_ft,unheld,unread_section,or/clackamas/lake-oswego/50.04.dimensional.txt,2406,50.04.003-1,16,16,"25,28,30,35",1,c. Rooftop elevator mechanical equipment may extend up to 16 ft. above the height limit.
or/clackamas/lake-oswego,max_height_ft,unheld,unread_section,or/clackamas/lake-oswego/50.04.dimensional.txt,2526,50.04.003-2,10,10,"25,28,30,35",1,"• Wall height: 10 ft., measured from Oswego Lake surface elevation, to eave"
or/clackamas/lake-oswego,min_lot_sqft,unheld,unread_section,or/clackamas/lake-oswego/50.04.dimensional.txt,2858,50.04.004,3000,3000,"1500,7000,7500,10000,15000",1,"Physical conditions preclude development of the site in a manner that complies with LOC § 50.06.007.2.c due to such things as a lot size less than 3,000 sq. ft., unstable or wet soils, or a drainage w"
or/clackamas/milwaukie,max_height_ft,unheld,unread_section,or/clackamas/milwaukie/19.200.definitions.txt,1085,19.202.3,4.5,4.5,"35,45",1,"Existing trees are measured at a height 4.5 ft above the mean ground level at the base of the tree, also sometimes referred to as ""diameter at breast height."" Trees on slopes are measured from the gro"
or/clackamas/milwaukie,max_coverage_pct,unheld,unread_section,or/clackamas/milwaukie/19.300.base-zones.txt,305,19.301.5,10,10,"30,35,45,50",1,"The maximum lot coverage percentage in Subsection 19.301.4.C.4 is increased by 10 percentage points for development of a single detached dwelling, an addition to an existing single detached dwelling,"
or/clackamas/milwaukie,max_coverage_pct,unheld,unread_section,or/clackamas/milwaukie/19.300.base-zones.txt,309,19.301.5,10,10,"30,35,45,50",1,"The maximum lot coverage percentage in Subsection 19.301.4.C.4 is increased by 10 percentage points for development of a middle housing dwelling (except for townhouses and cottage clusters), an additi"
or/clackamas/milwaukie,max_coverage_pct,unheld,unread_section,or/clackamas/milwaukie/19.300.base-zones.txt,320,19.301.5,5,5,"30,35,45,50",1,The maximum lot coverage percentage in Subsection 19.301.4.C.4 is increased by a total of 5 percentage points for the development of new detached or attached accessory dwelling units. This allowance a
or/clackamas/milwaukie,max_height_ft,unheld,unread_section,or/clackamas/milwaukie/19.300.base-zones.txt,1132,19.303.4,15,15,"35,45",1,Buildings in the GMU Zone shall provide a step back of at least 15 ft for any street-facing portion of the building above the base maximum height as shown in Figure 19.303.4.B.2.b.
or/clackamas/milwaukie,max_height_ft,unheld,unread_section,or/clackamas/milwaukie/19.300.base-zones.txt,1148,19.303.4,24,24,"35,45",1,"A building in the GMU Zone can utilize up to 2 of the development incentive bonuses in Subsection 19.303.4.B.3.a. and Section 19.510, for a total of 2 stories or 24 ft of additional height, whichever"
or/clackamas/milwaukie,max_height_ft,unheld,unread_section,or/clackamas/milwaukie/19.300.base-zones.txt,1154,19.303.4,12,12,"35,45",1,"New buildings that devote at least one story or 25% of the gross floor area to residential uses are permitted 1 additional story or an additional 12 ft of building height, whichever is less."
or/clackamas/milwaukie,max_height_ft,unheld,unread_section,or/clackamas/milwaukie/19.300.base-zones.txt,1160,19.303.4,12,12,"35,45",1,"Project proposals that receive approvals and certification as identified in Section 19.510 are permitted 1 additional story or an additional 12 ft of building height, whichever is less."
or/clackamas/milwaukie,max_height_ft,unheld,unread_section,or/clackamas/milwaukie/19.300.base-zones.txt,1882,19.304.5,25,25,"35,45",1,Minimum building heights are specified in Table 19.304.4. The minimum building height of 25 ft must be met along all street frontages for a depth of at least 25 ft from the front of the building.
or/clackamas/milwaukie,max_height_ft,unheld,unread_section,or/clackamas/milwaukie/19.300.base-zones.txt,1894,19.304.5,24,24,"35,45",1,"A building can utilize up to 2 of the development incentive bonuses of this subsection, for a total of 24 ft of additional height above the height maximum specified in Figure 19.304-4."
or/clackamas/milwaukie,max_height_ft,unheld,unread_section,or/clackamas/milwaukie/19.300.base-zones.txt,1896,19.304.5,50,50,"35,45",1,Height bonuses cannot be applied within 50 ft of the moderate density residential (R-MD) zone.
or/clackamas/milwaukie,max_height_ft,unheld,unread_section,or/clackamas/milwaukie/19.300.base-zones.txt,1902,19.304.5,12,12,"35,45",1,New buildings that devote at least one story or 25% of the gross floor area to residential uses are permitted an additional 12 ft of building height. The residential height bonus cannot be used in com
or/clackamas/milwaukie,max_height_ft,unheld,unread_section,or/clackamas/milwaukie/19.300.base-zones.txt,1908,19.304.5,12,12,"35,45",1,New buildings that devote at least one story or 25% of the gross floor area to lodging uses are permitted an additional 12 ft of building height. The lodging height bonus cannot be used in combination
or/clackamas/milwaukie,max_height_ft,unheld,unread_section,or/clackamas/milwaukie/19.300.base-zones.txt,1914,19.304.5,12,12,"35,45",1,Project proposals that receive approvals and certification as identified in Section 19.510 are permitted an additional 12 ft of building height.
or/clackamas/milwaukie,max_units,unheld,unread_section,or/clackamas/milwaukie/19.300.base-zones.txt,2026,19.304.5,25,25,,1,Minimum densities for townhouses and live/work units are 25 units per acre. There is no maximum residential density for townhouses or live/work units.
or/clackamas/milwaukie,max_units,unheld,unread_section,or/clackamas/milwaukie/19.300.base-zones.txt,2030,19.304.5,30,30,,1,Minimum densities for stand-alone multifamily dwellings and senior/retirement housing in the DMU Zone are 30 units per acre. Maximum residential densities are effectively controlled by height limits.
or/clackamas/milwaukie,setback_front_max_ft,unheld,unread_section,or/clackamas/milwaukie/19.300.base-zones.txt,3976,19.600,"10,30","10,30",,1,1. Properties in the MUTSA have a maximum front yard setback of 10 ft. Properties on key streets in the NME have a maximum front yard setback of 30 ft. Refer to 19.312.7 for key streets.
or/clackamas/milwaukie,max_height_ft,unheld,unread_section,or/clackamas/milwaukie/19.300.base-zones.txt,4157,19.312.7,15,15,"35,45",1,"The ground-floor street wall area is defined as the area up to the finished ceiling height of the space fronting the street or 15 ft above finished grade, whichever is less."
or/clackamas/milwaukie,max_height_ft,unheld,unread_section,or/clackamas/milwaukie/19.300.base-zones.txt,4278,19.312.7,14,14,"35,45",1,"The ground-floor height must be at least 14 ft, as measured from the finished floor to the ceiling, or from the finished floor to the bottom of the structure above (as in a multistory building). The b"
or/clackamas/milwaukie,max_height_ft,unheld,unread_section,or/clackamas/milwaukie/19.400.overlays.txt,717,19.402.4,"8,6","8,6","35,45",1,"Plants adjacent to trails may be trimmed, but trimming clearances must not exceed a height of 8 ft and a width of 6 ft."
or/clackamas/milwaukie,setback_front_max_ft,unheld,unread_section,or/clackamas/milwaukie/19.400.overlays.txt,2943,19.404.6,50,50,,1,"The maximum front yard setback is 50 ft. The setback area must be landscaped, except where used for parking as allowed in 19.404.6.F."
or/clackamas/milwaukie,min_lot_sqft,unheld,unread_section,or/clackamas/milwaukie/19.500.supplementary.txt,29,19.501.1,5000,5000,"1500,3000",1,"Single detached dwellings require a minimum lot size of 5,000 sq ft if the lot was created on or after June 3, 2022, the effective date of Ordinance #2218."
or/clackamas/milwaukie,max_height_ft,unheld,unread_section,or/clackamas/milwaukie/19.500.supplementary.txt,259,19.502.2,10,10,"35,45",1,There are no roof pitch requirements for an accessory structure with a height equal to or less than 10 ft. A minimum 4/12 roof pitch is required for an accessory structure with a height over 10 ft.
or/clackamas/milwaukie,max_height_ft,unheld,unread_section,or/clackamas/milwaukie/19.500.supplementary.txt,273,19.502.2,25,25,"35,45",1,"The structure is allowed the base zone height limit or 25 ft, whichever is greater."
or/clackamas/milwaukie,max_height_ft,unheld,unread_section,or/clackamas/milwaukie/19.500.supplementary.txt,309,19.502.2,6,6,"35,45",1,"Maximum height is 6 ft for rear, street side, and side yards; 42 in for front yards, except that for flag lots fences in the front yard may be 6 ft."
or/clackamas/milwaukie,max_height_ft,unheld,unread_section,or/clackamas/milwaukie/19.500.supplementary.txt,327,19.502.2,6,6,"35,45",1,"Maximum height 6 ft. No electrified wire is permitted. Barbed or razor wire may be permitted for security purposes on top of a maximum height fence, following a Type II review per Section 19.1005 in w"
or/clackamas/milwaukie,max_height_ft,unheld,unread_section,or/clackamas/milwaukie/19.500.supplementary.txt,333,19.502.2,8,8,"35,45",1,"Maximum height 8 ft. No electrified wire is permitted. Barbed or razor wire may be permitted for security purposes on top of a maximum height fence, except where such fencing is proposed adjacent to r"
or/clackamas/milwaukie,max_height_ft,unheld,unread_section,or/clackamas/milwaukie/19.500.supplementary.txt,345,19.502.2,"25,5","25,5","35,45",1,A stand-alone flagpole in a residential zone is limited to 25 ft high and must be at least 5 ft from any lot line. A stand-alone flagpole in commercial or industrial zones is subject to the height lim
or/clackamas/milwaukie,max_height_ft,unheld,unread_section,or/clackamas/milwaukie/19.500.supplementary.txt,495,19.502.3,1,1,"35,45",1,"The pole and turbine are subject to the base zone height limit for primary structures, except that an increase of 1 additional ft high is allowed for every 1 ft that the wind energy system is set back"
or/clackamas/milwaukie,min_frontage_ft,unheld,unread_section,or/clackamas/milwaukie/19.500.supplementary.txt,657,19.504.6,25,25,,1,Flag lots must have frontage or access on a public street. The minimum width of the accessway and street frontage is 25 ft. The accessway is the pole portion of the lot that provides access to the fla
or/clackamas/milwaukie,max_units,unheld,unread_section,or/clackamas/milwaukie/19.500.supplementary.txt,1007,19.505.1,4,4,,1,The building design standards in this subsection apply to the development of one to 4 units when the closest wall of the street-facing façade is within 50 ft of a front or street side lot line and to
or/clackamas/milwaukie,max_height_ft,unheld,unread_section,or/clackamas/milwaukie/19.500.supplementary.txt,1614,19.505.4,25,25,"35,45",1,"1. Max height 25 ft or 2 stories, whichever is greater 25 ft or 2 stories, whichever is greater"
or/clackamas/milwaukie,max_height_ft,unheld,unread_section,or/clackamas/milwaukie/19.500.supplementary.txt,1615,19.505.4,"10,15","10,15","35,45",1,2. Max structure height between 5 & 10 ft of rear lot line 15 ft 15 ft
or/clackamas/milwaukie,max_height_ft,unheld,unread_section,or/clackamas/milwaukie/19.500.supplementary.txt,1650,19.505.4,25,25,"35,45",1,"The height for all structures must not exceed 25 ft or 2 stories, whichever is greater."
or/clackamas/milwaukie,setback_garage_entrance_ft,unheld,unread_section,or/clackamas/milwaukie/19.500.supplementary.txt,2004,19.505.4,20,20,,1,Garage doors for attached and detached individual garages must not exceed 20 ft in width.
or/clackamas/milwaukie,max_height_ft,unheld,unread_section,or/clackamas/milwaukie/19.500.supplementary.txt,2474,19.505.7,20,20,"35,45",1,"A prominent architectural element, such as increased building height or massing, a cupola, a turret, or a pitched roof at, or within 20 ft of, the corner of the building."
or/clackamas/milwaukie,max_height_ft,unheld,unread_section,or/clackamas/milwaukie/19.500.supplementary.txt,2667,19.505.7,2,2,"35,45",1,Equipment under 2 ft in height.
or/clackamas/milwaukie,max_height_ft,unheld,unread_section,or/clackamas/milwaukie/19.500.supplementary.txt,2671,19.505.7,16,16,"35,45",1,Elevator mechanical equipment may extend above the height limit a maximum of 16 ft provided that the mechanical shaft is incorporated into the architecture of the building.
or/clackamas/milwaukie,max_height_ft,unheld,unread_section,or/clackamas/milwaukie/19.500.supplementary.txt,2675,19.505.7,"10,5","10,5","35,45",1,"Satellite dishes, communications equipment, and all other roof-mounted mechanical equipment shall be limited to 10 ft in height, shall be set back a minimum of 5 ft from the roof edge, and shall be sc"
or/clackamas/milwaukie,max_height_ft,unheld,unread_section,or/clackamas/milwaukie/19.500.supplementary.txt,2800,19.507.3,3,3,"35,45",1,"Only one sign is permitted on any property with an approved home occupation. The sign shall not exceed 4 sq ft in area, shall not be illuminated, shall not exceed 3 ft in height, and shall not be loca"
or/clackamas/milwaukie,max_height_ft,unheld,unread_section,or/clackamas/milwaukie/19.500.supplementary.txt,3099,19.508.4,15,15,"35,45",1,"At least 75% of the ground-floor height must be at least 15 ft, as measured from the finished floor to the ceiling, or from the finished floor to the bottom of the structure above (as in a multistory"
or/clackamas/milwaukie,max_height_ft,unheld,unread_section,or/clackamas/milwaukie/19.500.supplementary.txt,3757,19.508.4,"5,10","5,10","35,45",1,"Height modulation element such as tower, turret or cupola, defined as an architectural feature that projects a minimum of 5 ft and maximum of 10 ft above the surrounding building, with a minimum width"
or/clackamas/milwaukie,max_height_ft,unheld,unread_section,or/clackamas/milwaukie/19.500.supplementary.txt,3761,19.508.4,2,2,"35,45",1,"Corner offset projecting at least 2 ft from the main façade and extending at least 10 linear ft on both sides of the corner, incorporating distinctive materials compared to the main façade and extendi"
or/clackamas/milwaukie,max_height_ft,unheld,unread_section,or/clackamas/milwaukie/19.500.supplementary.txt,3851,19.508.4,4,4,"35,45",1,Vertical offset of height along the façade by minimum of 4 ft.
or/clackamas/milwaukie,max_height_ft,unheld,unread_section,or/clackamas/milwaukie/19.500.supplementary.txt,3855,19.508.4,"2,4","2,4","35,45",1,Dormer or other projecting element along or within 2 ft of the façade with minimum 4-ft height and 4-ft width.
or/clackamas/milwaukie,max_height_ft,unheld,unread_section,or/clackamas/milwaukie/19.500.supplementary.txt,4093,19.508.4,16,16,"35,45",1,"If visible from public street view, elevator mechanical equipment or a mechanical penthouse may not extend above the height limit by more than 16 ft, and must use a consistent exterior building materi"
or/clackamas/milwaukie,max_coverage_pct,unheld,unread_section,or/clackamas/milwaukie/19.500.supplementary.txt,4633,19.511,10,10,"30,35,45,50",1,Maximum lot coverage: up to 10 percentage points increase over the base maximum.
or/clackamas/milwaukie,parking_min_per_unit,unheld,unread_section,or/clackamas/milwaukie/19.600.parking.txt,489,19.606.1,5,5,,1,Drive aisles shall be required in parking areas greater than 5 spaces. Drive aisles shall meet the minimum width standards of Subsection 19.606.1. Where a drive aisle or portion thereof does not abut
or/clackamas/oregon-city,max_height_ft,unheld,unread_section,or/clackamas/oregon-city/17.zoning.txt,3542,17.04.1340,4.5,4.5,35,1,a height 4.5 feet above the ground level at the base of the
or/clackamas/oregon-city,setback_front_max_ft,unheld,unread_section,or/clackamas/oregon-city/17.zoning.txt,4598,17.12.040,20,20,,1,Maximum front yard setback 20 feet
or/clackamas/oregon-city,setback_rear_ft,unheld,unread_section,or/clackamas/oregon-city/17.zoning.txt,4607,17.12.040,10,10,20,1,"Minimum rear yard setback 10 feet 1 , except"
or/clackamas/oregon-city,max_height_ft,unheld,unread_section,or/clackamas/oregon-city/17.zoning.txt,15625,17.54.100,3.5,3.5,35,1,3.5 feet in total height as measured from the finished
or/clackamas/oregon-city,max_height_ft,unheld,unread_section,or/clackamas/oregon-city/17.zoning.txt,15639,17.54.100,8.5,8.5,35,1,finished grade) 8.5 feet in height from the finished
or/clackamas/oregon-city,max_height_ft,unheld,unread_section,or/clackamas/oregon-city/17.zoning.txt,15677,17.54.100,5,5,35,1,3. 5 feet in total height.
or/clackamas/tualatin,min_lot_sqft,unheld,unread_section,or/clackamas/tualatin/36.400-420.lot-dimensions.txt,58,36.125,5000,5000,"1400,4500,6500",1,"(a) RL Zone. The minimum lot size may be reduced to 5,000 square feet if:"
or/clackamas/tualatin,min_lot_width_ft,unheld,unread_section,or/clackamas/tualatin/36.400-420.lot-dimensions.txt,96,36.420,30,30,"0,50",1,(b) Have an average lot width of at least 30 feet;
or/clackamas/tualatin,max_coverage_pct,unheld,unread_section,or/clackamas/tualatin/36.400-420.lot-dimensions.txt,99,36.420,45,45,"60,75",1,(d) Have a maximum building coverage of 45 percent;
or/clackamas/west-linn,max_height_ft,unheld,unread_section,or/clackamas/west-linn/25.willamette-historic.txt,168,25.040,10,10,"35,40",1,"16. Accessory structures. Construction of accessory structures under 120 square feet and 10 feet in height (greenhouses, storage sheds, jacuzzis, spas, structures, gazebos, etc.) in a side or rear yar"
or/clackamas/west-linn,max_height_ft,unheld,unread_section,or/clackamas/west-linn/41.steep-lots.txt,61,41.020,"45,50","45,50","35,40",1,"2. The total building height does not exceed 45 feet, as measured from the lowest grade at a point five feet downhill from the rear of the building (or 50 feet in the R-15, R-20, and R-40 zones); and"
or/clackamas/west-linn,max_height_ft,unheld,unread_section,or/clackamas/west-linn/41.steep-lots.txt,63,41.020,24,24,"35,40",1,3. The building height does not project more than 24 feet above the average grade of the street.
or/clackamas/west-linn,max_height_ft,unheld,unread_section,or/clackamas/west-linn/41.steep-lots.txt,69,41.020,"45,50","45,50","35,40",1,"2. The total building height does not exceed 45 feet, as measured from a point five feet downhill from the front of the building (or 50 feet in the R-15, R-20, and R-40 zones)."
or/clackamas/west-linn,max_height_ft,unheld,unread_section,or/clackamas/west-linn/41.steep-lots.txt,83,41.040,50,50,"35,40",1,The height of a place of worship or governmental building may be built to a maximum height of 50 feet provided:
or/clackamas/wilsonville,min_lot_sqft,unheld,unread_section,or/clackamas/wilsonville/4.planning.txt,4335,4.163,30000,30000,"1250,1500,7000,8000,20000",1,"A. Minimum Lot Size: 30,000 square feet."
or/clackamas/wilsonville,setback_rear_ft,unheld,unread_section,or/clackamas/wilsonville/4.planning.txt,4336,4.163,30,30,"5,15,20",1,B. Minimum Front and Rear Yard Setbacks: 30 feet.
or/clackamas/wilsonville,min_frontage_ft,unheld,unread_section,or/clackamas/wilsonville/4.planning.txt,4346,4.120,75,75,"20,30,35,40,80",1,"C. Minimum Street Frontage: 75 feet. A reduced street frontage may be approved, based on a"
or/clackamas/wilsonville,setback_front_ft,unheld,unread_section,or/clackamas/wilsonville/4.planning.txt,11089,4.137.2,12.5,12.5,"12,15,20",1,1. A front yard setback may be reduced to not less than 12.5 feet.
or/clackamas/wilsonville,setback_rear_ft,unheld,unread_section,or/clackamas/wilsonville/4.planning.txt,11090,4.137.2,12.5,12.5,"5,15,20",1,"2. A rear yard setback may be reduced to not less than 7.5 to 12.5 feet, depending on"
or/clackamas/wilsonville,setback_side_ft,unheld,unread_section,or/clackamas/wilsonville/4.planning.txt,11092,4.137.2,5.5,5.5,"0,5,7,10",1,"3. A side yard setback may be reduced to not less than 2.5 to 5.5 feet, depending on"
or/clackamas/wilsonville,setback_front_ft,unheld,unread_section,or/clackamas/wilsonville/4.planning.txt,11095,4.137.2,7.5,7.5,"12,15,20",1,1. A front yard setback may be reduced to not less than 7.5 feet.
or/clackamas/wilsonville,setback_rear_ft,unheld,unread_section,or/clackamas/wilsonville/4.planning.txt,11096,4.137.2,7.5,7.5,"5,15,20",1,2. A rear yard setback may be reduced to not less than 7.5 feet.
or/clackamas/wilsonville,setback_side_ft,unheld,unread_section,or/clackamas/wilsonville/4.planning.txt,11097,4.137.2,3.5,3.5,"0,5,7,10",1,"3. A side yard setback may be reduced to not less than 2.5 or 3.5 feet, depending on"
or/clackamas/wilsonville,max_height_ft,unheld,unread_section,or/clackamas/wilsonville/4.planning.txt,13956,4.156.05,30,30,35,1,exempt flag may be more than 30 feet in height.
or/clackamas/wilsonville,min_frontage_ft,unheld,unread_section,or/clackamas/wilsonville/4.planning.txt,14092,4.156.07,200,200,"20,30,35,40,80",1,same street frontage located at least 200 feet apart.
or/clackamas/wilsonville,max_height_ft,unheld,unread_section,or/clackamas/wilsonville/4.planning.txt,14109,4.156.08,20,20,35,1,B. The allowed height above ground of a freestanding or ground mounted sign is 20 feet except
or/clackamas/wilsonville,max_height_ft,unheld,unread_section,or/clackamas/wilsonville/4.planning.txt,15460,4.176,12,12,35,1,b. Evergreen trees: Minimum height of 12 feet.
or/clackamas/wilsonville,max_height_ft,unheld,unread_section,or/clackamas/wilsonville/4.planning.txt,15475,4.176,50,50,35,1,"a. Trees over 50 feet mature height: Quercus garryana (Native Oregon White Oak),"
or/clackamas/wilsonville,max_height_ft,unheld,unread_section,or/clackamas/wilsonville/4.planning.txt,15481,4.176,50,50,35,1,"b. Trees under 50 feet mature height: Acer rubrum (Red Sunset Maple), Cornus"
or/clackamas/wilsonville,setback_side_ft,unheld,unread_section,or/clackamas/wilsonville/4.planning.txt,16011,4.184,50,50,"0,5,7,10",1,"2. Front, Rear and Side Yard Setbacks: A minimum of 50 feet."
or/clackamas/wilsonville,max_height_ft,unheld,unread_section,or/clackamas/wilsonville/4.planning.txt,18595,4.801,50,50,35,1,maximum height allowed in the right-of-way is 50 feet.
or/clackamas/wilsonville,max_height_ft,unheld,unread_section,or/clackamas/wilsonville/4.planning.txt,18817,4.199,200,200,35,1,compatible with the existing structure. Towers more than 200 feet in height shall be
or/clackamas/wilsonville,max_height_ft,unheld,unread_section,or/clackamas/wilsonville/4.planning.txt,18844,4.803,20,20,35,1,guy wires shall be of a kind that would not exceed 20 feet in height and would not affect
or/multnomah/_unincorporated,max_height_ft,unheld,unread_section,or/multnomah/_unincorporated/33.100.txt,186,33.100.200,1,1,"25,30,35",1,from all property lines a minimum of 1 foot for each foot of building height.
or/multnomah/_unincorporated,max_height_ft,unheld,unread_section,or/multnomah/_unincorporated/33.110.txt,554,33.110.270,3,3,"25,30,35",1,"width, depth, or diameter of 3 feet or less may extend above the height limit, as long"
or/multnomah/_unincorporated,max_height_ft,unheld,unread_section,or/multnomah/_unincorporated/33.110.txt,595,33.110.270,23,23,"25,30,35",1,"average slope of 20 percent or greater, the height limit is the higher of either 23 feet"
or/multnomah/_unincorporated,max_height_ft,unheld,unread_section,or/multnomah/_unincorporated/33.110.txt,985,33.110.250,6,6,"25,30,35",1,a. Water collection cisterns that are 6 feet or less in height are allowed in required
or/multnomah/_unincorporated,max_height_ft,unheld,unread_section,or/multnomah/_unincorporated/33.110.txt,1978,33.815.040,50,50,"25,30,35",1,Maximum Height [3] 50 ft.
or/multnomah/_unincorporated,max_height_ft,unheld,unread_section,or/multnomah/_unincorporated/33.110.txt,1979,33.815.040,"1,2","1,2","25,30,35",1,"Minimum Building Setbacks [2] 1 ft. back for every 2 ft. of bldg. height, but in no"
or/multnomah/_unincorporated,setback_front_ft,unheld,unread_section,or/multnomah/_unincorporated/33.110.txt,2030,33.110.275,2,2,"10,15,20,30",1,1. Front building setbacks. Fences up to 3-1/2 feet high are allowed in required front
or/multnomah/_unincorporated,setback_rear_ft,unheld,unread_section,or/multnomah/_unincorporated/33.110.txt,2039,33.110.275,8,8,"5,10,15,30",1,a. Fences up to 8 feet high are allowed in required side or rear building setbacks
or/multnomah/_unincorporated,setback_front_ft,unheld,unread_section,or/multnomah/_unincorporated/33.110.txt,2059,33.110.275,8,8,"10,15,20,30",1,"c. Fences up to 8 feet high are allowed in the required front building setback,"
or/multnomah/_unincorporated,setback_rear_ft,unheld,unread_section,or/multnomah/_unincorporated/33.110.txt,2061,33.110.275,8,8,"5,10,15,30",1,d. Fences up to 8 feet high are allowed in all other side or rear building setbacks.
or/multnomah/_unincorporated,max_height_ft,unheld,unread_section,or/multnomah/_unincorporated/33.110.txt,2105,33.110.280,4,4,"25,30,35",1,1. Retaining walls are limited to 4 feet in height measured from the bottom of the
or/multnomah/_unincorporated,max_height_ft,unheld,unread_section,or/multnomah/_unincorporated/33.140.txt,559,33.140.210,"10,5","10,5","25,30,35",1,"10 feet above the height limit, or 5 feet above the highest point of the roof, whichever"
or/multnomah/_unincorporated,max_height_ft,unheld,unread_section,or/multnomah/_unincorporated/33.140.txt,562,33.140.210,4,4,"25,30,35",1,2. Parapets and rooftop railings may extend 4 feet above the height limit.
or/multnomah/_unincorporated,max_height_ft,unheld,unread_section,or/multnomah/_unincorporated/33.140.txt,566,33.140.210,16,16,"25,30,35",1,a. Elevator mechanical equipment may extend up to 16 feet above the height
or/multnomah/_unincorporated,max_height_ft,unheld,unread_section,or/multnomah/_unincorporated/33.140.txt,569,33.140.210,10,10,"25,30,35",1,more than 10 percent of the roof area may extend up to 10 feet above the height
or/multnomah/_unincorporated,max_height_ft,unheld,unread_section,or/multnomah/_unincorporated/33.140.txt,1392,33.140.270,6,6,"25,30,35",1,b. Water cisterns that are 6 feet or less in height are allowed in side and rear
or/multnomah/_unincorporated,max_height_ft,unheld,unread_section,or/multnomah/_unincorporated/39.cfu.txt,1551,39.4110,2,2,"25,30,35",1,than 2 feet in height.
or/multnomah/_unincorporated,min_lot_sqft,unheld,unread_section,or/multnomah/_unincorporated/39.lr-10.txt,4,39.4868,10000,10000,"1,5,20,80,3000,4000,4200,4500,5000,6000,12000",1,"lot size of 10,000 square feet for one dwelling."
or/multnomah/fairview,max_height_ft,unheld,unread_section,or/multnomah/fairview/19.106.txt,688,19.106.050,"100,70","100,70","35,45",1,"B. Within the 100-foot protected area along Fairview Creek, development and resource alteration, other than mitigation or enhancement, will be prohibited within 70 feet of the corridor centered on the"
or/multnomah/fairview,max_height_ft,unheld,unread_section,or/multnomah/fairview/19.110.txt,49,19.110.035,12,12,"35,45",1,b. Height shall be a maximum of 12 feet above grade.
or/multnomah/fairview,max_height_ft,unheld,unread_section,or/multnomah/fairview/19.110.txt,57,19.110.035,15,15,"35,45",1,f. Base Dimension. The base/foundation dimensions shall not exceed 36 inches in depth or 15 feet in width and shall be no less than 18 inches or more than 24 inches in height.
or/multnomah/fairview,max_height_ft,unheld,unread_section,or/multnomah/fairview/19.13.definitions.txt,123,19.13.020,10,10,"35,45",1,2. An elevation 10 feet higher than the lowest grade when the sidewalk or ground surface described in subsection (1) of this definition is more than 10 feet above the lowest grade. The height of a ste
or/multnomah/fairview,max_height_ft,unheld,unread_section,or/multnomah/fairview/19.130.txt,59,19.130.040,"55,70","55,70","35,45",1,A. Height. Buildings within this zone may not exceed 55 feet in height and tower elements shall not exceed 70 feet.
or/multnomah/fairview,max_height_ft,unheld,unread_section,or/multnomah/fairview/19.140.txt,57,19.140.020,20,20,"35,45",1,C. Pedestrian ways shall be illuminated throughout the length with pedestrian scale lighting not to exceed 20 feet in height having a minimum of 0.5 foot-candle power average illumination and oriented
or/multnomah/fairview,open_space_min_pct,unheld,unread_section,or/multnomah/fairview/19.140.txt,151,19.140.100,"50,25","50,25",,1,Windows must occupy at least 50 percent of the length and 25 percent of the ground level wall area. Ground level wall areas include all exterior wall areas up to nine feet above the finished grade. Th
or/multnomah/fairview,max_height_ft,unheld,unread_section,or/multnomah/fairview/19.163.txt,237,19.163.050,12,12,"35,45",1,"D. Fences – Recreational Courts. Any recreational court, with the consent of the planning commission, may be enclosed by a wire fence not to exceed 12 feet in height; provided, that no part of the cou"
or/multnomah/fairview,max_height_ft,unheld,unread_section,or/multnomah/fairview/19.163.txt,247,19.163.050,10,10,"35,45",1,2. The electric fence shall not exceed 10 feet in height and shall be completely surrounded by a nonelectric fence or wall a minimum of six feet in height.
or/multnomah/fairview,setback_garage_entrance_ft,unheld,unread_section,or/multnomah/fairview/19.30.txt,785,19.30.060,20,20,,1,d. Garage doors for attached and detached individual garages must not exceed 20 feet in width.
or/multnomah/fairview,max_height_ft,unheld,unread_section,or/multnomah/fairview/19.30.txt,829,19.30.080,20,20,"35,45",1,"3. Building Height. The building height of detached accessory dwellings (i.e., separate cottages) shall not exceed 20 feet, as measured in accordance with FMC 19.13.020, except ADUs located above a de"
or/multnomah/fairview,setback_side_ft,unheld,unread_section,or/multnomah/fairview/19.30.txt,885,19.30.080,10,10,"0,5,15",1,"vii. Accessory structures situated on a corner lot and detached from the main building shall have a minimum side yard setback of 10 feet, except for accessory structures where private vehicles are sto"
or/multnomah/fairview,max_height_ft,unheld,unread_section,or/multnomah/fairview/19.30.txt,891,19.30.080,10,10,"35,45",1,i. If located within five feet of the property line accessory structures shall be no more than 10 feet in height.
or/multnomah/fairview,max_height_ft,unheld,unread_section,or/multnomah/fairview/19.30.txt,893,19.30.080,20,20,"35,45",1,"ii. If located at five feet or more, but less than the setback required for the principal structure, the building may be as tall as the main building or 20 feet in height, whichever is less."
or/multnomah/fairview,open_space_min_pct,unheld,unread_section,or/multnomah/fairview/19.30.txt,925,19.30.090,10,10,,1,"1. Common Open Space. Inclusive of required yard setbacks, a minimum of 10 percent of the site area shall be designated and permanently reserved as usable common open space in all multiple-unit develo"
or/multnomah/fairview,max_height_ft,unheld,unread_section,or/multnomah/fairview/19.65.txt,273,19.65.070,10,10,"35,45",1,C. Height Bonus Options. A height bonus of 10 feet in addition to the base height identified in FMC 19.65.060 is allowed as identified in Table 19.65.070. A maximum of two height bonus options may be
or/multnomah/fairview,max_height_ft,unheld,unread_section,or/multnomah/fairview/19.65.txt,408,19.65.090,12,12,"35,45",2,"Ground Floor Height. For ground floor commercial space in new buildings, the distance from the finished floor to the bottom of the ceiling structure above must be at least 12 feet. For ground floor ar"
or/multnomah/fairview,open_space_min_pct,unheld,unread_section,or/multnomah/fairview/19.65.txt,617,19.65.090,20,20,,1,Up to 20 percent of the outdoor area may be landscaped to the standards of FMC 19.163.030(E)(1).
or/multnomah/fairview,max_height_ft,unheld,unread_section,or/multnomah/fairview/19.65.txt,620,19.65.090,15,15,"35,45",1,"Additional Ground Floor Height. For ground floor commercial space in new buildings, the distance from the finished floor to the bottom of the ceiling structure above must be at least 15 feet. For grou"
or/multnomah/fairview,max_coverage_pct,unheld,unread_section,or/multnomah/fairview/19.70.txt,98,19.70.040,100,100,"50,60,65,75",1,"There are no maximum lot coverage or floor area ratio requirements, except that compliance with other sections of this code may preclude full (100 percent) lot coverage for some land uses. (Ord. 9-201"
or/multnomah/fairview,max_height_ft,unheld,unread_section,or/multnomah/fairview/19.70.txt,128,19.70.060,55,55,"35,45",1,"C. Performance Option. The allowable building height may be increased to 55 feet, when approved as part of a conditional use permit. The development approval may require additional setbacks, stepping-"
or/multnomah/fairview,setback_rear_ft,unheld,unread_section,or/multnomah/fairview/19.80.txt,88,19.80.030,20,20,"0,5,8,15",1,"B. Rear Setbacks. There is no required rear setback, except that buildings shall be setback from the residential district by a minimum of 20 feet."
or/multnomah/fairview,setback_side_ft,unheld,unread_section,or/multnomah/fairview/19.80.txt,90,19.80.030,20,20,"0,5,15",1,"C. Side Setbacks. There are no required side setbacks, except that buildings shall be set back from the residential district by a minimum of 20 feet."
or/multnomah/fairview,max_coverage_pct,unheld,unread_section,or/multnomah/fairview/19.80.txt,102,19.80.040,85,85,"50,60,65,75",1,The maximum allowable lot coverage in the light industrial district is 85 percent. The maximum allowable lot coverage is computed by calculating the total area covered by buildings and impervious (pav
or/multnomah/fairview,max_height_ft,unheld,unread_section,or/multnomah/fairview/19.80.txt,110,19.80.050,55,55,"35,45",1,"B. Performance Option. The allowable building height may be increased to 55 feet, when approved as part of a conditional use permit. The development approval may require additional setbacks, stepping-"
or/multnomah/fairview,max_coverage_pct,unheld,unread_section,or/multnomah/fairview/19.85.txt,137,19.85.040,85,85,"50,60,65,75",1,The maximum allowable lot coverage in the general industrial district is 85 percent. The maximum allowable lot coverage is computed by calculating the total area covered by buildings and impervious (p
or/multnomah/fairview,max_height_ft,unheld,unread_section,or/multnomah/fairview/19.85.txt,157,19.85.060,55,55,"35,45",1,"B. Performance Option. The allowable building height may be increased to 55 feet, when approved as part of a conditional use permit. The development approval may require additional setbacks, stepping-"
or/multnomah/fairview,max_coverage_pct,unheld,unread_section,or/multnomah/fairview/19.85.txt,187,19.85.070,90,90,"50,60,65,75",1,1. Lot Coverage. The maximum allowable lot coverage in the general industrial district is 90 percent. The maximum allowable lot coverage is computed by calculating the total area covered by buildings
or/multnomah/fairview,max_height_ft,unheld,unread_section,or/multnomah/fairview/19.85.txt,191,19.85.070,60,60,"35,45",1,"a. Base Requirement. Buildings shall be no more than 60 feet in height, and shall comply with the building setback/height standards in FMC 19.85.030, unless subject to additional standards in the airp"
or/multnomah/fairview,max_height_ft,unheld,unread_section,or/multnomah/fairview/19.85.txt,193,19.85.070,70,70,"35,45",1,"b. Performance Option. The allowable building height may be increased to 70 feet, when approved as part of a conditional use permit. The development approval may require additional setbacks, stepping-"
or/multnomah/gresham,max_units,unheld,unread_section,or/multnomah/gresham/10.1700.affordable.txt,136,10.1711,16,16,,1,16 units per acre or fewer 200% 12 ft
or/multnomah/gresham,max_units,unheld,unread_section,or/multnomah/gresham/10.1700.affordable.txt,137,10.1711,45,45,,1,16.1 to 45 units per acre 150% 24 ft
or/multnomah/gresham,max_units,unheld,unread_section,or/multnomah/gresham/10.1700.affordable.txt,138,10.1711,45.1,45.1,,1,45.1 units per acre or more 125% 36 ft
or/multnomah/gresham,max_height_ft,unheld,unread_section,or/multnomah/gresham/3.0100.definitions.txt,1109,3,6,6,"35,40,45,50,85",1,• Portions of attics where the finished ceiling height is less than 6 feet 8 inches;
or/multnomah/gresham,min_lot_sqft,unheld,unread_section,or/multnomah/gresham/3.0100.definitions.txt,2500,3.0150,1000,1000,"1500,3000,3600,4000,5000,7000,7200,8000,10000,11000",1,"Clear Cutting. Any tree removal which leaves fewer than an average of 1 tree per 1,000 square feet of lot area,"
or/multnomah/gresham,min_lot_sqft,unheld,unread_section,or/multnomah/gresham/3.0100.definitions.txt,2502,3.0150,1000,1000,"1500,3000,3600,4000,5000,7000,7200,8000,10000,11000",1,"an average of 1 tree per 1,000 square feet of lot area at the time development is proposed, except for sites"
or/multnomah/gresham,max_height_ft,unheld,unread_section,or/multnomah/gresham/3.0100.definitions.txt,2510,3.0150,4.5,4.5,"35,40,45,50,85",1,Diameter Breast Height (DBH). The diameter measurement of the trunk or stem of a tree at a height 4.5 feet
or/multnomah/gresham,max_units,unheld,unread_section,or/multnomah/gresham/4.0100.residential.txt,59,4.0110,6.22,6.22,,1,density of 6.22 units per acre is required.
or/multnomah/gresham,max_units,unheld,unread_section,or/multnomah/gresham/4.0100.residential.txt,67,4.0111,4.35,4.35,,1,density of 4.35 units per acre is required.
or/multnomah/gresham,max_units,unheld,unread_section,or/multnomah/gresham/4.0100.residential.txt,75,4.0112,25,25,,1,"townhouses of 25 units per acre. For all subdivisions, and for those partitions of parent parcels greater than"
or/multnomah/gresham,max_units,unheld,unread_section,or/multnomah/gresham/4.0100.residential.txt,89,4.0113,18.15,18.15,,1,"net density for single detached units is 6.22 to 14.52 or 18.15 units per acre, depending on site size, and 25"
or/multnomah/gresham,max_units,unheld,unread_section,or/multnomah/gresham/4.0100.residential.txt,95,4.0114,12.1,12.1,,1,"single detached dwellings of 12.1 units per acre, manufactured dwelling parks at a maximum net density of"
or/multnomah/gresham,max_units,unheld,unread_section,or/multnomah/gresham/4.0100.residential.txt,96,4.0114,"8.71,25","8.71,25",,1,"8.71 units per acre, and townhouses at a maximum net density of 25 units per acre . Manufactured dwelling"
or/multnomah/gresham,max_height_ft,unheld,unread_section,or/multnomah/gresham/4.0100.residential.txt,631,4.0140,6,6,"35,40,45,50,85",1,b. Ground-mounted. Systems shall not exceed 6 feet in height.
or/multnomah/gresham,max_height_ft,unheld,unread_section,or/multnomah/gresham/4.0100.residential.txt,636,4.0140,10,10,"35,40,45,50,85",1,frames shall not exceed 10 feet above the roof height on which the system is installed.
or/multnomah/gresham,max_height_ft,unheld,unread_section,or/multnomah/gresham/4.0100.residential.txt,639,4.0140,20,20,"35,40,45,50,85",1,b. Ground-mounted. Ground-mounted solar energy systems shall not exceed 20 feet in height.
or/multnomah/gresham,max_height_ft,unheld,unread_section,or/multnomah/gresham/4.0100.residential.txt,666,4.0141,10,10,"35,40,45,50,85",1,and shall not exceed 10 feet above the height of the roof on which the system is installed.
or/multnomah/gresham,max_height_ft,unheld,unread_section,or/multnomah/gresham/4.0100.residential.txt,669,4.0141,10,10,"35,40,45,50,85",1,a. Roof-top. The height of roof-top wind energy systems shall not exceed a value equal to 10 feet
or/multnomah/gresham,max_height_ft,unheld,unread_section,or/multnomah/gresham/4.0200.commercial.txt,194,4.0231,65,65,"35,40,45,50,85",1,"systems are provided, the building height can be increased to sixty-five (65) feet."
or/multnomah/gresham,max_height_ft,unheld,unread_section,or/multnomah/gresham/4.0200.commercial.txt,218,4.0232,10,10,"35,40,45,50,85",1,frames shall not exceed 10 feet above the roof height on which the system is installed.
or/multnomah/gresham,max_height_ft,unheld,unread_section,or/multnomah/gresham/4.0200.commercial.txt,221,4.0232,20,20,"35,40,45,50,85",1,2. Ground-mounted. Ground-mounted solar energy systems shall not exceed 20 feet in height.
or/multnomah/gresham,max_height_ft,unheld,unread_section,or/multnomah/gresham/4.0200.commercial.txt,233,4.0233,60,60,"35,40,45,50,85",1,energy system installed on its roof for a total height of 60 feet from the ground to top of the wind
or/multnomah/gresham,max_height_ft,unheld,unread_section,or/multnomah/gresham/4.0300.industrial.txt,317,4.0332,20,20,"35,40,45,50,85",1,2. Ground-mounted. Ground-mounted solar energy systems shall not exceed 20 feet in height.
or/multnomah/gresham,max_height_ft,unheld,unread_section,or/multnomah/gresham/4.0300.industrial.txt,330,4.0333,110,110,"35,40,45,50,85",1,2. Ground-mounted. Ground-mounted wind energy systems shall not exceed 110 feet in height.
or/multnomah/gresham,max_height_ft,unheld,unread_section,or/multnomah/gresham/4.0400.corridor.txt,667,4.0442,10,10,"35,40,45,50,85",1,frames shall not exceed 10 feet above the roof height on which the system is installed.
or/multnomah/gresham,max_height_ft,unheld,unread_section,or/multnomah/gresham/4.0400.corridor.txt,670,4.0442,20,20,"35,40,45,50,85",1,2. Ground-mounted. Ground-mounted solar energy systems shall not exceed 20 feet in height.
or/multnomah/gresham,max_height_ft,unheld,unread_section,or/multnomah/gresham/4.0400.corridor.txt,686,4.0443,105,105,"35,40,45,50,85",1,on its roof for a total height of 105 feet from the ground to the top of the wind energy system.
or/multnomah/gresham,max_height_ft,unheld,unread_section,or/multnomah/gresham/4.1100.downtown.txt,610,4,5,5,"35,40,45,50,85",1,glass that projects over a public sidewalk from a building face at least 5 feet in horizontal distance. The height of
or/multnomah/gresham,max_height_ft,unheld,unread_section,or/multnomah/gresham/4.1100.downtown.txt,753,4.1135,10,10,"35,40,45,50,85",1,not exceed 10 feet above the height of the roof on which the system is installed.
or/multnomah/gresham,min_frontage_ft,unheld,unread_section,or/multnomah/gresham/4.1100.downtown.txt,1557,4.1152,5,5,"16,18,20,25,32,35,40,45,50,75,100",1,harmonious street frontage building ’s front setback shall be within 5 feet of the setback
or/multnomah/gresham,setback_front_ft,unheld,unread_section,or/multnomah/gresham/4.1100.downtown.txt,1561,4.1152,15,15,"0,5,10,20",1,the front setback placement of setback to exceed 15 feet.
or/multnomah/gresham,max_height_ft,unheld,unread_section,or/multnomah/gresham/4.1100.downtown.txt,1929,4.1152,14,14,"35,40,45,50,85",1,building and no less than 14 feet in height or the
or/multnomah/gresham,max_height_ft,unheld,unread_section,or/multnomah/gresham/4.1100.downtown.txt,1957,4.1152,6,6,"35,40,45,50,85",1,and constructed as permanent enclosed by a fence or wall of at least 6 feet in height. Walls
or/multnomah/gresham,max_height_ft,unheld,unread_section,or/multnomah/gresham/4.1100.downtown.txt,2314,4.1152,9,9,"35,40,45,50,85",1,"The indoor area shall have a minimum height of 9 feet,"
or/multnomah/gresham,max_height_ft,unheld,unread_section,or/multnomah/gresham/4.1100.downtown.txt,2336,4.1152,4,4,"35,40,45,50,85",1,exceed 4 feet in height and must be consistent with standard
or/multnomah/gresham,open_space_min_pct,unheld,unread_section,or/multnomah/gresham/4.1100.downtown.txt,2424,4.1152,15,15,,1,G8. Open Space for Townhouse Style. S8. Open Space for Townhouse Style. A minimum of 15 percent of
or/multnomah/gresham,open_space_min_pct,unheld,unread_section,or/multnomah/gresham/4.1100.downtown.txt,2445,4.1152,50,50,,1,b. No more than 50 percent of the required open space area
or/multnomah/gresham,max_height_ft,unheld,unread_section,or/multnomah/gresham/4.1100.downtown.txt,2496,4.1152,25,25,"35,40,45,50,85",1,create an attractive site and a. Site trees must be capable of a height of 25 feet.
or/multnomah/gresham,max_height_ft,unheld,unread_section,or/multnomah/gresham/4.1100.downtown.txt,2548,4.1152,6,6,"35,40,45,50,85",1,c. Evergreen trees shall be a minimum of 6 feet in height and
or/multnomah/gresham,max_height_ft,unheld,unread_section,or/multnomah/gresham/4.1100.downtown.txt,2665,4.1152,5,5,"35,40,45,50,85",1,lots shall use vegetation and or strip at least 5 feet wide. The height shall be met at
or/multnomah/gresham,max_height_ft,unheld,unread_section,or/multnomah/gresham/4.1100.downtown.txt,2828,4.1152,4,4,"35,40,45,50,85",1,G13. Fencing. High quality and S13. Fencing. Fences or walls shall not exceed 4 feet in height when
or/multnomah/gresham,max_height_ft,unheld,unread_section,or/multnomah/gresham/4.1100.downtown.txt,2836,4.1152,10,10,"35,40,45,50,85",1,"exceed 10 feet in height, with a maximum depth and width"
or/multnomah/gresham,max_height_ft,unheld,unread_section,or/multnomah/gresham/4.1100.downtown.txt,2868,4.1152,6,6,"35,40,45,50,85",1,minimum of 6 feet in height at time of planting.
or/multnomah/gresham,max_height_ft,unheld,unread_section,or/multnomah/gresham/4.1100.downtown.txt,2959,4.1152,25,25,"35,40,45,50,85",1,G3. Light Fixtures. Lighting ﬁxtures in S3. Light Fixtures. Light ﬁxtures shall not exceed 25 feet in height.
or/multnomah/gresham,max_height_ft,unheld,unread_section,or/multnomah/gresham/4.1100.downtown.txt,3091,4.1152,12,12,"35,40,45,50,85",1,"industrial, and institutional spaces ground-ﬂoor heights shall be a minimum of 12 feet from the"
or/multnomah/gresham,max_height_ft,unheld,unread_section,or/multnomah/gresham/4.1100.downtown.txt,3149,4.1152,3,3,"35,40,45,50,85",1,"c. d., and e. Parapets shall not be c. Parapets must be a minimum 3 feet in height with a"
or/multnomah/gresham,max_height_ft,unheld,unread_section,or/multnomah/gresham/4.1100.downtown.txt,3261,4.1152,8,8,"35,40,45,50,85",1,strategies which highlight these a. Oversized entry door(s) of a minimum height of 8 feet .
or/multnomah/gresham,max_height_ft,unheld,unread_section,or/multnomah/gresham/4.1100.downtown.txt,3436,4.1152,4,4,"35,40,45,50,85",1,shall not exceed 4 feet in height and shall include a
or/multnomah/gresham,max_height_ft,unheld,unread_section,or/multnomah/gresham/4.1100.downtown.txt,3442,4.1152,4,4,"35,40,45,50,85",1,in height and 4 feet in depth as measured from the point of
or/multnomah/gresham,max_height_ft,unheld,unread_section,or/multnomah/gresham/4.1100.downtown.txt,3532,4.1152,6,6,"35,40,45,50,85",1,"sidewalk, at a height of 6 feet above grade."
or/multnomah/gresham,max_height_ft,unheld,unread_section,or/multnomah/gresham/4.1100.downtown.txt,3620,4.1152,3,3,"35,40,45,50,85",1,"of the facade height, or 3 feet, whichever is greater, and shall"
or/multnomah/gresham,max_height_ft,unheld,unread_section,or/multnomah/gresham/4.1100.downtown.txt,3625,4.1152,3,3,"35,40,45,50,85",1,"material at least 5 percent of the facade height, or 3 feet,"
or/multnomah/gresham,max_height_ft,unheld,unread_section,or/multnomah/gresham/4.1100.downtown.txt,3664,4.1152,3,3,"35,40,45,50,85",1,in height at planting every 3 feet on center for 80 percent of
or/multnomah/gresham,max_height_ft,unheld,unread_section,or/multnomah/gresham/4.1100.downtown.txt,3873,4.1152,12,12,"35,40,45,50,85",1,"or 12 feet in height, whichever is less."
or/multnomah/gresham,max_height_ft,unheld,unread_section,or/multnomah/gresham/4.1100.downtown.txt,4212,4.1152,25,25,"35,40,45,50,85",1,expression of the business are exceed a height of 25 feet above grade.
or/multnomah/gresham,max_height_ft,unheld,unread_section,or/multnomah/gresham/4.1100.downtown.txt,4297,4.1152,18,18,"35,40,45,50,85",1,"intersection, provide bays a minimum 18 feet in height, that"
or/multnomah/gresham,max_height_ft,unheld,unread_section,or/multnomah/gresham/4.1200.civic-neighborhood.txt,441,4.1234,10,10,"35,40,45,50,85",1,not exceed 10 feet above the roof height on which the system is installed.
or/multnomah/gresham,max_height_ft,unheld,unread_section,or/multnomah/gresham/4.1200.civic-neighborhood.txt,448,4.1200,20,20,"35,40,45,50,85",1,2. Ground-mounted. Ground-mounted solar energy systems shall not exceed 20 feet in height.
or/multnomah/gresham,max_height_ft,unheld,unread_section,or/multnomah/gresham/4.1200.civic-neighborhood.txt,458,4.1235,10,10,"35,40,45,50,85",1,exceed 10 feet above the height of the roof on which the system is installed.
or/multnomah/gresham,max_height_ft,unheld,unread_section,or/multnomah/gresham/4.1200.civic-neighborhood.txt,1718,4.1252,6,6,"35,40,45,50,85",1,designed and constructed as enclosed by a fence or wall of at least 6 feet in height. Walls
or/multnomah/gresham,max_height_ft,unheld,unread_section,or/multnomah/gresham/4.1200.civic-neighborhood.txt,2082,4.1252,12,12,"35,40,45,50,85",1,between the heights of zero feet and 12 feet.
or/multnomah/gresham,max_height_ft,unheld,unread_section,or/multnomah/gresham/4.1200.civic-neighborhood.txt,2176,4.1252,9,9,"35,40,45,50,85",1,"The indoor area shall have a minimum height of 9 feet,"
or/multnomah/gresham,max_height_ft,unheld,unread_section,or/multnomah/gresham/4.1200.civic-neighborhood.txt,2212,4.1252,4,4,"35,40,45,50,85",1,exceed 4 feet in height and must be consistent with
or/multnomah/gresham,open_space_min_pct,unheld,unread_section,or/multnomah/gresham/4.1200.civic-neighborhood.txt,2289,4.1252,15,15,,1,G10. Open Space for Townhouse Style. S10. Open Space for Townhouse Style. A minimum of 15 percent of
or/multnomah/gresham,open_space_min_pct,unheld,unread_section,or/multnomah/gresham/4.1200.civic-neighborhood.txt,2310,4.1252,50,50,,1,b. No more than 50 percent of the required open space area
or/multnomah/gresham,max_height_ft,unheld,unread_section,or/multnomah/gresham/4.1200.civic-neighborhood.txt,2372,4.1252,25,25,"35,40,45,50,85",1,create an attractive site. a. Site trees must be capable of a height of 25 feet.
or/multnomah/gresham,max_height_ft,unheld,unread_section,or/multnomah/gresham/4.1200.civic-neighborhood.txt,2421,4.1252,6,6,"35,40,45,50,85",1,c. Evergreen trees shall be a minimum of 6 feet in height and
or/multnomah/gresham,max_height_ft,unheld,unread_section,or/multnomah/gresham/4.1200.civic-neighborhood.txt,2539,4.1252,6,6,"35,40,45,50,85",1,screening at various heights. parking area between the heights of 3 and 6 feet to allow for
or/multnomah/gresham,max_height_ft,unheld,unread_section,or/multnomah/gresham/4.1200.civic-neighborhood.txt,2782,4.1252,25,25,"35,40,45,50,85",1,trees in the setback areas to a. Such trees shall be capable of at least 25 feet in height and
or/multnomah/gresham,max_height_ft,unheld,unread_section,or/multnomah/gresham/4.1200.civic-neighborhood.txt,2783,4.1252,10,10,"35,40,45,50,85",1,create an attractive site and to spread at maturity and be not less than 10 feet in height
or/multnomah/gresham,max_height_ft,unheld,unread_section,or/multnomah/gresham/4.1200.civic-neighborhood.txt,2787,4.1252,25,25,"35,40,45,50,85",1,trees are capable of at least 25 feet in height and are at
or/multnomah/gresham,max_height_ft,unheld,unread_section,or/multnomah/gresham/4.1200.civic-neighborhood.txt,2788,4.1252,8,8,"35,40,45,50,85",1,least 8 feet in height at the time of planting.
or/multnomah/gresham,max_height_ft,unheld,unread_section,or/multnomah/gresham/4.1200.civic-neighborhood.txt,2798,4.1252,25,25,"35,40,45,50,85",1,species with a minimum mature height of 25 feet may be
or/multnomah/gresham,max_height_ft,unheld,unread_section,or/multnomah/gresham/4.1200.civic-neighborhood.txt,2820,4.1252,4,4,"35,40,45,50,85",1,G17. Fencing. High quality and S17. Fencing. Fences or walls shall not exceed 4 feet in height when
or/multnomah/gresham,max_height_ft,unheld,unread_section,or/multnomah/gresham/4.1200.civic-neighborhood.txt,2828,4.1252,10,10,"35,40,45,50,85",1,"exceed 10 feet in height, with a maximum depth and width"
or/multnomah/gresham,max_height_ft,unheld,unread_section,or/multnomah/gresham/4.1200.civic-neighborhood.txt,2850,4.1252,6,6,"35,40,45,50,85",1,minimum of 6 feet in height at time of planting.
or/multnomah/gresham,max_height_ft,unheld,unread_section,or/multnomah/gresham/4.1200.civic-neighborhood.txt,2941,4.1252,25,25,"35,40,45,50,85",1,exceed 25 feet in height and are weather and
or/multnomah/gresham,max_height_ft,unheld,unread_section,or/multnomah/gresham/4.1200.civic-neighborhood.txt,2943,4.1252,25,25,"35,40,45,50,85",1,G3. Light Fixtures. Lighting ﬁxtures in S3. Light Fixtures. Light ﬁxtures shall not exceed 25 feet in height.
or/multnomah/gresham,max_height_ft,unheld,unread_section,or/multnomah/gresham/4.1200.civic-neighborhood.txt,3152,4.1252,2,2,"35,40,45,50,85",1,Parapets shall not be excessively b. Parapets shall be a minimum of 2 feet in height and a
or/multnomah/gresham,max_height_ft,unheld,unread_section,or/multnomah/gresham/4.1200.civic-neighborhood.txt,3153,4.1252,8,8,"35,40,45,50,85",1,tall and dominate the façade or maximum of 8 feet in height.
or/multnomah/gresham,max_height_ft,unheld,unread_section,or/multnomah/gresham/4.1200.civic-neighborhood.txt,3322,4.1252,8,8,"35,40,45,50,85",1,f. Oversized entry door(s) a minimum height of 8 feet.
or/multnomah/gresham,max_height_ft,unheld,unread_section,or/multnomah/gresham/4.1200.civic-neighborhood.txt,3457,4.1252,4,4,"35,40,45,50,85",1,shall not exceed 4 feet in height and shall include a
or/multnomah/gresham,max_height_ft,unheld,unread_section,or/multnomah/gresham/4.1200.civic-neighborhood.txt,3463,4.1252,4,4,"35,40,45,50,85",1,Figure 4.1252(B)(3)(S10). Ground ﬂoor unit in height and 4 feet in depth as measured from the point of
or/multnomah/gresham,max_height_ft,unheld,unread_section,or/multnomah/gresham/4.1200.civic-neighborhood.txt,3546,4.1252,6,6,"35,40,45,50,85",1,"sidewalk, at a height of 6 feet above grade."
or/multnomah/gresham,max_height_ft,unheld,unread_section,or/multnomah/gresham/4.1200.civic-neighborhood.txt,3732,4.1252,3,3,"35,40,45,50,85",1,"the building and ground. height, or 3 feet, whichever is greater, may count toward"
or/multnomah/gresham,min_frontage_ft,unheld,unread_section,or/multnomah/gresham/4.1200.civic-neighborhood.txt,3911,4.1252,12,12,"16,18,20,25,32,35,40,45,50,75,100",1,"provide high levels of clear glazing primary street frontage, between 0 and 12 feet (the"
or/multnomah/gresham,max_height_ft,unheld,unread_section,or/multnomah/gresham/4.1200.civic-neighborhood.txt,3995,4.1252,12,12,"35,40,45,50,85",1,multi-family buildings shall have the space(s) between the heights of 0 and 12 feet. Where
or/multnomah/gresham,max_height_ft,unheld,unread_section,or/multnomah/gresham/4.1200.civic-neighborhood.txt,4118,4.1252,25,25,"35,40,45,50,85",1,use(s) within the building or tenant maximum height of 25 feet (as measured from ﬁnished
or/multnomah/gresham,max_height_ft,unheld,unread_section,or/multnomah/gresham/4.1200.civic-neighborhood.txt,4159,4.1252,8,8,"35,40,45,50,85",1,"have a height clearance of 8 feet. in height, as measured from ﬁnished grade."
or/multnomah/gresham,max_height_ft,unheld,unread_section,or/multnomah/gresham/4.1200.civic-neighborhood.txt,4171,4.1252,25,25,"35,40,45,50,85",1,portion of a projecting sign exceed a height of 25 feet above
or/multnomah/gresham,max_height_ft,unheld,unread_section,or/multnomah/gresham/4.1200.civic-neighborhood.txt,4201,4.1252,8,8,"35,40,45,50,85",1,may cross. Creative signs with b. Height: A monument sign shall not exceed 8 feet in height
or/multnomah/gresham,max_height_ft,unheld,unread_section,or/multnomah/gresham/4.1200.civic-neighborhood.txt,4205,4.1252,4,4,"35,40,45,50,85",1,sign shall not exceed 4 feet in height.
or/multnomah/gresham,max_height_ft,unheld,unread_section,or/multnomah/gresham/4.1200.civic-neighborhood.txt,4353,4.1252,18,18,"35,40,45,50,85",1,"intersection, provide bays a minimum 18 feet in height, that"
or/multnomah/gresham,max_height_ft,unheld,unread_section,or/multnomah/gresham/4.1400.pleasant-valley.txt,910,4.14,6,6,"35,40,45,50,85",1,b. Ground-mounted. Ground-mounted solar energy systems shall not exceed 6 feet in height.
or/multnomah/gresham,max_height_ft,unheld,unread_section,or/multnomah/gresham/4.1400.pleasant-valley.txt,915,4.14,10,10,"35,40,45,50,85",1,frames shall not exceed 10 feet above the roof height on which the system is installed.
or/multnomah/gresham,max_height_ft,unheld,unread_section,or/multnomah/gresham/4.1400.pleasant-valley.txt,918,4.14,20,20,"35,40,45,50,85",1,b. Ground-mounted. Ground-mounted solar energy systems shall not exceed 20 feet in height.
or/multnomah/gresham,max_height_ft,unheld,unread_section,or/multnomah/gresham/4.1400.pleasant-valley.txt,939,4.14,10,10,"35,40,45,50,85",1,and shall not exceed 10 feet above the height of the roof on which the system is installed.
or/multnomah/gresham,max_units,unheld,unread_section,or/multnomah/gresham/4.1500.springwater.txt,118,4.1504,"3.6,14.4","3.6,14.4",,1,"Dwellings of 3.6 units per acre, and for Townhouses of 14.4 units per acre. There is no minimum density in this"
or/multnomah/gresham,max_units,unheld,unread_section,or/multnomah/gresham/4.1500.springwater.txt,122,4.1505,"7.3,25","7.3,25",,1,average net density for single detached units of 5.8 to 7.3 dwelling units per acre and 5.8 to 25 units per acre
or/multnomah/gresham,max_height_ft,unheld,unread_section,or/multnomah/gresham/4.1500.springwater.txt,1050,4.1595,6,6,"35,40,45,50,85",1,b. Ground-mounted. Ground-mounted solar energy systems shall not exceed 6 feet in height.
or/multnomah/gresham,max_height_ft,unheld,unread_section,or/multnomah/gresham/4.1500.springwater.txt,1055,4.1595,10,10,"35,40,45,50,85",1,frames shall not exceed 10 feet above the roof height on which the system is installed.
or/multnomah/gresham,max_height_ft,unheld,unread_section,or/multnomah/gresham/4.1500.springwater.txt,1058,4.1595,20,20,"35,40,45,50,85",2,b. Ground-mounted. Ground-mounted solar energy systems shall not exceed 20 feet in height.
or/multnomah/gresham,max_height_ft,unheld,unread_section,or/multnomah/gresham/4.1500.springwater.txt,1096,4.1596,10,10,"35,40,45,50,85",1,and shall not exceed 10 feet above the height of the roof on which the system is installed.
or/multnomah/gresham,max_height_ft,unheld,unread_section,or/multnomah/gresham/4.1500.springwater.txt,1107,4.1596,110,110,"35,40,45,50,85",1,b. Ground-mounted. Ground-mounted wind energy systems shall not exceed 110 feet in height.
or/multnomah/gresham,max_height_ft,unheld,unread_section,or/multnomah/gresham/7.0400.middle-housing-design.txt,63,7.0410,1,1,"35,40,45,50,85",1,height of the screen shall be increased by 1 foot for every 1 foot of additional right-of-way height
or/multnomah/gresham,max_height_ft,unheld,unread_section,or/multnomah/gresham/7.0400.middle-housing-design.txt,64,7.0410,8,8,"35,40,45,50,85",1,up to a maximum screen height of 8 feet. See Subsection (e) for measurement methodology.
or/multnomah/gresham,max_height_ft,unheld,unread_section,or/multnomah/gresham/7.0400.middle-housing-design.txt,66,7.0410,6,6,"35,40,45,50,85",1,obscuring wooden fence or a decorative masonry wall at least 6 feet in height shall be installed to
or/multnomah/gresham,max_height_ft,unheld,unread_section,or/multnomah/gresham/7.0400.middle-housing-design.txt,69,7.0410,1,1,"35,40,45,50,85",1,"foot for every 1 foot of additional height of the abutting property’s average grade, up to a"
or/multnomah/gresham,max_height_ft,unheld,unread_section,or/multnomah/gresham/7.0400.middle-housing-design.txt,70,7.0410,8,8,"35,40,45,50,85",1,maximum screen height of 8 feet. See Subsection (e) for measurement methodology.
or/multnomah/gresham,open_space_min_pct,unheld,unread_section,or/multnomah/gresham/7.0400.middle-housing-design.txt,77,7.0410,50,50,,1,outdoor open space(s). No greater than 50 percent of the required open space area shall be
or/multnomah/gresham,max_height_ft,unheld,unread_section,or/multnomah/gresham/7.0400.middle-housing-design.txt,687,7,4,4,"35,40,45,50,85",1,"transparent and shall be no more than 4 feet in height, except when located at an internal property"
or/multnomah/gresham,max_height_ft,unheld,unread_section,or/multnomah/gresham/7.0400.middle-housing-design.txt,695,7,6,6,"35,40,45,50,85",1,be a minimum of 6 feet in height at time of planting.
or/multnomah/gresham,setback_garage_entrance_ft,unheld,unread_section,or/multnomah/gresham/7.0400.middle-housing-design.txt,718,7,3,3,"20,25",1,shall extend at least 3 feet beyond the edge of the garage door (also see Figure 7.0420(C) ).
or/multnomah/gresham,min_frontage_ft,unheld,unread_section,or/multnomah/gresham/7.0400.middle-housing-design.txt,728,7,28,28,"16,18,20,25,32,35,40,45,50,75,100",1,"34 percent of that lot frontage, or 28 feet, whichever is less."
or/multnomah/gresham,max_height_ft,unheld,unread_section,or/multnomah/gresham/7.0400.middle-housing-design.txt,764,7,25,25,"35,40,45,50,85",1,1. Cottages shall have a maximum height of 25 feet.
or/multnomah/gresham,max_coverage_pct,unheld,unread_section,or/multnomah/gresham/7.0400.middle-housing-design.txt,892,7.0450,50,50,,1,a. Building lot coverage. Lot coverage does not exceed 50 percent.
or/multnomah/gresham,max_height_ft,unheld,unread_section,or/multnomah/gresham/7.0400.middle-housing-design.txt,1078,7,4.5,4.5,"35,40,45,50,85",1,b. Common greens shall have a perimeter fence 3 to 4.5 feet in height that is a maximum of 25
or/multnomah/gresham,max_height_ft,unheld,unread_section,or/multnomah/gresham/7.0400.middle-housing-design.txt,1097,7,6,6,"35,40,45,50,85",1,b. Dog areas shall have a perimeter fence 4 to 6 feet in height that is a maximum of 25 percent
or/multnomah/gresham,max_height_ft,unheld,unread_section,or/multnomah/gresham/7.0500.rockwood-design.txt,1109,7.0512,6,6,"35,40,45,50,85",1,designed and constructed as fence or wall of at least 6 feet in height. Walls shall be designed
or/multnomah/gresham,max_height_ft,unheld,unread_section,or/multnomah/gresham/7.0500.rockwood-design.txt,1459,7.0512,12,12,"35,40,45,50,85",1,between the heights of zero feet and 12 feet.
or/multnomah/gresham,max_height_ft,unheld,unread_section,or/multnomah/gresham/7.0500.rockwood-design.txt,1548,7.0512,9,9,"35,40,45,50,85",1,"The indoor area shall have a minimum height of 9 feet,"
or/multnomah/gresham,max_height_ft,unheld,unread_section,or/multnomah/gresham/7.0500.rockwood-design.txt,1584,7.0512,4,4,"35,40,45,50,85",1,exceed 4 feet in height and must be consistent with standard
or/multnomah/gresham,open_space_min_pct,unheld,unread_section,or/multnomah/gresham/7.0500.rockwood-design.txt,1661,7.0512,15,15,,1,G10. Open Space for Townhouse Style. S10. Open Space for Townhouse Style. A minimum of 15 percent of
or/multnomah/gresham,open_space_min_pct,unheld,unread_section,or/multnomah/gresham/7.0500.rockwood-design.txt,1682,7.0512,50,50,,1,b. No more than 50 percent of the required open space area
or/multnomah/gresham,max_height_ft,unheld,unread_section,or/multnomah/gresham/7.0500.rockwood-design.txt,1759,7.0512,25,25,"35,40,45,50,85",1,create an attractive site. a. Site trees must be capable of a height of 25 feet.
or/multnomah/gresham,max_height_ft,unheld,unread_section,or/multnomah/gresham/7.0500.rockwood-design.txt,1803,7.0512,6,6,"35,40,45,50,85",1,c. Evergreen trees shall be a minimum of 6 feet in height and
or/multnomah/gresham,max_height_ft,unheld,unread_section,or/multnomah/gresham/7.0500.rockwood-design.txt,2096,7.0512,25,25,"35,40,45,50,85",1,trees in the setback areas to a. Such trees shall be capable of at least 25 feet in height and
or/multnomah/gresham,max_height_ft,unheld,unread_section,or/multnomah/gresham/7.0500.rockwood-design.txt,2097,7.0512,10,10,"35,40,45,50,85",1,create an attractive site and to spread at maturity and be not less than 10 feet in height
or/multnomah/gresham,max_height_ft,unheld,unread_section,or/multnomah/gresham/7.0500.rockwood-design.txt,2101,7.0512,25,25,"35,40,45,50,85",1,the trees are capable of at least 25 feet in height and are
or/multnomah/gresham,max_height_ft,unheld,unread_section,or/multnomah/gresham/7.0500.rockwood-design.txt,2102,7.0512,8,8,"35,40,45,50,85",1,at least 8 feet in height at the time of planting.
or/multnomah/gresham,max_height_ft,unheld,unread_section,or/multnomah/gresham/7.0500.rockwood-design.txt,2112,7.0512,25,25,"35,40,45,50,85",1,species with a minimum mature height of 25 feet may be
or/multnomah/gresham,max_height_ft,unheld,unread_section,or/multnomah/gresham/7.0500.rockwood-design.txt,2126,7.0512,4,4,"35,40,45,50,85",1,G15. Fencing. High quality and S15. Fencing. Fences or walls shall not exceed 4 feet in height when
or/multnomah/gresham,max_height_ft,unheld,unread_section,or/multnomah/gresham/7.0500.rockwood-design.txt,2133,7.0512,10,10,"35,40,45,50,85",1,"exceed 10 feet in height, with a maximum depth or width of"
or/multnomah/gresham,max_height_ft,unheld,unread_section,or/multnomah/gresham/7.0500.rockwood-design.txt,2168,7.0512,6,6,"35,40,45,50,85",1,minimum of 6 feet in height at time of planting.
or/multnomah/gresham,max_height_ft,unheld,unread_section,or/multnomah/gresham/7.0500.rockwood-design.txt,2264,7.0512,25,25,"35,40,45,50,85",1,G3. Light Fixtures. Lighting ﬁxtures in S3. Light Fixtures. Light ﬁxtures shall not exceed 25 feet in height.
or/multnomah/gresham,max_height_ft,unheld,unread_section,or/multnomah/gresham/7.0500.rockwood-design.txt,2591,7.0512,8,8,"35,40,45,50,85",1,strategies which highlight these a. Oversized entry door(s) of a minimum height of 8 feet .
or/multnomah/gresham,max_height_ft,unheld,unread_section,or/multnomah/gresham/7.0500.rockwood-design.txt,2780,7.0512,4,4,"35,40,45,50,85",1,shall not exceed 4 feet in height and shall include a
or/multnomah/gresham,max_height_ft,unheld,unread_section,or/multnomah/gresham/7.0500.rockwood-design.txt,2786,7.0512,4,4,"35,40,45,50,85",1,planters and an elevated entry provide a sense in height and 4 feet in depth as measured from the point of
or/multnomah/gresham,max_height_ft,unheld,unread_section,or/multnomah/gresham/7.0500.rockwood-design.txt,2907,7.0512,6,6,"35,40,45,50,85",1,"sidewalk, at a height of 6 feet above grade."
or/multnomah/gresham,max_height_ft,unheld,unread_section,or/multnomah/gresham/7.0500.rockwood-design.txt,3001,7.0512,3,3,"35,40,45,50,85",1,"of the facade height, or 3 feet, whichever is greater, and shall"
or/multnomah/gresham,max_height_ft,unheld,unread_section,or/multnomah/gresham/7.0500.rockwood-design.txt,3006,7.0512,3,3,"35,40,45,50,85",1,"material at least 5 percent of the facade height, or 3 feet,"
or/multnomah/gresham,max_height_ft,unheld,unread_section,or/multnomah/gresham/7.0500.rockwood-design.txt,3083,7.0512,12,12,"35,40,45,50,85",1,"element of the adjacent building. ﬂoor of the building it is associated with or 12 feet in height,"
or/multnomah/gresham,max_height_ft,unheld,unread_section,or/multnomah/gresham/7.0500.rockwood-design.txt,3256,7.0512,12,12,"35,40,45,50,85",1,visual connections between between the heights of 0 feet and 12 feet.
or/multnomah/gresham,max_height_ft,unheld,unread_section,or/multnomah/gresham/7.0500.rockwood-design.txt,3260,7.0512,12,12,"35,40,45,50,85",1,"daylighting. the heights of 0 feet and 12 feet, except as noted below."
or/multnomah/gresham,max_height_ft,unheld,unread_section,or/multnomah/gresham/7.0500.rockwood-design.txt,3263,7.0512,12,12,"35,40,45,50,85",1,shall provide adequate levels of heights of 0 feet and 12 feet.
or/multnomah/gresham,max_height_ft,unheld,unread_section,or/multnomah/gresham/7.0500.rockwood-design.txt,3277,7.0512,12,12,"35,40,45,50,85",1,the heights of 0 feet and 12 feet. Live- work units shall be
or/multnomah/gresham,max_height_ft,unheld,unread_section,or/multnomah/gresham/7.0500.rockwood-design.txt,3279,7.0512,12,12,"35,40,45,50,85",1,ground ﬂoor between the heights of 0 feet and 12 feet.
or/multnomah/gresham,max_height_ft,unheld,unread_section,or/multnomah/gresham/7.0500.rockwood-design.txt,3284,7.0512,12,12,"35,40,45,50,85",1,ground ﬂoor between the heights of 0 feet and 12 feet. Live-
or/multnomah/gresham,max_height_ft,unheld,unread_section,or/multnomah/gresham/7.0500.rockwood-design.txt,3503,7.0512,18,18,"35,40,45,50,85",1,"Figure 7.0512(B)(6)(S2). Examples of proﬁles intersection, provide bays a minimum 18 feet in height, that"
or/multnomah/gresham,max_height_ft,unheld,unread_section,or/multnomah/gresham/9.0600.height-transition.txt,49,9.0610,30,30,"35,40,45,50,85",1,"or TLDR, the maximum building height shall be 30 feet."
or/multnomah/gresham,max_height_ft,unheld,unread_section,or/multnomah/gresham/9.0800.parking.txt,1090,9.0861,6,6,"35,40,45,50,85",1,maximum sill height of 6 feet above grade.
or/multnomah/gresham,max_height_ft,unheld,unread_section,or/multnomah/gresham/pws.6.03-6.04.txt,71,6.04,3,3,"35,40,45,50,85",1,"wall, landscaping, sign, structure, or parked vehicle that would impede visibility between a height of 3 feet"
or/multnomah/portland,max_coverage_pct,unheld,unread_section,or/multnomah/portland/11.50.txt,170,11.50.050,40,40,"50,60,70,75,85,100",1,One to Four Family Residential 40 percent of site or development impact area Site area minus building coverage of existing and proposed development
or/multnomah/portland,max_coverage_pct,unheld,unread_section,or/multnomah/portland/11.50.txt,171,11.50.050,20,20,"50,60,70,75,85,100",1,Multi Dwelling Residential 20 percent of site or development impact area Site area minus building coverage of existing and proposed development
or/multnomah/portland,max_coverage_pct,unheld,unread_section,or/multnomah/portland/11.50.txt,172,11.50.050,15,15,"50,60,70,75,85,100",1,Commercial/Office/ Retail/Mixed Use 15 percent of site or development impact area Site area minus building coverage of existing and proposed development
or/multnomah/portland,max_coverage_pct,unheld,unread_section,or/multnomah/portland/11.50.txt,173,11.50.050,10,10,"50,60,70,75,85,100",1,Industrial 10 percent of site or development impact area Site area minus building coverage of existing and proposed development
or/multnomah/portland,max_coverage_pct,unheld,unread_section,or/multnomah/portland/11.50.txt,174,11.50.050,25,25,"50,60,70,75,85,100",1,Institutional 25 percent of site or development impact area Site area minus building coverage of existing and proposed development
or/multnomah/portland,max_coverage_pct,unheld,unread_section,or/multnomah/portland/11.50.txt,175,11.50.050,25,25,"50,60,70,75,85,100",1,Other 25 percent of site or development impact area Site area minus building coverage of existing and proposed development
or/multnomah/portland,max_height_ft,unheld,unread_section,or/multnomah/portland/33.100.txt,186,33.100.200,1,1,"30,35,45,65,75,100,150",1,from all property lines a minimum of 1 foot for each foot of building height.
or/multnomah/portland,max_height_ft,unheld,unread_section,or/multnomah/portland/33.110.txt,554,33.110.270,3,3,"30,35,45,65,75,100,150",1,"width, depth, or diameter of 3 feet or less may extend above the height limit, as long"
or/multnomah/portland,max_height_ft,unheld,unread_section,or/multnomah/portland/33.110.txt,595,33.110.270,23,23,"30,35,45,65,75,100,150",1,"average slope of 20 percent or greater, the height limit is the higher of either 23 feet"
or/multnomah/portland,max_height_ft,unheld,unread_section,or/multnomah/portland/33.110.txt,985,33.110.250,6,6,"30,35,45,65,75,100,150",1,a. Water collection cisterns that are 6 feet or less in height are allowed in required
or/multnomah/portland,max_height_ft,unheld,unread_section,or/multnomah/portland/33.110.txt,1978,33.815.040,50,50,"30,35,45,65,75,100,150",1,Maximum Height [3] 50 ft.
or/multnomah/portland,max_height_ft,unheld,unread_section,or/multnomah/portland/33.110.txt,1979,33.815.040,"1,2","1,2","30,35,45,65,75,100,150",1,"Minimum Building Setbacks [2] 1 ft. back for every 2 ft. of bldg. height, but in no"
or/multnomah/portland,setback_rear_ft,unheld,unread_section,or/multnomah/portland/33.110.txt,2039,33.110.275,8,8,"0,2,5,10,15",1,a. Fences up to 8 feet high are allowed in required side or rear building setbacks
or/multnomah/portland,setback_front_ft,unheld,unread_section,or/multnomah/portland/33.110.txt,2059,33.110.275,8,8,"0,2,5,10,15,20",1,"c. Fences up to 8 feet high are allowed in the required front building setback,"
or/multnomah/portland,setback_rear_ft,unheld,unread_section,or/multnomah/portland/33.110.txt,2061,33.110.275,8,8,"0,2,5,10,15",1,d. Fences up to 8 feet high are allowed in all other side or rear building setbacks.
or/multnomah/portland,max_height_ft,unheld,unread_section,or/multnomah/portland/33.110.txt,2105,33.110.280,4,4,"30,35,45,65,75,100,150",1,1. Retaining walls are limited to 4 feet in height measured from the bottom of the
or/multnomah/portland,max_units,unheld,unread_section,or/multnomah/portland/33.120.txt,139,33.120.030,29,29,,1,parks. Allowed density may be up to 29 units per acre. Allowed housing is manufactured
or/multnomah/portland,max_height_ft,unheld,unread_section,or/multnomah/portland/33.120.txt,932,33.120.215,5,5,"30,35,45,65,75,100,150",1,"width, depth, or diameter of 5 feet or less may extend above the height limit, as long"
or/multnomah/portland,max_units,unheld,unread_section,or/multnomah/portland/33.120.txt,1649,33.120.255,20,20,,1,(2) The circulation system on sites with 5 to 20 units must be at least 4 feet
or/multnomah/portland,max_units,unheld,unread_section,or/multnomah/portland/33.120.txt,1654,33.120.255,4,4,,1,providing access to up to 4 units may be 3 feet wide.
or/multnomah/portland,setback_side_ft,unheld,unread_section,or/multnomah/portland/33.120.txt,1718,33.120.270,3,3,"0,2,5,10,15",1,their side setbacks reduced to 3 feet on lot lines internal to the land division site. The
or/multnomah/portland,max_height_ft,unheld,unread_section,or/multnomah/portland/33.120.txt,1762,33.120.270,25,25,"30,35,45,65,75,100,150",1,5. Maximum height. The maximum height allowed is 25 feet. Existing dwelling units that
or/multnomah/portland,max_height_ft,unheld,unread_section,or/multnomah/portland/33.120.txt,1925,33.120.275,"1,2","1,2","30,35,45,65,75,100,150",1,"Minimum Building Setbacks [2] 1 ft. back for every 2 ft. of bldg. height, but in no case less"
or/multnomah/portland,max_height_ft,unheld,unread_section,or/multnomah/portland/33.120.txt,2005,33.120.283,6,6,"30,35,45,65,75,100,150",1,a. Water collection cisterns that are 6 feet or less in height are allowed in side and
or/multnomah/portland,max_coverage_pct,unheld,unread_section,or/multnomah/portland/33.120.txt,2193,33.120.282,5,5,"50,60,70,75,85,100",1,or common green is 5 percent greater than the building coverage of the base zone.
or/multnomah/portland,max_height_ft,unheld,unread_section,or/multnomah/portland/33.130.txt,731,33.130.210,10,10,"30,35,45,65,75,100,150",1,(see 33.130.212.C) Height none 10 ft. 10 ft. none 10 ft.
or/multnomah/portland,max_height_ft,unheld,unread_section,or/multnomah/portland/33.130.txt,733,33.130.210,10,10,"30,35,45,65,75,100,150",1,(see 33.130.212.D) Height none 10 ft. 10 ft. none 10 ft.
or/multnomah/portland,max_height_ft,unheld,unread_section,or/multnomah/portland/33.140.txt,559,33.140.210,"10,5","10,5","30,35,45,65,75,100,150",1,"10 feet above the height limit, or 5 feet above the highest point of the roof, whichever"
or/multnomah/portland,max_height_ft,unheld,unread_section,or/multnomah/portland/33.140.txt,562,33.140.210,4,4,"30,35,45,65,75,100,150",1,2. Parapets and rooftop railings may extend 4 feet above the height limit.
or/multnomah/portland,max_height_ft,unheld,unread_section,or/multnomah/portland/33.140.txt,566,33.140.210,16,16,"30,35,45,65,75,100,150",1,a. Elevator mechanical equipment may extend up to 16 feet above the height
or/multnomah/portland,max_height_ft,unheld,unread_section,or/multnomah/portland/33.140.txt,569,33.140.210,10,10,"30,35,45,65,75,100,150",1,more than 10 percent of the roof area may extend up to 10 feet above the height
or/multnomah/portland,max_height_ft,unheld,unread_section,or/multnomah/portland/33.140.txt,1392,33.140.270,6,6,"30,35,45,65,75,100,150",1,b. Water cisterns that are 6 feet or less in height are allowed in side and rear
or/multnomah/portland,max_height_ft,unheld,unread_section,or/multnomah/portland/33.150.txt,831,33.150.260,3,3,"30,35,45,65,75,100,150",1,3. The equipment is set back from roof edges facing the R zone 3 feet for each foot of height
or/multnomah/portland,max_height_ft,unheld,unread_section,or/multnomah/portland/33.150.txt,955,33.150.280,6,6,"30,35,45,65,75,100,150",1,"b. Water cisterns that are 6 feet or less in height are allowed in side and rear setbacks,"
or/multnomah/portland,max_height_ft,unheld,unread_section,or/multnomah/portland/33.910.definitions.txt,402,33.910,6,6,"30,35,45,65,75,100,150",1,• Areas where the ceiling height is less than 6 feet 8 inches. See Figure 910 -20;
or/multnomah/portland,max_height_ft,unheld,unread_section,or/multnomah/portland/33.910.definitions.txt,664,33.910,6,6,"30,35,45,65,75,100,150",1,• basement area where the floor to ceiling height is less than 6 feet 8 inches;
or/multnomah/portland,max_height_ft,unheld,unread_section,or/multnomah/portland/33.910.definitions.txt,666,33.910,5,5,"30,35,45,65,75,100,150",1,ceiling height is less than 5 feet; and
or/multnomah/portland,max_height_ft,unheld,unread_section,or/multnomah/portland/33.930.txt,438,33.930,2,2,"30,35,45,65,75,100,150",1,"the trunk 4-1/2 feet along the center of the trunk axis, so the height is the average of"
or/multnomah/troutdale,max_height_ft,unheld,unread_section,or/multnomah/troutdale/1.020.definitions.txt,922,1.030,350,350,"35,55",1,"above the airport elevation), and upward extending to a height of three hundred fifty (350) feet above"
or/multnomah/troutdale,max_height_ft,unheld,unread_section,or/multnomah/troutdale/1.020.definitions.txt,1131,1.040,2,2,"35,55",1,"interior grade is not more than two (2) feet below the lowest adjacent exterior grade and the height,"
or/multnomah/troutdale,min_lot_width_ft,unheld,unread_section,or/multnomah/troutdale/3.zoning-districts.txt,1114,3.430,150,150,"15,50,60,70",1,Minimum lot width 150 ft. None None
or/multnomah/troutdale,max_height_ft,unheld,unread_section,or/multnomah/troutdale/8.development-standards.txt,326,8.060,7,7,"35,55",1,b. Trees shall be a minimum of seven (7) feet in overall height or one and one half (1
or/multnomah/troutdale,max_height_ft,unheld,unread_section,or/multnomah/troutdale/8.development-standards.txt,336,8.060,2,2,"35,55",1,c. Shrubs shall be a minimum of one (1) gallon in size or two (2) feet in height when
or/multnomah/troutdale,max_height_ft,unheld,unread_section,or/multnomah/troutdale/8.development-standards.txt,1196,8.150,10,10,"35,55",1,(10) feet in height must comply with the underlying zoning district setbacks.
or/multnomah/troutdale,min_frontage_ft,unheld,unread_section,or/multnomah/troutdale/8.development-standards.txt,1231,8.160,100,100,"15,20",1,3. Minimum park street frontage—One hundred (100) feet.
or/multnomah/troutdale,max_height_ft,unheld,unread_section,or/multnomah/troutdale/8.development-standards.txt,1253,8.160,6,6,"35,55",1,(6) feet in height shall be installed to screen the park from adjacent properties.
or/multnomah/troutdale,max_height_ft,unheld,unread_section,or/multnomah/troutdale/8.development-standards.txt,1422,8.165,"3,12","3,12","35,55",1,than a nominal three (3) feet in height for each twelve (12) feet in width.
or/multnomah/troutdale,max_height_ft,unheld,unread_section,or/multnomah/troutdale/8.development-standards.txt,1603,8.510,15,15,"35,55",1,from ground level. Trees separated by at least fifteen (15) feet are not subject to a height
or/multnomah/troutdale,max_height_ft,unheld,unread_section,or/multnomah/troutdale/9.parking.txt,618,9.120,14,14,"35,55",1,in length and shall have an unobstructed height of fourteen (14) feet.
or/multnomah/wood-village,max_height_ft,unheld,unread_section,or/multnomah/wood-village/230.335.txt,60,230.335,18,18,"35,45",1,A. Minimum Height. There is a minimum height of eighteen (18) feet or one and one-half (1.5) stories for all new buildings on Halsey Street.
or/multnomah/wood-village,max_height_ft,unheld,unread_section,or/multnomah/wood-village/230.335.txt,66,230.335,25,25,"35,45",1,(1) Adjacent to Residential Zone. The following step-down height limits apply within twenty-five (25) feet of sites zoned residential. Sites with property lines that abut residential zones for less th
or/multnomah/wood-village,max_height_ft,unheld,unread_section,or/multnomah/wood-village/230.335.txt,72,230.335,15,15,"35,45",1,(2) Across a Local Street or Alley From a Residential Zone. On the portion of the site within fifteen (15) feet of a lot line that is across a local street or alley from any of the zones listed in sub
or/multnomah/wood-village,max_height_ft,unheld,unread_section,or/multnomah/wood-village/230.390.txt,213,230.390,15,15,"35,45",1,"Additional Ground Floor Height. For ground floor commercial space in new buildings, the distance from the finished floor to the bottom of the ceiling structure above must be at least 15 feet. For grou"
or/clackamas/_unincorporated,parking_min_per_unit,unnumbered,same_field,or/clackamas/_unincorporated/zdo.1015.txt,25,1015.02,,,,1,"2 Automobile parking spaces shall be a minimum of 8.5 feet wide and 16 feet long, except that parallel spaces shall be a minimum of 8.5 feet wide and 22 feet long."
or/clackamas/_unincorporated,parking_min_per_unit,unnumbered,same_field,or/clackamas/_unincorporated/zdo.1015.txt,27,1015.02,,,,1,3 A minimum of 25 percent of required parking spaces shall be no larger than 8.5 feet wide and 16 feet long.
or/clackamas/_unincorporated,parking_min_per_unit,unnumbered,same_field,or/clackamas/_unincorporated/zdo.1015.txt,384,1015.02,,,,1,1 The total minimum requirement for parking spaces may be reduced up to 20 percent per use when shared parking is utilized.
or/clackamas/_unincorporated,setback_front_ft,held,same_field,or/clackamas/_unincorporated/zdo.315.txt,1261,315.04,10,,"10,15",1,"7 For a swimming pool that is accessory to a dwelling, the minimum front setback is 10 feet, and the minimum side and rear setbacks are three feet."
or/clackamas/_unincorporated,max_height_ft,unnumbered,same_field,or/clackamas/_unincorporated/zdo.315.txt,1444,315.04,,,35,1,[24] The maximum building height standard applies only to accessory buildings larger than 100 square feet.
or/clackamas/_unincorporated,setback_front_ft,held,same_field,or/clackamas/_unincorporated/zdo.315.txt,1539,315.04,10,,"10,15",1,"[3]For a swimming pool that is accessory to a dwelling, the minimum front setback is 10 feet."
or/clackamas/_unincorporated,setback_front_ft,held,same_field,or/clackamas/_unincorporated/zdo.315.txt,1541,315.04,"10,20",20,"10,15",1,"[4]On a corner lot developed with a townhouse, the minimum front setback from one front lot line is 10 feet, except that the minimum shall be 20 feet to garage and carport motor vehicle entries."
or/clackamas/_unincorporated,setback_front_ft,held,same_field,or/clackamas/_unincorporated/zdo.315.txt,1549,315.04,15,,"10,15",1,"[8] For dwellings and structures accessory to dwellings, the minimum front setback shall be 15 feet, and there shall be no maximum setback. However, Note 8 does not apply to mixed-use buildings that i"
or/clackamas/_unincorporated,setback_rear_ft,unnumbered,same_field,or/clackamas/_unincorporated/zdo.315.txt,1555,315.04,,,"15,20",1,"[11] For a swimming pool that is accessory to a dwelling, the minimum side and rear setbacks are five feet, unless the side or rear lot line abuts an Urban Low Density Residential, VR-4/5, or VR-5/7 D"
or/clackamas/_unincorporated,setback_rear_ft,held,same_field,or/clackamas/_unincorporated/zdo.315.txt,1564,315.04,20,,"15,20",1,"[13] If the rear lot line abuts a residential zoning district other than HDR, SHD, or RCHDR, the minimum rear setback is 20 feet."
or/clackamas/gladstone,max_units,unnumbered,same_field,or/clackamas/gladstone/17.10.r-7.2.txt,173,17.10.050,,,4,4,"Cottage cluster minimum setbacks can be reduced to five feet, if there is more than 150 square feet per dwelling unit of common open space provided, as defined in GMC Section 17.12.065(2)."
or/clackamas/gladstone,max_units,unnumbered,same_field,or/clackamas/gladstone/17.10.r-7.2.txt,221,17.10.050,,,4,1,(1) All PUDs with residential uses must include a mix of two or more middle housing types for a minimum of 25 percent of the total dwelling units proposed.
or/clackamas/gladstone,parking_min_per_unit,unnumbered,same_field,or/clackamas/gladstone/17.48.parking.txt,63,17.48.030,,,,1,(f) On-street parking may count towards fulfilling the off-street parking requirements where on-street parking is allowed and the applicant can demonstrate that on-street parking is available. On-stre
or/clackamas/gladstone,parking_min_per_unit,unnumbered,same_field,or/clackamas/gladstone/17.48.parking.txt,67,17.48.030,,,,1,"(h) Off-Site Parking. Vehicle parking spaces required by this chapter may be located on another parcel of land, provided the parcel is within 2,000 feet walking distance of the use it serves. The dist"
or/clackamas/happy-valley,max_density_du_per_acre,unnumbered,same_field,or/clackamas/happy-valley/16.22.residential.txt,134,16.22.020,,,"4.4,8.7,11.6,17.4,20.5,24.9,25,2000",1,Residential—Twenty thousand Square Feet (R-20). This low density urban residential district responds to development patterns already established in the City and perpetuates those patterns in recogniti
or/clackamas/happy-valley,max_density_du_per_acre,unnumbered,same_field,or/clackamas/happy-valley/16.22.residential.txt,138,16.22.020,,,"4.4,8.7,11.6,17.4,20.5,24.9,25,2000",1,Residential—Fifteen thousand Square Feet (R-15). This low density urban residential district responds to the continuing urbanization of the City due to the availability of public sanitary sewers in ar
or/clackamas/happy-valley,max_coverage_pct,unnumbered,same_field,or/clackamas/happy-valley/16.22.residential.txt,308,16.22.020,,,"20,30,35,40,45,50,60,65,75",2,"[7] Maximum lot coverage for townhomes is the greater of the percentage identified in the table or up to 1,000 square feet of buildings, decks, stairways and entry bridges that are more than 30 inches"
or/clackamas/happy-valley,max_density_du_per_acre,unnumbered,same_field,or/clackamas/happy-valley/16.22.residential.txt,327,16.22.030,,,"4.4,8.7,11.6,17.4,20.5,24.9,25,2000",1,"Residential—Eight thousand five hundred Square Feet (R-8.5). This urban residential district responds to the continuing urbanization of the City. Single-family detached dwellings are encouraged, but m"
or/clackamas/happy-valley,max_density_du_per_acre,unnumbered,same_field,or/clackamas/happy-valley/16.22.residential.txt,331,16.22.030,,,"4.4,8.7,11.6,17.4,20.5,24.9,25,2000",1,Residential—Seven thousand Square Feet (R-7). This development district will allow more urban residential density within the City through the use of small lots and a variation in dwelling types. Trend
or/clackamas/happy-valley,min_density_du_per_acre,unnumbered,same_field,or/clackamas/happy-valley/16.22.residential.txt,517,16.22.040,,,"6,3000",1,"Mixed Use Residential—Single-Family (MUR-S). Mixed use residential will promote compact form, and residential and commercial or residential and office mixed vertically, in addition to across the distr"
or/clackamas/happy-valley,max_height_ft,held,same_field,or/clackamas/happy-valley/16.22.residential.txt,680,16.22.040,"45,49",49,"35,45,65",1,[7] The single-family residential building height maximum is 45 feet at the front elevation; side and rear elevations may not exceed 49 feet.
or/clackamas/happy-valley,max_coverage_pct,unnumbered,same_field,or/clackamas/happy-valley/16.22.residential.txt,682,16.22.040,,,"20,30,35,40,45,50,60,65,75",1,"[9] Maximum lot coverage for townhomes is the greater of the percentage identified in the table or up to 1,000 square feet of buildings, decks, stairways and entry bridges that are more than 30 inches"
or/clackamas/happy-valley,max_height_ft,held,same_field,or/clackamas/happy-valley/16.22.residential.txt,1026,16.22.050,"45,49",49,"35,45,65",1,Maximum building height for single-family detached/attached is 45 feet at the front elevation; side and rear elevations may not exceed 49 feet in height.
or/clackamas/happy-valley,setback_rear_ft,unnumbered,same_field,or/clackamas/happy-valley/16.22.residential.txt,1138,16.22.050,,,"15,20,22",1,No side or rear yard setback shall be required for any detached accessory structure that is 100 square feet or less in area and does not exceed a height of feet.
or/clackamas/happy-valley,max_height_ft,unnumbered,same_field,or/clackamas/happy-valley/16.22.residential.txt,1142,16.22.050,,,"35,45,65",1,"For structures that exceed 100 square feet in area or eight feet in height, rear and side yard setbacks shall be as follows, except where a rear or side lot line is adjacent to a street, pedestrian pa"
or/clackamas/happy-valley,max_height_ft,held,same_field,or/clackamas/happy-valley/16.22.residential.txt,1321,16.22.060,45,,"35,45,65",1,[4] Building height is measured pursuant to Chapter 16.12 Definitions. Maximum building height for single-family (attached) is 45 feet at the front elevation; the building height may not exceed 49 fee
or/clackamas/happy-valley,parking_min_per_unit,unnumbered,same_field,or/clackamas/happy-valley/16.43.parking.txt,95,16.43.030,,,,1,On-street parking within 300 feet of a use along its property frontage may be counted as part of the minimum spaces required. Required parking spaces may also be provided off site in off-street locati
or/clackamas/happy-valley,parking_min_per_unit,unnumbered,same_field,or/clackamas/happy-valley/16.43.parking.txt,151,16.43.030,,,,1,Maximum Parking Allowed. A maximum number of vehicular parking spaces allowed exists if provided for in Table 16.43.030-1 (including footnotes 1 and 4) and a maximum surface parking area allowed exist
or/clackamas/lake-oswego,max_height_ft,held,same_field,or/clackamas/lake-oswego/50.04.dimensional.txt,244,50.04.001.1,"28,30",,"25,28,30,35",1,Maximum base height across the site shall be established by a flat plane measured at 28 ft. (R-7.5 zone) or 30 ft. (R-10 zone) above the highest point of the natural ground surface within the building
or/clackamas/lake-oswego,max_height_ft,held,same_field,or/clackamas/lake-oswego/50.04.dimensional.txt,613,50.04.001.2,28,,"25,28,30,35",1,Lots with sloping topography – Maximum base height across the site shall be established by a flat plane measured at 28 ft. above the highest point of the natural ground surface within the building env
or/clackamas/lake-oswego,setback_side_ft,held,same_field,or/clackamas/lake-oswego/50.04.dimensional.txt,806,50.04.001-6,"5,15",15,"0,5,7,7.5,10",1,"5 ft. 5 ft. minimum width on a side, 15 ft. cumulative, except a multi-story structure may have a smaller side yard setback than required by this section where the ground floor is set back a minimum o"
or/clackamas/lake-oswego,max_height_ft,held,same_field,or/clackamas/lake-oswego/50.04.dimensional.txt,1457,50.04.001.3,28,,"25,28,30,35",1,"Maximum base height across the site shall be established by a flat plane measured at 28 ft. above the highest point of the natural ground surface within the building envelope, unless the natural groun"
or/clackamas/lake-oswego,max_height_ft,held,same_field,or/clackamas/lake-oswego/50.04.dimensional.txt,1459,50.04.001.3,25,,"25,28,30,35",1,"For any portion of the lot above the Oswego Lake surface elevation, maximum building height shall not exceed 25 ft. For any portion of the lot at or below the Oswego Lake surface elevation, maximum bu"
or/clackamas/lake-oswego,max_density_du_per_acre,unnumbered,same_field,or/clackamas/lake-oswego/50.04.dimensional.txt,1467,50.04.001.3,,,,1,"[Cross-References: Maximum Density: See LOC § 50.03.003.1.b – Conditional Uses in the R-2 and R-6 Zones; LOC § 50.03.003.2, Conditional Use Standards for Residential Uses – Group and Institutional Hou"
or/clackamas/milwaukie,min_lot_sqft,unnumbered,same_field,or/clackamas/milwaukie/19.300.base-zones.txt,113,19.301.4,,,"1500,3000",4,Lot size (square feet)
or/clackamas/rivergrove,min_lot_sqft,held,same_field,or/clackamas/rivergrove/rldo.composite.txt,925,,10000,,10000,1,"(c) Outside the Flood Hazard District, the minimum lot size is 10,000 sq. ft. and the"
or/clackamas/west-linn,setback_side_ft,held,same_field,or/clackamas/west-linn/08.r-40.txt,148,08.070,10,,"5,7.5,10",1,"Front, rear, and side yard setbacks for a cottage cluster project are 10 ft. There are no additional setbacks for individual structures on individual lots, but minimum distance between structures shal"
or/clackamas/west-linn,setback_side_ft,held,same_field,or/clackamas/west-linn/09.r-20.txt,152,09.070,10,,"5,7.5,10",1,"Front, rear, and side yard setbacks in a cottage cluster project are 10 ft. There are no additional setbacks for individual structures on individual lots, but minimum distance between structures shall"
or/clackamas/west-linn,setback_side_ft,held,same_field,or/clackamas/west-linn/10.r-15.txt,148,10.070,10,,"5,7.5,10",1,"Front, rear, and side yard setbacks in a cottage cluster project are 10 ft. There are no additional setbacks for individual structures on individual lots, but minimum distance between structures shall"
or/clackamas/west-linn,min_lot_sqft,unnumbered,same_field,or/clackamas/west-linn/10.r-15.txt,176,10.070,,,"2700,3000,4000,4500,5000,5500,7000,10000,15000,20000,40000",1,"Type I and II lands shall not be counted toward lot area when determining allowable floor area ratio, except that a minimum floor area ratio of 0.30 shall be allowed regardless of the classification o"
or/clackamas/west-linn,setback_side_ft,held,same_field,or/clackamas/west-linn/11.r-10.txt,149,11.070,10,,"5,7.5,10",1,"Front, rear, and side yard setbacks in a cottage cluster project are 10 ft. There are no additional setbacks for individual structures on individual lots, but minimum distance between structures shall"
or/clackamas/west-linn,setback_side_ft,held,same_field,or/clackamas/west-linn/12.r-7.txt,151,12.070,10,,"5,7.5,10",1,"Front, rear, and side yard setbacks in a cottage cluster project are 10 ft. There are no additional setbacks for individual structures on individual lots, but minimum distance between structures shall"
or/clackamas/west-linn,setback_side_ft,held,same_field,or/clackamas/west-linn/13.r-5.txt,161,13.070,10,,"5,7.5,10",1,"Front, rear, and side yard setbacks for a cottage cluster project are 10 ft. There are no additional setbacks for individual structures on individual lots, but minimum distance between structures shal"
or/clackamas/west-linn,setback_side_ft,held,same_field,or/clackamas/west-linn/14.r-4.5.txt,186,14.070,10,,"5,7.5,10",1,"Front, rear, and side yard setbacks for a cottage cluster project are 10 ft. There are no additional setbacks for individual structures on individual lots, but minimum distance between structures shal"
or/clackamas/west-linn,setback_side_ft,held,same_field,or/clackamas/west-linn/16.r-2.1.txt,201,16.070,10,,"5,7.5,10",1,"Front, rear, and side yard setbacks for a cottage cluster project are 10 ft. There are no additional setbacks for individual structures on individual lots, but minimum distance between structures shal"
or/clackamas/west-linn,parking_min_per_unit,unnumbered,same_field,or/clackamas/west-linn/46.parking.txt,158,46.090,,,,1,"B. For office, industrial, and public uses where there are more than 20 parking spaces for employees on the site, at least 10 percent of the employee parking spaces shall be reserved for carpool use b"
or/clackamas/wilsonville,parking_min_per_unit,unnumbered,same_field,or/clackamas/wilsonville/4.planning.txt,449,4,,,,1,"• Three or more open off-street stripped parking spaces, either abutting or within 10 feet"
or/clackamas/wilsonville,max_height_ft,unnumbered,same_field,or/clackamas/wilsonville/4.planning.txt,1225,4,,,35,1,"oriented within 45 degrees of a true north-south line, the shade point height computed"
or/clackamas/wilsonville,setback_garage_entrance_ft,held,same_field,or/clackamas/wilsonville/4.planning.txt,3022,4,20,,"4,18,20",1,"5. Minimum setback to garage door or carport entry: 20 feet. Except, however, in the case"
or/clackamas/wilsonville,parking_min_per_unit,unnumbered,same_field,or/clackamas/wilsonville/4.planning.txt,3973,4,,,,1,2. Off-street parking areas shall not occupy more than 50 percent of the total length of
or/clackamas/wilsonville,min_frontage_ft,held,same_field,or/clackamas/wilsonville/4.planning.txt,3974,4,20,,"20,30,35,40,80",1,each street frontage as measured 20 feet from the street property line. Drive aisles are
or/clackamas/wilsonville,max_height_ft,held,same_field,or/clackamas/wilsonville/4.planning.txt,4085,4,35,,35,1,"E. Maximum Building Height. 35 feet, unless taller buildings are specifically allowed in the"
or/clackamas/wilsonville,min_lot_width_ft,held,same_field,or/clackamas/wilsonville/4.planning.txt,4738,4.113,20,,"20,35,40,60",1,E. For townhouses the minimum lot width at building line and minimum street frontage is 20 feet
or/clackamas/wilsonville,min_lot_width_ft,unnumbered,same_field,or/clackamas/wilsonville/4.planning.txt,4753,4.113,,,"20,35,40,60",1,size). Also reduce the minimum lot width and minimum lot depth by up to 20 percent as
or/clackamas/wilsonville,setback_front_ft,held,same_field,or/clackamas/wilsonville/4.planning.txt,5035,4,"20,5",5,"12,15,20",1,"8 Street-loaded garages shall be a minimum 20 ft. front setback to face of garage, and located a minimum of 5 ft. behind main façade of the associated dwelling unit."
or/clackamas/wilsonville,setback_garage_entrance_ft,unnumbered,same_field,or/clackamas/wilsonville/4.planning.txt,7762,4,,,"4,18,20",1,a. The width of the garage door may be up to 50 percent of the length of the
or/clackamas/wilsonville,max_height_ft,unnumbered,same_field,or/clackamas/wilsonville/4.planning.txt,7978,4,,,35,1,Building height (stories)
or/clackamas/wilsonville,max_height_ft,held,same_field,or/clackamas/wilsonville/4.planning.txt,8131,4,35,,35,1,"• On all structures exceeding 35 feet in height, roofs shall have drainage"
or/clackamas/wilsonville,min_frontage_ft,unnumbered,same_field,or/clackamas/wilsonville/4.planning.txt,8799,4,,,"20,30,35,40,80",1,ments for main street are a minimum of 70 percent of the lot frontage. Off-street
or/clackamas/wilsonville,min_frontage_ft,unnumbered,same_field,or/clackamas/wilsonville/4.planning.txt,8813,4,,,"20,30,35,40,80",1,frontage shall occupy a minimum 50 percent of the lot frontage.
or/clackamas/wilsonville,max_height_ft,unnumbered,same_field,or/clackamas/wilsonville/4.planning.txt,9096,4,,,35,1,of equal or greater height than the parking structure. At least 50 percent of a street-level
or/clackamas/wilsonville,max_height_ft,unnumbered,same_field,or/clackamas/wilsonville/4.planning.txt,10064,4,,,35,1,c. For Buildings greater than 6 stories in height:
or/clackamas/wilsonville,max_height_ft,unnumbered,same_field,or/clackamas/wilsonville/4.planning.txt,11392,4,,,35,1,2. Accessory structures less than 120 square feet and ten feet in height are not subject to the Old
or/clackamas/wilsonville,parking_min_per_unit,unnumbered,same_field,or/clackamas/wilsonville/4.planning.txt,13111,4.154,,,,1,"H. Parking spaces along the boundaries of a parking lot over 650 square feet in area, excluding"
or/clackamas/wilsonville,parking_min_per_unit,unnumbered,same_field,or/clackamas/wilsonville/4.planning.txt,13148,4,,,,1,on-street parking space that is at least 22 feet long.
or/clackamas/wilsonville,parking_min_per_unit,unnumbered,same_field,or/clackamas/wilsonville/4.planning.txt,13149,4,,,,1,b. Shared parking spaces are within 250 feet of a lot without an on-street parking
or/clackamas/wilsonville,min_lot_sqft,unnumbered,same_field,or/clackamas/wilsonville/4.planning.txt,13160,4,,,"1250,1500,7000,8000,20000",1,a. Individual lot size may be reduced by up to 2.5 percent of the minimum lot size for
or/clackamas/wilsonville,parking_min_per_unit,unnumbered,same_field,or/clackamas/wilsonville/4.planning.txt,13162,4,,,,1,shared parking space is within 250 feet of the reduced lot.
or/clackamas/wilsonville,parking_min_per_unit,unnumbered,same_field,or/clackamas/wilsonville/4.planning.txt,13232,4,,,,1,"parking spaces exempted, which is 10 percent of the parking spaces,"
or/clackamas/wilsonville,parking_min_per_unit,unnumbered,same_field,or/clackamas/wilsonville/4.planning.txt,13311,4,,,,1,"a single lot, at least 40 percent of all off-street vehicle parking spaces must be EV"
or/clackamas/wilsonville,min_lot_sqft,unnumbered,same_field,or/clackamas/wilsonville/4.planning.txt,15367,4,,,"1250,1500,7000,8000,20000",1,"(.03) Landscape Area. Not less than 15 percent) of the total lot area, shall be landscaped with vegetative"
or/multnomah/_unincorporated,min_lot_sqft,unnumbered,same_field,or/multnomah/_unincorporated/33.110.txt,376,33.110,,,"1,5,20,80,3000,4000,4200,4500,5000,6000,12000",1,minimum lot size requirements by up to 10 percent may be requested. Beginning
or/multnomah/_unincorporated,min_lot_sqft,unnumbered,same_field,or/multnomah/_unincorporated/33.110.txt,1627,33.110,,,"1,5,20,80,3000,4000,4200,4500,5000,6000,12000",1,the required minimum lot area by up to 10 percent may be requested prior to January
or/multnomah/_unincorporated,max_height_ft,held,same_field,or/multnomah/_unincorporated/33.110.txt,1631,33.110,35,,"25,30,35",1,5. Maximum Height. The maximum height is 35 feet. Adjustments to this standard may
or/multnomah/_unincorporated,max_height_ft,held,same_field,or/multnomah/_unincorporated/33.110.txt,1642,33.110,25,,"25,30,35",1,"case, the maximum height allowed is reduced to 25 feet. Adjustments are"
or/multnomah/_unincorporated,max_height_ft,held,same_field,or/multnomah/_unincorporated/33.110.txt,1745,33.110,25,,"25,30,35",1,6. Maximum height. The maximum height allowed is 25 feet. Existing dwelling units that
or/multnomah/_unincorporated,max_height_ft,unnumbered,same_field,or/multnomah/_unincorporated/33.110.txt,2004,33.110,,,"25,30,35",1,"[3] Towers and spires with a footprint of 200 square feet or less may exceed the height limit, but still must"
or/multnomah/fairview,setback_side_ft,unnumbered,same_field,or/multnomah/fairview/19.115.txt,57,19.115.040,,,"0,5,15",1,"2. Lots that Abut Fairview Creek. The front and side setbacks described in subsection (E)(1) of this section apply. The rear property line shall be the centerline of Fairview Creek, and the rear setba"
or/multnomah/fairview,setback_side_ft,unnumbered,same_field,or/multnomah/fairview/19.115.txt,59,19.115.040,,,"0,5,15",1,"3. Lots that Abut Clear Creek. The front and side setbacks described in subsection (E)(1) of this section apply. The rear property line shall be the centerline of Clear Creek, and the rear setback sha"
or/multnomah/fairview,setback_rear_ft,held,same_field,or/multnomah/fairview/19.115.txt,75,19.115.040,15,,"0,5,8,15",1,c. Detached garages on non-alley lots that abut other lots oriented perpendicular to such lots shall have a minimum rear setback of 15 feet and minimum side yard setbacks equal to the minimum side yar
or/multnomah/fairview,setback_front_ft,held,same_field,or/multnomah/fairview/19.30.txt,477,19.30.030,10,,"0,10,20",1,2. In no case shall a front yard setback be less than 10 feet.
or/multnomah/fairview,max_height_ft,held,same_field,or/multnomah/fairview/19.65.txt,253,19.65.060,"25,45",25,"35,45",1,"b. On the portion of the site within 25 feet of a site zoned R/MF, VA, VTH, VO, VC, VMU, the step-down height limit is 45 feet. See Figure 19.65.060(B)."
or/multnomah/fairview,max_height_ft,held,same_field,or/multnomah/fairview/19.65.txt,259,19.65.060,"10,55,45","10,55","35,45",1,"a. For sites eligible for a height bonus of 10 feet, allowing an overall height of 55 feet, the step-down height limit is 45 feet on the portion of the site within five feet of any street lot line. Se"
or/multnomah/fairview,max_height_ft,held,same_field,or/multnomah/fairview/19.65.txt,261,19.65.060,"20,65,45,15","20,65,15","35,45",1,"b. For sites eligible for a height bonus of 20 feet, allowing an overall height of 65 feet, the step-down height limit is 45 feet on the portion of the site within 15 feet of any street lot line. Addi"
or/multnomah/gresham,min_frontage_ft,unnumbered,same_field,or/multnomah/gresham/4.0400.corridor.txt,234,4,,,"16,18,20,25,32,35,40,45,50,75,100",1,for at least 50 percent of the building’s linear street frontage. (Exceptions to the 50 percent requirement may be
or/multnomah/gresham,max_height_ft,unnumbered,same_field,or/multnomah/gresham/4.0400.corridor.txt,470,4,,,"35,40,45,50,85",1,exceed ten (10) stories in height.
or/multnomah/gresham,open_space_min_pct,unnumbered,same_field,or/multnomah/gresham/7.0400.middle-housing-design.txt,278,7.0420,,,,2,"c. Open spaces shall include 1 tree per 3,000 square feet of gross lot area."
or/multnomah/gresham,open_space_min_pct,unnumbered,same_field,or/multnomah/gresham/7.0400.middle-housing-design.txt,533,7.0431,,,,1,"v. Shared open space, courtyard, or community garden with minimum 12 feet length and width;"
or/multnomah/portland,min_lot_sqft,unnumbered,same_field,or/multnomah/portland/33.110.txt,376,33.110,,,"10,1500,3000,4000,4200,6000,10000,12000",1,minimum lot size requirements by up to 10 percent may be requested. Beginning
or/multnomah/portland,min_lot_sqft,unnumbered,same_field,or/multnomah/portland/33.110.txt,1627,33.110,,,"10,1500,3000,4000,4200,6000,10000,12000",1,the required minimum lot area by up to 10 percent may be requested prior to January
or/multnomah/portland,max_height_ft,held,same_field,or/multnomah/portland/33.110.txt,1631,33.110,35,,"30,35,45,65,75,100,150",1,5. Maximum Height. The maximum height is 35 feet. Adjustments to this standard may
or/multnomah/portland,max_height_ft,unnumbered,same_field,or/multnomah/portland/33.110.txt,2004,33.110,,,"30,35,45,65,75,100,150",1,"[3] Towers and spires with a footprint of 200 square feet or less may exceed the height limit, but still must"
or/multnomah/portland,max_height_ft,held,same_field,or/multnomah/portland/33.130.txt,540,33.130,35,,"30,35,45,65,75,100,150",1,step-down height limit is 35 feet. See Figure 130 -1.
or/multnomah/portland,max_height_ft,held,same_field,or/multnomah/portland/33.130.txt,543,33.130,45,,"30,35,45,65,75,100,150",1,step-down height limit is 45 feet. See Figure 130 -1.
or/multnomah/portland,max_height_ft,held,same_field,or/multnomah/portland/33.130.txt,557,33.130,45,,"30,35,45,65,75,100,150",1,height limit is 45 feet. See Figure 130-2.
or/multnomah/portland,max_height_ft,unnumbered,same_field,or/multnomah/portland/33.130.txt,714,33.130.212,,,"30,35,45,65,75,100,150",1,adjustments to increase the bonus height by more than 20 percent of the base height
or/multnomah/portland,max_height_ft,unnumbered,same_field,or/multnomah/portland/33.150.txt,521,33.150,,,"30,35,45,65,75,100,150",1,"6. Towers and spires with a footprint of 200 square feet or less may exceed the height limit,"
or/multnomah/portland,parking_min_per_unit,unnumbered,same_field,or/multnomah/portland/33.266.txt,116,33.266.115,,,,1,a. Generally. The maximum number of parking spaces allowed is 125 percent of the
or/multnomah/portland,parking_min_per_unit,unnumbered,same_field,or/multnomah/portland/33.266.txt,307,33.266.120,,,,1,(1) A parking space is allowed within the first 10 feet from a front lot line or
or/multnomah/portland,parking_min_per_unit,unnumbered,same_field,or/multnomah/portland/33.266.txt,309,33.266.120,,,,1,a parking space that is located outside of the first 10 feet from a front lot
or/multnomah/portland,parking_min_per_unit,unnumbered,same_field,or/multnomah/portland/33.266.txt,312,33.266.120,,,,1,parking spaces are allowed within 10 feet of the front lot line.
or/multnomah/troutdale,setback_rear_ft,held,same_field,or/multnomah/troutdale/3.zoning-districts.txt,315,3,15,,"0,5,10,15,20",1,3. Rear yard setbacks for duplexes are 15 feet unless driveway access is taken from a rear yard
or/multnomah/troutdale,setback_rear_ft,held,same_field,or/multnomah/troutdale/3.zoning-districts.txt,317,3,20,,"0,5,10,15,20",1,4. Rear yard setback is 20 feet if driveway access is taken from a side yard.
or/multnomah/troutdale,setback_front_ft,held,same_field,or/multnomah/troutdale/3.zoning-districts.txt,339,3,20,,"0,10,15,20",1,1. Front yard setback is 20 feet if driveway access is taken from front yard.
or/multnomah/troutdale,parking_min_per_unit,unnumbered,same_field,or/multnomah/troutdale/9.parking.txt,67,9.010,,,,1,"A. Required parking spaces may be provided off-site, within two thousand (2,000) feet of"
or/multnomah/wood-village,setback_side_ft,held,same_field,or/multnomah/wood-village/220.320.txt,87,220.320,5,,"0,5,10",1,"(1)For multifamily structures on sites which abut MR, C or M zones the minimum side setback shall be five (5) feet. For multi-unit structures on sites which abut LR zones the minimum side setback shal"
or/multnomah/wood-village,setback_rear_ft,held,same_field,or/multnomah/wood-village/235.300.txt,83,235.300,15,,"15,20",1,(3)Sites abutting a residential zone shall have a side or rear building setback of fifteen (15) feet from the residential zone.
or,min_frontage_ft,unnumbered,read_section,or/oar.660-046-0220.txt,118,660-046-0220,,,,1,"Minimum Street Frontage: A Large City is not required to apply a minimum street frontage standard to Townhouses, but if it applies those standards, the minimum street frontage standard must not exceed"
or,max_units,unnumbered,read_section,or/oar.660-046-0220.txt,166,660-046-0220,,,,1,"Setbacks: A Large City may not require perimeter setbacks to be greater than those applicable to detached single-family dwellings in the same zone. Additionally, perimeter setbacks applicable to Cotta"
or,max_units,unnumbered,read_section,or/oar.660-046-0220.txt,169,660-046-0220,,,,1,"Dwelling Unit Size: A Large City may limit the minimum or maximum size of dwelling units in a Cottage Cluster, but must apply a maximum building footprint of less than 900 square feet per dwelling uni"
or/clackamas/_unincorporated,max_units,unnumbered,read_section,or/clackamas/_unincorporated/zdo.1015.txt,276,1015.02,,,,2,1 per dwelling unit 800 square feet or less
or/clackamas/_unincorporated,max_units,unnumbered,read_section,or/clackamas/_unincorporated/zdo.1015.txt,277,1015.02,,,,2,2 per dwelling unit greater than 800 square feet
or/clackamas/_unincorporated,max_units,unnumbered,read_section,or/clackamas/_unincorporated/zdo.1015.txt,358,1015.02,,,,1,"[2]On land above 3,500 feet in elevation, covered parking shall be provided for structures containing three or more dwelling units."
or/clackamas/_unincorporated,max_units,unnumbered,read_section,or/clackamas/_unincorporated/zdo.1015.txt,380,1015.02,,,,1,2 Parking minimums in Table 1015-2 may be reduced by 40 percent for multifamily dwelling units on sites within a one-quarter mile walking distance of a light rail station. Walking distance is measured
or/clackamas/_unincorporated,parking_min_per_unit,unnumbered,read_section,or/clackamas/_unincorporated/zdo.845.txt,199,845.04,,,,1,"3 Off-street motor vehicle parking spaces shall not be located within 10 feet of rear or side lot lines, except a lot line that separates the lot from an improved alley that complies with Comprehensiv"
or/clackamas/gladstone,min_density_du_per_acre,unnumbered,read_section,or/clackamas/gladstone/17.10.r-7.2.txt,207,17.10.050,,,,1,Subdivisions and PUDs shall provide a minimum density of 80 percent of the maximum density per net acre.
or/clackamas/gladstone,max_units,unnumbered,read_section,or/clackamas/gladstone/17.12.r-5.txt,187,17.12.050,,,4,3,"Cottage cluster minimum setbacks can be reduced to five feet, if there is more than 150 square feet per dwelling unit of common open space provided, as defined in GMC Section 17.12.065(2)."
or/clackamas/gladstone,max_units,unnumbered,read_section,or/clackamas/gladstone/17.12.r-5.txt,226,17.12.050,,,4,1,(1) All PUDs with residential uses must include a mix of two or more middle housing types for a minimum of 25 percent of the total dwelling units proposed.
or/clackamas/gladstone,min_lot_sqft,unnumbered,read_section,or/clackamas/gladstone/17.48.parking.txt,81,17.48.030,,,"1500,3600,7000",1,(iii) Tree canopy covering at least 40 percent of the new parking lot area at maturity but no more than 15 years after planting; or
or/clackamas/gladstone,parking_min_per_unit,unnumbered,read_section,or/clackamas/gladstone/17.48.parking.txt,458,17.48.040,,,,1,"(a) Required parking spaces for people with disabilities shall be located not further than 200 feet from the building or use they are required to serve, measured in a straight line from the building;"
or/clackamas/gladstone,parking_min_per_unit,unnumbered,read_section,or/clackamas/gladstone/17.48.parking.txt,470,17.48.040,,,,1,(g) Up to 50 percent of required parking spaces may be provided for compact cars;
or/clackamas/happy-valley,open_space_min_pct,unnumbered,read_section,or/clackamas/happy-valley/16.22.residential.txt,130,16.22.020,,,,1,Residential—Forty thousand Square Feet (R-40). This district reflects the first developmental step in the conversion of agricultural or open space land to residential purposes. Through benefit of avai
or/clackamas/happy-valley,max_units,unnumbered,read_section,or/clackamas/happy-valley/16.22.residential.txt,928,16.22.050,,,,1,"[8] Single-family detached units with a maximum floor area of 2,000 square feet are permitted in the MUR-A zone within the Happy Valley Town Center Plan Area."
or/clackamas/happy-valley,max_units,unnumbered,read_section,or/clackamas/happy-valley/16.22.residential.txt,1126,16.22.050,,,,1,"The square footage of the ground floor of the accessory structure shall not exceed either 500 square feet or the square footage of the ground floor of the primary dwelling, whichever is less. An acces"
or/clackamas/happy-valley,parking_min_per_unit,unnumbered,read_section,or/clackamas/happy-valley/16.42.landscaping.txt,265,16.42.030,,,,1,Any use which is required to provide off-street parking for five or more vehicles shall provide buffering of the parking areas on all sides which face directly upon and are within 100 feet of any prop
or/clackamas/happy-valley,max_units,unnumbered,read_section,or/clackamas/happy-valley/16.43.parking.txt,459,16.43.030,,,,1,"Single-room occupancy housing, residential units smaller than 750 square feet, affordable housing as defined in OAR 660-039-0010, and publicly supported housing as defined in ORS 456.250 are exempt fr"
or/clackamas/happy-valley,max_units,unnumbered,read_section,or/clackamas/happy-valley/16.63.land-divisions.txt,157,16.63.020,,,,1,No density is allowed within constrained land except for the reduced rate within the Steep Slopes Development Overlay Zone and the Natural Resources Overlay Zone per LDC Section 16.32.090 and/or Secti
or/clackamas/lake-oswego,max_units,unnumbered,read_section,or/clackamas/lake-oswego/50.04.dimensional.txt,737,50.04.001.2,,,,1,"Maximum average floor area for dwelling units within a cottage cluster development shall be 1,000 sq. ft."
or/clackamas/lake-oswego,max_height_ft,held,read_section,or/clackamas/lake-oswego/50.04.dimensional.txt,1157,50.04.001-9,28,,"25,28,30,35",1,"Base building height across the site shall be established by a flat plane measured at 28 ft. above the highest point of the natural ground surface within the building envelope, unless the natural grou"
or/clackamas/lake-oswego,max_units,unnumbered,read_section,or/clackamas/lake-oswego/50.04.dimensional.txt,1497,50.04.001.3,,,,1,"Maximum average floor area for dwelling units within a cottage cluster shall be 1,000 sq. ft."
or/clackamas/lake-oswego,max_height_ft,held,read_section,or/clackamas/lake-oswego/50.04.dimensional.txt,1639,50.04.001-13,"32,35",32,"25,28,30,35",1,"Two or more: 32 ft. average, with no individual primary structure exceeding 35 ft. base building height."
or/clackamas/lake-oswego,max_height_ft,held,read_section,or/clackamas/lake-oswego/50.04.dimensional.txt,1653,50.04.001-13,28,,"25,28,30,35",1,Lots with sloping topography – Maximum base height across the site shall be established by a flat plane measured at 28 ft. above the highest point on the natural ground surface within the building env
or/clackamas/milwaukie,max_units,unnumbered,read_section,or/clackamas/milwaukie/12.16.access-management.txt,148,12.16.040,,,,1,"At least forty-five (45) feet for single detached residential properties, plex development (i.e., a duplex, triplex, or quadplex), cottage clusters with four (4) or fewer units, and townhouses of four"
or/clackamas/milwaukie,max_units,unnumbered,read_section,or/clackamas/milwaukie/12.16.access-management.txt,152,12.16.040,,,,1,"At least one hundred (100) feet for multi-unit residential properties, or cottage cluster developments of five (5) or more units and all other uses accessing local and neighborhood streets."
or/clackamas/milwaukie,min_frontage_ft,unnumbered,read_section,or/clackamas/milwaukie/19.300.base-zones.txt,151,19.301.4,,,,1,3. Minimum street frontage requirements (ft)
or/clackamas/milwaukie,max_units,unnumbered,read_section,or/clackamas/milwaukie/19.300.base-zones.txt,261,19.201,,,,1,1. Density requirements (dwelling units per acre)
or/clackamas/milwaukie,min_frontage_ft,unnumbered,read_section,or/clackamas/milwaukie/19.300.base-zones.txt,488,19.302.4,,,,1,Minimum street frontage requirements (ft) Subsection 19.504.6 Flag Lots
or/clackamas/milwaukie,max_units,unnumbered,read_section,or/clackamas/milwaukie/19.300.base-zones.txt,505,19.302.4,,,,1,Density requirements (Dwelling units per acre) - Subsection 19.202.4 Density Calculations
or/clackamas/milwaukie,open_space_min_pct,unnumbered,read_section,or/clackamas/milwaukie/19.500.supplementary.txt,1470,19.505.3,,,,1,b. The minimum dimension for any common open space shall be 20 ft.
or/clackamas/milwaukie,max_units,unnumbered,read_section,or/clackamas/milwaukie/19.500.supplementary.txt,1487,19.505.3,,,,1,c. All garages that are part of the same structure that contains dwelling units shall be located at least 4 ft behind the front building façade.
or/clackamas/milwaukie,max_height_ft,unnumbered,read_section,or/clackamas/milwaukie/19.500.supplementary.txt,1529,19.505.3,,,"35,45",1,"a. For every 2,000 sq ft of site area, 1 tree shall be planted or 1 existing tree shall be preserved. Preserved tree(s) must be at least 6 inches in diameter at breast height (DBH) and cannot be liste"
or/clackamas/milwaukie,min_lot_sqft,held,read_section,or/clackamas/milwaukie/19.500.supplementary.txt,2280,19.505.5,1500,,"1500,3000",1,"Townhouse development must meet the minimum lot size of 1,500 sq ft."
or/clackamas/tualatin,min_lot_sqft,unnumbered,read_section,or/clackamas/tualatin/73C.parking.txt,103,73C,,,"1400,4500,6500",1,"(c) Tree canopy covering at least 40 percent of the new parking lot area at maturity, but"
or/clackamas/west-linn,max_units,unnumbered,read_section,or/clackamas/west-linn/02.definitions.txt,179,02.030,,,,1,Cottage cluster. A grouping of at least four detached dwelling units per acre. Dwelling units have a building footprint of less than 900 square feet per dwelling unit that includes a common courtyard
or/clackamas/west-linn,max_far,unnumbered,read_section,or/clackamas/west-linn/02.definitions.txt,440,02.030,,,"0.45,0.6",1,Floor area ratio (FAR). The FAR is that percentage of the total lot size that can be built as habitable space. A FAR of 0.45 means that the square footage of the lot is multiplied by 0.45 to yield the
or/clackamas/west-linn,min_lot_sqft,unnumbered,read_section,or/clackamas/west-linn/02.definitions.txt,451,02.030,,,"2700,3000,4000,4500,5000,5500,7000,10000,15000,20000,40000",1,"Type I and II lands shall not be counted toward lot area when determining allowable floor area ratio, except that a minimum floor area ratio of 0.30 shall be allowed regardless of the classification o"
or/clackamas/west-linn,setback_side_ft,held,read_section,or/clackamas/west-linn/15.r-3.txt,179,15.070,10,,"5,7.5,10",1,"Front, rear, and side yard setbacks for a cottage cluster project are 10 ft. There are no additional setbacks for individual structures on individual lots, but minimum distance between structures shal"
or/clackamas/west-linn,setback_side_ft,unnumbered,read_section,or/clackamas/west-linn/25.willamette-historic.txt,400,25.070,,,"5,7.5,10",1,"a. Bays, porches and chimneys and other projections that are cumulatively no more than 20 percent of the overall respective building wall length may intrude 18 inches into the side yard setback; and"
or/clackamas/west-linn,setback_rear_ft,held,read_section,or/clackamas/west-linn/25.willamette-historic.txt,410,25.070,20,,"15,20,30",1,"4. Rear yard setback. The rear yard setback shall be a minimum of 20 feet, except for accessory structures, which may be sited to within three feet of the rear property lines."
or/clackamas/west-linn,parking_min_per_unit,unnumbered,read_section,or/clackamas/west-linn/46.parking.txt,245,46.150,,,,1,8. Off-street parking spaces for single-family attached and detached residences shall be improved with a paved surface. Other parking facilities for single-family homes that are to accommodate additio
or/clackamas/west-linn,parking_min_per_unit,unnumbered,read_section,or/clackamas/west-linn/46.parking.txt,255,46.150,,,,1,13. Artificial lighting on all off-street parking facilities shall be concealed or shielded with an Illuminating Engineering Society of North America (IESNA) full cut-off style fixture with an angle n
or/clackamas/west-linn,min_frontage_ft,unnumbered,read_section,or/clackamas/west-linn/46.parking.txt,267,46.150,,,,1,"18. Commercial, office, industrial, and public parking lots may not occupy more than 50 percent of the main lot frontage of a development site. The remaining frontage shall comprise buildings or lands"
or/clackamas/west-linn,parking_min_per_unit,unnumbered,read_section,or/clackamas/west-linn/46.parking.txt,334,46.150,,,,1,b. The nearest bicycle parking space shall be no more than 50 feet from the entrance to the building and shall be visible from the building entrance.
or/clackamas/west-linn,min_lot_sqft,unnumbered,read_section,or/clackamas/west-linn/46.parking.txt,388,46.150,,,"2700,3000,4000,4500,5000,5500,7000,10000,15000,20000,40000",1,1. Tree canopy covering at least 40 percent of the new parking lot area at maturity but no more than 15 years after planting. Trees planted or preserved to meet parking area landscaping requirements i
or/clackamas/west-linn,max_units,unnumbered,read_section,or/clackamas/west-linn/48.access.txt,109,48.030,,,,1,"1. One single-family residence, including residences with an accessory dwelling unit as defined in CDC 02.030, shall provide a driveway with 10 feet of unobstructed horizontal clearance. Dual-track or"
or/clackamas/wilsonville,max_units,unnumbered,read_section,or/clackamas/wilsonville/4.planning.txt,251,4,,,,1,7. Accessory Dwelling Unit: A dwelling unit of not more than 800 square feet of habitable floor
or/clackamas/wilsonville,max_units,unnumbered,read_section,or/clackamas/wilsonville/4.planning.txt,391,4.001,,,,1,the dwelling unit consists of a ground floor footprint less than or equal to 40 percent of the
or/clackamas/wilsonville,max_units,unnumbered,read_section,or/clackamas/wilsonville/4.planning.txt,423,4,,,,1,footprint of 900 square feet or less and units have a common courtyard(s) containing
or/clackamas/wilsonville,max_units,unnumbered,read_section,or/clackamas/wilsonville/4.planning.txt,2968,4,,,,1,"multi-family units) an open space area must be at least 1,000 square feet to be counted"
or/clackamas/wilsonville,max_units,unnumbered,read_section,or/clackamas/wilsonville/4.planning.txt,3205,4,,,,1,is 600 square feet of habitable floor area. Larger units shall be subject to standards
or/clackamas/wilsonville,max_units,unnumbered,read_section,or/clackamas/wilsonville/4.planning.txt,3439,4.113,,,,1,at least 50 percent of the façade of two adjacent units can count as two articula-
or/clackamas/wilsonville,setback_garage_entrance_ft,held,read_section,or/clackamas/wilsonville/4.planning.txt,3775,4.113,20,,"4,18,20",1,20 feet in width as measured from the interior of the garage door frame.
or/clackamas/wilsonville,open_space_min_pct,unnumbered,read_section,or/clackamas/wilsonville/4.planning.txt,4761,4,,,,1,"open space of at least 2,000 square feet meeting the requirements of Subsection 4.113(.01)C.3."
or/clackamas/wilsonville,max_units,unnumbered,read_section,or/clackamas/wilsonville/4.planning.txt,6829,4,,,,1,"C. Small dwelling units must be 1,200 square feet or less of Habitable Floor Area, as defined"
or/clackamas/wilsonville,max_units,unnumbered,read_section,or/clackamas/wilsonville/4.planning.txt,6835,4,,,,1,"F . Up to 33 percent of the minimum number of mobility-ready units, or up to one unit where"
or/clackamas/wilsonville,max_units,unnumbered,read_section,or/clackamas/wilsonville/4.planning.txt,7451,4.127,,,,1,"I. For lots 4,000 square feet in area or more with only units classified as ""Other Detached Units"" in Table 6C,"
or/clackamas/wilsonville,max_coverage_pct,unnumbered,read_section,or/clackamas/wilsonville/4.planning.txt,7452,4.127,,,"20,25,40,45,50,75",1,"the following lot coverage standards from Table 8A shall apply: 4,000 square feet or more but less than 6,000"
or/clackamas/wilsonville,setback_front_ft,held,read_section,or/clackamas/wilsonville/4.planning.txt,7503,4.127,20,,"12,15,20",1,minimum front setback of 20 feet.
or/clackamas/wilsonville,open_space_min_pct,unnumbered,read_section,or/clackamas/wilsonville/4.planning.txt,7639,4,,,,1,"c. The minimum land area for an individual open space is 2,000 square feet, unless"
or/clackamas/wilsonville,open_space_min_pct,unnumbered,read_section,or/clackamas/wilsonville/4.planning.txt,7646,4,,,,1,usable open space adjacent to the subject property or within 500 feet of it; the
or/clackamas/wilsonville,open_space_min_pct,unnumbered,read_section,or/clackamas/wilsonville/4.planning.txt,7647,4,,,,1,amount and type of open space available adjacent or within 500 feet of the
or/clackamas/wilsonville,max_units,unnumbered,read_section,or/clackamas/wilsonville/4.planning.txt,7730,4,,,,1,1. Be within 12 feet of the longest street-facing front wall of the dwelling unit; and
or/clackamas/wilsonville,max_units,unnumbered,read_section,or/clackamas/wilsonville/4.planning.txt,7777,4,,,,1,street facing wall of the dwelling unit. There must be at least 20 feet between the
or/clackamas/wilsonville,max_units,unnumbered,read_section,or/clackamas/wilsonville/4.planning.txt,7951,4.127,,,,1,"subdistrict, the number on which the greater of five units or 20 percent is"
or/clackamas/wilsonville,max_units,unnumbered,read_section,or/clackamas/wilsonville/4.planning.txt,7955,4.127,,,,1,"C. 1., the number on which the greater of five units or 20 percent is calculated"
or/clackamas/wilsonville,max_height_ft,unnumbered,read_section,or/clackamas/wilsonville/4.planning.txt,8709,4.132,,,35,1,Building height (stories) [3]
or/clackamas/wilsonville,max_units,unnumbered,read_section,or/clackamas/wilsonville/4.planning.txt,8737,4,,,,1,Residential density (units per acre)
or/clackamas/wilsonville,max_units,unnumbered,read_section,or/clackamas/wilsonville/4.planning.txt,8750,4,,,,1,stories may be increased by one story if a minimum of 25 percent of the units of the
or/clackamas/wilsonville,min_frontage_ft,unnumbered,read_section,or/clackamas/wilsonville/4.planning.txt,8849,4.132,,,"20,30,35,40,80",1,"building, parking is limited to 50 percent of the street frontage and must be behind a"
or/clackamas/wilsonville,max_height_ft,held,read_section,or/clackamas/wilsonville/4.planning.txt,9035,4.132,35,,35,1,"v. On all structures exceeding 35 feet in height, roofs shall have drainage"
or/clackamas/wilsonville,min_frontage_ft,held,read_section,or/clackamas/wilsonville/4.planning.txt,9185,4.132,30,,"20,30,35,40,80",1,(in feet) of the proposed development's street frontage by 30 feet. When the
or/clackamas/wilsonville,parking_min_per_unit,unnumbered,read_section,or/clackamas/wilsonville/4.planning.txt,13132,4.001,,,,1,space (nine feet by 18 feet) for each parking space within the garage;
or/clackamas/wilsonville,max_height_ft,held,read_section,or/clackamas/wilsonville/4.planning.txt,13590,4.155,"12,35",12,35,1,"3. A loading berth shall contain space 12 feet wide, 35 feet long, and have a height"
or/clackamas/wilsonville,max_units,unnumbered,read_section,or/clackamas/wilsonville/4.planning.txt,15911,4,,,,1,area of 50 square feet. Buildings containing more than ten residential units shall provide an
or/clackamas/wilsonville,max_units,unnumbered,read_section,or/clackamas/wilsonville/4.planning.txt,17072,4,,,,1,"division units and dividing by the number of land division units, is 60 percent or less of"
or/multnomah/_unincorporated,max_units,unnumbered,read_section,or/multnomah/_unincorporated/33.110.txt,1214,33.110,,,,1,"the units are 22 feet wide or wider, the standard applies to the street-facing"
or/multnomah/_unincorporated,open_space_min_pct,unnumbered,read_section,or/multnomah/_unincorporated/33.110.txt,1442,33.110,,,,1,"common green, the minimum size of required outdoor area is 48 square feet per"
or/multnomah/_unincorporated,max_units,unnumbered,read_section,or/multnomah/_unincorporated/33.110.txt,1443,33.110,,,,1,dwelling unit with a minimum dimension of 6 feet. The standards in 33.110.240.C
or/multnomah/_unincorporated,max_units,unnumbered,read_section,or/multnomah/_unincorporated/33.110.txt,1531,33.110,,,,1,the existing primary dwelling unit is 25 feet. Adjustments to this standard may be
or/multnomah/_unincorporated,max_units,unnumbered,read_section,or/multnomah/_unincorporated/33.110.txt,1616,33.110,,,,1,2. Affordability. 50 percent of the total number of dwelling units on the site must be
or/multnomah/_unincorporated,open_space_min_pct,unnumbered,read_section,or/multnomah/_unincorporated/33.110.txt,1647,33.110,,,,1,b. Exception. At least 48 square feet of outdoor area must be provided per dwelling
or/multnomah/_unincorporated,open_space_min_pct,unnumbered,read_section,or/multnomah/_unincorporated/33.110.txt,1765,33.110,,,,1,a. The total amount of common outdoor area required is 150 square feet per
or/multnomah/_unincorporated,max_units,unnumbered,read_section,or/multnomah/_unincorporated/33.110.txt,1766,33.110,,,,1,"dwelling unit if all the dwelling units are separated by at least 10 feet, or 200"
or/multnomah/_unincorporated,max_units,unnumbered,read_section,or/multnomah/_unincorporated/33.110.txt,1800,33.110,,,,1,10. Dwelling unit orientation. Dwelling units located within 25 feet of a street property
or/multnomah/_unincorporated,max_units,unnumbered,read_section,or/multnomah/_unincorporated/33.110.txt,1805,33.110,,,,1,a. At least 50 percent of the dwelling units that are exempt from 33.110.230 must:
or/multnomah/_unincorporated,open_space_min_pct,unnumbered,read_section,or/multnomah/_unincorporated/33.110.txt,1808,33.110,,,,1,"(2) Be located within 10 feet of the common outdoor area, measured from the"
or/multnomah/_unincorporated,parking_min_per_unit,unnumbered,read_section,or/multnomah/_unincorporated/39.parking.txt,256,39.6565,,,,1,the parking space shall be 23 feet.
or/multnomah/fairview,setback_garage_entrance_ft,unnumbered,read_section,or/multnomah/fairview/19.115.txt,67,19.115.040,,,,1,"3. Lots that abut Fairview or Clear Creek may have garages with a minimum four-foot setback. Such garages shall orient the garage doors perpendicular to the right-of-way, shall have a separate garage"
or/multnomah/fairview,max_units,unnumbered,read_section,or/multnomah/fairview/19.120.txt,65,19.120.040,,,,1,E. Setbacks. Dwelling unit front facades shall be set back from the right-of-way for a distance of either 10 or 15 feet. Sides of units may have a setback of zero feet from property line on both sides
or/multnomah/fairview,min_frontage_ft,unnumbered,read_section,or/multnomah/fairview/19.135.txt,68,19.135.030,,,,1,b. Parking lots shall occupy no more than 50 percent of the street frontage. One or more pedestrian accessways connecting parking lots to adjacent streets shall be provided at a minimum frequency of 2
or/multnomah/fairview,parking_min_per_unit,unnumbered,read_section,or/multnomah/fairview/19.162.txt,41,19.162.020,,,,1,"F. Access Options. When vehicle access is required for development (i.e., for off-street parking, delivery, service, drive-through facilities, etc.), access shall be provided by one of the following m"
or/multnomah/fairview,max_units,unnumbered,read_section,or/multnomah/fairview/19.162.txt,109,19.162.020,,,,1,"3. Multiple-unit uses and cottage clusters with more than eight dwelling units, and off-street parking areas with 16 or more parking spaces, shall have a minimum driveway width of 24 feet, and a maxim"
or/multnomah/fairview,parking_min_per_unit,unnumbered,read_section,or/multnomah/fairview/19.162.txt,111,19.162.020,,,,1,"4. Access widths for all other uses shall be based on 10 feet of width for every travel lane, except that driveways providing direct access to parking spaces shall conform to the parking area standard"
or/multnomah/fairview,min_lot_sqft,unnumbered,read_section,or/multnomah/fairview/19.163.txt,149,19.163.030,,,"2500,4000,6000,7500,10000",1,ii. Planting trees in the parking area to create a tree canopy that covers at least 40 percent of the parking lot at maturity but not more than 15 years after planting. For the purposes of this tree c
or/multnomah/fairview,parking_min_per_unit,unnumbered,read_section,or/multnomah/fairview/19.163.txt,155,19.163.030,,,,1,"(A) Where the development will use a combination of solar panels and tree canopy to comply with this subsection (E)(2)(b), the percentage of parking area provided in tree coverage shall equal the perc"
or/multnomah/fairview,parking_min_per_unit,unnumbered,read_section,or/multnomah/fairview/19.164.txt,157,19.1,,,,1,"D. Parking Stall Standard Dimensions and Compact Parking Spaces. All off-street parking stalls shall be improved to conform to city standards for surfacing, stormwater management and striping, and pro"
or/multnomah/fairview,max_units,unnumbered,read_section,or/multnomah/fairview/19.164.txt,177,19.1,,,,1,"H. Electric Vehicle Conduit. For new multi-unit residential buildings with five or more residential dwelling units, and new mixed-use buildings consisting of privately owned commercial space and five"
or/multnomah/fairview,max_units,unnumbered,read_section,or/multnomah/fairview/19.30.txt,503,19.30.030,,,,1,"b. All buildings shall have their primary entrance(s) oriented to the street. Multi-unit housing and neighborhood commercial building entrances may include entrances to individual units, lobby entranc"
or/multnomah/fairview,parking_min_per_unit,unnumbered,read_section,or/multnomah/fairview/19.65.txt,173,19.65.040,,,,1,"ii. If the number of vehicle parking spaces on the site exceeds the maximum number of spaces allowed in transit/pedestrian areas as provided in FMC 19.164.030(D), then expansions or additions to exist"
or/multnomah/fairview,min_frontage_ft,unnumbered,read_section,or/multnomah/fairview/19.65.txt,183,19.65.040,,,,1,iii. Location of Parking Areas. Parking and vehicle circulation areas are prohibited in the setback area between the building and the street lot line. Parking and vehicle circulation areas must not be
or/multnomah/gresham,max_units,unnumbered,read_section,or/multnomah/gresham/3.0100.definitions.txt,915,3.0120,,,,1,• Cottage. A detached dwelling unit with a footprint of less than 900 square feet that is part of a cottage
or/multnomah/gresham,max_height_ft,held,read_section,or/multnomah/gresham/4.0100.residential.txt,461,4.0133,45,,"35,40,45,50,85",1,height can be increased to 45 feet.
or/multnomah/gresham,max_units,unnumbered,read_section,or/multnomah/gresham/4.0400.corridor.txt,433,4.0434,,,,1,for a building containing dwelling units is thirty (30) feet. The maximum front or streetside setback may be
or/multnomah/gresham,min_density_du_per_acre,unnumbered,read_section,or/multnomah/gresham/4.0400.corridor.txt,487,4,,,"4.35,5.3,5.8,6.22,8.7,8.71,10,12,12.1,17,18,20,25",1,minimum net density for middle housing shall be 12 units per acre and maximum density shall be 25 units per acre
or/multnomah/gresham,max_height_ft,held,read_section,or/multnomah/gresham/4.1100.downtown.txt,534,4.1100,40,,"35,40,45,50,85",1,"3. For developments abutting a land-use district where the maximum building height is 40 feet or less, the maximum building height within 50"
or/multnomah/gresham,max_height_ft,held,read_section,or/multnomah/gresham/4.1100.downtown.txt,535,4.1100,"45,50",,"35,40,45,50,85",1,feet of that low-height- limit district or sub-district shall be 45 feet. Maximum building height shall be 50 feet in DCC along the north side of
or/multnomah/gresham,max_height_ft,held,read_section,or/multnomah/gresham/4.1100.downtown.txt,762,4.1100,45,,"35,40,45,50,85",1,"when the building height is 45 feet or less. For buildings which exceed 45 feet in height, the wind energy"
or/multnomah/gresham,max_height_ft,held,read_section,or/multnomah/gresham/4.1100.downtown.txt,764,4.1100,45,,"35,40,45,50,85",1,b. Ground-mounted. The height of ground-mounted wind energy systems shall not exceed 45 feet as measured
or/multnomah/gresham,max_height_ft,held,read_section,or/multnomah/gresham/4.1100.downtown.txt,765,4.1100,45,,"35,40,45,50,85",1,from the grade at the base of the equipment to the top of the system. The height limit of 45 feet can be
or/multnomah/gresham,max_units,unnumbered,read_section,or/multnomah/gresham/4.1500.springwater.txt,220,4,,,,1,"5. A fascia, awning, or painted wall sign limited to 32 square feet is permitted per each unit. Live -work units are"
or/multnomah/gresham,max_units,unnumbered,read_section,or/multnomah/gresham/7.0400.middle-housing-design.txt,213,7.0420,,,,1,"iv. The dwelling unit(s) to be served are at least 50 feet from the paved public street accessed,"
or/multnomah/gresham,max_height_ft,held,read_section,or/multnomah/gresham/7.0400.middle-housing-design.txt,376,7.0420,"35,2",2,"35,40,45,50,85",2,a. Side walls shall not exceed 35 feet in length before a full-height offset a minimum 2 feet in depth
or/multnomah/gresham,max_units,unnumbered,read_section,or/multnomah/gresham/7.0400.middle-housing-design.txt,444,7.0431,,,,1,a. Be set back no greater than 8 feet from the longest street- facing wall of the dwelling unit.
or/multnomah/gresham,parking_min_per_unit,unnumbered,read_section,or/multnomah/gresham/7.0400.middle-housing-design.txt,500,7.0431,,,0,1,"b. Off- street parking spaces for residential uses shall be at least 8.5 feet wide by 18 feet deep, or 8"
or/multnomah/gresham,parking_min_per_unit,unnumbered,read_section,or/multnomah/gresham/7.0400.middle-housing-design.txt,501,7.0431,,,0,2,feet wide by 24 feet long for parallel parking spaces.
or/multnomah/gresham,setback_street_side_ft,held,read_section,or/multnomah/gresham/7.0400.middle-housing-design.txt,574,7.0431,10,,"0,5,8,10,20",2,1. Facades facing street side setbacks and within 10 feet of the street side setback line shall utilize a
or/multnomah/gresham,setback_side_ft,unnumbered,read_section,or/multnomah/gresham/7.0400.middle-housing-design.txt,579,7.0431,,,"0,5,10",2,plane closest to the side setback for a minimum of 60 percent of the total first floor wall plane(s)
or/multnomah/gresham,setback_side_ft,held,read_section,or/multnomah/gresham/7.0400.middle-housing-design.txt,586,7.0431,5,,"0,5,10",2,d. Setback all side walls at least an additional 5 feet from the side setback line.
or/multnomah/gresham,parking_min_per_unit,unnumbered,read_section,or/multnomah/gresham/9.0800.parking.txt,315,9.0825,,,0,1,D. Parallel Parking Space Dimensions. All parallel parking spaces will have a minimum measurement of 8 feet
or/multnomah/portland,max_units,unnumbered,read_section,or/multnomah/portland/33.110.txt,1214,33.110,,,,1,"the units are 22 feet wide or wider, the standard applies to the street-facing"
or/multnomah/portland,open_space_min_pct,unnumbered,read_section,or/multnomah/portland/33.110.txt,1442,33.110,,,,1,"common green, the minimum size of required outdoor area is 48 square feet per"
or/multnomah/portland,max_units,unnumbered,read_section,or/multnomah/portland/33.110.txt,1443,33.110,,,,1,dwelling unit with a minimum dimension of 6 feet. The standards in 33.110.240.C
or/multnomah/portland,max_units,unnumbered,read_section,or/multnomah/portland/33.110.txt,1531,33.110,,,,1,the existing primary dwelling unit is 25 feet. Adjustments to this standard may be
or/multnomah/portland,max_units,unnumbered,read_section,or/multnomah/portland/33.110.txt,1616,33.110,,,,1,2. Affordability. 50 percent of the total number of dwelling units on the site must be
or/multnomah/portland,max_coverage_pct,held,read_section,or/multnomah/portland/33.110.txt,1641,33.110,60,,"50,60,70,75,85,100",1,b. Exception. The maximum building coverage allowed per lot is 60 percent. In this
or/multnomah/portland,open_space_min_pct,unnumbered,read_section,or/multnomah/portland/33.110.txt,1647,33.110,,,,1,b. Exception. At least 48 square feet of outdoor area must be provided per dwelling
or/multnomah/portland,open_space_min_pct,unnumbered,read_section,or/multnomah/portland/33.110.txt,1765,33.110,,,,1,a. The total amount of common outdoor area required is 150 square feet per
or/multnomah/portland,max_units,unnumbered,read_section,or/multnomah/portland/33.110.txt,1766,33.110,,,,1,"dwelling unit if all the dwelling units are separated by at least 10 feet, or 200"
or/multnomah/portland,max_units,unnumbered,read_section,or/multnomah/portland/33.110.txt,1800,33.110,,,,1,10. Dwelling unit orientation. Dwelling units located within 25 feet of a street property
or/multnomah/portland,max_units,unnumbered,read_section,or/multnomah/portland/33.110.txt,1805,33.110,,,,1,a. At least 50 percent of the dwelling units that are exempt from 33.110.230 must:
or/multnomah/portland,open_space_min_pct,unnumbered,read_section,or/multnomah/portland/33.110.txt,1808,33.110,,,,1,"(2) Be located within 10 feet of the common outdoor area, measured from the"
or/multnomah/portland,parking_min_per_unit,unnumbered,read_section,or/multnomah/portland/33.120.txt,585,33.120.210,,,,1,"1. Floor area for structured parking when at least 50 percent, or 6, of the parking spaces"
or/multnomah/portland,max_height_ft,unnumbered,read_section,or/multnomah/portland/33.120.txt,761,33.120,,,"30,35,45,65,75,100,150",1,of base height and an additional 10 percent of building coverage beyond the limits for
or/multnomah/portland,max_units,unnumbered,read_section,or/multnomah/portland/33.120.txt,776,33.120,,,,1,units bonus as stated in Table 120-6 when at least 25 percent of all the dwelling units
or/multnomah/portland,max_units,unnumbered,read_section,or/multnomah/portland/33.120.txt,818,33.120.212,,,,1,when at least 50 percent of all of the dwelling units on the site are affordable to those
or/multnomah/portland,max_units,unnumbered,read_section,or/multnomah/portland/33.120.txt,828,33.120.212,,,,1,"site zoned RMP, one dwelling unit is equal to 800 square feet of floor area. Transfers"
or/multnomah/portland,max_units,unnumbered,read_section,or/multnomah/portland/33.120.txt,1021,33.120.220,,,,1,the finished floor of ground floor residential units is between 2 feet and 5 feet
or/multnomah/portland,max_units,unnumbered,read_section,or/multnomah/portland/33.120.txt,1076,33.120,,,,1,units must be setback a minimum of 5 feet from a lot line that abuts another
or/multnomah/portland,max_units,unnumbered,read_section,or/multnomah/portland/33.120.txt,1518,33.120,,,,1,(1) All of the dwelling units have individual entrances that are within 20 feet of
or/multnomah/portland,max_units,unnumbered,read_section,or/multnomah/portland/33.120.txt,1522,33.120,,,,1,(3) Each dwelling unit has at least 200 square feet of individual outdoor area
or/multnomah/portland,max_units,unnumbered,read_section,or/multnomah/portland/33.120.txt,1771,33.120,,,,1,6. Separation. Dwelling units within the cottage cluster site must be separated by 6 feet.
or/multnomah/portland,max_coverage_pct,unnumbered,read_section,or/multnomah/portland/33.120.txt,1774,33.120,,,"50,60,70,75,85,100",1,a. The maximum building coverage allowed for each dwelling unit is 900 square feet
or/multnomah/portland,open_space_min_pct,unnumbered,read_section,or/multnomah/portland/33.120.txt,1782,33.120,,,,1,a. The total amount of common outdoor area required is 150 square feet per dwelling
or/multnomah/portland,max_units,unnumbered,read_section,or/multnomah/portland/33.120.txt,1783,33.120,,,,1,unit if all the dwelling units are separated by at least 10 feet or 200 square feet per
or/multnomah/portland,max_units,unnumbered,read_section,or/multnomah/portland/33.120.txt,1784,33.120,,,,1,dwelling unit if any of the dwelling units are separated by less than 10 feet.
or/multnomah/portland,max_units,unnumbered,read_section,or/multnomah/portland/33.120.txt,1813,33.120,,,,1,9. Dwelling unit orientation. Dwelling units located within 25 feet of a street property line
or/multnomah/portland,max_units,unnumbered,read_section,or/multnomah/portland/33.120.txt,1818,33.120,,,,1,a. At least 50 percent of the dwelling units that are exempt from 33.120.231 must:
or/multnomah/portland,open_space_min_pct,unnumbered,read_section,or/multnomah/portland/33.120.txt,1820,33.120,,,,1,"(2) Be located within 10 feet of the common outdoor area, measured from the closest"
or/multnomah/portland,max_units,unnumbered,read_section,or/multnomah/portland/33.120.txt,2305,33.120,,,,1,"the units are 22 feet wide or wider, the standard applies to the street- facing"
or/multnomah/portland,setback_front_ft,held,read_section,or/multnomah/portland/33.120.txt,2418,33.120,2,,"0,2,5,10,15,20",2,a. Front building setbacks. Fences up to 3-1/2 feet high are allowed in a required
or/multnomah/portland,setback_front_ft,held,read_section,or/multnomah/portland/33.120.txt,2419,33.120,5,,"0,2,5,10,15,20",2,"front building setback, or within the first 5 feet of the front lot line, whichever is"
or/multnomah/portland,setback_side_ft,held,read_section,or/multnomah/portland/33.120.txt,2457,33.120,2,,"0,2,5,10,15",1,(1) Fences up to 3-1/2 feet high are allowed in required side building setbacks
or/multnomah/portland,max_units,unnumbered,read_section,or/multnomah/portland/33.130.txt,898,33.130,,,,1,c. Windows in the walls of dwelling units must be setback a minimum of 5 feet
or/multnomah/portland,setback_front_ft,held,read_section,or/multnomah/portland/33.130.txt,1284,33.130.228,5,,"0,2,5,10,15,20",1,"level it may extend up to 5 feet into a required front setback, and may extend"
or/multnomah/portland,setback_rear_ft,held,read_section,or/multnomah/portland/33.130.txt,1285,33.130.228,5,,"0,2,5,10,15",1,into required side and rear setbacks as long as the area is not closer than 5 feet
or/multnomah/portland,max_units,unnumbered,read_section,or/multnomah/portland/33.130.txt,1416,33.130,,,,1,area of street-facing facades of dwelling units that are 20 feet or closer to a street lot
or/multnomah/portland,max_units,unnumbered,read_section,or/multnomah/portland/33.150.txt,742,33.150,,,,1,street- facing facades of dwelling units that are 20 feet or closer to a street lot line must meet at
or/multnomah/portland,max_units,unnumbered,read_section,or/multnomah/portland/33.266.txt,95,33.266.110,,,,1,"a. If between one and six spaces are provided for dwelling units, 100 percent of the"
or/multnomah/portland,max_units,unnumbered,read_section,or/multnomah/portland/33.266.txt,98,33.266.110,,,,1,"b. If seven or more spaces are provided for dwelling units, 50 percent, or six,"
or/multnomah/portland,parking_min_per_unit,unnumbered,read_section,or/multnomah/portland/33.266.txt,1017,33.266,,,,1,(2) There must be at least 5 feet behind all bicycle parking spaces to allow room
or/multnomah/portland,parking_min_per_unit,unnumbered,read_section,or/multnomah/portland/33.266.txt,1176,33.266,,,,1,a. Minimum number of horizontal bicycle parking spaces. At least 30 percent of
or/multnomah/troutdale,setback_street_side_ft,held,read_section,or/multnomah/troutdale/3.zoning-districts.txt,447,3.130,10,,"0,10",1,c. Street side yard setback: Minimum of 10 feet unless the street side yard is
or/multnomah/troutdale,max_height_ft,held,read_section,or/multnomah/troutdale/3.zoning-districts.txt,480,3.130,35,,"35,55",1,8. Height Limitation. The maximum height of a structure shall be 35 feet.
or/multnomah/troutdale,min_lot_sqft,held,read_section,or/multnomah/troutdale/8.development-standards.txt,535,8.120,5000,,"5000,7000,10000",1,"ii. In zones with a minimum lot size between five thousand (5,000) square feet"
or/multnomah/troutdale,min_frontage_ft,held,read_section,or/multnomah/troutdale/8.development-standards.txt,806,8.120,15,,"15,20",1,i. Each townhouse lot has a street frontage of at least fifteen (15) feet on a local
or/multnomah/troutdale,parking_min_per_unit,unnumbered,read_section,or/multnomah/troutdale/9.parking.txt,583,9.115,,,,1,2. The compact size of a parking space shall be eight (8) feet by sixteen (16) feet (one
or/multnomah/wood-village,parking_min_per_unit,unnumbered,read_section,or/multnomah/wood-village/350.065.all-other-uses.txt,95,350.065,,,,1,(4) Landscape Instead of Paving. A portion of a standard parking space may be landscaped instead of paved. The landscaped area may be up to 2 feet of the front of the space as measured from a line par
or/multnomah/wood-village,parking_min_per_unit,unnumbered,read_section,or/multnomah/wood-village/350.065.all-other-uses.txt,125,350.065,,,,1,"(b) Option 2. One tree must be provided for every four parking spaces. If surrounded by cement, the tree planting area must have a minimum dimension of 4 ft. If surrounded by asphalt, the tree plantin"
or,max_units,unnumbered,unread_section,or/oar.660-046-0020.txt,30,660-046-0020,,,,1,“Cottage Cluster” means a grouping of no fewer than four detached dwelling units per acre with a footprint of less than 900 square feet each that includes a common courtyard. A Medium or Large City ma
or/clackamas/_unincorporated,max_units,unnumbered,unread_section,or/clackamas/_unincorporated/zdo.1012.txt,151,1012.05,,,,1,"3 In the MRR District, dwelling units allowed through the bonus density provisions shall be developed with the same unit size mixture as provided in the BD. For example, if a development is proposed w"
or/clackamas/_unincorporated,max_units,unnumbered,unread_section,or/clackamas/_unincorporated/zdo.1012.txt,161,1012.05,,,,1,(b) The average of all units on the property is made available to families with incomes of 60 percent or less of AMI; or
or/clackamas/_unincorporated,max_density_du_per_acre,unnumbered,unread_section,or/clackamas/_unincorporated/zdo.1012.txt,164,1012.05,,,,2,"(A) For property with existing maximum density of 16 or fewer units per acre, up to 100 percent of base density and 12 additional feet in maximum height;"
or/clackamas/_unincorporated,max_density_du_per_acre,unnumbered,unread_section,or/clackamas/_unincorporated/zdo.1012.txt,165,1012.05,,,,2,"(B) For property with existing maximum density of 17 or more units per acre and 45 or fewer units per acre, up to 50 percent of base density and 24 additional feet in maximum height; or"
or/clackamas/_unincorporated,max_density_du_per_acre,unnumbered,unread_section,or/clackamas/_unincorporated/zdo.1012.txt,166,1012.05,,,,2,"(C) For property with existing maximum density of 46 or more units per acre, up to 25 percent of base density and 36 additional feet in maximum height."
or/clackamas/_unincorporated,max_units,unnumbered,unread_section,or/clackamas/_unincorporated/zdo.1012.txt,170,1012.05,,,,1,"(2): In any development, for dwelling units affordable to households with incomes of 80 percent or less of the area median income (AMI) as defined by the U.S. Department of Housing and Urban Developme"
or/clackamas/_unincorporated,max_units,unnumbered,unread_section,or/clackamas/_unincorporated/zdo.1012.txt,171,1012.05,,,,1,One dwelling unit per affordable dwelling unit up to 5 percent of the base density
or/clackamas/_unincorporated,max_units,unnumbered,unread_section,or/clackamas/_unincorporated/zdo.1012.txt,172,1012.05,,,,1,One dwelling unit per affordable dwelling unit up to 50 percent of the base density[1]
or/clackamas/_unincorporated,max_units,unnumbered,unread_section,or/clackamas/_unincorporated/zdo.1012.txt,173,1012.05,,,,1,"Mixed-Use Development[2]: Multifamily dwelling units developed as part of a mixed-use development, where a minimum of 20 percent of the total floor area on a site is developed for a non-residential us"
or/clackamas/_unincorporated,max_units,unnumbered,unread_section,or/clackamas/_unincorporated/zdo.1012.txt,175,1012.05,,,,1,One dwelling unit per dwelling unit located in a mixed-use development up to 20 percent of the base density[3]
or/clackamas/_unincorporated,min_density_du_per_acre,unnumbered,unread_section,or/clackamas/_unincorporated/zdo.1012.txt,242,1012.08,,,,1,"1 By 80 percent in Urban Low Density Residential Districts. However, partitions in these districts have no minimum density requirement provided that a master plan demonstrates that the minimum density"
or/clackamas/_unincorporated,parking_min_per_unit,unnumbered,unread_section,or/clackamas/_unincorporated/zdo.1015.txt,414,1015.03,,,,1,2 At least 75 percent of the bicycle parking spaces shall be located within 50 feet of a public entrance to the building.
or/clackamas/_unincorporated,parking_min_per_unit,unnumbered,unread_section,or/clackamas/_unincorporated/zdo.1015.txt,424,1015.03,,,,1,"1 When more than seven bicycle parking spaces are required, a minimum of 50 percent of the spaces shall be covered. All of the required bicycle spaces for schools, park-and-ride lots, congregate housi"
or/clackamas/_unincorporated,parking_min_per_unit,unnumbered,unread_section,or/clackamas/_unincorporated/zdo.1015.txt,428,1015.03,,,,1,"3 When more than 15 covered bicycle parking spaces are required, 50 percent of the required covered spaces shall be enclosed and offer a high level of security, e.g., bicycle lockers or a locked cage"
or/clackamas/_unincorporated,max_units,unnumbered,unread_section,or/clackamas/_unincorporated/zdo.1015.txt,487,1015.04,,,,1,Multifamily Dwellings Number of Dwelling Units 25 feet x 12 feet x 14 feet high
or/clackamas/gladstone,max_units,unnumbered,unread_section,or/clackamas/gladstone/17.06.definitions.txt,607,17.06.148,,,4,1,“Cottage cluster” means a grouping of no fewer than four detached dwelling units per acre with a footprint of less than 900 square feet each that includes a common courtyard on a single lot or on indi
or/clackamas/gladstone,max_units,unnumbered,unread_section,or/clackamas/gladstone/17.06.definitions.txt,1191,17.06.435,,,4,1,“Recreation vehicle” means a vacation trailer or self-propelled vehicle or structure equipped with wheels for highway use which is intended for human occupancy and is being used for recreation or vaca
or/clackamas/gladstone,max_units,unnumbered,unread_section,or/clackamas/gladstone/17.06.definitions.txt,1285,17.06.491,,,4,1,“Senior housing center” means a residential facility providing dwelling units without full kitchens (known as residential suites) for those aged 65 and older and dwelling units with full kitchens. Up
or/clackamas/gladstone,setback_rear_ft,unnumbered,unread_section,or/clackamas/gladstone/17.10.r-7.2.txt,81,17.10.030,,,15,1,"(4) Courtyards, Patios and Decks. The minimum side, except street side, and rear setbacks for uncovered courtyards, patios and decks in excess of 30 inches in height shall be five feet. The minimum fr"
or/clackamas/gladstone,max_units,unnumbered,unread_section,or/clackamas/gladstone/17.10.r-7.2.txt,97,17.10.030,,,4,1,"(b) The floor area of an accessory dwelling unit shall not exceed 800 square feet or 75 percent gross square feet of the primary dwelling, whichever is less. Conversion of an existing basement to an A"
or/clackamas/gladstone,max_units,unnumbered,unread_section,or/clackamas/gladstone/17.10.r-7.2.txt,111,17.10.030,,,4,1,(d) A detached accessory dwelling unit shall be allowed to be a maximum building height of 26 feet.
or/clackamas/gladstone,max_units,unnumbered,unread_section,or/clackamas/gladstone/17.10.r-7.2.txt,251,17.10.055,,,4,1,"(c) Average Unit Size. The maximum average floor area for a cottage cluster is 1,400 square feet per dwelling unit. Community buildings shall be included in the average floor area calculation for a co"
or/clackamas/gladstone,parking_min_per_unit,unnumbered,unread_section,or/clackamas/gladstone/17.10.r-7.2.txt,367,17.10.065,,,,1,"(b) Off-street parking spaces shall not be located within 10 feet of any other property line, except alley property lines. Driveways and drive aisles are permitted within 10 feet of other property lin"
or/clackamas/gladstone,setback_rear_ft,unnumbered,unread_section,or/clackamas/gladstone/17.12.r-5.txt,79,17.12.030,,,15,1,"(3) Courtyards, Patios and Decks. The minimum side, except street side, and rear setbacks for uncovered courtyards, patios and decks in excess of 30 inches in height shall be five feet. The minimum fr"
or/clackamas/gladstone,max_units,unnumbered,unread_section,or/clackamas/gladstone/17.12.r-5.txt,95,17.12.030,,,4,1,"(b) The floor area of an accessory dwelling unit shall not exceed 800 square feet or 75 percent gross square feet of the primary dwelling, whichever is less. Conversion of an existing basement to an A"
or/clackamas/gladstone,max_units,unnumbered,unread_section,or/clackamas/gladstone/17.12.r-5.txt,109,17.12.030,,,4,1,(d) A detached accessory dwelling unit shall be allowed a maximum building height of 26 feet.
or/clackamas/gladstone,max_units,unnumbered,unread_section,or/clackamas/gladstone/17.12.r-5.txt,256,17.12.055,,,4,1,"(c) Average Unit Size. The maximum average floor area for a cottage cluster is 1,400 square feet per dwelling unit. Community buildings shall be included in the average floor area calculation for a co"
or/clackamas/gladstone,parking_min_per_unit,unnumbered,unread_section,or/clackamas/gladstone/17.12.r-5.txt,374,17.12.065,,,,1,"(b) Off-street parking spaces shall not be located within 10 feet of any other property line, except alley property lines. Driveways and drive aisles are permitted within 10 feet of other property lin"
or/clackamas/gladstone,max_height_ft,unnumbered,unread_section,or/clackamas/gladstone/17.25.hcad.txt,163,17.25.040,,,35,1,"H. Temporary clearing of vegetative cover in an HCA, not to exceed 200 square feet per lot of record, for the purpose of site investigations and pits for preparing soil profiles, provided that cleared"
or/clackamas/gladstone,parking_min_per_unit,unnumbered,unread_section,or/clackamas/gladstone/17.48.parking.txt,528,17.48.050,,,,1,"(B) If more than seven bicycle parking spaces are required, at least 50 percent of the spaces shall be provided as long-term bicycle parking."
or/clackamas/gladstone,parking_min_per_unit,unnumbered,unread_section,or/clackamas/gladstone/17.48.parking.txt,530,17.48.050,,,,1,"(C) Notwithstanding subsection (1)(a)(A) of this section, 100 percent of all bicycle parking spaces for multi-household development of four units and more shall be provided as long-term bicycle parkin"
or/clackamas/gladstone,parking_min_per_unit,unnumbered,unread_section,or/clackamas/gladstone/17.48.parking.txt,534,17.48.050,,,,1,"(a) Short-Term Bicycle Parking. Short-term bicycle parking facilities are lockers or racks that meet the standards of this section and that are located inside a building, or located outside within 30"
or/clackamas/gladstone,parking_min_per_unit,unnumbered,unread_section,or/clackamas/gladstone/17.48.parking.txt,540,17.48.050,,,,1,(B) Covered outside bicycle parking spaces that meet the requirements of subsection (2)(g) of this section and are located within 100 feet of an entrance to the building;
or/clackamas/gladstone,parking_min_per_unit,unnumbered,unread_section,or/clackamas/gladstone/17.48.parking.txt,574,17.48.060,,,,1,"New industrial, institutional and office developments requiring full site design review, including government offices, with 50 or more employee parking spaces, shall designate at least 10 percent of t"
or/clackamas/happy-valley,max_units,unnumbered,unread_section,or/clackamas/happy-valley/16.12.definitions.txt,558,16.12.030,,,,1,A building containing four dwelling units on a single lot. The units must comply with the definition of an attached structure and share a common wall of at least 20 feet in width or common floor/ceili
or/clackamas/happy-valley,max_units,unnumbered,unread_section,or/clackamas/happy-valley/16.12.definitions.txt,567,16.12.030,,,,1,"A dwelling, located on its own lot excluding an accessory dwelling unit, which shares one or more common or abutting walls of at least 20 feet in width with one or more other dwellings on another lot."
or/clackamas/happy-valley,max_units,unnumbered,unread_section,or/clackamas/happy-valley/16.12.definitions.txt,576,16.12.030,,,,1,A building containing three dwelling units on a single lot. The units must comply with the definition of an attached structure and share a common wall of at least 20 feet in width or common floor/ceil
or/clackamas/happy-valley,max_units,unnumbered,unread_section,or/clackamas/happy-valley/16.12.definitions.txt,579,16.12.030,,,,1,A building containing two dwelling units on one lot. The units must comply with the definition of an attached structure and share a common wall of at least 20 feet in width or common floor/ceiling of
or/clackamas/happy-valley,open_space_min_pct,unnumbered,unread_section,or/clackamas/happy-valley/16.12.definitions.txt,1125,16.12.030,,,,1,An outdoor or semi-outdoor area designed to provide a more pleasant and healthful environment for the occupants of a dwelling unit and the neighborhood in which such dwelling unit is located. It inclu
or/clackamas/happy-valley,max_height_ft,unnumbered,unread_section,or/clackamas/happy-valley/16.12.definitions.txt,1721,16.12.030,,,"35,45,65",1,"The modification would increase the existing height of a support tower by more than 10%, or by the height of one additional antenna array with separation from the nearest existing antenna not to excee"
or/clackamas/happy-valley,min_lot_width_ft,held,unread_section,or/clackamas/happy-valley/16.22.residential.txt,106,16.22.010,100,,"40,50,60,70,80,100",1,Lot width (minimum) 100 feet
or/clackamas/happy-valley,max_height_ft,held,unread_section,or/clackamas/happy-valley/16.22.residential.txt,114,16.22.010,45,,"35,45,65",1,Building height (maximum) 45 feet[2]
or/clackamas/happy-valley,max_height_ft,held,unread_section,or/clackamas/happy-valley/16.22.residential.txt,118,16.22.010,"45,49",49,"35,45,65",1,[2] The single-family residential building height maximum is 45 feet at the front elevation; side and rear elevations may not exceed 49 feet.
or/clackamas/happy-valley,max_height_ft,unnumbered,unread_section,or/clackamas/happy-valley/16.32.steep-slopes.txt,285,16.32.050,,,"35,45,65",1,"The maximum impervious surface coverage from development shall be 3,500 square feet. This standard may be exceeded to allow a private driveway design and location that reduces adverse impacts to prote"
or/clackamas/happy-valley,max_height_ft,unnumbered,unread_section,or/clackamas/happy-valley/16.42.landscaping.txt,395,16.42.050,,,"35,45,65",1,"Optimal Tree Protection Zone. The minimum distance from the center of a tree to the disturbance line shall be one foot of radius per inch of diameter at breast height (dbh), as measured four and one-h"
or/clackamas/happy-valley,max_height_ft,unnumbered,unread_section,or/clackamas/happy-valley/16.42.landscaping.txt,570,16.42.060,,,"35,45,65",1,"Height and Opacity. Where landscaping is used for required screening, it shall be at least six feet in height and at least 80% opaque, as seen from a perpendicular line of sight, within two years foll"
or/clackamas/happy-valley,parking_min_per_unit,unnumbered,unread_section,or/clackamas/happy-valley/16.43.parking.txt,800,16.43.040,,,,1,Outdoor bicycle parking spaces shall be clearly visible from the building entrance or the public right-of-way and shall be located within 50 feet of the public entrance to the building unless clustere
or/clackamas/happy-valley,min_lot_sqft,unnumbered,unread_section,or/clackamas/happy-valley/16.63.land-divisions.txt,229,16.63.030,,,"1500,2000,3000,7000,8500,10000,15000,20000,40000",1,"Flexible Lot Size. To allow creativity and flexibility in subdivision design and to address physical constraints, such as topography, existing development, significant trees and other natural and buil"
or/clackamas/happy-valley,max_units,unnumbered,unread_section,or/clackamas/happy-valley/16.63.land-divisions.txt,243,16.63.030,,,,1,"Driveway and Lane Width. The minimum paved width of all shared drives and lanes shall be 12 feet within a 20 foot easement, and may serve up to two dwelling units, or as required by the Uniform Fire C"
or/clackamas/happy-valley,min_lot_sqft,unnumbered,unread_section,or/clackamas/happy-valley/16.63.land-divisions.txt,1149,16.63.130,,,"1500,2000,3000,7000,8500,10000,15000,20000,40000",1,"Lot Size and Dimensions. Minimum area, width, depth, frontage and setback requirements may be less than development district minimums if in accordance with the general development plan, except that th"
or/clackamas/happy-valley,min_lot_sqft,unnumbered,unread_section,or/clackamas/happy-valley/16.63.land-divisions.txt,1285,16.63.140,,,"1500,2000,3000,7000,8500,10000,15000,20000,40000",1,"Lot Standards. All lots and parcels conform to the applicable lot standards of the land use district (Article 16.2) including lot area, frontage, dimensions, setbacks, and coverage, and no resulting l"
or/clackamas/johnson-city,max_units,unnumbered,unread_section,or/clackamas/johnson-city/ors.197a.420.txt,39,,,,,1,“Cottage clusters” means groupings of no fewer than four detached housing units per acre with a footprint of less than 900 square feet each and that include a common courtyard.
or/clackamas/lake-oswego,max_height_ft,held,unread_section,or/clackamas/lake-oswego/50.04.dimensional.txt,1896,50.04.001.4,"60,28,40","60,40","25,28,30,35",2,Structures placed closer than 60 ft. to the property line of a lot which carries any residential zone designation have a maximum height of 28 ft. or 40 ft. minus one ft. for each ft. less than 60 ft.
or/clackamas/lake-oswego,setback_rear_ft,held,unread_section,or/clackamas/lake-oswego/50.04.dimensional.txt,1908,50.04.001.4,"15,35",35,"0,10,15,30",2,When a side or rear yard abuts a more restrictive zone setbacks shall be 15 ft. Ten ft. shall be added to the side or rear yard setback for each ten-ft. increment in building height over 35 ft.
or/clackamas/lake-oswego,max_height_ft,held,unread_section,or/clackamas/lake-oswego/50.04.dimensional.txt,1997,50.04.001-15,35,,"25,28,30,35",1,The maximum height of any primary structure in the WLG R-2.5 zone shall not exceed 35 ft.
or/clackamas/lake-oswego,max_height_ft,held,unread_section,or/clackamas/lake-oswego/50.04.dimensional.txt,2077,50.04.001-17,35,,"25,28,30,35",1,"The maximum height of any primary structure shall not exceed 35 ft., except an additional five ft. of height is permitted for multifamily development when located in the area of residential use allowa"
or/clackamas/lake-oswego,setback_front_ft,unnumbered,unread_section,or/clackamas/lake-oswego/50.04.dimensional.txt,2358,50.04.003,,,"0,10,20,25",1,"Except as otherwise provided in this section, the following exception to the front yard requirement for a dwelling or detached garage is authorized for a lot in any zone. If there are lawful dwellings"
or/clackamas/lake-oswego,setback_front_ft,unnumbered,unread_section,or/clackamas/lake-oswego/50.04.dimensional.txt,2364,50.04.003,,,"0,10,20,25",1,"Except as provided in LOC § 50.04.001.2.e.ii(2), a front porch may project up to five ft. into the front yard setback required by the zone or as adjusted in subsection 3.a of this section, provided th"
or/clackamas/lake-oswego,max_height_ft,unnumbered,unread_section,or/clackamas/lake-oswego/50.04.dimensional.txt,2421,50.04.003-1,,,"25,28,30,35",1,Aerials other than ham radio aerials are permitted to ten ft. over the building height maximum in a residential zone. Collocated telecommunication facilities in residential zones may exceed the height
or/clackamas/milwaukie,min_density_du_per_acre,unnumbered,unread_section,or/clackamas/milwaukie/19.200.definitions.txt,1141,19.202.4,,,,1,"The minimum number of dwelling units required is calculated by dividing the net area by 43,560 sq ft to convert the area to acres, then by multiplying the acreage by the minimum required dwelling unit"
or/clackamas/milwaukie,max_units,unnumbered,unread_section,or/clackamas/milwaukie/19.200.definitions.txt,1183,19.202.4,,,,1,"The maximum number of dwelling units allowed is calculated by dividing the net area by 43,560 sq ft to convert the area to acres, then by multiplying the acreage by the maximum allowed dwelling unit d"
or/clackamas/milwaukie,min_frontage_ft,unnumbered,unread_section,or/clackamas/milwaukie/19.300.base-zones.txt,968,19.303.3,,,,3,2. Minimum street frontage (ft)
or/clackamas/milwaukie,max_height_ft,unnumbered,unread_section,or/clackamas/milwaukie/19.300.base-zones.txt,982,19.303.3,,,"35,45",3,2. Building height (ft)
or/clackamas/milwaukie,max_units,unnumbered,unread_section,or/clackamas/milwaukie/19.300.base-zones.txt,1049,19.600,,,,3,1. Residential density requirements (dwelling units per acre)
or/clackamas/milwaukie,max_height_ft,held,unread_section,or/clackamas/milwaukie/19.300.base-zones.txt,1128,19.303.4,45,,"35,45",1,The base maximum building height in the GMU Zone is 45 ft. Height bonuses are available for buildings that meet the standards of Subsection 19.303.4.B.3.
or/clackamas/milwaukie,max_height_ft,held,unread_section,or/clackamas/milwaukie/19.300.base-zones.txt,1136,19.303.4,45,,"35,45",1,The maximum building height in the NMU Zone is 45 ft. No building height bonuses are available in the NMU Zone.
or/clackamas/milwaukie,max_height_ft,held,unread_section,or/clackamas/milwaukie/19.300.base-zones.txt,1140,19.303.4,35,,"35,45",1,The maximum building height in the SMU Zone is 35 ft. No building height bonuses are available in the SMU Zone.
or/clackamas/milwaukie,parking_min_per_unit,unnumbered,unread_section,or/clackamas/milwaukie/19.300.base-zones.txt,1252,19.303.4,,,,1,"All new buildings must have at least one (1) primary entrance facing an abutting public street (i.e., within 45 degrees of the street property line); or, if the building entrance must be turned more t"
or/clackamas/milwaukie,min_density_du_per_acre,unnumbered,unread_section,or/clackamas/milwaukie/19.300.base-zones.txt,1282,19.303.4,,,,1,"Minimum density for stand-alone residential development in the GMU Zone is 25 units per acre, and maximum density is 50 units per acre."
or/clackamas/milwaukie,min_density_du_per_acre,unnumbered,unread_section,or/clackamas/milwaukie/19.300.base-zones.txt,1286,19.303.4,,,,1,"Minimum density for stand-alone residential development in the NMU Zone is 11.6 units per acre, and maximum density is 14.5 units per acre."
or/clackamas/milwaukie,parking_min_per_unit,unnumbered,unread_section,or/clackamas/milwaukie/19.300.base-zones.txt,1990,19.304.5,,,,1,"The Planning Commission may permit off-street parking lots and curb cuts within 50 ft of the Main Street right-of-way only upon finding, through Type III Variance review pursuant to Section 19.911, th"
or/clackamas/milwaukie,parking_min_per_unit,unnumbered,unread_section,or/clackamas/milwaukie/19.300.base-zones.txt,2002,19.304.5,,,,1,The community need for the off-street parking area or curb cut within 50 ft of Main Street outweighs the need to provide a continuous façade of buildings in that area.
or/clackamas/milwaukie,min_lot_sqft,unnumbered,unread_section,or/clackamas/milwaukie/19.300.base-zones.txt,2244,19.307.3,,,"1500,3000",1,Lot size. None. Lot width shall be at least 50 ft. Average lot depth shall be at least 80 ft.
or/clackamas/milwaukie,max_height_ft,held,unread_section,or/clackamas/milwaukie/19.300.base-zones.txt,2272,19.307.3,45,,"35,45",2,"Height restriction. Maximum height of a structure shall be 3 stories or 45 ft, whichever is less."
or/clackamas/milwaukie,parking_min_per_unit,unnumbered,unread_section,or/clackamas/milwaukie/19.300.base-zones.txt,2326,19.307.3,,,,1,"Primary building entrances. All new buildings must have at least 1 primary entrance facing an abutting public street (i.e., within 45 degrees of the street property line); or, if the building entrance"
or/clackamas/milwaukie,parking_min_per_unit,unnumbered,unread_section,or/clackamas/milwaukie/19.300.base-zones.txt,2614,19.308.5,,,,1,"All new buildings must have at least 1 primary entrance facing an abutting public street (i.e., within 45 degrees of the street property line); or, if the building entrance must be turned more than 45"
or/clackamas/milwaukie,max_height_ft,held,unread_section,or/clackamas/milwaukie/19.300.base-zones.txt,3991,19.312.6,45,,"35,45",1,Project proposals that receive green building approvals and certification as identified in Section 19.510 are permitted a total of 45 ft of additional height above the 45-ft base height maximum.
or/clackamas/milwaukie,parking_min_per_unit,unnumbered,unread_section,or/clackamas/milwaukie/19.300.base-zones.txt,4187,19.312.7,,,,1,"All buildings must have at least one primary building entrance (e.g., dwelling entrance, customer entrance, tenant entrance, lobby entrance, or breezeway/courtyard entrance) facing an adjoining street"
or/clackamas/milwaukie,max_height_ft,held,unread_section,or/clackamas/milwaukie/19.400.overlays.txt,33,19.401.3,35,,"35,45",1,"Commercial, industrial and residential structures and residential accessory structures exceeding 35 ft in height west of McLoughlin Blvd;"
or/clackamas/milwaukie,max_height_ft,unnumbered,unread_section,or/clackamas/milwaukie/19.400.overlays.txt,653,19.402.4,,,"35,45",1,"Additional disturbance for outdoor uses, such as gardens and play areas, where the new disturbance area does not exceed 150 sq ft; does not involve the removal of any trees larger than 6-in diameter a"
or/clackamas/milwaukie,min_lot_sqft,held,unread_section,or/clackamas/milwaukie/19.500.supplementary.txt,198,19.502.2,"1500,850,10000","850,10000","1500,3000",1,"Lesser of 75% of primary structure OR 1,500 sq ft (allowed at least 850 sq ft if lot area > 10,000 sq ft)"
or/clackamas/milwaukie,max_height_ft,unnumbered,unread_section,or/clackamas/milwaukie/19.500.supplementary.txt,581,19.503.1,,,"35,45",1,Amateur and CB radio equipment and operations shall be considered an accessory use. Radio and television structures or towers outside of dwellings shall be subject to building regulations. Such struct
or/clackamas/milwaukie,max_units,unnumbered,unread_section,or/clackamas/milwaukie/19.500.supplementary.txt,1289,19.505.1,,,,1,Minimum separation between detached units is 6 ft.
or/clackamas/milwaukie,max_units,unnumbered,unread_section,or/clackamas/milwaukie/19.500.supplementary.txt,1644,19.505.4,,,,1,"The total footprint of a cottage unit must not exceed 900 sq ft, and the maximum average floor area for a cottage cluster is 1,400 sq ft per dwelling unit."
or/clackamas/milwaukie,open_space_min_pct,unnumbered,unread_section,or/clackamas/milwaukie/19.500.supplementary.txt,1692,19.505.4,,,,1,"The design standards in this subsection apply to cottages when the closest wall of the street-facing façade is within 50 ft of a front or street side lot line, when the front of the cottage faces the"
or/clackamas/milwaukie,max_units,unnumbered,unread_section,or/clackamas/milwaukie/19.500.supplementary.txt,1876,19.505.4,,,,1,"A cottage cluster must include a minimum of 3 cottages and a maximum of 12 cottages, subject to Table 19.505.4.B.1. Minimum separation between detached units is 6 ft."
or/clackamas/milwaukie,parking_min_per_unit,unnumbered,unread_section,or/clackamas/milwaukie/19.500.supplementary.txt,1948,19.505.4,,,,1,"Parking spaces may be located within a garage or a carport, but not a garage or carport attached to a cottage. Garages or carports in a cottage cluster may not contain more than four parking spaces, m"
or/clackamas/milwaukie,parking_min_per_unit,unnumbered,unread_section,or/clackamas/milwaukie/19.500.supplementary.txt,1988,19.505.4,,,,1,"Off-street parking spaces must not be located within 10 ft of any other property line, except alley property lines. Driveways and drive aisles are permitted within 10 ft of other property lines."
or/clackamas/milwaukie,max_height_ft,unnumbered,unread_section,or/clackamas/milwaukie/19.500.supplementary.txt,2561,19.505.7,,,"35,45",1,"For nonresidential and mixed-use buildings, 30% of the ground-floor street wall area must consist of openings; i.e., windows or glazed doors. The ground-floor street wall area is defined as the area u"
or/clackamas/milwaukie,max_height_ft,unnumbered,unread_section,or/clackamas/milwaukie/19.500.supplementary.txt,2699,19.505.7,,,"35,45",1,"Rooftop structures related to shared outdoor space—such as arbors, trellises, or porticos related to roof decks or gardens—shall not be included in the building's maximum height calculation, as long a"
or/clackamas/milwaukie,max_height_ft,unnumbered,unread_section,or/clackamas/milwaukie/19.500.supplementary.txt,3847,19.508.4,,,"35,45",1,The height of building elements along street-facing façades must be varied in order to break up the overall bulk and mass of buildings as illustrated in Figure 19.508.4.H.2.b. At least one variation i
or/clackamas/milwaukie,max_height_ft,held,unread_section,or/clackamas/milwaukie/19.500.supplementary.txt,3879,19.508.4,"6,35",6,"35,45",1,The new building must provide a step back of at least 6 ft for any portion of the building above 35 ft in height above grade.
or/clackamas/milwaukie,min_frontage_ft,unnumbered,unread_section,or/clackamas/milwaukie/19.500.supplementary.txt,4157,19.508.4,,,,1,"Landscaping, structural elements, painting, and/or murals or other public art must be used to screen service areas that are located along a public street frontage. The required screening must result i"
or/clackamas/milwaukie,open_space_min_pct,unnumbered,unread_section,or/clackamas/milwaukie/19.500.supplementary.txt,4243,19.508.4,,,,1,"Common open space, if provided, must be at least 15 ft by 15 ft in dimension and may be provided in the form of decks, shared patios, plazas, courtyards, landscaped areas, roof gardens, recreation roo"
or/clackamas/milwaukie,open_space_min_pct,unnumbered,unread_section,or/clackamas/milwaukie/19.500.supplementary.txt,4255,19.508.4,,,,1,"When provided at ground level, outdoor common open space must be abutted on at least one side by the building, with at least one window and one door to access the space; and must be bordered on at lea"
or/clackamas/milwaukie,open_space_min_pct,unnumbered,unread_section,or/clackamas/milwaukie/19.500.supplementary.txt,4331,19.508.4,,,,1,"Open spaces must provide at least 3 ft of seating area (e.g., bench, ledge, etc.) or one individual seat, including movable seating for outdoor seating areas, per 60 sq ft of plaza or open space area."
or/clackamas/milwaukie,open_space_min_pct,unnumbered,unread_section,or/clackamas/milwaukie/19.500.supplementary.txt,4417,19.508.4,,,,1,Common open spaces for residents subject to Subsection 19.508.4.L must be lighted with pedestrian-scaled lighting (no more than 14 ft in height) at a level at least 1.0 foot-candles throughout the spa
or/clackamas/milwaukie,open_space_min_pct,unnumbered,unread_section,or/clackamas/milwaukie/19.500.supplementary.txt,4421,19.508.4,,,,1,Plazas and usable open space subject to Subsection 19.508.4.M must be lighted with pedestrian-scaled lighting (no more than 14 ft in height) at a level at least 2.0 foot-candles throughout the space.
or/clackamas/milwaukie,max_height_ft,unnumbered,unread_section,or/clackamas/milwaukie/19.500.supplementary.txt,4641,19.511,,,"35,45",1,"Maximum building height: for mixed-use residential developments in the Downtown Mixed Use (DMU) and the General Mixed Use (GMU) zones only and for multi-unit developments, an allowance of up to an add"
or/clackamas/milwaukie,max_units,unnumbered,unread_section,or/clackamas/milwaukie/19.500.supplementary.txt,4689,19.511,,,,1,For housing developments where 100% of the total number of proposed dwelling units are restricted to households earning 80% AMI or below the incentives identified in this subsection are increased by a
or/clackamas/milwaukie,max_units,unnumbered,unread_section,or/clackamas/milwaukie/19.500.supplementary.txt,4693,19.511,,,,1,"For housing developments where 100% of the total number of proposed dwelling units are homeownership units and are eligible for the incentives as defined in Subsection 19.511.B, the incentives identif"
or/clackamas/milwaukie,parking_min_per_unit,unnumbered,unread_section,or/clackamas/milwaukie/19.600.parking.txt,197,19.604.2,,,,1,"On a site owned by the same entity as the site containing the primary use where the nearest parking spaces shall be no further than 1,000 ft from the principal structure(s) or use(s). The measurement"
or/clackamas/milwaukie,parking_min_per_unit,unnumbered,unread_section,or/clackamas/milwaukie/19.600.parking.txt,572,19.606.2,,,,1,At least 25 sq ft of interior landscaped area must be provided for each parking space. Planting areas must be at least 120 sq ft in area and dispersed throughout the parking area.
or/clackamas/milwaukie,parking_min_per_unit,unnumbered,unread_section,or/clackamas/milwaukie/19.600.parking.txt,668,19.606.3,,,,1,"Along collector and arterial streets, no parking space shall be located such that its maneuvering area is in an ingress or egress aisle within 20 ft of the back of the sidewalk, or from the right-of-w"
or/clackamas/milwaukie,parking_min_per_unit,unnumbered,unread_section,or/clackamas/milwaukie/19.600.parking.txt,682,19.606.3,,,,1,"Pedestrian access shall be provided for off-street parking areas so that no parking space is further than 100 ft away, measured along vehicle drive aisles, from a building entrance, or a walkway that"
or/clackamas/milwaukie,parking_min_per_unit,unnumbered,unread_section,or/clackamas/milwaukie/19.600.parking.txt,782,19.606.4,,,,1,"Calculating the 1/4-acre threshold (10,890 sq ft) is based on the cumulative area measured around the perimeter of all new off-street parking spaces, vehicle maneuvering lanes, vehicle maneuvering are"
or/clackamas/milwaukie,max_height_ft,unnumbered,unread_section,or/clackamas/milwaukie/19.600.parking.txt,854,19.606.4,,,"35,45",1,The existing canopy of trees preserved on-site and providing coverage of the subject parking area can be counted towards the canopy coverage standard. The current diameter of a preserved tree's crown
or/clackamas/milwaukie,max_height_ft,unnumbered,unread_section,or/clackamas/milwaukie/19.600.parking.txt,862,19.606.4,,,"35,45",1,Newly planted trees that are isolated in disconnected individual planters are permitted but do not count towards the canopy coverage standard. The canopy of preserved trees that are isolated and at le
or/clackamas/milwaukie,max_height_ft,held,unread_section,or/clackamas/milwaukie/19.600.parking.txt,1077,19.608.3,"35,10,13","10,13","35,45",1,"Loading spaces shall be at least 35 ft long and 10 ft wide, and shall have a height clearance of at least 13 ft."
or/clackamas/milwaukie,parking_min_per_unit,unnumbered,unread_section,or/clackamas/milwaukie/19.600.parking.txt,1347,19.609.4,,,,1,"Locker spaces must have a minimum depth of 6 ft and an access door that is at least 2 ft wide. If providing more than one bicycle parking space through a triangle locker layout, a 2 ft wide door must"
or/clackamas/milwaukie,parking_min_per_unit,unnumbered,unread_section,or/clackamas/milwaukie/19.600.parking.txt,1413,19.609.4,,,,1,"All long-term bicycle parking must be covered. Where covered bicycle parking is not within a building or locker, the cover must be permanent, impervious to precipitation, and project a minimum of 2 ft"
or/clackamas/milwaukie,parking_min_per_unit,unnumbered,unread_section,or/clackamas/milwaukie/19.600.parking.txt,1461,19.609.4,,,,1,Electrical outlet requirement. At least 5% of spaces must be located within 10 ft of an electrical socket. Each electrical socket must be accessible to horizontal bicycle parking spaces.
or/clackamas/milwaukie,max_far,unnumbered,unread_section,or/clackamas/milwaukie/19.600.parking.txt,1580,19.611.4,,,,1,An applicant shall be allowed an additional 0.5 sq ft of floor area above the maximum allowed floor area ratio for every 1 sq ft of structured parking provided. The applicant shall meet the other requ
or/clackamas/oregon-city,setback_front_ft,held,unread_section,or/clackamas/oregon-city/17.zoning.txt,4596,17.12.040,5,,"5,10,15,20",1,"Minimum front yard setback 5 feet, except"
or/clackamas/oregon-city,max_units,unnumbered,unread_section,or/clackamas/oregon-city/17.zoning.txt,4651,17.12.050,,,,1,twenty percent increase or 26.2 du/acre. Affordable units
or/clackamas/oregon-city,setback_garage_entrance_ft,held,unread_section,or/clackamas/oregon-city/17.zoning.txt,5707,17.16.070,20,,"5,20",1,® Garages and carports must not abut common courtyards. Garage doors for individual garages must not exceed 20 feet in width.
or/clackamas/oregon-city,min_density_du_per_acre,unnumbered,unread_section,or/clackamas/oregon-city/17.zoning.txt,6734,17.24.050,,,"3.5,4.4,5.8,7,10",1,"minimum net density of 17.4 units per acre, with no maximum"
or/clackamas/tualatin,max_units,unnumbered,unread_section,or/clackamas/tualatin/36.400-420.lot-dimensions.txt,75,36.125,,,,1,"(iv) A minimum of 20 percent of the dwelling units must include Townhomes, Duplexes,"
or/clackamas/tualatin,min_lot_width_ft,held,unread_section,or/clackamas/tualatin/36.400-420.lot-dimensions.txt,97,36.420,50,,"0,50",1,(c) Lots that have frontage on a public street must have a minimum lot width of 50 feet or 30
or/clackamas/tualatin,max_height_ft,unnumbered,unread_section,or/clackamas/tualatin/73A.020-060.residential-design.txt,9,73A.020,,,35,1,(ii) An increase in building height of 35 percent or more.
or/clackamas/tualatin,parking_min_per_unit,unnumbered,unread_section,or/clackamas/tualatin/73C.parking.txt,60,73C.030,,,,1,(8) Compact Parking. Parking spaces for sub-compact vehicles must not exceed 35 percent
or/clackamas/tualatin,parking_min_per_unit,unnumbered,unread_section,or/clackamas/tualatin/73C.parking.txt,83,73C.030,,,,1,"(b) Developments with off-street parking areas of one-half acre (21,780 square feet) or"
or/clackamas/tualatin,parking_min_per_unit,unnumbered,unread_section,or/clackamas/tualatin/73C.parking.txt,695,73C.210,,,,1,(4) Landscape Island. Minimum 25 square feet per parking space must be improved with
or/clackamas/west-linn,max_units,unnumbered,unread_section,or/clackamas/west-linn/14.r-4.5.txt,101,14.050,,,,1,"7. Senior citizen/handicapped housing facilities with a maximum number of units 50 percent above the allowed density for the property; provided, that the following conditions shall apply:"
or/clackamas/west-linn,max_units,unnumbered,unread_section,or/clackamas/west-linn/14.r-4.5.txt,111,14.050,,,,1,"e. A minimum of 10 square feet of general storage area other than regular kitchen, bedroom and linen storage shall be provided within each unit. Complexes which do not include laundry facilities in th"
or/clackamas/west-linn,max_units,unnumbered,unread_section,or/clackamas/west-linn/14.r-4.5.txt,113,14.050,,,,1,f. The maximum number of units allowed in a senior citizen or handicapped housing facility shall be 50 percent above the allowed density for the property.
or/clackamas/west-linn,max_units,unnumbered,unread_section,or/clackamas/west-linn/14.r-4.5.txt,119,14.050,,,,1,2) No more than 25 percent of the total number of units may be used for nursing care patients.
or/clackamas/west-linn,max_units,unnumbered,unread_section,or/clackamas/west-linn/15.r-3.txt,105,15.050,,,,1,"6. Senior citizen/handicapped housing facilities with a maximum number of units 50 percent above the allowed density for the property; provided, that the following conditions shall apply:"
or/clackamas/west-linn,max_units,unnumbered,unread_section,or/clackamas/west-linn/15.r-3.txt,115,15.050,,,,1,"e. A minimum of 10 square feet of general storage area other than regular kitchen, bedroom and linen storage shall be provided within each unit. Complexes which do not include laundry facilities in th"
or/clackamas/west-linn,max_units,unnumbered,unread_section,or/clackamas/west-linn/15.r-3.txt,117,15.050,,,,1,f. The maximum number of units allowed in a senior citizen or handicapped housing facility shall be 50 percent above the allowed density for the property.
or/clackamas/west-linn,max_units,unnumbered,unread_section,or/clackamas/west-linn/15.r-3.txt,123,15.050,,,,1,2) No more than 25 percent of the total number of units may be used for nursing care patients.
or/clackamas/west-linn,max_units,unnumbered,unread_section,or/clackamas/west-linn/16.r-2.1.txt,111,16.050,,,,1,"8. Senior citizen/handicapped housing facilities with a maximum number of units 50 percent above the allowed density for the property; provided, that the following conditions shall apply:"
or/clackamas/west-linn,max_units,unnumbered,unread_section,or/clackamas/west-linn/16.r-2.1.txt,121,16.050,,,,1,"e. A minimum of 10 square feet of general storage area other than regular kitchen, bedroom and linen storage shall be provided within each unit. Complexes which do not include laundry facilities in th"
or/clackamas/west-linn,max_units,unnumbered,unread_section,or/clackamas/west-linn/16.r-2.1.txt,123,16.050,,,,1,f. The maximum number of units allowed in a senior citizens or handicapped housing facility shall be 50 percent above the allowed density for the property.
or/clackamas/west-linn,max_units,unnumbered,unread_section,or/clackamas/west-linn/16.r-2.1.txt,129,16.050,,,,1,2) No more than 25 percent of the total number of units may be used for nursing care patients.
or/clackamas/wilsonville,max_height_ft,held,unread_section,or/clackamas/wilsonville/4.planning.txt,4349,4.120,35,,35,1,D. Maximum Height: 35 feet.
or/clackamas/wilsonville,max_height_ft,unnumbered,unread_section,or/clackamas/wilsonville/4.planning.txt,4351,4.120,,,35,4,"the accessory buildings and uses do not exceed 120 square feet or ten feet in height, and they"
or/clackamas/wilsonville,max_height_ft,unnumbered,unread_section,or/clackamas/wilsonville/4.planning.txt,4548,4.123,,,35,1,2. Accessory structures less than 120 square feet and ten feet in height are not subject to
or/clackamas/wilsonville,max_units,unnumbered,unread_section,or/clackamas/wilsonville/4.planning.txt,7944,4.118,,,,1,Units of any requirement in Table 6B by the greater of five units or 20 percent.
or/clackamas/wilsonville,max_units,unnumbered,unread_section,or/clackamas/wilsonville/4.planning.txt,7946,4.118,,,,1,units or 20 percent is calculated shall be the number as written in Table 6B and
or/clackamas/wilsonville,max_height_ft,unnumbered,unread_section,or/clackamas/wilsonville/4.planning.txt,11033,4.137.2,,,35,1,Table 3: Maximum Permitted Height Of Shadow At Solar Feature (Feet)
or/clackamas/wilsonville,setback_front_ft,held,unread_section,or/clackamas/wilsonville/4.planning.txt,11100,4.137.2,15,,"12,15,20",1,1. A front yard setback may be reduced to not less than 15 feet.
or/clackamas/wilsonville,setback_rear_ft,held,unread_section,or/clackamas/wilsonville/4.planning.txt,11101,4.137.2,15,,"5,15,20",1,2. A rear yard setback may be reduced to not less than 15 feet.
or/clackamas/wilsonville,setback_side_ft,held,unread_section,or/clackamas/wilsonville/4.planning.txt,11102,4.137.2,5,,"0,5,7,10",1,3. A side yard setback may be reduced to not less than 5 feet.
or/clackamas/wilsonville,parking_min_per_unit,unnumbered,unread_section,or/clackamas/wilsonville/4.planning.txt,13206,4.176.03,,,,1,• 90 percent of parking spaces are within five parking spaces of a tree;
or/clackamas/wilsonville,parking_min_per_unit,unnumbered,unread_section,or/clackamas/wilsonville/4.planning.txt,13212,4.176.03,,,,1,exempt up to 25 percent of the parking spaces from the calculation of the
or/clackamas/wilsonville,max_height_ft,unnumbered,unread_section,or/clackamas/wilsonville/4.planning.txt,13704,4.156,,,35,1,logo being 90 percent or less of the cap height for letters otherwise allowed. (i.e. if
or/clackamas/wilsonville,max_height_ft,held,unread_section,or/clackamas/wilsonville/4.planning.txt,13813,4.156,35,,35,1,"be granted to allow signs to exceed 35 feet in height), number of signs, or use of electronic"
or/clackamas/wilsonville,max_height_ft,unnumbered,unread_section,or/clackamas/wilsonville/4.planning.txt,14099,4.156.06,,,35,1,ground mounted sign of 18 square feet or less in area and six feet or less in height above ground.
or/clackamas/wilsonville,parking_min_per_unit,unnumbered,unread_section,or/clackamas/wilsonville/4.planning.txt,15143,4.172,,,,1,2. A minimum of 25 percent of the provided parking spaces must be provided above the
or/clackamas/wilsonville,max_units,unnumbered,unread_section,or/clackamas/wilsonville/4.planning.txt,16663,4.199.60,,,,1,"A. Additions of 50 percent or more in terms of additional dwelling units, gross floor area,"
or/multnomah/_unincorporated,max_units,unnumbered,unread_section,or/multnomah/_unincorporated/33.110.txt,514,33.110.210,,,,1,dwelling unit that is affordable to those earning no more than 60 percent of the area
or/multnomah/_unincorporated,max_units,unnumbered,unread_section,or/multnomah/_unincorporated/33.110.txt,529,33.110.210,,,,1,"additional dwelling unit must be added to the site, and no more than 25 percent of"
or/multnomah/_unincorporated,max_height_ft,unnumbered,unread_section,or/multnomah/_unincorporated/33.110.txt,602,33.110.270,,,"25,30,35",1,slope of 20 percent or greater the alternative height and setback standards of
or/multnomah/_unincorporated,max_units,unnumbered,unread_section,or/multnomah/_unincorporated/33.110.txt,821,33.110.230,,,,1,1. Be within 8 feet of the longest street-facing wall of the dwelling unit; and
or/multnomah/_unincorporated,max_units,unnumbered,unread_section,or/multnomah/_unincorporated/33.266.txt,95,33.266.110,,,,1,"a. If between one and six spaces are provided for dwelling units, 100 percent of the"
or/multnomah/_unincorporated,max_units,unnumbered,unread_section,or/multnomah/_unincorporated/33.266.txt,98,33.266.110,,,,1,"b. If seven or more spaces are provided for dwelling units, 50 percent, or six,"
or/multnomah/_unincorporated,parking_min_per_unit,unnumbered,unread_section,or/multnomah/_unincorporated/33.266.txt,116,33.266.115,,,,1,a. Generally. The maximum number of parking spaces allowed is 125 percent of the
or/multnomah/_unincorporated,parking_min_per_unit,unnumbered,unread_section,or/multnomah/_unincorporated/33.266.txt,303,33.266.120,,,,1,"a. Generally, parking spaces are not allowed within the first 10 feet from a front lot"
or/multnomah/_unincorporated,parking_min_per_unit,unnumbered,unread_section,or/multnomah/_unincorporated/33.266.txt,307,33.266.120,,,,1,(1) A parking space is allowed within the first 10 feet from a front lot line or
or/multnomah/_unincorporated,parking_min_per_unit,unnumbered,unread_section,or/multnomah/_unincorporated/33.266.txt,309,33.266.120,,,,1,a parking space that is located outside of the first 10 feet from a front lot
or/multnomah/_unincorporated,parking_min_per_unit,unnumbered,unread_section,or/multnomah/_unincorporated/33.266.txt,312,33.266.120,,,,1,parking spaces are allowed within 10 feet of the front lot line.
or/multnomah/_unincorporated,parking_min_per_unit,unnumbered,unread_section,or/multnomah/_unincorporated/33.266.txt,318,33.266.120,,,,1,1. A parking space must be at least 9 feet by 18 feet.
or/multnomah/_unincorporated,parking_min_per_unit,unnumbered,unread_section,or/multnomah/_unincorporated/33.266.txt,1017,33.266,,,,1,(2) There must be at least 5 feet behind all bicycle parking spaces to allow room
or/multnomah/_unincorporated,parking_min_per_unit,unnumbered,unread_section,or/multnomah/_unincorporated/33.266.txt,1176,33.266,,,,1,a. Minimum number of horizontal bicycle parking spaces. At least 30 percent of
or/multnomah/_unincorporated,max_height_ft,held,unread_section,or/multnomah/_unincorporated/39.cfu.txt,1256,39.4105,35,,"25,30,35",1,(A) Maximum structure height – 35 feet.
or/multnomah/_unincorporated,max_height_ft,held,unread_section,or/multnomah/_unincorporated/39.lr-10.txt,277,39.4878,35,,"25,30,35",1,Maximum Structure Height ¬ 35 feet.
or/multnomah/_unincorporated,max_height_ft,held,unread_section,or/multnomah/_unincorporated/39.mua-20.txt,472,39.4330,35,,"25,30,35",1,Maximum Structure Height – 35 feet
or/multnomah/_unincorporated,max_height_ft,held,unread_section,or/multnomah/_unincorporated/39.muf.txt,342,39.4720,35,,"25,30,35",1,Maximum Structure Height ¬ 35 feet.
or/multnomah/_unincorporated,max_height_ft,held,unread_section,or/multnomah/_unincorporated/39.oci.txt,479,39.4682,35,,"25,30,35",1,Maximum Structure Height - 35 feet
or/multnomah/_unincorporated,max_height_ft,held,unread_section,or/multnomah/_unincorporated/39.uf-20.txt,238,39.4743,35,,"25,30,35",1,Maximum Structure Height ¬ 35 feet.
or/multnomah/_unincorporated,min_lot_sqft,unnumbered,unread_section,or/multnomah/_unincorporated/39.urban-ldr-general.txt,39,39.4782,,,"1,5,20,80,3000,4000,4200,4500,5000,6000,12000",1,ten percent of the lot area or 25 percent of any
or/multnomah/fairview,min_lot_sqft,unnumbered,unread_section,or/multnomah/fairview/19.106.txt,552,19.106.040,,,"2500,4000,6000,7500,10000",1,"ii. In order to accommodate any transferred residential densities, dimensional standards and lot sizes may be adjusted by no more than 20 percent."
or/multnomah/fairview,max_far,unnumbered,unread_section,or/multnomah/fairview/19.106.txt,554,19.106.040,,,0.7,1,"iii. Density transfers on commercial and industrial zoned land. The transfer credit of 10,000 square feet floor area ratio (FAR) per acre of land with an upland habitat or riparian resource protection"
or/multnomah/fairview,max_height_ft,held,unread_section,or/multnomah/fairview/19.106.txt,690,19.106.050,"75,45",75,"35,45",1,"C. Within the 75-foot protected area along Clear Creek, development and resource alteration, other than mitigation or enhancement, will be prohibited within 45 feet of the corridor centered on the cre"
or/multnomah/fairview,min_lot_width_ft,unnumbered,unread_section,or/multnomah/fairview/19.106.txt,724,19.106.060,,,"30,60",1,"k. In the Fairview Lake Area. Decks and similar structures; provided, that no more than 20 percent of the lot width within the buffer setback area be occupied by such a structure or structures."
or/multnomah/fairview,max_units,unnumbered,unread_section,or/multnomah/fairview/19.110.txt,71,19.110.040,,,,1,"D. “Front porch” means an open roofed structure attached to the front of the dwelling unit. A front porch shall have a minimum depth of six feet and a minimum width of 12 feet and, except for insect s"
or/multnomah/fairview,max_units,unnumbered,unread_section,or/multnomah/fairview/19.13.definitions.txt,169,19.13.030,,,,1,"“Cottage cluster” means a grouping of no fewer than four detached dwelling units per acre, each with a footprint of less than 900 square feet, located on a single lot or parcel that includes a common"
or/multnomah/fairview,max_height_ft,unnumbered,unread_section,or/multnomah/fairview/19.13.definitions.txt,245,19.13.060,,,"35,45",1,"4. Roofed porches, exterior balconies, or other similar areas, unless they are enclosed by walls that are more than 42 inches in height for 75 percent or more of their perimeter."
or/multnomah/fairview,max_far,unnumbered,unread_section,or/multnomah/fairview/19.13.definitions.txt,247,19.13.060,,,0.7,1,"“Floor area ratio (FAR)” means the amount of floor area of a building or structure in relation to the amount of site area, expressed in square feet. For example, a floor area ratio of 0.7 to one means"
or/multnomah/fairview,max_height_ft,unnumbered,unread_section,or/multnomah/fairview/19.140.txt,87,19.140.030,,,"35,45",1,2. Location of Vision Clearance Areas. Vision clearance areas are triangular-shaped areas located at the intersection of any combination of streets and/or alleys. The sides of the triangle extend 15 f
or/multnomah/fairview,max_height_ft,unnumbered,unread_section,or/multnomah/fairview/19.140.txt,107,19.140.070,,,"35,45",1,"A. Trees may be deciduous or evergreen. Deciduous trees at the time of planting must be fully branched, have a minimum diameter of two inches, measured five feet above the ground, and have a minimum h"
or/multnomah/fairview,parking_min_per_unit,unnumbered,unread_section,or/multnomah/fairview/19.140.txt,145,19.140.090,,,,1,"D. When more than seven bicycle parking spaces are required, 50 percent of the spaces shall be covered."
or/multnomah/fairview,parking_min_per_unit,unnumbered,unread_section,or/multnomah/fairview/19.140.txt,147,19.140.090,,,,1,"E. When more than 15 covered bicycle parking spaces are required, 50 percent of the covered spaces shall be enclosed and offer a high level of security (i.e., bicycle lockers or a locked cage or room"
or/multnomah/fairview,parking_min_per_unit,unnumbered,unread_section,or/multnomah/fairview/19.164.txt,187,19.164.040,,,,1,"a. Short-term bicycle parking shall be provided at a ratio of one bicycle space for every 10 vehicle parking spaces and shall be located within 30 feet of the main entrance to the building, in a locat"
or/multnomah/fairview,parking_min_per_unit,unnumbered,unread_section,or/multnomah/fairview/19.164.txt,193,19.164.040,,,,1,"a. Short-term bicycle parking shall be provided at a ratio of one bicycle space for every 10 vehicle parking spaces and shall be located within 50 feet of the main entrance to the building, in a locat"
or/multnomah/fairview,open_space_min_pct,unnumbered,unread_section,or/multnomah/fairview/19.165.txt,145,19.165.025,,,,1,"3. Spacing between local street intersections shall have a minimum separation of 125 feet, except where more closely spaced intersections are designed to provide an open space, pocket park, common are"
or/multnomah/fairview,max_units,unnumbered,unread_section,or/multnomah/fairview/19.165.txt,187,19.165.025,,,,1,"N. Cul-de-Sacs. A dead-end street shall be no more than 200 feet long, shall not provide access to greater than eight dwelling units, and shall only be used when environmental or topographical constra"
or/multnomah/fairview,parking_min_per_unit,unnumbered,unread_section,or/multnomah/fairview/19.30.txt,773,19.30.060,,,,1,"b. Off-street parking spaces shall not be located within 10 feet of any other property line, except alley property lines. Driveways and drive aisles are permitted within 10 feet of other property line"
or/multnomah/fairview,setback_rear_ft,unnumbered,unread_section,or/multnomah/fairview/19.30.txt,869,19.30.080,,,"0,5,8,15",1,"b. Accessory structures 200 square feet or smaller must be located behind the front facade of the main building, but may be placed on the site with zero side and/or rear setbacks if in compliance with"
or/multnomah/fairview,max_units,unnumbered,unread_section,or/multnomah/fairview/19.30.txt,879,19.30.080,,,,1,"iv. The maximum size of an accessory structure on a lot up to one acre in size is 1,000 square feet. Lots larger than one acre shall have no accessory building size limit except as provided elsewhere"
or/multnomah/fairview,max_units,unnumbered,unread_section,or/multnomah/fairview/19.30.txt,929,19.30.090,,,,1,a. Ground-floor housing units shall have front or rear patios or decks measuring at least 48 square feet. “Ground-floor housing” means the housing unit entrance (front or rear) is within five feet of
or/multnomah/fairview,max_units,unnumbered,unread_section,or/multnomah/fairview/19.30.txt,931,19.30.090,,,,1,b. A minimum of 50 percent of all upper-floor housing units shall have balconies or porches measuring at least 48 square feet. “Upper-floor housing” means housing units which are more than five feet a
or/multnomah/fairview,min_frontage_ft,unnumbered,unread_section,or/multnomah/fairview/19.65.txt,235,19.65.050,,,,1,"3. Exceptions to the alley or interior parking court standard may be approved, and longer block lengths or depths allowed, when the proposed development provides a mid-block pedestrian pathway. The mi"
or/multnomah/fairview,parking_min_per_unit,unnumbered,unread_section,or/multnomah/fairview/19.65.txt,275,19.65.070,,,,1,"D. Parking Credit Options. A percentage reduction in off-street parking requirements is allowed as identified in Table 19.65.070. More than one credit may be used; however, in no case shall the credit"
or/multnomah/fairview,max_units,unnumbered,unread_section,or/multnomah/fairview/19.65.txt,289,19.65.070,,,,1,Street Level Commercial Space. A vertical mixed use development that provides housing units above a ground floor commercial space. The ground floor commercial space must occupy a minimum of 50 percent
or/multnomah/fairview,max_units,unnumbered,unread_section,or/multnomah/fairview/19.65.txt,294,19.65.070,,,,1,Small-Scale Commercial Spaces. A vertical mixed use development that provides housing units above a ground floor commercial space. The ground floor commercial space must include a minimum of three ten
or/multnomah/fairview,max_units,unnumbered,unread_section,or/multnomah/fairview/19.65.txt,304,19.65.070,,,,1,a. Ten percent of the total number of dwelling units must be affordable to those earning no more than 60 percent of the area median family income; or
or/multnomah/fairview,max_units,unnumbered,unread_section,or/multnomah/fairview/19.65.txt,309,19.65.070,,,,1,b. Twenty percent of the total number of dwelling units in the new building or the alteration must be affordable to those earning no more than 80 percent of the area median family income; and
or/multnomah/fairview,max_units,unnumbered,unread_section,or/multnomah/fairview/19.65.txt,413,19.65.090,,,,2,Ground Floor Windows – Nonresidential Uses. The following standards apply to the portions of a ground floor wall of a street-facing facade that are 20 feet or closer to a street lot line or a publicly
or/multnomah/fairview,max_units,unnumbered,unread_section,or/multnomah/fairview/19.65.txt,443,19.65.090,,,,2,Ground Floor Windows – Dwelling Units. The ground floor wall area of street-facing facades of dwelling units that are 20 feet or closer to a street lot line must meet at least one of the following sta
or/multnomah/fairview,max_units,unnumbered,unread_section,or/multnomah/fairview/19.65.txt,460,19.65.090,,,,1,ii. Windows must cover at least 25 percent of the ground level wall area of the portion of the building with residential dwelling units on the ground floor.
or/multnomah/fairview,max_units,unnumbered,unread_section,or/multnomah/fairview/19.65.txt,467,19.65.090,,,,1,ii. Window must cover at least 25 percent of the ground level wall area of the portion of the building with residential dwelling units on the ground floor.
or/multnomah/fairview,max_units,unnumbered,unread_section,or/multnomah/fairview/19.65.txt,469,19.65.090,,,,2,Ground Floor Residential Entrances. At least 50 percent of the dwelling units on the street-facing ground floor of a building must provide a pedestrian access between the main entrance of the dwelling
or/multnomah/fairview,open_space_min_pct,unnumbered,unread_section,or/multnomah/fairview/19.65.txt,484,19.65.090,,,,2,"c. Private open space of at least 48 square feet and a minimum length or depth of six feet, where the floor of the open space is 18 to 36 inches above the grade of the right-of-way; or"
or/multnomah/fairview,open_space_min_pct,unnumbered,unread_section,or/multnomah/fairview/19.65.txt,608,19.65.090,,,,1,Outdoor Recreation Area. Provide at least 800 square feet of outdoor common area with a minimum dimension of 20 feet by 20 feet. The outdoor area must meet one of the following:
or/multnomah/fairview,open_space_min_pct,unnumbered,unread_section,or/multnomah/fairview/19.65.txt,611,19.65.090,,,,1,a. The entire outdoor area is a community garden with the area divided into individual raised garden beds. The beds are raised at least 12 inches above grade and can each be between 12 and 50 square f
or/multnomah/fairview,open_space_min_pct,unnumbered,unread_section,or/multnomah/fairview/19.65.txt,614,19.65.090,,,,1,b. The entire outdoor area is a children’s play area that includes a play structure at least 100 square feet in area and manufactured to the American Society for Testing and Materials (ASTM) standards
or/multnomah/fairview,setback_rear_ft,unnumbered,unread_section,or/multnomah/fairview/19.70.txt,86,19.70.030,,,"0,5,8,15",1,"a. Minimum Setback. The minimum rear setback for all structures shall be zero feet for street-access lots, and eight feet for alley-access lots (distance from building to rear property line or alley e"
or/multnomah/fairview,parking_min_per_unit,unnumbered,unread_section,or/multnomah/fairview/19.70.txt,108,19.70.050,,,,1,1. From adjoining street right-of-way to building entrances and off-street parking these pathways shall be provided with an average maximum interval of 100 feet along the street right-of-way.
or/multnomah/fairview,max_units,unnumbered,unread_section,or/multnomah/fairview/19.70.txt,116,19.70.050,,,,1,1. Buildings shall have their primary entrance(s) oriented to (facing) the street with a direct pedestrian walkway connecting with the adjoining street right-of-way. Building entrances may include ent
or/multnomah/fairview,max_height_ft,held,unread_section,or/multnomah/fairview/19.70.txt,124,19.70.060,45,,"35,45",1,A. Maximum Height. Buildings shall be no more than 45 feet in height.
or/multnomah/fairview,max_height_ft,held,unread_section,or/multnomah/fairview/19.80.txt,108,19.80.050,45,,"35,45",1,"A. Base Requirement. Buildings shall be no more than three stories or 45 feet in height, whichever is greater."
or/multnomah/fairview,max_height_ft,held,unread_section,or/multnomah/fairview/19.85.txt,155,19.85.060,45,,"35,45",1,"A. Base Requirement. Buildings shall be no more than three stories or 45 feet in height, whichever is greater, and shall comply with the building setback standards in FMC 19.85.030."
or/multnomah/gresham,max_height_ft,held,unread_section,or/multnomah/gresham/10.1100.shoreline-height.txt,22,10.1102,45,,"35,40,45,50,85",1,an existing dwelling shall be permitted with a maximum height of 45 feet above grade.
or/multnomah/gresham,max_units,unnumbered,unread_section,or/multnomah/gresham/3.0100.definitions.txt,567,3.0103,,,,1,2. At least 50 percent of the multi-family units being affordable to households with incomes at or below 60
or/multnomah/gresham,max_far,held,unread_section,or/multnomah/gresham/3.0100.definitions.txt,1114,3,0.7,,"0.7,1,3",1,"expressed in square feet. For example, a floor area ratio of 0.7 to 1 means 0.7 square feet of floor area for"
or/multnomah/gresham,max_height_ft,unnumbered,unread_section,or/multnomah/gresham/3.0100.definitions.txt,2541,3.0150,,,"35,40,45,50,85",1,dominant or most ascending stem to a diameter exceeding 15 percent of the tree’s diameter at breast height
or/multnomah/gresham,max_density_du_per_acre,unnumbered,unread_section,or/multnomah/gresham/4.0100.residential.txt,57,4.0110,,,"12.45,14.4,24,24.2,25,40,60",1,maximum net density for single detached units of 8.71 units per acre and for townhouses of 25 units per acre.
or/multnomah/gresham,max_density_du_per_acre,unnumbered,unread_section,or/multnomah/gresham/4.0100.residential.txt,65,4.0111,,,"12.45,14.4,24,24.2,25,40,60",1,maximum net density for single detached units of 6.22 units per acre and for townhouses of 25 units per acre.
or/multnomah/gresham,max_density_du_per_acre,unnumbered,unread_section,or/multnomah/gresham/4.0100.residential.txt,74,4.0112,,,"12.45,14.4,24,24.2,25,40,60",1,and cottage clusters at a maximum net density for single detached units of 20 units per acre and for
or/multnomah/gresham,min_density_du_per_acre,unnumbered,unread_section,or/multnomah/gresham/4.0100.residential.txt,76,4.0112,,,"4.35,5.3,5.8,6.22,8.7,8.71,10,12,12.1,17,18,20,25",1,"13,000 square feet, a minimum net density of 10 units per acre is required. This district is intended to continue"
or/multnomah/gresham,max_density_du_per_acre,unnumbered,unread_section,or/multnomah/gresham/4.0100.residential.txt,78,4.0112,,,"12.45,14.4,24,24.2,25,40,60",1,maximum net density of 14 units per acre and a minimum net density of 7 units per acre.
or/multnomah/gresham,max_density_du_per_acre,unnumbered,unread_section,or/multnomah/gresham/4.0100.residential.txt,105,4.0115,,,"12.45,14.4,24,24.2,25,40,60",1,at a maximum net density of 24.2 units per acre and a minimum net density of 12.1 units per acre. Some non-
or/multnomah/gresham,min_density_du_per_acre,unnumbered,unread_section,or/multnomah/gresham/4.0100.residential.txt,111,4.0116,,,"4.35,5.3,5.8,6.22,8.7,8.71,10,12,12.1,17,18,20,25",1,and multi-family housing at a minimum net density of 8.71 units per acre and a maximum net density of 12.1
or/multnomah/gresham,max_height_ft,held,unread_section,or/multnomah/gresham/4.0100.residential.txt,671,4.0141,45,,"35,40,45,50,85",1,the wind energy system height together shall not exceed 45 feet.
or/multnomah/gresham,max_height_ft,held,unread_section,or/multnomah/gresham/4.0100.residential.txt,672,4.0141,45,,"35,40,45,50,85",1,b. Ground-mounted. The height of ground-mounted wind energy systems shall not exceed 45 feet as
or/multnomah/gresham,min_lot_sqft,held,unread_section,or/multnomah/gresham/4.0200.commercial.txt,156,4.0230,10000,,"1500,3000,3600,4000,5000,7000,7200,8000,10000,11000",1,"B. Minimum Lot Size 10,000 square feet"
or/multnomah/gresham,setback_side_ft,held,unread_section,or/multnomah/gresham/4.0200.commercial.txt,184,4.0230,5,,"0,5,10",1,"side yard which overlaps the required front yard), the street -side setback may be reduced to five (5) feet."
or/multnomah/gresham,max_height_ft,held,unread_section,or/multnomah/gresham/4.0200.commercial.txt,192,4.0231,40,,"35,40,45,50,85",1,A. Maximum Building Height: Three (3) stories or forty (40) feet unless equipped with a built-in fire
or/multnomah/gresham,max_height_ft,held,unread_section,or/multnomah/gresham/4.0200.commercial.txt,232,4.0233,"35,30",30,"35,40,45,50,85",1,"building height is 35 feet or less. For example, a 30- foot-tall building could have a 30-foot-tall wind"
or/multnomah/gresham,max_height_ft,held,unread_section,or/multnomah/gresham/4.0200.commercial.txt,234,4.0233,35,,"35,40,45,50,85",1,energy system. In no case can the wind energy system exceed 35 feet in height.
or/multnomah/gresham,max_height_ft,held,unread_section,or/multnomah/gresham/4.0200.commercial.txt,235,4.0233,45,,"35,40,45,50,85",1,2. Ground-mounted. Ground-mounted wind energy systems shall not exceed 45 feet in height.
or/multnomah/gresham,max_height_ft,held,unread_section,or/multnomah/gresham/4.0300.industrial.txt,329,4.0333,45,,"35,40,45,50,85",1,1. Roof-top. Wind energy system height shall not exceed a value equal to 45 feet above the roof top.
or/multnomah/gresham,parking_min_per_unit,unnumbered,unread_section,or/multnomah/gresham/4.0400.corridor.txt,643,4.0440,,,0,1,A. Each parking space shall be at least 8.5 feet wide by 18 feet deep.
or/multnomah/gresham,max_height_ft,held,unread_section,or/multnomah/gresham/4.0400.corridor.txt,681,4.0443,"45,20",20,"35,40,45,50,85",1,"building height is 45 feet or less. For example, a 20 foot tall building could have a 20 foot tall wind"
or/multnomah/gresham,max_height_ft,held,unread_section,or/multnomah/gresham/4.0400.corridor.txt,682,4.0443,40,,"35,40,45,50,85",1,energy system installed on its roof for a total height of 40 feet from the ground to top of the wind
or/multnomah/gresham,max_height_ft,held,unread_section,or/multnomah/gresham/4.0400.corridor.txt,684,4.0443,45,,"35,40,45,50,85",1,"For buildings which exceed 45 feet in height, the wind energy system shall not exceed 45 feet"
or/multnomah/gresham,max_height_ft,held,unread_section,or/multnomah/gresham/4.0400.corridor.txt,687,4.0443,45,,"35,40,45,50,85",1,2. Ground-mounted. Ground-mounted wind energy systems shall not exceed 45 feet in height. The
or/multnomah/gresham,max_height_ft,held,unread_section,or/multnomah/gresham/4.0400.corridor.txt,688,4.0443,"45,110",110,"35,40,45,50,85",1,height limit of 45 feet can be exceeded up to 110 feet with a Special Use Review.
or/multnomah/gresham,setback_side_ft,held,unread_section,or/multnomah/gresham/4.1100.downtown.txt,560,4,10,,"0,5,10",1,"11. Minimum side setback is 10 feet when side yard abuts DRL-1, DRL-2, LDR-5, LDR-7, TR or TLDR . Minimum rear setback is 10 feet when rear"
or/multnomah/gresham,open_space_min_pct,unnumbered,unread_section,or/multnomah/gresham/4.1100.downtown.txt,2126,4.1152,,,,1,"be located between a building accessible open spaces shall not exceed 2,000 square feet."
or/multnomah/gresham,open_space_min_pct,unnumbered,unread_section,or/multnomah/gresham/4.1100.downtown.txt,2243,4.1152,,,,1,"outdoor space. Shared open space ii. For sites less than 20,000 square feet in gross site area, a"
or/multnomah/gresham,open_space_min_pct,unnumbered,unread_section,or/multnomah/gresham/4.1100.downtown.txt,2245,4.1152,,,,1,dimensions to provide usable than 500 square feet shall be shared open space.
or/multnomah/gresham,open_space_min_pct,unnumbered,unread_section,or/multnomah/gresham/4.1100.downtown.txt,2280,4.1152,,,,1,20 feet by 20 f eet. open space and required publicly accessible open space on a
or/multnomah/gresham,min_frontage_ft,unnumbered,unread_section,or/multnomah/gresham/4.1100.downtown.txt,2401,4.1152,,,"16,18,20,25,32,35,40,45,50,75,100",1,Streets. Communal gathering areas street frontages shall be visible from 50 percent of the units that
or/multnomah/gresham,max_units,unnumbered,unread_section,or/multnomah/gresham/4.1100.downtown.txt,2414,4.1152,,,,1,"multiple types of play equipment and structures, with a be visible from at least 50 percent of the units that face it."
or/multnomah/gresham,parking_min_per_unit,unnumbered,unread_section,or/multnomah/gresham/4.1100.downtown.txt,2664,4.1152,,,0,1,b. Screening methods for parking spaced no more than 3 feet apart planted in planting
or/multnomah/gresham,max_height_ft,held,unread_section,or/multnomah/gresham/4.1100.downtown.txt,3000,4.1152,50,,"35,40,45,50,85",1,Developments shall employ design foot height limit within 50 feet of sub- districts that have a
or/multnomah/gresham,max_height_ft,held,unread_section,or/multnomah/gresham/4.1100.downtown.txt,3001,4.1152,45,,"35,40,45,50,85",1,strategies and incorporate maximum height limit of 45 feet or less.
or/multnomah/gresham,max_units,unnumbered,unread_section,or/multnomah/gresham/4.1100.downtown.txt,3113,4.1152,,,,1,scale and building articulation. dwelling units from the next dwelling unit by a minimum 2 feet
or/multnomah/gresham,max_units,unnumbered,unread_section,or/multnomah/gresham/4.1100.downtown.txt,3118,4.1152,,,,1,abutting townhouse units by a minimum of 2 feet.
or/multnomah/gresham,max_height_ft,unnumbered,unread_section,or/multnomah/gresham/4.1100.downtown.txt,3619,4.1152,,,"35,40,45,50,85",1,b. The base shall be a minimum height no less than 5 percent
or/multnomah/gresham,max_height_ft,unnumbered,unread_section,or/multnomah/gresham/4.1100.downtown.txt,3621,4.1152,,,"35,40,45,50,85",1,not exceed 20 percent of the facade height. Multi -stor y
or/multnomah/gresham,max_units,unnumbered,unread_section,or/multnomah/gresham/4.1100.downtown.txt,3913,4.1152,,,,1,units to convey a sense of b. A balcony a minimum of 2 feet in depth and 4 feet in width
or/multnomah/gresham,max_height_ft,unnumbered,unread_section,or/multnomah/gresham/4.1100.downtown.txt,4274,4.1152,,,"35,40,45,50,85",1,height no less than 10 percent of the abutting wall or
or/multnomah/gresham,max_height_ft,held,unread_section,or/multnomah/gresham/4.1200.civic-neighborhood.txt,318,4.1230,50,,"35,40,45,50,85",1,Maximum Building Height1 10 stories 8 stories within 50 ft. of the NW
or/multnomah/gresham,max_units,unnumbered,unread_section,or/multnomah/gresham/4.1200.civic-neighborhood.txt,324,4.1230,,,,1,(units per acre) Maximu m none none 304
or/multnomah/gresham,min_lot_width_ft,held,unread_section,or/multnomah/gresham/4.1200.civic-neighborhood.txt,361,4.1230,16,,"16,20,25,35,40,42,45,60,70,75,100",1,"Minimum Lot Dimensions Width at building line, interior lot: 16 feet"
or/multnomah/gresham,min_lot_width_ft,held,unread_section,or/multnomah/gresham/4.1200.civic-neighborhood.txt,362,4.1230,25,,"16,20,25,35,40,42,45,60,70,75,100",1,"Width at building line, corner lot: 25 feet"
or/multnomah/gresham,setback_street_side_ft,held,unread_section,or/multnomah/gresham/4.1200.civic-neighborhood.txt,385,4.1230,"10,20",,"0,5,8,10,20",1,"3. If the street side fronts NW Wallula Avenue, the street side setback shall be a minimum 10 feet and a maximum 20 feet."
or/multnomah/gresham,max_height_ft,held,unread_section,or/multnomah/gresham/4.1200.civic-neighborhood.txt,459,4.1235,45,,"35,40,45,50,85",1,2. Ground-mounted. The height of ground-mounted wind energy systems shall not exceed 45 feet as measured
or/multnomah/gresham,max_height_ft,held,unread_section,or/multnomah/gresham/4.1200.civic-neighborhood.txt,460,4.1235,45,,"35,40,45,50,85",1,from the grade at the base of the equipment to the top of the system. The height limit of 45 feet can be
or/multnomah/gresham,min_frontage_ft,unnumbered,unread_section,or/multnomah/gresham/4.1200.civic-neighborhood.txt,1271,4.1252,,,"16,18,20,25,32,35,40,45,50,75,100",1,provide a primary frontage b. 100 percent of the street frontage intersections shall be
or/multnomah/gresham,max_units,unnumbered,unread_section,or/multnomah/gresham/4.1200.civic-neighborhood.txt,1366,4.1252,,,,2,a dwelling unit by a minimum of 15 feet.
or/multnomah/gresham,open_space_min_pct,unnumbered,unread_section,or/multnomah/gresham/4.1200.civic-neighborhood.txt,1942,4.1252,,,,1,"maintained. accessible open spaces shall not exceed 2,000 square feet."
or/multnomah/gresham,open_space_min_pct,unnumbered,unread_section,or/multnomah/gresham/4.1200.civic-neighborhood.txt,2127,4.1252,,,,1,"outdoor space. Shared open space ii. For sites less than 20,000 square feet in gross site area, a"
or/multnomah/gresham,open_space_min_pct,unnumbered,unread_section,or/multnomah/gresham/4.1200.civic-neighborhood.txt,2129,4.1252,,,,1,dimensions to provide usable than 500 square feet shall be shared open space.
or/multnomah/gresham,min_frontage_ft,unnumbered,unread_section,or/multnomah/gresham/4.1200.civic-neighborhood.txt,2222,4.1252,,,"16,18,20,25,32,35,40,45,50,75,100",1,Streets. Communal gathering areas street frontage shall be visible from 50 percent of the units that
or/multnomah/gresham,open_space_min_pct,unnumbered,unread_section,or/multnomah/gresham/4.1200.civic-neighborhood.txt,2297,4.1252,,,,1,shared open space area. dimensions of 6 feet in each direction .
or/multnomah/gresham,max_height_ft,unnumbered,unread_section,or/multnomah/gresham/4.1200.civic-neighborhood.txt,2995,4.1252,,,"35,40,45,50,85",1,G2. Upper Floor Articulation. Tall S2. Upper Floor Articulation. Buildings 5 stories or greater in height
or/multnomah/gresham,max_units,unnumbered,unread_section,or/multnomah/gresham/4.1200.civic-neighborhood.txt,3119,4.1252,,,,1,scale and building articulation. units from the next dwelling unit by a minimum 2 feet in exterior
or/multnomah/gresham,max_height_ft,unnumbered,unread_section,or/multnomah/gresham/4.1200.civic-neighborhood.txt,3722,4.1252,,,"35,40,45,50,85",1,"line on the building façade, percent of the facade height and shall not exceed 20 percent"
or/multnomah/gresham,max_units,unnumbered,unread_section,or/multnomah/gresham/4.1200.civic-neighborhood.txt,3826,4.1252,,,,1,units to convey a sense of b. A balcony a minimum of 2 feet in depth and 4 feet in width
or/multnomah/gresham,max_units,unnumbered,unread_section,or/multnomah/gresham/4.1200.civic-neighborhood.txt,3914,4.1252,,,,1,"spaces, and visibility to the street. i. For live-work units, a minimum of 35 percent of the"
or/multnomah/gresham,max_height_ft,unnumbered,unread_section,or/multnomah/gresham/4.1200.civic-neighborhood.txt,4345,4.1252,,,"35,40,45,50,85",1,"public spaces, entrances, and than 10 percent of the abutting wall or parapet height."
or/multnomah/gresham,max_height_ft,held,unread_section,or/multnomah/gresham/4.1400.pleasant-valley.txt,430,4.14,35,,"35,40,45,50,85",1,maximum building height shall be 35 feet. For every one foot of additional building setback beyond 35
or/multnomah/gresham,max_height_ft,held,unread_section,or/multnomah/gresham/4.1400.pleasant-valley.txt,655,4.1424,45,,"35,40,45,50,85",1,"F. Maximum Building Height 45 ft.2,3 45 ft.2,3"
or/multnomah/gresham,max_height_ft,held,unread_section,or/multnomah/gresham/4.1400.pleasant-valley.txt,865,4.1432,45,,"35,40,45,50,85",1,C. Maximum Building Height 45 ft.1
or/multnomah/gresham,max_height_ft,held,unread_section,or/multnomah/gresham/4.1400.pleasant-valley.txt,878,4.1432,35,,"35,40,45,50,85",1,"1. When the abutting lot is zoned LDR-PV or MDR-PV, the maximum building height shall be 35 feet at the minimum"
or/multnomah/gresham,max_height_ft,held,unread_section,or/multnomah/gresham/4.1400.pleasant-valley.txt,880,4.1432,45,,"35,40,45,50,85",1,"setback, the maximum building height shall increase by one foot, up to a maximum total building height of 45 feet."
or/multnomah/gresham,max_height_ft,held,unread_section,or/multnomah/gresham/4.1400.pleasant-valley.txt,943,4.14,45,,"35,40,45,50,85",1,building height when the building height is 45 feet or less. For buildings which exceed 45 feet in
or/multnomah/gresham,max_height_ft,held,unread_section,or/multnomah/gresham/4.1400.pleasant-valley.txt,944,4.14,45,,"35,40,45,50,85",1,"height, the wind energy system shall not exceed 45 feet maximum."
or/multnomah/gresham,max_height_ft,held,unread_section,or/multnomah/gresham/4.1400.pleasant-valley.txt,948,4.14,45,,"35,40,45,50,85",1,b. Ground-mounted. The height of ground-mounted wind energy systems shall not exceed 45 feet as
or/multnomah/gresham,max_density_du_per_acre,unnumbered,unread_section,or/multnomah/gresham/4.1500.springwater.txt,117,4.1504,,,"12.45,14.4,24,24.2,25,40,60",1,"Housing at an average lot size of 12,000 square feet, and at a maximum net density for Single Detached"
or/multnomah/gresham,max_height_ft,held,unread_section,or/multnomah/gresham/4.1500.springwater.txt,1100,4.1596,45,,"35,40,45,50,85",1,building height when the building height is 45 feet or less. For buildings which exceed 45 feet in
or/multnomah/gresham,max_height_ft,held,unread_section,or/multnomah/gresham/4.1500.springwater.txt,1101,4.1596,45,,"35,40,45,50,85",1,"height, the wind energy system shall not exceed 45 feet maximum."
or/multnomah/gresham,max_height_ft,held,unread_section,or/multnomah/gresham/4.1500.springwater.txt,1102,4.1596,45,,"35,40,45,50,85",1,b. Ground-mounted. The height of ground-mounted wind energy systems shall not exceed 45 feet as
or/multnomah/gresham,max_height_ft,held,unread_section,or/multnomah/gresham/4.1500.springwater.txt,1106,4.1596,45,,"35,40,45,50,85",1,a. Roof-top. Wind energy system height shall not exceed a value equal to 45 feet above the roof top.
or/multnomah/gresham,min_lot_sqft,held,unread_section,or/multnomah/gresham/7.0400.middle-housing-design.txt,689,7,3000,,"1500,3000,3600,4000,5000,7000,7200,8000,10000,11000",1,"9. Courtyards shall include 1 tree per 3,000 square feet of gross lot area."
or/multnomah/gresham,parking_min_per_unit,unnumbered,unread_section,or/multnomah/gresham/7.0400.middle-housing-design.txt,737,7,,,0,1,"b. Off- street parking spaces shall not be located within 10 feet of any other property line, except alley"
or/multnomah/gresham,parking_min_per_unit,unnumbered,unread_section,or/multnomah/gresham/7.0400.middle-housing-design.txt,740,7,,,0,1,"a. Off- Street parking spaces for residential uses shall be at least 8.5 feet wide by 18 feet deep, or 8"
or/multnomah/gresham,setback_garage_entrance_ft,held,unread_section,or/multnomah/gresham/7.0400.middle-housing-design.txt,755,7,20,,"20,25",1,d. Garage doors for attached and detached individual garages shall not exceed 20 feet in width.
or/multnomah/gresham,max_height_ft,held,unread_section,or/multnomah/gresham/7.0400.middle-housing-design.txt,768,7,"35,2",2,"35,40,45,50,85",1,a. Side walls shall not exceed 35 feet in length before a full height offset a minimum 2 feet in depth
or/multnomah/gresham,open_space_min_pct,unnumbered,unread_section,or/multnomah/gresham/7.0400.middle-housing-design.txt,1030,7,,,,1,"b. Each common open space tract shall be a minimum of 1,200 square feet and shall include at least"
or/multnomah/gresham,min_frontage_ft,unnumbered,unread_section,or/multnomah/gresham/7.0500.rockwood-design.txt,621,7.0512,,,"16,18,20,25,32,35,40,45,50,75,100",1,"90 percent frontage requirement with the majority Mi xe d-Use development, street frontages shall be occupied by"
or/multnomah/gresham,min_frontage_ft,unnumbered,unread_section,or/multnomah/gresham/7.0500.rockwood-design.txt,645,7.0512,,,"16,18,20,25,32,35,40,45,50,75,100",1,the most active street to b. 100 percent of the street frontage at intersections shall be
or/multnomah/gresham,open_space_min_pct,unnumbered,unread_section,or/multnomah/gresham/7.0500.rockwood-design.txt,1503,7.0512,,,,1,"portion of the shared open space less than 1,000 square feet, shall be shared open space."
or/multnomah/gresham,open_space_min_pct,unnumbered,unread_section,or/multnomah/gresham/7.0500.rockwood-design.txt,1506,7.0512,,,,1,"accessible only to tenants, with than 500 square feet, shall be shared open space."
or/multnomah/gresham,min_frontage_ft,unnumbered,unread_section,or/multnomah/gresham/7.0500.rockwood-design.txt,1594,7.0512,,,"16,18,20,25,32,35,40,45,50,75,100",1,Streets. Communal gathering areas street frontage shall be visible from 50 percent of the units that
or/multnomah/gresham,open_space_min_pct,unnumbered,unread_section,or/multnomah/gresham/7.0500.rockwood-design.txt,1669,7.0512,,,,1,shared open space area. dimensions of 6 feet in each direction .
or/multnomah/gresham,max_height_ft,unnumbered,unread_section,or/multnomah/gresham/7.0500.rockwood-design.txt,2324,7.0512,,,"35,40,45,50,85",1,buildings shall maintain a sense of Upper Floor Articulation. Buildings 5 stories or greater in height
or/multnomah/gresham,max_units,unnumbered,unread_section,or/multnomah/gresham/7.0500.rockwood-design.txt,2445,7.0512,,,,1,scale and building articulation. dwelling units from the next dwelling unit by a minimum 2 feet
or/multnomah/gresham,max_height_ft,unnumbered,unread_section,or/multnomah/gresham/7.0500.rockwood-design.txt,3000,7.0512,,,"35,40,45,50,85",1,b. The base shall be a minimum height no less than 5 percent
or/multnomah/gresham,max_height_ft,unnumbered,unread_section,or/multnomah/gresham/7.0500.rockwood-design.txt,3002,7.0512,,,"35,40,45,50,85",1,not exceed 20 percent of the facade height. Multi -stor y
or/multnomah/gresham,max_units,unnumbered,unread_section,or/multnomah/gresham/7.0500.rockwood-design.txt,3151,7.0512,,,,1,units to convey a sense of b. A balcony a minimum of 2 feet in depth and 4 feet in width
or/multnomah/gresham,max_height_ft,unnumbered,unread_section,or/multnomah/gresham/7.0500.rockwood-design.txt,3253,7.0512,,,"35,40,45,50,85",1,highest levels of transparency at of 50 percent of the ground ﬂoor between the heights of 0
or/multnomah/gresham,max_units,unnumbered,unread_section,or/multnomah/gresham/7.0500.rockwood-design.txt,3254,7.0512,,,,1,the pedestrian level to promote feet and 12 feet. Live- work units shall be composed of clear
or/multnomah/gresham,max_height_ft,unnumbered,unread_section,or/multnomah/gresham/7.0500.rockwood-design.txt,3267,7.0512,,,"35,40,45,50,85",1,interior daylighting. 20 percent of the ground ﬂoor between the heights of 0 feet
or/multnomah/gresham,max_height_ft,unnumbered,unread_section,or/multnomah/gresham/7.0500.rockwood-design.txt,3286,7.0512,,,"35,40,45,50,85",1,Figure 7.0512(B)(5)(S3)(b). A ground ﬂoor 30 percent of the ground ﬂoor between the heights o f 0 feet
or/multnomah/gresham,max_height_ft,unnumbered,unread_section,or/multnomah/gresham/7.0500.rockwood-design.txt,3303,7.0512,,,"35,40,45,50,85",1,20 percent of the ground ﬂoor between the heights of 0 feet
or/multnomah/gresham,max_height_ft,unnumbered,unread_section,or/multnomah/gresham/7.0500.rockwood-design.txt,3458,7.0512,,,"35,40,45,50,85",1,"than the surrounding buildings, than 3 stories in height. An occupiable story may include a"
or/multnomah/gresham,max_height_ft,unnumbered,unread_section,or/multnomah/gresham/7.0500.rockwood-design.txt,3494,7.0512,,,"35,40,45,50,85",1,height no less than 10 percent of the abutting wall or
or/multnomah/gresham,max_height_ft,held,unread_section,or/multnomah/gresham/9.0600.height-transition.txt,51,9.0610,45,,"35,40,45,50,85",1,"zoned LDR-5, LDR-7, TR or TLDR, the maximum building height shall be 45 feet."
or/multnomah/gresham,parking_min_per_unit,unnumbered,unread_section,or/multnomah/gresham/9.0800.parking.txt,109,9.0821,,,0,1,"not available, the Manager may authorize the parking spaces to be on any lot within 1,000 feet walking"
or/multnomah/gresham,parking_min_per_unit,unnumbered,unread_section,or/multnomah/gresham/9.0800.parking.txt,368,9.0826,,,0,1,Accessible parking spaces shall be a minimum of 9 feet wide with a 6 -foot-wide access aisle between each
or/multnomah/gresham,parking_min_per_unit,unnumbered,unread_section,or/multnomah/gresham/9.0800.parking.txt,385,9,,,0,1,"impairments shall provide 20 percent of parking spaces as accessible as outlined in the Building Code,"
or/multnomah/gresham,parking_min_per_unit,unnumbered,unread_section,or/multnomah/gresham/9.0800.parking.txt,386,9,,,0,1,"Chapter XI. Exception: For outpatient facilities, 10 percent of parking spaces need to be accessible as"
or/multnomah/gresham,parking_min_per_unit,unnumbered,unread_section,or/multnomah/gresham/9.0800.parking.txt,400,9.0827,,,0,1,"capacity, as defined in ORS 455.417, to accommodate no less than 40 percent of all vehicle parking spaces"
or/multnomah/portland,max_coverage_pct,held,unread_section,or/multnomah/portland/11.50.txt,37,11.50.040,85,,"50,60,70,75,85,100",1,3 3. Private trees on sites that have existing or proposed building coverage of 85 percent or more.
or/multnomah/portland,max_units,unnumbered,unread_section,or/multnomah/portland/33.110.txt,514,33.110.210,,,,1,dwelling unit that is affordable to those earning no more than 60 percent of the area
or/multnomah/portland,max_units,unnumbered,unread_section,or/multnomah/portland/33.110.txt,529,33.110.210,,,,1,"additional dwelling unit must be added to the site, and no more than 25 percent of"
or/multnomah/portland,max_height_ft,unnumbered,unread_section,or/multnomah/portland/33.110.txt,602,33.110.270,,,"30,35,45,65,75,100,150",1,slope of 20 percent or greater the alternative height and setback standards of
or/multnomah/portland,max_units,unnumbered,unread_section,or/multnomah/portland/33.110.txt,821,33.110.230,,,,1,1. Be within 8 feet of the longest street-facing wall of the dwelling unit; and
or/multnomah/portland,setback_front_ft,held,unread_section,or/multnomah/portland/33.110.txt,2030,33.110.275,2,,"0,2,5,10,15,20",1,1. Front building setbacks. Fences up to 3-1/2 feet high are allowed in required front
or/multnomah/portland,max_units,unnumbered,unread_section,or/multnomah/portland/33.120.txt,492,33.120.206,,,,1,"1. Standard. If the site is more than 160 feet deep, new dwelling units are prohibited"
or/multnomah/portland,max_height_ft,held,unread_section,or/multnomah/portland/33.120.txt,902,33.120.215,75,,"30,35,45,65,75,100,150",1,"RM4 zone the base height is 75 feet, except as follows:"
or/multnomah/portland,max_height_ft,held,unread_section,or/multnomah/portland/33.120.txt,906,33.120.215,100,,"30,35,45,65,75,100,150",1,"b. On sites within 1,000 feet of a transit station the base height is 100 feet,"
or/multnomah/portland,max_height_ft,held,unread_section,or/multnomah/portland/33.120.txt,916,33.120.215,35,,"30,35,45,65,75,100,150",1,"through R2.5, the step-down height is 35 feet. See Figure 120 -2. Sites with"
or/multnomah/portland,max_height_ft,held,unread_section,or/multnomah/portland/33.120.txt,923,33.120.215,45,,"30,35,45,65,75,100,150",1,"(1) The step-down height is 45 feet for sites in the RM2, RM3, RM4, and RX"
or/multnomah/portland,max_height_ft,held,unread_section,or/multnomah/portland/33.120.txt,925,33.120.215,35,,"30,35,45,65,75,100,150",1,(2) The step-down height is 35 feet for sites in the RM1 and RMP zones.
or/multnomah/portland,setback_rear_ft,unnumbered,unread_section,or/multnomah/portland/33.120.txt,1468,33.120.235,,,"0,2,5,10,15",1,"minimum rear setback area. Sites that are 10,000 square feet or less in total site area"
or/multnomah/portland,max_units,unnumbered,unread_section,or/multnomah/portland/33.120.txt,1546,33.248,,,,1,within 20 feet of a building entrance providing access to residential units.
or/multnomah/portland,max_height_ft,held,unread_section,or/multnomah/portland/33.120.txt,1924,33.120.275,75,,"30,35,45,65,75,100,150",1,Maximum Height [3] 75 ft.
or/multnomah/portland,max_height_ft,unnumbered,unread_section,or/multnomah/portland/33.120.txt,1942,33.120.275,,,"30,35,45,65,75,100,150",1,"[3] Towers and spires with a footprint of 200 square feet or less may exceed the height limit, but still must"
or/multnomah/portland,min_density_du_per_acre,unnumbered,unread_section,or/multnomah/portland/33.120.txt,2182,33.120.282,,,"500,1000,1450,1875,2500",1,"square feet and the minimum density in the RM2 zone is 1 unit per 2,000 square feet;"
or/multnomah/portland,parking_min_per_unit,unnumbered,unread_section,or/multnomah/portland/33.130.txt,414,33.130.205,,,,1,"1. Floor area for structured parking when at least 50 percent, or 6, of the parking spaces"
or/multnomah/portland,max_height_ft,held,unread_section,or/multnomah/portland/33.130.txt,727,33.130.210,"35,55,75,45,85","55,85","30,35,45,65,75,100,150",1,Maximum height with bonus 35 ft. 55 ft. [1] 75 ft. 45 ft. 85 ft.
or/multnomah/portland,max_height_ft,held,unread_section,or/multnomah/portland/33.130.txt,735,33.130.210,"30,55,45",55,"30,35,45,65,75,100,150",1,(see 33.130.212.E) Height none up to 30 ft. up to 55 ft. up to 30 ft. up to 45 ft.
or/multnomah/portland,max_units,unnumbered,unread_section,or/multnomah/portland/33.130.txt,841,33.266,,,,1,"dwelling units on the ground floor, must be set back 5 feet from a street lot"
or/multnomah/portland,max_height_ft,held,unread_section,or/multnomah/portland/33.150.txt,461,33.150.210,30,,"30,35,45,65,75,100,150",1,"from a site zoned OS or RF through R2.5, the maximum height is 30 feet. See Figure"
or/multnomah/portland,max_height_ft,held,unread_section,or/multnomah/portland/33.150.txt,470,33.150.210,45,,"30,35,45,65,75,100,150",1,height is 45 feet. See Figure 150 -2.
or/multnomah/portland,max_height_ft,held,unread_section,or/multnomah/portland/33.150.txt,475,33.150.210,30,,"30,35,45,65,75,100,150",1,"street from a site zoned OS, or RF through R2.5, the maximum height is 30 feet."
or/multnomah/portland,max_height_ft,held,unread_section,or/multnomah/portland/33.150.txt,479,33.150.210,75,,"30,35,45,65,75,100,150",1,maximum height is 75 feet. See Figure 150-1.
or/multnomah/portland,max_height_ft,held,unread_section,or/multnomah/portland/33.150.txt,484,33.150.210,45,,"30,35,45,65,75,100,150",1,maximum height is 45 feet. See Figure 150-2.
or/multnomah/portland,max_height_ft,held,unread_section,or/multnomah/portland/33.150.txt,487,33.150.210,75,,"30,35,45,65,75,100,150",1,"commercial/mixed use zones, the maximum height is 75 feet. See Figure 150-2."
or/multnomah/portland,max_coverage_pct,unnumbered,unread_section,or/multnomah/portland/33.910.definitions.txt,93,33.910,,,"50,60,70,75,85,100",1,that are 2 feet or less in depth are not included in building coverage. Eaves that are greater than 2
or/multnomah/portland,max_height_ft,unnumbered,unread_section,or/multnomah/portland/33.910.definitions.txt,406,33.910,,,"30,35,45,65,75,100,150",1,that are more than 42 inches in height for 75 percent or more of their perimeter.
or/multnomah/portland,max_height_ft,unnumbered,unread_section,or/multnomah/portland/33.910.definitions.txt,472,33.910,,,"30,35,45,65,75,100,150",1,"that are more than 42 inches in height, for 75 percent or more of their perimeter."
or/multnomah/portland,parking_min_per_unit,unnumbered,unread_section,or/multnomah/portland/33.930.txt,54,33.930,,,,1,"maximum limit of one parking space for every 2,500 square feet of site area is applied"
or/multnomah/troutdale,setback_front_ft,held,unread_section,or/multnomah/troutdale/3.zoning-districts.txt,1117,3.430,20,,"0,10,15,20",1,Front yard setback 20 ft. 20 ft. 20 ft.
or/multnomah/troutdale,setback_side_ft,held,unread_section,or/multnomah/troutdale/3.zoning-districts.txt,1118,3.430,"15,10",,"0,5,7.5,10,15,20",1,Side yard setback 15 ft. 10 ft. None
or/multnomah/troutdale,setback_street_side_ft,held,unread_section,or/multnomah/troutdale/3.zoning-districts.txt,1120,3.430,"15,10",15,"0,10",1,Street side yard setback 15 ft. 10 ft. None
or/multnomah/troutdale,setback_rear_ft,held,unread_section,or/multnomah/troutdale/3.zoning-districts.txt,1122,3.430,10,,"0,5,10,15,20",1,Rear yard setback 10 ft. None None
or/multnomah/troutdale,max_height_ft,held,unread_section,or/multnomah/troutdale/3.zoning-districts.txt,1132,3.430,"35,45",45,"35,55",1,Maximum Height of the Structure 35 ft. 45 ft. see 3.430.B.2
or/multnomah/troutdale,max_units,unnumbered,unread_section,or/multnomah/troutdale/8.development-standards.txt,299,8.060,,,,1,the rate of two hundred (200) square feet per dwelling unit. Such areas shall be counted
or/multnomah/troutdale,max_units,unnumbered,unread_section,or/multnomah/troutdale/8.development-standards.txt,767,8.130,,,,1,"a. Be within eight (8) feet of the longest street-facing wall of the dwelling unit, if the lot"
or/multnomah/troutdale,max_units,unnumbered,unread_section,or/multnomah/troutdale/8.development-standards.txt,883,8.140,,,,1,"four hundred (1,400) square feet per dwelling unit. Community buildings shall be included"
or/multnomah/troutdale,parking_min_per_unit,unnumbered,unread_section,or/multnomah/troutdale/8.development-standards.txt,1002,8.140,,,,1,ii. Off-street parking spaces shall not be located within ten (10) feet of any other
or/multnomah/troutdale,open_space_min_pct,unnumbered,unread_section,or/multnomah/troutdale/8.development-standards.txt,1178,8.150,,,,1,space of not less than sixty (60) square feet in area. Individual outdoor areas for
or/multnomah/troutdale,parking_min_per_unit,unnumbered,unread_section,or/multnomah/troutdale/8.development-standards.txt,1340,8,,,,1,factured home space or in an off-street parking bay within one hundred (100) feet
or/multnomah/troutdale,parking_min_per_unit,unnumbered,unread_section,or/multnomah/troutdale/8.development-standards.txt,1348,8,,,,1,These parking spaces shall be provided within one hundred (100) feet of the
or/multnomah/troutdale,max_units,unnumbered,unread_section,or/multnomah/troutdale/8.development-standards.txt,1481,8.170,,,,1,2. Accessory dwelling units shall not exceed eight hundred (800) square feet in area or fifty
or/multnomah/troutdale,max_units,unnumbered,unread_section,or/multnomah/troutdale/8.development-standards.txt,1531,8.230,,,,1,A. Middle housing dwelling units shall have a minimum building height of twenty-five (25) feet.
or/multnomah/wood-village,max_units,unnumbered,unread_section,or/multnomah/wood-village/210.375.txt,64,210.375,,,,1,"(1) Entry Orientation. All street-facing units shall have the main entry facing the street or be at an angle of up to forty-five (45) degrees from the street. For corner lots, the front entryway shall"
or/multnomah/wood-village,max_units,unnumbered,unread_section,or/multnomah/wood-village/220.355.txt,64,220.355,,,,1,"(1) Entry Orientation. All street-facing units shall have the main entry facing the street or be at an angle of up to forty-five (45) degrees from the street. For corner lots, the front entryway shall"
or/multnomah/wood-village,max_height_ft,held,unread_section,or/multnomah/wood-village/230.335.txt,68,230.335,"25,35",25,"35,45",1,(a) On the portion of the site within twenty-five (25) feet of a site zoned LR7.5 the step-down height limit is thirty-five (35) feet. See Figure 230-4.
or/multnomah/wood-village,max_height_ft,held,unread_section,or/multnomah/wood-village/230.335.txt,70,230.335,"25,45",25,"35,45",1,"(b) On the portion of the site within twenty-five (25) feet of a site zoned MR2, the step-down height limit is forty-five (45) feet. See Figure 230-4."
or/multnomah/wood-village,max_height_ft,unnumbered,unread_section,or/multnomah/wood-village/230.335.txt,76,230.335,,,"35,45",1,"(1) Projections Allowed. Projections extending vertically for permitted buildings and uses, such as skylights, steeples, flagpoles, chimneys, and radio and television aerials, may be erected above the"
or/multnomah/wood-village,max_units,unnumbered,unread_section,or/multnomah/wood-village/230.390.txt,119,230.390,,,,1,Ground Floor Windows – Nonresidential Uses. The following standards apply to the portions of a ground floor wall of a street-facing façade that are 20 feet or closer to a street lot line or a publicly
or/multnomah/wood-village,max_units,unnumbered,unread_section,or/multnomah/wood-village/230.390.txt,125,230.390,,,,1,Ground Floor Design – Residential Uses. The ground floor wall area of street-facing façades of dwelling units that are 20 feet or closer to a street lot line must meet at least one of the following st
or/multnomah/wood-village,max_units,unnumbered,unread_section,or/multnomah/wood-village/230.390.txt,131,230.390,,,,1,o The portions of the building with residential dwelling units on the ground floor must be set back at least 5 feet from the street lot line. The setback must be landscaped to the L1 standard and/or h
or/multnomah/wood-village,max_units,unnumbered,unread_section,or/multnomah/wood-village/230.390.txt,132,230.390,,,,2,o Windows must cover at least 25 percent of the ground level wall area of the portion of the building with residential dwelling units on the ground floor.
or/multnomah/wood-village,max_units,unnumbered,unread_section,or/multnomah/wood-village/230.390.txt,134,230.390,,,,1,o The portion of the building with residential dwelling units on the ground floor must have the finished floor of each residential unit at least 2 feet above the grade of the closest adjoining sidewal
or/multnomah/wood-village,open_space_min_pct,unnumbered,unread_section,or/multnomah/wood-village/230.390.txt,206,230.390,,,20,1,Outdoor Recreation Area. Provide at least 800 square feet of outdoor common area with a minimum dimension of 20 feet by 20 feet. The outdoor area must meet one of the following:
or/multnomah/wood-village,open_space_min_pct,unnumbered,unread_section,or/multnomah/wood-village/230.390.txt,207,230.390,,,20,1,"• The outdoor area is hard-surfaced, or surfaced with lawn, decking, or sport court paving which allows the area to be used for active or passive recreational use. The outdoor area includes at least 4"
or/multnomah/wood-village,open_space_min_pct,unnumbered,unread_section,or/multnomah/wood-village/230.390.txt,208,230.390,,,20,1,• The entire outdoor area is a community garden with the area divided into individual raised garden beds. The beds are raised at least 12 inches above grade and can each be between 12 and 50 square fe
or/multnomah/wood-village,open_space_min_pct,unnumbered,unread_section,or/multnomah/wood-village/230.390.txt,209,230.390,,,20,1,• The entire outdoor area is a children’s play area that includes a play structure at least 100 square feet in area and manufactured to the American Society for Testing and Materials (ASTM) standards
or/multnomah/wood-village,open_space_min_pct,held,unread_section,or/multnomah/wood-village/230.390.txt,210,230.390,20,,20,1,Up to 20 percent of the outdoor area may be landscaped to the L1 standard.
or/multnomah/wood-village,max_height_ft,unnumbered,unread_section,or/multnomah/wood-village/235.330.txt,64,235.330,,,"35,45",1,"(1) Projections Allowed. Projections extending vertically for permitted buildings and uses, such as skylights, steeples, flagpoles, chimneys, and radio and television aerials, may be erected above the"
or/multnomah/wood-village,parking_min_per_unit,unnumbered,unread_section,or/multnomah/wood-village/350.030.general-regulations.txt,68,350.030,,,,1,E. Proximity of Parking to Use. Required parking spaces for residential uses must be located on the site of the use. Required parking spaces for nonresidential uses must be located on the site of the
or/multnomah/wood-village,parking_min_per_unit,unnumbered,unread_section,or/multnomah/wood-village/350.055.one-and-two-unit.txt,62,350.055,,,,1,"B. Parking Area Locations. Required parking spaces are not allowed within the first 10 feet from a front lot line. In addition, no more than 40 percent of the land area between the front lot line and"
or/multnomah/wood-village,parking_min_per_unit,unnumbered,unread_section,or/multnomah/wood-village/350.055.one-and-two-unit.txt,64,350.055,,,,1,C. Parking Space Sizes. The minimum size of a required parking space is 9 feet by 19 feet. The minimum driveway width on private property is 9 feet for residential uses.
or/multnomah/wood-village,max_height_ft,unnumbered,unread_section,or/multnomah/wood-village/720.030.definitions.txt,182,720.030,,,"35,45",1,"- Roofed porches, exterior balconies, or other similar areas, unless they are enclosed by walls that are more than 42 inches in height, for 50 percent or more of their perimeter."
or/multnomah/wood-village,max_units,unnumbered,unread_section,or/multnomah/wood-village/720.030.definitions.txt,354,720.030,,,,1,"COTTAGE HOUSING. A grouping of no fewer than four (4) detached dwelling units per acre, each with a footprint of less than nine hundred (900) square feet, that includes a common courtyard. Individual"
