id,layer,field,path,line,section,nearness,repeats,text,stated,held,verdict,binds,reader_number,reader_standard,reader_about,reader_note
00000,or/clackamas/_unincorporated,max_coverage_pct,or/clackamas/_unincorporated/zdo.315.txt,1257,315.04,same_field,1,5 Maximum lot coverage in a planned unit development is 65 percent.,65,50,agree,no,,,"footnote to Table 315-2 (Urban Low Density Residential districts) allowing a raised maximum lot coverage of 65 percent, ","""Maximum lot coverage in a planned unit development is 65 percent"" only replaces the table's default 50 percent maximum when the project is being processed as a planned unit development; nothing says this building is being developed that way, so the general 50 percent row governs instead, not this exception."
00001,or/clackamas/_unincorporated,setback_rear_ft,or/clackamas/_unincorporated/zdo.315.txt,1269,315.04,same_field,1,"1 The minimum rear setback for a detached single-family dwelling, duplex, manufactured home, prefabricated structure, or single room occupancy is 10 feet.",10,"15,20",agree,no,,,"minimum rear setback (10 feet) for detached single-family dwelling, duplex, manufactured home, prefabricated structure, ","The note lists specific building types entitled to this reduced rear setback -- ""detached single-family dwelling, duplex, manufactured home, prefabricated structure, or single room occupancy"" -- and a four-unit attached building is none of those."
00002,or/clackamas/_unincorporated,max_height_ft,or/clackamas/_unincorporated/zdo.315.txt,1275,315.04,same_field,1,Building Area Building Height ≤ 8 feet Building Height > 8 feet and ≤ 10 feet Building Height > 10 feet and ≤ 15 feet Building Height > 15 feet,"8,10,15",35,agree,no,,,column-heading row (building-height bands) labeling the accessory-building setback table under footnote 11,"This is a header naming the height bands used by the following rows, not a number itself, and the table it introduces (per footnote 11) sets standards for buildings accessory to the dwelling."
00003,or/clackamas/_unincorporated,max_height_ft,or/clackamas/_unincorporated/zdo.315.txt,1367,315.04,same_field,3,"25 feet or the building height of the primary dwelling, whichever is less[24]",25,35,agree,no,,,"maximum building height (25 feet or the primary dwelling's height, whichever is less) for buildings accessory to a dwell","The row is under ""Standards for Buildings Accessory to a Dwelling,"" so it governs a secondary structure, not the primary four-unit building itself."
00004,or/clackamas/_unincorporated,max_height_ft,or/clackamas/_unincorporated/zdo.315.txt,1386,315.04,same_field,1,Building Height ≤ 8 feet,8,35,agree,no,,,"column-heading row (""Building Height <= 8 feet"") for the accessory-building side/rear setback table in the VR-5/7, VR-4/","It is a header labeling a height band, and the table it heads is titled ""Minimum Rear and Side Setback Standards for Buildings Accessory to a Primary Dwelling,"" i.e. accessory structures only."
00005,or/clackamas/_unincorporated,max_height_ft,or/clackamas/_unincorporated/zdo.315.txt,1387,315.04,same_field,1,Building Height > 8 feet and ≤ 20 feet,"8,20",35,agree,no,,,"column-heading row (""Building Height > 8 feet and <= 20 feet"") in the same accessory-building setback table","Same accessory-building setback table as the line above; a header, not a standard for the primary dwelling."
00006,or/clackamas/_unincorporated,max_height_ft,or/clackamas/_unincorporated/zdo.315.txt,1388,315.04,same_field,1,Building Height > 20 feet,20,35,agree,no,,,"column-heading row (""Building Height > 20 feet"") in the same accessory-building setback table","Same accessory-building setback table; a header row, not a standard for the primary dwelling."
00007,or/clackamas/_unincorporated,setback_front_max_ft,or/clackamas/_unincorporated/zdo.315.txt,1434,315.04,same_field,1,[19] Dwellings located on lots with less than 35 feet of street frontage shall be exempt from the maximum front setback standard.,35,18,agree,no,,,"exemption from the maximum front setback standard for dwellings on lots with less than 35 feet of street frontage, Table","""shall be exempt from the maximum front setback standard"" removes an obligation rather than creating one; it does not itself state a number the building must meet."
00008,or/clackamas/_unincorporated,max_height_ft,or/clackamas/_unincorporated/zdo.315.txt,1559,315.04,same_field,1,Building Area Building Height ≤ 8 feet Building Height > 8 feet and ≤ 10 feet Building Height > 10 feet,"8,10",35,agree,no,,,"column-heading row (building-height bands) for the accessory-building rear/side setback table under footnote 12, Table 3","""[12]The minimum rear and side setback standards for an accessory building are based on the building area and height, as follows"" -- the table this header sits in is explicitly for accessory buildings."
00009,or/clackamas/_unincorporated,setback_side_ft,or/clackamas/_unincorporated/zdo.315.txt,1566,315.04,same_field,1,"[14] If the side lot line abuts an Urban Low Density Residential, VR-5/7, or VR-4/5 District, the minimum side setback for a two-story building is 10 feet.",10,5,missed,yes,10,minimum side setback for a two-story building (where the side lot line abuts a lower-density district),"minimum side setback (10 feet) for a two-story building whose side lot line abuts an Urban Low Density Residential, VR-5","""the minimum side setback for a two-story building is 10 feet"" is not restricted to any particular building type and this building is two-story, so if its side lot line abuts one of the named districts this figure would bind."
00010,or/clackamas/_unincorporated,setback_side_ft,or/clackamas/_unincorporated/zdo.315.txt,1570,315.04,same_field,1,"[16] If the side lot line abuts a residential zoning district other than HDR, SHD, or RCHDR, the minimum side setback is 15 feet.",15,5,missed,yes,15,minimum side setback (where the side lot line abuts certain residential districts),"minimum side setback (15 feet) where the side lot line abuts a residential zoning district other than HDR, SHD, or RCHDR","""the minimum side setback is 15 feet"" is a general condition-based standard (not limited to accessory structures or a specific housing type, unlike the neighboring footnotes 12 and 15), so it would apply to this building if the adjacent-zoning condition is met."
00011,or/clackamas/happy-valley,setback_street_side_ft,or/clackamas/happy-valley/16.22.residential.txt,1018,16.22.050,same_field,1,"The minimum front, rear, side and street side building setbacks for public and institutional uses in the SFA district is 20 feet. Cottage clusters shall have a perimeter setback of 10 feet in the MUR-","20,10","5,8,15",agree,no,,,"minimum setbacks (20 feet) for public and institutional uses in the SFA district, and a 10-foot perimeter setback for co","Both categories named -- ""public and institutional uses"" and ""Cottage clusters"" -- are different uses/building types from this residential four-unit building."
00012,or/clackamas/happy-valley,max_height_ft,or/clackamas/happy-valley/16.22.residential.txt,1130,16.22.050,same_field,1,"The detached accessory structure shall have a maximum building height of 25 feet or the building height of the primary dwelling, whichever is less.",25,"35,45,65",agree,no,,,"maximum height (25 feet or the primary dwelling's height, whichever is less) for a detached accessory structure","""The detached accessory structure shall have a maximum building height..."" governs a secondary structure, not the primary dwelling."
00013,or/clackamas/happy-valley,max_height_ft,or/clackamas/happy-valley/16.22.residential.txt,1146,16.22.050,same_field,1,"For structures greater than eight feet and up to 20 feet in height, the minimum side yard setbacks shall be zero on one side and three feet on the other side. The minimum rear yard setback where the r",20,"35,45,65",agree,no,,,minimum side and rear yard setbacks for accessory structures between 8 and 20 feet in height,This falls under the accessory-structure requirements introduced at 'For structures that exceed 100 square feet in area or eight feet in height' following the earlier accessory-structure provisions in the same subsection.
00014,or/clackamas/happy-valley,max_height_ft,or/clackamas/happy-valley/16.22.residential.txt,1150,16.22.050,same_field,1,"For structures greater than 20 feet in height, the minimum side yard setbacks shall be zero on one side and five feet on the other side. The minimum rear yard setback where the rear property line abut",20,"35,45,65",agree,no,,,minimum side and rear yard setbacks for accessory structures over 20 feet in height,"Continuation of the same accessory-structure setback list as the line above; governs a secondary structure, not the primary dwelling."
00015,or/clackamas/lake-oswego,min_lot_sqft,or/clackamas/lake-oswego/50.04.dimensional.txt,96,50.04.001.1,same_field,4,"3,000 sq. ft. + [(actual lot size – 5,800 sq. ft.) x 0.19]","3000,5800","1500,7000,7500,10000,15000",missed,yes,3000,maximum floor area,"maximum floor area formula for Single-Family, Duplex, Triplex, Quadplex, Cottage Cluster, and Townhouse developments in ","""3,000 sq. ft. + [(actual lot size - 5,800 sq. ft.) x 0.19]"" is the printed base-plus-formula; the surrounding table caption ('Single-Family, Duplex, Triplex, Quadplex, and Cottage Cluster Developments; Townhouse Projects') names Quadplex as a covered type, so this maximum-floor-area cap would bind the building, scaled by lot size."
00016,or/clackamas/lake-oswego,max_height_ft,or/clackamas/lake-oswego/50.04.dimensional.txt,159,50.04.001.1,same_field,1,Height ≤ 18 ft.,18,"25,28,30,35",agree,no,,,row label ('Height <= 18 ft.') heading the Accessory Structure setback rows in the yard-setback table,"The line sits directly under the 'Accessory Structure' row group (front/side/rear setbacks), so it labels a height band for accessory structures, not the primary dwelling."
00017,or/clackamas/lake-oswego,max_height_ft,or/clackamas/lake-oswego/50.04.dimensional.txt,168,50.04.001.1,same_field,1,Height > 18 ft.,18,"25,28,30,35",agree,no,,,row label ('Height > 18 ft.') heading the same Accessory Structure setback rows,"Same Accessory Structure section as the line above; a row label, not a standard for the primary dwelling."
00018,or/clackamas/lake-oswego,max_height_ft,or/clackamas/lake-oswego/50.04.dimensional.txt,222,50.04.001.1,same_field,8,Lesser of 24 ft. or height of roof form of primary structure,24,"25,28,30,35",agree,no,,,maximum height (lesser of 24 feet or the primary structure's roof-form height) for an accessory structure,"The row is explicitly under 'Accessory Structure' in the table, so it governs a secondary building, not the primary dwelling."
00019,or/clackamas/lake-oswego,max_height_ft,or/clackamas/lake-oswego/50.04.dimensional.txt,252,50.04.001.1,same_field,2,"[Cross-References: Height Limitation: see Charter Section 46A for 50 ft. Maximum Height of Structures in Residential Areas; Height Measure: see LOC § 50.04.003.4, General Exception to Structure Height",50,"25,28,30,35",missed,yes,50,maximum building height,"cross-reference noting a citywide 50-foot maximum building height for structures in residential areas, set by City Chart","""see Charter Section 46A for 50 ft. Maximum Height of Structures in Residential Areas"" states a real, generally applicable number for residential structures; this building is residential, so the charter cap would still have to be met even though the zone table's own figures are lower."
00020,or/clackamas/lake-oswego,max_height_ft,or/clackamas/lake-oswego/50.04.dimensional.txt,300,50.04.001.1,same_field,1,"An accessory structure = 18 ft. in height shall not exceed a total 800 sq. ft. in size, or the square footage of the footprint of the primary structure, whichever is less. An accessory structure > 18",18,"25,28,30,35",agree,no,,,maximum size (800 or 600 sq ft depending on height) for accessory structures,"""An accessory structure...shall not exceed a total...sq. ft. in size"" governs a secondary structure, not the primary dwelling."
00021,or/clackamas/lake-oswego,setback_front_ft,or/clackamas/lake-oswego/50.04.dimensional.txt,356,50.04.001.1,same_field,1,On steeply sloped lots the minimum required front yard setback for detached dwellings and middle housing shall be 18 ft.,18,"0,10,20,25",missed,yes,18,minimum front setback,minimum front yard setback (18 feet) for detached dwellings and middle housing on steeply sloped lots,"""the minimum required front yard setback for detached dwellings and middle housing shall be 18 ft."" -- Oregon's 'middle housing' category includes a fourplex, so this would apply wherever the lot is steeply sloped."
00022,or/clackamas/lake-oswego,max_height_ft,or/clackamas/lake-oswego/50.04.dimensional.txt,617,50.04.001.2,same_field,1,"[Cross-Reference: Height Limitation: see Charter Section 46A for 50 ft. Maximum Height of Structures in Residential Areas; LOC § 50.04.003.4, General Exception to Structure Height Limitations; LOC § 5",50,"25,28,30,35",missed,yes,50,maximum building height,"cross-reference noting the same citywide 50-foot maximum building height for structures in residential areas, City Chart","Same charter-level height cap as the Residential Low Density table's cross-reference: ""see Charter Section 46A for 50 ft. Maximum Height of Structures in Residential Areas,"" applicable to this residential building."
00023,or/clackamas/lake-oswego,max_height_ft,or/clackamas/lake-oswego/50.04.dimensional.txt,727,50.04.001.2,same_field,1,"An accessory structure ≤ 18 ft. in height shall not exceed a total of 800 sq. ft. in size or the square footage of the footprint of the primary structure, whichever is less. An accessory structure > 1",18,"25,28,30,35",agree,no,,,"maximum size (800 or 600 sq ft depending on height) for accessory structures in the R-6, R-5, and R-DD zones","""An accessory structure...shall not exceed a total of...sq. ft."" governs a secondary structure, not the primary dwelling."
00024,or/clackamas/lake-oswego,setback_front_ft,or/clackamas/lake-oswego/50.04.dimensional.txt,770,50.04.001-4,same_field,2,"On steeply sloped lots, the minimum required front yard setback for detached dwellings and middle housing shall be 18 ft.",18,"0,10,20,25",missed,yes,18,minimum front setback,"minimum front yard setback (18 feet) for detached dwellings and middle housing on steeply sloped lots, Table 50.04.001-4","""the minimum required front yard setback for detached dwellings and middle housing shall be 18 ft."" -- same middle-housing (fourplex-inclusive) steeply-sloped-lot standard as elsewhere in this jurisdiction's code."
00025,or/clackamas/milwaukie,min_lot_sqft,or/clackamas/milwaukie/19.300.base-zones.txt,480,19.302.4,same_field,1,"All other uses require a minimum lot size of 5,000 sq ft.",5000,"1500,3000",agree,no,,,"minimum lot size (5,000 sq ft) for uses in the R-HD zone not enumerated by the lot-size housing-type tiers listed just a","The preceding tiers already list Quadplex as permitted starting at the 3,000-4,999 sq ft tier; ""All other uses require a minimum lot size of 5,000 sq ft"" is the catch-all for uses not named in those tiers, so it does not set the quadplex's minimum lot size."
00026,or/clackamas/milwaukie,setback_front_ft,or/clackamas/milwaukie/19.300.base-zones.txt,514,19.302.4,same_field,1,"Table 19.302.4 is supplemented by Figure 19.302.4. For those properties identified in Figure 19.302.4, the minimum front yard setback is 5 ft.",5,20,missed,yes,5,minimum front yard setback,"front yard setback for properties identified on Figure 19.302.4, which supplements the general Table 19.302.4 developmen","""For those properties identified in Figure 19.302.4, the minimum front yard setback is 5 ft"" is stated as an actual minimum, not an optional exception, so a fourplex on one of those mapped properties would have to meet 5 ft instead of the table's usual 20 ft."
00027,or/clackamas/rivergrove,setback_front_ft,or/clackamas/rivergrove/rldo.composite.txt,1044,,same_field,1,Front Setback - 30 feet. Side Setback - 3 feet,"30,3",25,agree,no,,,front and side setbacks for new detached accessory buildings,"The marked line falls under ""(c) All new detached accessory buildings... shall maintain the following setbacks""; our fourplex is the primary structure, not a detached accessory building."
00028,or/clackamas/rivergrove,setback_street_side_ft,or/clackamas/rivergrove/rldo.composite.txt,1045,,same_field,1,Side Setback (corner lot) - 10 feet.,10,15,agree,no,,,corner-lot side setback for new detached accessory buildings,"Still under the ""(c) All new detached accessory buildings"" heading introduced two lines above, so this setback governs accessory structures, not the primary fourplex."
00029,or/clackamas/rivergrove,setback_rear_ft,or/clackamas/rivergrove/rldo.composite.txt,1046,,same_field,1,Rear Setback - 3 feet.,3,25,agree,no,,,rear setback for new detached accessory buildings,"Same accessory-building setback list introduced by ""(c) All new detached accessory buildings...""; does not govern the primary residential structure."
00030,or/clackamas/wilsonville,max_height_ft,or/clackamas/wilsonville/4.planning.txt,2473,4,same_field,1,"ii. no structure, sign or any other object shall exceed 20 feet in height;",20,35,agree,no,,,"height limit (20 ft) on structures, signs, or objects erected under a temporary use permit","The line is condition ii. under ""Temporary use permits may allow specific activities... for up to 120 days provided that...""; it governs temporary-use-permit structures, not permanent new construction of a fourplex."
00031,or/clackamas/wilsonville,max_height_ft,or/clackamas/wilsonville/4.planning.txt,3678,4,same_field,1,4. Building Height. The maximum building height for all structures is 25 feet.,25,35,agree,no,,,maximum building height (25 ft) for cottage cluster structures,"The heading is ""F. Standards applicable to Cottage Clusters""; a cottage cluster is explicitly a different, excluded building type from our fourplex."
00032,or/clackamas/wilsonville,max_height_ft,or/clackamas/wilsonville/4.planning.txt,3783,4.113,same_field,1,b. The existing dwelling may be expanded up to a maximum height of 25 feet or a,25,35,agree,no,,,height/footprint limits on expansion of an existing single-family dwelling retained within a cottage cluster project,"The passage is under ""14. Existing Structures... an existing detached single-family detached dwelling on the same lot... may remain""; this concerns an existing detached house inside a cottage cluster project, not new construction of a fourplex."
00033,or/clackamas/wilsonville,min_lot_sqft,or/clackamas/wilsonville/4.planning.txt,4094,4,same_field,1,"A. Minimum Lot Size. 1,000 square feet for each unit.",1000,"1250,1500,7000,8000,20000",agree,no,,,"minimum lot size (1,000 sq ft per unit) for hotels or motels","The line is item A. under ""(.11) Hotels or Motels:""; hotels/motels are a different use than our residential fourplex."
00034,or/clackamas/wilsonville,min_frontage_ft,or/clackamas/wilsonville/4.planning.txt,4095,4,same_field,1,B. Minimum Street Frontage. 100 feet.,100,"20,30,35,40,80",agree,no,,,minimum street frontage (100 ft) for hotels or motels,"Still item B. under ""(.11) Hotels or Motels:"", so this governs hotel/motel development, not the fourplex."
00035,or/clackamas/wilsonville,setback_front_ft,or/clackamas/wilsonville/4.planning.txt,4096,4,same_field,1,"C. Front Yard Setback. 30 feet, unless located in the Old Town overlay zone, in which case",30,"12,15,20",agree,no,,,front yard setback (30 ft) for hotels or motels,"Item C. under ""(.11) Hotels or Motels:"" — a use different from our residential building."
00036,or/clackamas/wilsonville,setback_rear_ft,or/clackamas/wilsonville/4.planning.txt,4099,4,same_field,1,D. Minimum Rear Yard Setback. 30 feet.,30,"5,15,20",agree,no,,,rear yard setback (30 ft) for hotels or motels,"Item D. under the same ""(.11) Hotels or Motels:"" list."
00037,or/clackamas/wilsonville,setback_side_ft,or/clackamas/wilsonville/4.planning.txt,4100,4,same_field,1,E. Minimum Side Yard Setback. 24 feet.,24,"0,5,7,10",agree,no,,,side yard setback (24 ft) for hotels or motels,"Item E. under ""(.11) Hotels or Motels:"", not applicable to a residential fourplex."
00038,or/clackamas/wilsonville,max_height_ft,or/clackamas/wilsonville/4.planning.txt,4564,4.113,same_field,2,exceeding a height of 20 feet; and,20,35,agree,no,,,maximum height (20 ft) for an ADU built over a detached garage in the OTR zone,"The passage is ""standards... shall apply to Accessory Dwelling Units (ADU's)... Over a detached garage...""; an ADU is explicitly a different, excluded building type from our fourplex."
00039,or/clackamas/wilsonville,min_frontage_ft,or/clackamas/wilsonville/4.planning.txt,4740,4.113,same_field,1,F . Lot frontage may be reduced to 24 feet when the lot fronts a cul-de-sac.,24,"20,30,35,40,80",agree,no,,,an optional reduction of minimum lot frontage to 24 ft for PDR-zone lots that front a cul-de-sac,"""Lot frontage may be reduced to 24 feet..."" is phrased as a permitted relaxation (""may""), not a mandatory number the building must meet — a developer could instead meet the standard frontage figure in the main table."
00040,or/clackamas/wilsonville,min_lot_sqft,or/clackamas/wilsonville/4.planning.txt,7245,4,same_field,1,"D. In R-5 sub-districts the minimum lot size for triplexes is 5,000 square feet.",5000,"1250,1500,7000,8000,20000",agree,no,,,"minimum lot size (5,000 sq ft) for triplexes in the R-5 sub-district","""D. In R-5 sub-districts the minimum lot size for triplexes is 5,000 square feet"" names triplexes specifically; our building is a quadplex (four units), a different housing type covered instead by note C just above it."
00041,or/clackamas/wilsonville,setback_side_ft,or/clackamas/wilsonville/4.planning.txt,7436,4,same_field,1,"F . For Urban Form Type 1 and 2, side setbacks may be reduced to either: (1) down to a minimum of 3.5 feet for",3.5,"0,5,7,10",agree,no,,,"an optional reduction of minimum side setbacks (to 3.5 ft, or 5% of building width) for Urban Form Type 1 and 2 building","""side setbacks may be reduced to..."" is a permissive allowance a developer may choose to take, not a number the building must meet."
00042,or/clackamas/wilsonville,max_height_ft,or/clackamas/wilsonville/4.planning.txt,7982,4,same_field,1,Ground floor height minimum 12 ft.,12,35,agree,no,,,minimum ground floor height (12 ft) in the Commercial Main Street area of Frog Pond East,"This line is part of ""Table 23A. Commercial Main Street Development Standards,"" which ""appl[ies] to all development within the Commercial Main Street area"" — a commercial, storefront-oriented district; our fourplex has no commercial floor area and would not be sited there."
00043,or/clackamas/wilsonville,setback_front_ft,or/clackamas/wilsonville/4.planning.txt,10013,4,same_field,1,"Front Setback 30 feet, minimum, except",30,"12,15,20",agree,no,,,"front setback (30 ft min/max) standard in Table CC-4: Building Design, an urban design standard tied to street-facing bu","Table CC-4 sits under §4.134, the same section whose ""Coffee Creek Industrial Design Overlay District"" is referenced elsewhere in this code; the ""Addressing Streets/Supporting Streets"" building-design table governs that area's commercial/industrial-scale buildings, not a standalone residential fourplex."
00044,or/clackamas/wilsonville,max_height_ft,or/clackamas/wilsonville/4.planning.txt,10028,4,same_field,1,height of 24 feet;,24,35,agree,no,,,a minimum 24 ft building height required only to qualify for an optional entrance projection into the front setback,"""may extend into the required front yard setback by 15 feet maximum provided that: a. It has a two-story massing with a minimum height of 24 feet"" is a condition of an optional bonus (the entrance projection) that a developer need not take, within the same Table CC-4."
00045,or/clackamas/wilsonville,max_height_ft,or/clackamas/wilsonville/4.planning.txt,10049,4,same_field,1,"* The Ground Floor height shall measure 15 feet, minimum from finished floor to",15,35,agree,no,,,"minimum ground floor height (15 ft, or 17.5 ft to structural member) in Table CC-4's building design standards","Continues the same Table CC-4 building-design standard (§4.134) tied to the Coffee-Creek-referenced planned area, not applicable to a standalone residential fourplex."
00046,or/clackamas/wilsonville,max_height_ft,or/clackamas/wilsonville/4.planning.txt,10054,4,same_field,1,a. For Buildings 30 feet in height (unless lower by adjustment):,30,35,agree,no,,,base/body/top massing proportions for buildings up to 30 ft tall in Table CC-4,"Same Table CC-4 architectural massing standard tied to the planned commercial/industrial area's building design code, not our residential fourplex."
00047,or/clackamas/wilsonville,max_height_ft,or/clackamas/wilsonville/4.planning.txt,10059,4,same_field,1,b. For Buildings between 30 feet and 5 stories in height:,30,35,agree,no,,,base/body/top massing proportions for buildings between 30 ft and 5 stories tall in Table CC-4,"Same Table CC-4 standard; it also describes buildings taller than our approximately 26 ft, two-story fourplex."
00048,or/clackamas/wilsonville,setback_front_ft,or/clackamas/wilsonville/4.planning.txt,10402,4,same_field,1,C. Front Yard Setback. Thirty (30) feet. Structures on corner or through lots shall observe the,30,"12,15,20",agree,no,,,"front yard setback (30 ft) for ""Waysides"" development in the Planned Development Industrial zone","The heading ""Table CC-5: Waysides,"" together with the ""Planned Development Industrial—Regionally Significant Industrial Area"" section right after it, shows this governs a specific industrial-zone use (a wayside/travel facility), not our residential fourplex."
00049,or/clackamas/wilsonville,setback_side_ft,or/clackamas/wilsonville/4.planning.txt,10405,4,same_field,1,D. Rear and Side Yard Setback. Thirty (30) feet. Structures on corner or through lots shall,30,"0,5,7,10",agree,no,,,"rear and side yard setback (30 ft) for ""Waysides"" development in the Planned Development Industrial zone","Same ""Table CC-5: Waysides"" industrial-use standard as the preceding line; not applicable to a residential fourplex."
00050,or/clackamas/wilsonville,min_lot_sqft,or/clackamas/wilsonville/4.planning.txt,10982,4,same_field,1,"complies with section 4.137.2(.05), due to such things as a lot size less than 3,000 square feet,",3000,"1250,1500,7000,8000,20000",agree,no,,,discretionary physical-conditions criteria the Development Review Board may accept to grant an INCREASE to the maximum p,"This is one of the findings ('Physical conditions preclude development of the site... due to such things as a lot size less than 3,000 square feet') that lets the Board relax/raise the shade-point height limit; it is a discretionary favorable adjustment a developer may seek, not a requirement to satisfy."
00051,or/clackamas/wilsonville,max_height_ft,or/clackamas/wilsonville/4.planning.txt,15443,4,same_field,1,C. Where a proposed development includes buildings larger than 24 feet in height or greater,24,35,agree,no,,,discretionary authority for the Planning Director or Development Review Board to require larger/more mature landscaping ,"""the Planning Director or the Development Review Board, as applicable, may require larger or more mature plant materials"" -- a discretionary landscaping-material standard, not a fixed dimensional requirement placed on the building itself."
00052,or/clackamas/wilsonville,max_height_ft,or/clackamas/wilsonville/4.planning.txt,15448,4,same_field,1,"no more than 50 feet on center, to break up the length and height of the façade.",50,35,agree,no,,,"spacing of tree groups along long building walls (a landscaping/facade-planting rule, not a building dimension)","""building walls longer than 50 feet shall require tree groups located no more than 50 feet on center"" governs where trees are planted next to a facade, not a standard the building structure itself must meet."
00053,or/clackamas/wilsonville,min_lot_sqft,or/clackamas/wilsonville/4.planning.txt,15998,4.113,same_field,1,"1. Minimum Lot Area: 10,000 square feet.",10000,"1250,1500,7000,8000,20000",agree,no,,,minimum lot area for a conditionally-permitted church use in residential zones,"The line sits under ""(.04) Conditional Use Regulations—Churches"" / ""B. Condition Standards: 1. Minimum Lot Area: 10,000 square feet."" This applies only to churches, not a fourplex."
00054,or/clackamas/wilsonville,min_frontage_ft,or/clackamas/wilsonville/4.planning.txt,15999,4.113,same_field,1,2. Minimum Street Frontage: 100 feet.,100,"20,30,35,40,80",agree,no,,,minimum street frontage for a conditionally-permitted church use in residential zones,"Same church ""Condition Standards"" list: ""2. Minimum Street Frontage: 100 feet."" Church-specific, not applicable to a fourplex."
00055,or/clackamas/wilsonville,max_height_ft,or/clackamas/wilsonville/4.planning.txt,16001,4,same_field,1,4. Maximum Building Height: 50 feet.,50,35,agree,no,,,maximum building height for a conditionally-permitted church use in residential zones,"Same church ""Condition Standards"" list: ""4. Maximum Building Height: 50 feet."" This governs churches under a conditional use permit, not our residential fourplex."
00056,or/clackamas/wilsonville,min_frontage_ft,or/clackamas/wilsonville/4.planning.txt,16040,4,same_field,1,4. Minimum Street Frontage: 100 feet.,100,"20,30,35,40,80",agree,no,,,minimum street frontage for a conditionally-permitted service station,"Listed under ""(.07) Conditional Use Regulations—Service Stations"" / ""C. Dimensional Standards: 4. Minimum Street Frontage: 100 feet."" A different use entirely from our building."
00057,or/clackamas/wilsonville,min_lot_sqft,or/clackamas/wilsonville/4.planning.txt,16042,4,same_field,1,"6. Minimum Lot Size: 12,000 square feet.",12000,"1250,1500,7000,8000,20000",agree,no,,,minimum lot size for a conditionally-permitted service station,"Same service-station dimensional standards list: ""6. Minimum Lot Size: 12,000 square feet."" Not applicable to our residential fourplex."
00058,or/multnomah/_unincorporated,max_height_ft,or/multnomah/_unincorporated/33.110.txt,664,33.110,same_field,1,d. Water collection cisterns that are 6 feet or less in height;,6,"25,30,35",agree,no,,,"minor building features, including water collection cisterns 6 feet or less in height, that are permitted to extend into","""The following minor features of a building may extend into the entire required building setbacks... Water collection cisterns that are 6 feet or less in height"" -- a permitted optional encroachment a developer may use, not something the building has to satisfy."
00059,or/multnomah/_unincorporated,max_height_ft,or/multnomah/_unincorporated/33.110.txt,695,33.110,same_field,1,"be reduced to 10 feet. However, the height limitations of subparagraph c. apply.",10,"25,30,35",agree,no,,,"optional reduced front setback for a dwelling on a steeply sloping lot, with an offsetting height limitation","""the front building setback for the dwelling may be reduced to 10 feet"" is a permissive exception a developer on a steep lot may choose to use, not a required minimum."
00060,or/multnomah/_unincorporated,max_height_ft,or/multnomah/_unincorporated/33.110.txt,2006,33.110,same_field,1,edges on street facing facades may extend up to 16 feet above the height limit. Other mechanical equipment,16,"25,30,35",agree,no,,,footnote to the Institutional Development Standards table allowing towers/spires and elevator mechanical equipment to ex,"""Elevator mechanical equipment that is set back at least 15 feet from all roof edges on street facing facades may extend up to 16 feet above the height limit."" This is a permitted exceedance for institutional buildings (churches/schools/etc.), not a requirement, and not our use."
00061,or/multnomah/_unincorporated,max_height_ft,or/multnomah/_unincorporated/33.110.txt,2009,33.110,same_field,1,to 10 feet above the height limit.,10,"25,30,35",agree,no,,,continuation of the institutional-standards footnote letting certain rooftop mechanical/stairwell enclosures extend abov,"""...may extend up to 10 feet above the height limit"" is a permitted allowance tied to the Institutional Development Standards table, not a requirement, and not applicable to a residential fourplex."
00062,or/multnomah/fairview,setback_rear_ft,or/multnomah/fairview/19.115.txt,73,19.115.040,same_field,1,b. Detached garages on lots abutting Fairview and Clear Creek shall have rear setbacks in compliance with the environmental setbacks of those creeks; 50 feet and 37.5 feet respectively. Minimum side y,"50,37.5","0,5,8,15",agree,no,,,"rear-setback standard for a detached garage specifically on a lot abutting Fairview or Clear Creek, matching the creek's","""Detached garages on lots abutting Fairview and Clear Creek shall have rear setbacks in compliance with the environmental setbacks of those creeks; 50 feet and 37.5 feet respectively."" This governs a detached accessory structure on a specific creek-abutting lot condition, not the main dwelling."
00063,or/multnomah/fairview,max_height_ft,or/multnomah/fairview/19.135.txt,78,19.135.030,same_field,1,"e. Awnings may extend up to four feet into a public right-of-way. Awnings shall have a minimum clearance of 7.0 feet and a maximum height of 12.5 feet. Awning covering material shall be metal, glass,","7,12.5","35,45",agree,no,,,optional design standard (clearance/height) for awnings that may be built projecting into the right-of-way in the VMU zo,"""Awnings may extend up to four feet into a public right-of-way. Awnings shall have a minimum clearance of 7.0 feet and a maximum height of 12.5 feet."" Awnings are an optional feature a developer may choose to add, not a required part of the building."
00064,or/multnomah/fairview,max_height_ft,or/multnomah/fairview/19.135.txt,80,19.135.030,same_field,1,"f. Buildings in the “four corners area” of the VMU zone (delineated in Figure V-1, following Chapter 19.155 FMC) shall have a minimum front facade height of 18 feet as measured from the finished stree",18,"35,45",agree,no,,,minimum front facade height plus a residential-floor placement restriction (residential limited to 2nd/3rd floor) for bu,"""Buildings in the 'four corners area' of the VMU zone... shall have a minimum front facade height of 18 feet... with residential uses restricted to the second and/or third floor."" This requires a non-residential ground floor in a small delineated sub-area, incompatible with our all-residential, ground-floor townhome design."
00065,or/multnomah/fairview,max_height_ft,or/multnomah/fairview/19.135.txt,88,19.135.030,same_field,1,"Building front facade height, as measured from the street grade, shall be no less than 18 feet.",18,"35,45",missed,yes,18,minimum front facade height,general minimum front building facade height for buildings within the Village Commercial or Village Mixed-Use zone,"""Building front facade height, as measured from the street grade, shall be no less than 18 feet"" is listed under 'D. Height Restrictions' for the VC/VMU zone generally (not limited to the 'four corners area'), and the code elsewhere states 'The VMU area shall be occupied by townhomes and commercial uses,' so a four-unit attached townhome is a building type this zone contemplates."
00066,or/multnomah/fairview,setback_front_ft,or/multnomah/fairview/19.30.txt,475,19.30.030,same_field,1,"1. When an existing single-unit dwelling on the same street is located within 30 feet of the subject site, a front yard setback similar to that of the nearest single-unit dwelling shall be used. “Simi",30,"0,10,20",missed,yes,5,"minimum front yard setback for infill housing, matched to the nearest existing single-unit dwelling's setback","front-yard setback formula for new dwellings in an 'established residential area' (platted before Nov 17, 2001) where an","""Applicability. These standards apply to all dwellings in all residential districts"" and 'a front yard setback similar to that of the nearest single-unit dwelling shall be used. ""Similar"" means the setback is within five feet of the setback provided by the nearest single-unit dwelling.' No single fixed setback number is printed here -- it is matched to a neighboring dwelling's actual setback -- so"
00067,or/multnomah/fairview,max_height_ft,or/multnomah/fairview/19.65.txt,255,19.65.060,same_field,1,"2. Across a Local Street or Alley from a Residential Zone. On the portion of the site within 15 feet of a lot line that is across a local street or alley, as identified in the Fairview Transportation",15,"35,45",agree,no,,,height step-down standard for buildings in the Town Center Commercial district sited across a local street or alley from,"""the step-down height limit is 45 feet"" applies to buildings within the Town Center Commercial (TC) district, a commercial storefront-scaled district; nothing on this page indicates a residential-only fourplex is a use built there, and this particular step-down figure equals the district's ordinary 45-foot base height anyway."
00068,or/multnomah/gresham,min_lot_width_ft,or/multnomah/gresham/4.0100.residential.txt,597,4,same_field,1,Lot width at building line (interior and corner lots): 50 feet,50,"16,20,25,35,40,42,45,60,70,75,100",agree,no,,,"minimum subdivision lot width under Gresham's optional 'Large Lot Subdivision' program for LDR-5/LDR-7, which a property","""This subsection is intended to provide... as an option to property owners/applicants the opportunity to create a subdivision"" -- this is a voluntary alternative land-division path with its own lot dimensions, not a default requirement our building's lot has to meet."
00069,or/multnomah/portland,max_height_ft,or/multnomah/portland/33.110.txt,664,33.110,same_field,1,d. Water collection cisterns that are 6 feet or less in height;,6,"30,35,45,65,75,100,150",agree,no,,,"minor building features, including water collection cisterns 6 feet or less in height, that are permitted to extend into","Same provision as the Multnomah County unincorporated text: ""Water collection cisterns that are 6 feet or less in height"" is a permitted optional encroachment, not a requirement."
00070,or/multnomah/portland,max_height_ft,or/multnomah/portland/33.110.txt,695,33.110,same_field,1,"be reduced to 10 feet. However, the height limitations of subparagraph c. apply.",10,"30,35,45,65,75,100,150",agree,no,,,"optional reduced front setback for a dwelling on a steeply sloping lot, with an offsetting height limitation","""the front building setback for the dwelling may be reduced to 10 feet"" is a permissive exception a developer on a steep lot may choose to use, not a required minimum (Portland's version of the same unincorporated-county provision)."
00071,or/multnomah/portland,max_height_ft,or/multnomah/portland/33.110.txt,1642,33.110,same_field,1,"case, the maximum height allowed is reduced to 25 feet. Adjustments are",25,"30,35,45,65,75,100,150",missed,yes,25,maximum building height under the fourplex building-coverage exception,maximum building height when a triplex/fourplex on Portland's Residential Infill Options track uses the 60 percent build,"""the maximum building coverage allowed per lot is 60 percent. In this case, the maximum height allowed is reduced to 25 feet. Adjustments are prohibited."" This sits within 33.110.265 Residential Infill Options, the same section whose Table 110-7 sets the 'Triplex and Fourplex Minimum Lot Area Standard,' so it applies to our four-unit building if that coverage exception is used."
00072,or/multnomah/portland,max_height_ft,or/multnomah/portland/33.110.txt,1745,33.110,same_field,1,6. Maximum height. The maximum height allowed is 25 feet. Existing dwelling units that,25,"30,35,45,65,75,100,150",agree,no,,,maximum building height standard specific to Cottage Cluster developments,"""6. Maximum height. The maximum height allowed is 25 feet."" is one of the numbered Cottage Cluster standards under Table 110-8 (density, floor area, separation, coverage all cottage-cluster-specific); the building described is explicitly not a cottage cluster."
00073,or/multnomah/portland,max_height_ft,or/multnomah/portland/33.110.txt,2006,33.110,same_field,1,edges on street facing facades may extend up to 16 feet above the height limit. Other mechanical equipment,16,"30,35,45,65,75,100,150",agree,no,,,footnote to the Institutional Development Standards table allowing towers/spires and elevator mechanical equipment to ex,"Same Portland Table 110-9 footnote as the unincorporated-county text: ""Elevator mechanical equipment... may extend up to 16 feet above the height limit."" A permitted allowance for institutional buildings (churches/schools/etc.), not our use, and not mandatory."
00074,or/multnomah/portland,max_height_ft,or/multnomah/portland/33.110.txt,2009,33.110,same_field,1,to 10 feet above the height limit.,10,"30,35,45,65,75,100,150",agree,no,,,continuation of the institutional-standards footnote letting certain rooftop mechanical/stairwell enclosures extend abov,"""...may extend up to 10 feet above the height limit"" -- same Table 110-9 footnote, a permitted allowance tied to institutional buildings, not applicable to a residential fourplex."
00075,or/multnomah/portland,setback_garage_entrance_ft,or/multnomah/portland/33.120.txt,1224,33.910,same_field,1,"a. In the RM2, RM3, RM4, and RX zone, the garage entrance must be either 5 feet",5,18,missed,yes,5,garage entrance setback from street lot line,"garage entrance placement standard for the RM2, RM3, RM4, and RX zones in the Multi-Dwelling Zones chapter","The line reads ""the garage entrance must be either 5 feet or closer to the street lot line, or 18 feet or farther from the street lot line"" -- a mandatory two-branch setback on the garage entrance in multi-dwelling zones where a quadplex is a base use, with no exemption for this building type. Because it is a dual threshold, both 5 and 18 govern; 5 is given as the printed figure closest to the lot"
00076,or/multnomah/portland,setback_garage_entrance_ft,or/multnomah/portland/33.120.txt,1226,33.910,same_field,1,"garage entrance is located within 5 feet of the front lot line, it may not be closer",5,18,missed,yes,5,garage entrance position relative to building facade,"restriction on garage entrance placement relative to the residential facade, when the garage entrance is within 5 feet o","""If the garage entrance is located within 5 feet of the front lot line, it may not be closer to the lot line than the facade of the residential portion of the building"" is a mandatory alignment rule (not an optional bonus) in the same RM2/RM3/RM4/RX zones as 33.120.220(E)(1)(a); the 5-foot figure sets the condition that triggers the facade-alignment requirement."
00077,or/multnomah/portland,max_height_ft,or/multnomah/portland/33.130.txt,565,33.130.212,same_field,1,"feet or less may extend 10 feet above the height limits, or 5 feet above the highest","10,5","30,35,45,65,75,100,150",agree,no,,,"allowance for chimneys, vents, flag poles, satellite dishes and similar narrow projections to extend above the height li","The line says these items ""may extend 10 feet above the height limits, or 5 feet above the highest point of the roof, whichever is greater"" -- a permitted exception a developer may use, not a limit the building must satisfy, and it sits in the Commercial/Mixed Use zone chapter (33.130)."
00078,or/multnomah/portland,max_height_ft,or/multnomah/portland/33.130.txt,575,33.130,same_field,1,railings may extend 4 feet above the height limits.,4,"30,35,45,65,75,100,150",agree,no,,,"allowance for parapets and rooftop railings to extend above the height limit in CM1, CM2, CM3, CE and CX zones","""Parapets and railings may extend 4 feet above the height limits"" is an optional height exception, not a required standard the building must meet."
00079,or/multnomah/portland,max_height_ft,or/multnomah/portland/33.130.txt,578,33.130,same_field,1,between individual rooftop decks may extend 6 feet above the height limits if the,6,"30,35,45,65,75,100,150",agree,no,,,"allowance for walls or fences between individual rooftop decks to extend above the height limit, conditioned on a landsc","""Walls or fences located between individual rooftop decks may extend 6 feet above the height limits if the visual screen is set back at least 4 feet from the edges of the roof"" is a permitted bonus a developer may choose to use, not a mandatory limit."
00080,or/multnomah/portland,max_height_ft,or/multnomah/portland/33.130.txt,589,33.130,same_field,1,the roof area may extend up to 10 feet above the height limits.,10,"30,35,45,65,75,100,150",agree,no,,,allowance for rooftop mechanical equipment covering no more than 10 percent of roof area to extend above the height limi,"""Other mechanical equipment that cumulatively cover no more than 10 percent of the roof area may extend up to 10 feet above the height limits"" is an optional height exception, not a required standard."
00081,or/multnomah/portland,max_height_ft,or/multnomah/portland/33.130.txt,606,33.130,same_field,1,"district, base height, step-down height, and bonus height may be increased by 5 feet",5,"30,35,45,65,75,100,150",agree,no,,,height bonus for buildings with high ground-floor ceilings in certain commercial/mixed-use zones,"""base height, step-down height, and bonus height may be increased by 5 feet when at least 75 percent of the ground floor has at least 15 feet between the floor and the bottom of the structure above"" is an elective bonus condition, not a requirement the building must satisfy."
00082,or/multnomah/portland,max_height_ft,or/multnomah/portland/33.130.txt,886,33.130,same_field,1,(2) Buildings that are 15 feet or less in height are exempt from the required,15,"30,35,45,65,75,100,150",agree,no,,,"exemption from the required residential-abutting setback for buildings 15 feet or less in height, in Commercial/Mixed Us","""Buildings that are 15 feet or less in height are exempt from the required setback."" This building is about 26 feet tall, so it would not qualify for this exemption; the line states an exemption for shorter buildings, not a requirement this building has to meet."
00083,or/multnomah/portland,max_height_ft,or/multnomah/portland/33.130.txt,1919,33.130,same_field,1,b. Water cisterns that are 6 feet or less in height are allowed in side and rear,6,"30,35,45,65,75,100,150",agree,no,,,"setback exception allowing water cisterns, a detached accessory structure, within side and rear setbacks in Commercial/M","""Water cisterns that are 6 feet or less in height are allowed in side and rear setbacks, including setbacks for abutting a residential zone"" concerns a detached accessory structure, not the primary residential building on the lot."
00084,or/multnomah/portland,max_height_ft,or/multnomah/portland/33.150.txt,499,33.150,same_field,1,"depth, or diameter of 5 feet or less may extend 10 feet above the height limit, or 5 feet","5,10","30,35,45,65,75,100,150",agree,no,,,"allowance for chimneys, flag poles, satellite dishes and similar narrow projections to extend above the height limit in ","This is both a permitted projection exception (""may extend 10 feet above the height limit... or 5 feet above the highest point of the roof, whichever is greater"") and sits in the Campus Institutional zone chapter, which governs institutional uses, not a residential fourplex."
00085,or/multnomah/portland,max_height_ft,or/multnomah/portland/33.150.txt,502,33.150,same_field,1,2. Parapets and rooftop railings may extend 4 feet above the height limit.,4,"30,35,45,65,75,100,150",agree,no,,,allowance for parapets and rooftop railings to extend above the height limit in Campus Institutional zones,"""Parapets and rooftop railings may extend 4 feet above the height limit"" is an optional exception in the Campus Institutional zone chapter, not a mandatory standard for a residential fourplex."
00086,or/multnomah/portland,max_height_ft,or/multnomah/portland/33.150.txt,506,33.150,same_field,1,a. Elevator mechanical equipment may extend up to 16 feet above the height,16,"30,35,45,65,75,100,150",agree,no,,,allowance for elevator mechanical equipment to extend above the height limit in Campus Institutional zones,"""Elevator mechanical equipment may extend up to 16 feet above the height limit"" is a permitted exception for rooftop equipment in an institutional-zone chapter, not applicable to this residential building."
00087,or/multnomah/portland,max_height_ft,or/multnomah/portland/33.150.txt,509,33.150,same_field,1,more than 10 percent of the roof area may extend up to 10 feet above the height,10,"30,35,45,65,75,100,150",agree,no,,,allowance for other rooftop mechanical equipment covering up to 10 percent of roof area to extend above the height limit,"""Other mechanical equipment and stairwell enclosures that cumulatively cover no more than 10 percent of the roof area may extend up to 10 feet above the height"" is an optional exception in the Campus Institutional chapter, not a base requirement for a residential fourplex."
00088,or/multnomah/troutdale,setback_street_side_ft,or/multnomah/troutdale/3.zoning-districts.txt,318,3,same_field,1,5. Street side yard setback is 20 feet if driveway access is taken from street side yard.,20,"0,10",agree,no,,,footnote 5 to the dimensional-standards table for two-family/duplex dwellings (the table immediately preceding the separ,"Neighboring footnotes 3 and 4 to this same table (""Rear yard setbacks for duplexes are 15 feet..."") confirm it governs duplex dwellings, a use this building is not; the quadplex table that starts right after this note (""B. Triplex and quadplex dwellings:"") has its own separate footnote series."
00089,or/multnomah/troutdale,setback_street_side_ft,or/multnomah/troutdale/3.zoning-districts.txt,340,3,same_field,1,2. Street side yard setback is 20 feet if driveway access is taken from street side yard.,20,"0,10",missed,yes,20,"street side yard setback when driveway access is taken from the street side yard, for triplex/quadplex dwellings",footnote to the triplex/quadplex dimensional table's street side yard setback row,"""Street side yard setback is 20 feet if driveway access is taken from street side yard"" is footnote 2 to the 'B. Triplex and quadplex dwellings' table, whose Street side yard row reads '10 or 20, see note 2'; this raises the base 10-foot setback to 20 feet when the driveway takes access from the street side yard, and this building has a driveway to a public street."
00090,or/multnomah/troutdale,max_height_ft,or/multnomah/troutdale/3.zoning-districts.txt,777,3.235,same_field,1,"b. For each one (1) foot reduction in the minimum setback, the building height",1,"35,55",agree,no,,,formula for an optional side/rear setback reduction traded against a lowered maximum building-height ceiling,"This formula (""For each one (1) foot reduction in the minimum setback, the building height ceiling shall be reduced by two (2) feet"") is part of section 3.235.C.6, ""Reduced setback allowed,"" an elective option a builder may choose to use, not a standard the building must satisfy by default."
00091,or/multnomah/troutdale,max_height_ft,or/multnomah/troutdale/3.zoning-districts.txt,779,3.235,same_field,1,maximum five (5) feet closer to the common property line has a building height,5,"35,55",agree,no,,,worked example of the optional setback-reduction/height-reduction trade-off formula,"This sentence illustrates the same elective 3.235.C.6 reduced-setback option (""a building that is set back the maximum five (5) feet closer... has a building height ceiling that is ten (10) feet lower""); it is an example of an optional trade a developer may choose, not a mandatory requirement."
00092,or/multnomah/wood-village,max_height_ft,or/multnomah/wood-village/235.300.txt,81,235.300,same_field,1,"(2)For sites abutting a light residential zone or abutting right-of-way adjacent to a light residential zone, the maximum height is twenty-five (25) feet within the first twenty-five (25) feet from th",25,"35,45",agree,no,,,"stepped maximum-height limit near a light residential zone boundary, applicable to the Nonresidential and Mixed Use colu","Footnote (2) qualifies the 115-foot maximum height that applies only in the 'NONRESIDENTIAL AND MIXED USE' column of Table 235-2; this building is residential use only with no commercial floor area, so it falls under the 'RESIDENTIAL USE CATEGORIES' column (35 ft, same as MR2 zone) instead, per the table's own note that mixed-use structures are what get regulated under the nonresidential column."
00093,or,max_height_ft,or/oar.660-046-0220.txt,61,660-046-0220,read_section,1,"Height: A Large City may not apply lower maximum height standards than those applicable to detached single-family dwellings in the same zone, except a maximum height may not be less than 25 feet or tw",25,,agree,no,,,"state rule (OAR) limiting how low a Large City may set its own maximum height standard for middle housing, including qua","""A Large City may not apply lower maximum height standards than those applicable to detached single-family dwellings in the same zone, except a maximum height may not be less than 25 feet or two stories"" constrains what a city's own code may require -- it is a floor protecting the building's allowed height, not a number this specific design must itself meet."
00094,or/clackamas/_unincorporated,min_lot_sqft,or/clackamas/_unincorporated/zdo.315.txt,1086,315.04,read_section,1,"12 For a townhouse, the minimum lot size is 3,630 square feet in the MR-1 District and 2,420 square feet in the MR-2 District unless, as part of an application filed pursuant to Section 1105, Subdivis","3630,2420",7000,agree,no,,,minimum lot size footnote specific to the 'townhouse' use,"This document's own use list (Note 7: ""cottage cluster development, detached single-family dwelling, duplex, manufactured home, prefabricated structure, quadplex, single room occupancy, townhouse, or triplex"") treats 'townhouse' and 'quadplex' as separate, distinct uses; this building sits on one lot as a quadplex, not a subdivided-lot townhouse."
00095,or/clackamas/_unincorporated,min_lot_sqft,or/clackamas/_unincorporated/zdo.315.txt,1535,315.04,read_section,1,"[1] The minimum lot size for a lot developed with a detached single-family dwelling classified as a nonconforming use is 3,630 square feet.",3630,7000,agree,no,,,minimum lot size footnote for a detached single-family dwelling classified as a nonconforming use,"""The minimum lot size for a lot developed with a detached single-family dwelling classified as a nonconforming use is 3,630 square feet"" concerns a detached single-family house with nonconforming-use status; this building is new-construction and a quadplex, neither a detached house nor a nonconforming use."
00096,or/clackamas/_unincorporated,min_lot_sqft,or/clackamas/_unincorporated/zdo.315.txt,1537,315.04,read_section,1,"[2] The minimum lot size for a lot developed with a detached single-family dwelling classified as a nonconforming use is 2,420 square feet.",2420,7000,agree,no,,,"minimum lot size footnote for a detached single-family dwelling classified as a nonconforming use, in a different distri","Same reasoning as the neighboring footnote [1]: this concerns a nonconforming detached single-family dwelling, not a new-construction quadplex."
00097,or/clackamas/_unincorporated,setback_rear_ft,or/clackamas/_unincorporated/zdo.845.txt,137,845.04,read_section,1,7 Minimum Setbacks: The minimum front and rear setbacks are 10 feet. The minimum side setback is five feet.,10,"15,20",agree,no,,,minimum setback standard for cottage cluster developments,"""The minimum front and rear setbacks are 10 feet. The minimum side setback is five feet"" is stated under 845.04 Cottage Clusters; this building is explicitly not a cottage cluster."
00098,or/clackamas/lake-oswego,min_lot_sqft,or/clackamas/lake-oswego/50.04.dimensional.txt,553,50.04.001.2,read_section,4,"2,750 sq. ft. + [(actual lot size – 6,000 sq. ft.) x 0.19]","2750,6000","1500,7000,7500,10000,15000",unclear,unclear,,,maximum floor area formula in the Residential Medium Density Zones dimensional table,"The same table breaks its Minimum Lot Dimensions section out by specific housing type ('Single-Family, Duplex and Triplex Dwellings; Townhouse Projects' vs. 'Cottage Clusters and Quadplexes' vs. 'Townhouses (one per lot)'), but the passage does not show whether the Max. Floor Area row [6] that follows is similarly restricted to a subset of those types or applies zone-wide; the rows between are eli"
00099,or/clackamas/lake-oswego,min_lot_sqft,or/clackamas/lake-oswego/50.04.dimensional.txt,558,50.04.001.2,read_section,1,"2,850 sq. ft. + [(actual lot size – 5,000 sq. ft.) x 0.28]","2850,5000","1500,7000,7500,10000,15000",unclear,unclear,,,maximum floor area formula (R-5 column) in the Residential Medium Density Zones dimensional table,"Same gap as the neighboring R-6 figure: the passage does not show which housing types the Max. Floor Area [6] row covers, and footnote 6 itself is not in view, so it is unclear whether this cap applies to a quadplex."
00100,or/clackamas/lake-oswego,min_lot_sqft,or/clackamas/lake-oswego/50.04.dimensional.txt,566,50.04.001.2,read_section,1,"2,850 sq. ft. + [(actual lot size – 5,000 sq. ft.) x 0.48]","2850,5000","1500,7000,7500,10000,15000",unclear,unclear,,,"a MAX. FLOOR AREA formula row in the R-6/R-5/R-DD dimensions table, apparently the 'Lot < 5,000 sq. ft.' sub-case for on","The table is flattened to one value per line with repeated/omitted labels (an ellipsis hides rows between L534-L546), so which zone column (R-6 vs R-5) and which dwelling type this specific formula belongs to cannot be pinned down; footnote [6] on 'MAX. FLOOR AREA [6]' is also not shown."
00101,or/clackamas/lake-oswego,max_height_ft,or/clackamas/lake-oswego/50.04.dimensional.txt,788,50.04.001-5,read_section,1,[1] < 600 sq. ft. and with walls < 10 ft. in height below the eave.,10,"25,28,30,35",agree,no,,,footnote [1] defining the size/wall-height threshold for the 'Accessory Structures (ft.) [1]' setback column in the R-6 ,"The marked line ('< 600 sq. ft. and with walls < 10 ft. in height below the eave') is a definitional footnote qualifying the Accessory Structures setback column, not a standard for the primary structure."
00102,or/clackamas/lake-oswego,max_height_ft,or/clackamas/lake-oswego/50.04.dimensional.txt,805,50.04.001-6,read_section,1,Structures ≤ 18 ft. in height Structures > 18 ft. in height,18,"25,28,30,35",agree,no,,,column headers ('Structures ≤ 18 ft. in height' / 'Structures > 18 ft. in height') for the minimum side yard setback tab,"The header text itself carries no number, and the surrounding text (L802) limits the whole table to 'Additions to primary and accessory structures built before July 1, 2010' — our building is new construction, not a pre-2010 addition."
00103,or/clackamas/lake-oswego,max_height_ft,or/clackamas/lake-oswego/50.04.dimensional.txt,1099,50.04.001-9,read_section,2,"Two or more: 40 ft. average, with no individual primary structure exceeding 50 ft. base building height.","40,50","25,28,30,35",agree,no,,,R-5 zone height limit for attached-development projects greater than one-half acre that place two or more primary struct,"The marked line ('Two or more: 40 ft. average...') only governs sites with 'Two or more' primary structures under 'Projects Greater Than One-Half Acre' (L1093); our building is a single primary structure, matching the 'One: 50 ft.' row instead, and is not described as a >0.5-acre multi-building project."
00104,or/clackamas/lake-oswego,max_height_ft,or/clackamas/lake-oswego/50.04.dimensional.txt,1121,50.04.001-9,read_section,1,"In the R-5 zone, a structure shall not exceed the base height standards set forth in subsection 2.g.i(2) of this section if the structure is closer than 60 ft. to a lot carrying a residential designat",60,"25,28,30,35",missed,yes,60,"maximum building height (base height standard applies, no exception) near certain adjacent zoning",R-5 zone rule that blocks any height bonus/exception and forces compliance with the base height standard (28 ft flat lot,"'a structure shall not exceed the base height standards ... if the structure is closer than 60 ft. to a lot carrying a residential designation other than R-0, R-3, or R-5' is a real cap our building must meet if sited near such a lot; the 60 is the only number printed on this line, and the actual base-height figures it points to (28/35 ft) are given in the surrounding, unmarked lines."
00105,or/clackamas/lake-oswego,max_height_ft,or/clackamas/lake-oswego/50.04.dimensional.txt,1167,50.04.001-9,read_section,1,"Average height may increase to 40 ft. over the entire site, with no individual structure exceeding 50 ft., in the following circumstances:","40,50","25,28,30,35",agree,no,,,R-DD discretionary height bonus letting average site height rise to 40 ft (50 ft max per structure) if the site is large,"'Average height may increase to 40 ft. ... in the following circumstances' is worded as a permitted increase, not a standard the building must meet — a bonus a developer may choose is a no per the rules."
00106,or/clackamas/lake-oswego,max_height_ft,or/clackamas/lake-oswego/50.04.dimensional.txt,1661,50.04.001-13,read_section,1,"In the R-0 or R-3, a structure shall not exceed the base height standards set forth in subsection 3.f.ii of this section if the structure is closer than 60 ft. to a lot carrying a residential designat",60,"25,28,30,35",missed,yes,60,"maximum building height (base height standard applies, no exception) near certain adjacent zoning",R-0/R-3 zone rule that blocks any height bonus/exception and forces compliance with the base height standard when the st,"'a structure shall not exceed the base height standards ... if the structure is closer than 60 ft. to a lot carrying a residential designation other than R-0, R-3 or R-5' mirrors the R-5 rule elsewhere in this document; 60 is the number printed on the marked line, with the base-height figures themselves given in the surrounding context."
00107,or/clackamas/milwaukie,min_frontage_ft,or/clackamas/milwaukie/12.16.access-management.txt,190,12.16.040,read_section,1,"For lots with one street frontage on a local street and/or neighborhood route, one additional accessway may be granted where the driveway approaches can be spaced fifty (50) feet apart, upon review an",50,,agree,no,,,discretionary allowance of a second driveway/accessway for single detached residential and middle housing (including ple,"'one additional accessway may be granted where the driveway approaches can be spaced fifty (50) feet apart' is an optional extra a project may seek, not a standard our building must meet, since our building only needs the one accessway already allowed by the base rule."
00108,or/clackamas/milwaukie,max_units,or/clackamas/milwaukie/12.16.access-management.txt,264,12.16.040,read_section,1,Multi-unit residential or cottage cluster developments with between five (5) and eight (8) units must have a minimum driveway apron width of sixteen (16) feet on local or neighborhood streets and twen,8,,agree,no,,,minimum/maximum driveway apron width for multi-unit residential or cottage cluster developments with between five (5) an,The line explicitly scopes to developments 'with between five (5) and eight (8) units'; our four-unit building falls instead under the 'up to four (4) units' apron-width standard given in the line just above (L260).
00109,or/clackamas/milwaukie,max_units,or/clackamas/milwaukie/12.16.access-management.txt,268,12.16.040,read_section,1,"Multi-unit residential or cottage cluster developments with more than eight (8) dwelling units, and off-street parking areas with sixteen (16) or more spaces, must have a minimum driveway apron width",8,,agree,no,,,minimum/maximum driveway apron width for multi-unit residential or cottage cluster developments with more than eight (8),The line applies to developments 'with more than eight (8) dwelling units'; our four-unit building does not meet that unit count.
00110,or/clackamas/milwaukie,max_coverage_pct,or/clackamas/milwaukie/19.300.base-zones.txt,544,19.302.5,read_section,1,"The maximum lot coverage percentage in Subsection 19.302.4 is increased by 10 percentage points for development of an addition to an existing single detached dwelling or an accessory structure, provid",10,"30,35,45,50",agree,no,,,lot-coverage bonus (+10 percentage points) for an addition to an existing single detached dwelling or accessory structur,"The line covers 'an addition to an existing single detached dwelling or an accessory structure' — our project is new construction of a four-unit building, not an addition to an existing single-family home, and it is a discretionary allowance in any case."
00111,or/clackamas/milwaukie,max_coverage_pct,or/clackamas/milwaukie/19.300.base-zones.txt,548,19.302.5,read_section,1,"The maximum lot coverage percentage in Subsection 19.302.4 is increased by 10 percentage points for development of a middle housing dwelling (except for townhouses and cottage clusters), an addition t",10,"30,35,45,50",agree,no,,,"lot-coverage bonus (+10 percentage points) for middle housing development, explicitly excluding townhouses and cottage c","The line reads 'a middle housing dwelling (except for townhouses and cottage clusters)'; our building is described as a four-unit attached townhome, which this bonus expressly excludes, and it is a discretionary allowance regardless."
00112,or/clackamas/milwaukie,max_coverage_pct,or/clackamas/milwaukie/19.300.base-zones.txt,559,19.302.5,read_section,1,The maximum lot coverage percentage in Subsection 19.302.4.B.4 is increased by a total of 5 percentage points for the development of new detached or attached accessory dwelling units. This allowance a,5,"30,35,45,50",agree,no,,,lot-coverage bonus (+5 percentage points) for new detached or attached accessory dwelling units,"'This allowance applies only to the detached accessory dwelling units' — our building is the primary structure, not an ADU, and it is an optional bonus in any case."
00113,or/clackamas/milwaukie,max_height_ft,or/clackamas/milwaukie/19.300.base-zones.txt,579,19.302.5,read_section,1,"An additional 10 ft of building height may be permitted in excess of the required maximum standard. For the additional 10 ft in building height, an additional 10% of site area beyond the minimum is re",10,"35,45",agree,no,,,discretionary height bonus of up to 10 additional ft in exchange for extra retained vegetation,"'An additional 10 ft of building height may be permitted' is a bonus a developer may elect, not a standard the building must satisfy."
00114,or/clackamas/milwaukie,max_units,or/clackamas/milwaukie/19.500.supplementary.txt,1469,19.505.3,read_section,1,"a. For buildings with more than 5 dwelling units, a minimum of 10% of the gross site area, or 750 sq ft, whichever is greater, shall be designated as common open space.",5,,agree,no,,,"minimum common open space (10% of gross site area or 750 sq ft, whichever greater) required for multi-unit buildings wit","The line applies 'For buildings with more than 5 dwelling units'; our building has only 4 units, so this specific sizing threshold does not apply to it."
00115,or/clackamas/milwaukie,min_frontage_ft,or/clackamas/milwaukie/19.500.supplementary.txt,1493,19.505.3,read_section,1,"c. For sites not on an arterial street, at least 50% of a site's street frontage, excluding driveways, shall be occupied by buildings that are located no further than 10 ft from the required setback l",10,,missed,yes,50,minimum percentage of street frontage occupied by building mass within a set distance of the setback line (build-to stan,objective design standard for multi-unit housing requiring buildings to occupy a share of the street frontage close to t,"'at least 50% of a site's street frontage, excluding driveways, shall be occupied by buildings that are located no further than 10 ft from the required setback line' is a mandatory objective standard under the Multi-Unit Housing design table, with no unit-count carve-out shown; the companion figure is 10 ft of depth from the setback line."
00116,or/clackamas/milwaukie,min_frontage_ft,or/clackamas/milwaukie/19.500.supplementary.txt,1494,19.505.3,read_section,1,"d. For sites on an arterial street, at least 50% of a site's street frontage, excluding driveways, shall be occupied by buildings that are located no further than 20 ft from the required setback line.",20,,missed,yes,50,minimum percentage of street frontage occupied by building mass within a set distance of the setback line (build-to stan,objective design standard for multi-unit housing requiring buildings to occupy a share of the street frontage close to t,"'at least 50% of a site's street frontage, excluding driveways, shall be occupied by buildings that are located no further than 20 ft from the required setback line' is the arterial-street counterpart to the standard just above it; the companion figure here is 20 ft of depth from the setback line."
00117,or/clackamas/milwaukie,max_height_ft,or/clackamas/milwaukie/19.500.supplementary.txt,1531,19.505.3,read_section,1,"c. On sites with a side or rear lot line that abuts an R-MD Zone, landscaping, or a combination of fencing and landscaping, shall be used to provide a sightobscuring screen 6 ft high along the abuttin",6,"35,45",missed,yes,6,minimum height of sight-obscuring screen where a site abuts an R-MD zone,landscaping/screening standard requiring a 6 ft sight-obscuring screen along a side or rear lot line that abuts an R-MD ,"'landscaping, or a combination of fencing and landscaping, shall be used to provide a sightobscuring screen 6 ft high along the abutting property line' is a mandatory site standard under the Multi-Unit Housing landscaping requirements that would apply to our building if its lot abuts an R-MD zone."
00118,or/clackamas/milwaukie,max_height_ft,or/clackamas/milwaukie/19.500.supplementary.txt,1571,19.505.3,read_section,1,"b. Where windows on a multi-unit development are within 30 ft of windows on adjacent residences, windows on the multi-unit development shall be offset so the panes do not overlap windows on adjacent r",30,"35,45",missed,yes,30,window offset required where within a set distance of adjacent residence windows (privacy standard),privacy design standard requiring windows on a multi-unit development to be offset from windows on adjacent residences w,"'Where windows on a multi-unit development are within 30 ft of windows on adjacent residences, windows on the multi-unit development shall be offset so the panes do not overlap' is a mandatory objective standard with no unit-count exclusion shown; 30 is the distance printed on the marked line."
00119,or/clackamas/milwaukie,open_space_min_pct,or/clackamas/milwaukie/19.500.supplementary.txt,1577,19.505.3,read_section,1,a. At least 70% of the street or common open space frontage shall be visible from the following areas on 1 or more dwelling units: a front door; a ground-floor window (except a garage window); or a se,70,,missed,yes,70,minimum percentage of street/common-open-space frontage visible from a qualifying door or window (natural surveillance s,objective safety standard requiring a share of street or common-open-space frontage to be visible from a front door or s,'At least 70% of the street or common open space frontage shall be visible from ... a front door; a ground-floor window ...; or a second-story window placed no higher than 3.5 ft from the floor to the bottom of the windowsill' is a mandatory design standard with no unit-count carve-out shown; the companion figure is the 3.5 ft windowsill height threshold.
00120,or/clackamas/milwaukie,min_lot_width_ft,or/clackamas/milwaukie/19.500.supplementary.txt,2336,19.505.5,read_section,1,"On townhouse lots with a lot width of 25 ft or less, there is no required side yard between an accessory structure and a side lot line abutting a townhouse lot. All other accessory structure regulatio",25,"20,30,50,60",agree,no,,,side-yard setback relief for accessory structures on narrow (25 ft or less width) townhouse lots,"The heading 'Accessory Structure Setbacks' and the text 'no required side yard between an accessory structure and a side lot line' both make clear this governs accessory structures, not the primary four-unit building."
00121,or/clackamas/rivergrove,max_height_ft,or/clackamas/rivergrove/rldo.composite.txt,872,,read_section,1,height for each 12 feet in width;,12,,agree,no,,,"one of four alternative design elements (pitched roof slope of at least 3 ft rise per 12 ft width), at least two of whic","Section 5.050's permitted-uses list in this passage covers only 'One single-family detached dwelling ... or one duplex, or one triplex residential unit per lot' — a four-unit fourplex is not among the listed permitted uses here, and even for a covered use only 2 of the 4 listed elements must be met, not this one specifically."
00122,or/clackamas/rivergrove,max_height_ft,or/clackamas/rivergrove/rldo.composite.txt,1058,,read_section,1,(a) No new residential structure may exceed 35 feet in height (not including the height,35,,missed,yes,35,maximum building height,general maximum height limit for new residential structures,"'No new residential structure may exceed 35 feet in height (not including the height of antennas, solar collectors, or wind generators)' is stated without any dwelling-type restriction in this passage, so it reads as the general residential height cap."
00123,or/clackamas/rivergrove,max_height_ft,or/clackamas/rivergrove/rldo.composite.txt,1061,,read_section,1,(b) No new accessory structures may exceed 20 feet in height.,20,,agree,no,,,maximum height (20 ft) for new accessory structures,"'No new accessory structures may exceed 20 feet in height' governs accessory structures, not the primary residential building."
00124,or/clackamas/rivergrove,min_frontage_ft,or/clackamas/rivergrove/rldo.composite.txt,1549,,read_section,1,(c) The partition contains a parcel having 25 feet or less street frontage;,25,,agree,no,,,a threshold (parcel with 25 ft or less street frontage) that triggers a permit fee under the Type I Land Division proced,"This line is under 'Section 6.090. Type I Land Division' and describes when 'a permit fee ... shall be charged' for a partition — a land-division procedural/fee trigger, not a dimensional standard for a building already on a lot."
00125,or/clackamas/tualatin,max_units,or/clackamas/tualatin/40-41.residential.txt,150,40.300,read_section,1,Congregate Care Facility 10 units per acre,10,,agree,no,,,Maximum density standard for Retirement Housing or Congregate Care Facility use in the RL zone (10 units/acre).,"This row is part of Table 40-3's MAXIMUM DENSITY section for 'Retirement Housing or Congregate Care Facility'; the Quadplex row above it (L146) is a separate line reading 'None,' so this retirement/congregate-care density cap does not govern a quadplex."
00126,or/clackamas/tualatin,max_height_ft,or/clackamas/tualatin/40-41.residential.txt,371,41.220,read_section,1,with a maximum height of 75 feet.,75,35,agree,no,,,Maximum height (75 ft) for water reservoirs allowed as a conditional Basic Utilities use in the RML zone.,"The line reads 'Conditional uses limited to water reservoirs, with a maximum height of 75 feet' under the Basic Utilities use category — a utility structure, not the residential fourplex."
00127,or/clackamas/tualatin,max_units,or/clackamas/tualatin/40-41.residential.txt,454,41.300,read_section,1,10 units per acre,10,,agree,no,,,Maximum density (10 units/acre) for Multi-Family (5 or more units) structures in the RML zone.,"The table lists 'Quadplex None' as its own separate row (L450); this line is the density cap for the distinct 'Multi-Family (5 or more units)' category, which a 4-unit building is not."
00128,or/clackamas/tualatin,max_units,or/clackamas/tualatin/40-41.residential.txt,457,41.300,read_section,1,12 units per acre Limited to single-wide dwelling parks,12,,agree,no,,,"Maximum density (12 units/acre) for Manufactured Dwelling Parks, limited to single-wide dwelling parks.","The row is explicitly 'Manufactured Dwelling Parks... Limited to single-wide dwelling parks or any part of a single-wide dwelling park,' an unrelated use type."
00129,or/clackamas/tualatin,max_units,or/clackamas/tualatin/40-41.residential.txt,462,41.300,read_section,1,15 units per acre,15,,agree,no,,,Maximum density (15 units/acre) for Retirement Housing Facility or Congregate Care Facility in the RML zone.,"This is the density row for 'Retirement Housing Facility, or Congregate Care Facility,' a distinct use category from Quadplex, which has its own 'None' row above (L450)."
00130,or/clackamas/tualatin,max_units,or/clackamas/tualatin/40-41.residential.txt,463,41.300,read_section,1,Nursing Facility 15 units per acre,15,,agree,no,,,Maximum density (15 units/acre) for Nursing Facility use in the RML zone.,"'Nursing Facility 15 units per acre' is its own row, separate from the Quadplex row (L450, 'None')."
00131,or/clackamas/tualatin,max_units,or/clackamas/tualatin/40-41.residential.txt,464,41.300,read_section,1,Group Living Uses 15 units per acre,15,,agree,no,,,Maximum density (15 units/acre) for Group Living Uses in the RML zone.,'Group Living Uses 15 units per acre' is a distinct use-category row from Quadplex ('None' at L450); a 4-unit attached townhome is not a group living use.
00132,or/clackamas/tualatin,min_lot_width_ft,or/clackamas/tualatin/40-41.residential.txt,516,41.220,read_section,1,Conditional Uses 100 feet Minimum lot width at street is 40 feet.,"100,40","0,50",agree,no,,,"Minimum average lot width (100 ft) for Conditional Uses in the RML zone, with a 40-ft minimum width at the street.","The same Table 41-3 gives 'Duplex, Triplex, Quadplex, and Cottage Clusters' their own width standard of 50 feet (L501-503); the marked 'Conditional Uses' row is a separate category for uses requiring conditional-use approval, not the quadplex's own listed standard."
00133,or/clackamas/west-linn,min_frontage_ft,or/clackamas/west-linn/02.definitions.txt,281,02.030,read_section,1,"Flag lot. A lot complying with all other provisions of the Community Development Code which does not meet the minimum street frontage requirement of 35 feet, and which gains access to the public right",35,,agree,no,,,"Definition of 'Flag lot,' describing a lot that does not meet the 35-ft minimum street frontage and instead accesses the","This is a definitions-section entry ('02.030 SPECIFIC WORDS AND TERMS') describing what a flag lot is, not a standalone dimensional standard imposed on this building."
00134,or/clackamas/west-linn,max_height_ft,or/clackamas/west-linn/02.definitions.txt,678,02.030,read_section,1,"Minor modification. A change in the approved design that is equal to or less than a 10 percent increase in the length, width or height of the facility. A change of location by under 20 feet laterally",20,"35,40",agree,no,,,"Definition of 'Minor modification' — a design change of 10% or less in length/width/height, or an under-20-ft lateral re","This is a definitions-section entry describing what counts as a 'minor modification' for procedural purposes, not a design standard the building must meet."
00135,or/clackamas/west-linn,max_height_ft,or/clackamas/west-linn/02.definitions.txt,1015,02.030,read_section,1,"Tree. A woody perennial plant usually having one dominant trunk, the capacity to achieve a mature height greater than 16 feet, and primarily referred to as a tree in scientific literature.",16,"35,40",agree,no,,,Definition of 'Tree' as a woody perennial plant capable of reaching over 16 feet in height.,"This is a glossary definition of the word 'tree,' unrelated to any building dimension requirement."
00136,or/clackamas/west-linn,max_units,or/clackamas/west-linn/16.r-2.1.txt,218,16.070,read_section,1,Multifamily dwelling units are limited to 3.5 stories in height.,3.5,,agree,no,,,Height limit of 3.5 stories for 'Multifamily dwelling units' in the R-2.1 zone's dimensional requirements table.,"The same table (L222, L228) lists 'duplexes, triplexes, quadplexes, townhouses or cottage clusters' as a group separate from 'multifamily units,' so 'Multifamily dwelling units' here is a distinct use category from a quadplex, whose general 35-ft height cap (L215) would govern instead."
00137,or/clackamas/west-linn,max_height_ft,or/clackamas/west-linn/25.willamette-historic.txt,418,25.070,read_section,1,a. Residential structures are limited to 28 feet in height. Cupolas and towers shall not exceed 50 feet in height.,"28,50","35,40",missed,yes,28,maximum building height,Height cap for residential structures within the Willamette Historic District overlay.,"The line states plainly, 'Residential structures are limited to 28 feet in height,' with no exception for quadplexes; the building's ~26-ft height would need to stay under this cap if sited in the historic district."
00138,or/clackamas/west-linn,setback_garage_entrance_ft,or/clackamas/west-linn/48.access.txt,115,48.030,read_section,1,"4. The driveway shall include a minimum of 20 feet in length between the garage door and the back of sidewalk, or, if no sidewalk is proposed, to the paved portion of the right-of-way.",20,,missed,yes,20,minimum driveway length (garage door to sidewalk or right-of-way),Minimum driveway length standard under the general residential driveway standards for houses within 150 feet of the righ,"Item 4 states, 'The driveway shall include a minimum of 20 feet in length between the garage door and the back of sidewalk, or... to the paved portion of the right-of-way,' with no unit-count qualifier (unlike items 1-2), so it applies to the fourplex's driveway to the public street."
00139,or/clackamas/wilsonville,open_space_min_pct,or/clackamas/wilsonville/4.planning.txt,2964,4.113,read_section,1,"2,000 square feet to be counted towards the 25 percent open space requirement. For",25,,agree,no,,,"Minimum size (2,000 sq ft) for an individual open space area to count toward the 25% open-space requirement, but only fo",The line's threshold is scoped to 'developments with ten or more lots buildable with dwelling units (or ten or more multi-family units)' (L2962-2963); a single 4-unit building on one lot falls under the smaller-development bucket instead.
00140,or/clackamas/wilsonville,open_space_min_pct,or/clackamas/wilsonville/4.planning.txt,2969,4,read_section,1,towards the 25 percent open space requirement.,25,,missed,yes,1000,minimum size of an individual open space area (to count toward the 25% open-space requirement),"Minimum size for an individual open space parcel to count toward the required 25% open-space area, for developments with","The passage reads, 'for developments with less than ten lots buildable with dwelling units (or less than ten multi-family units) an open space area must be at least 1,000 square feet to be counted towards the 25 percent open space requirement' — a 4-unit building falls in this smaller bucket."
00141,or/clackamas/wilsonville,max_units,or/clackamas/wilsonville/4.planning.txt,4397,4,read_section,2,density listed in Table 1; or (2) net density of 25 units per acre. If applying a maximum density,25,,agree,no,,,"Maximum density formula (4x Table 1 density or 25 units/acre, whichever is less) specific to Townhouses in the 'R' zone.","Note (c) begins 'For Townhouses, the maximum density is...' — this formula is stated only for townhouses, and note (b) on the same table separately says middle housing other than townhouses (which includes quadplexes) is not counted beyond one unit per lot for maximum density."
00142,or/clackamas/wilsonville,max_units,or/clackamas/wilsonville/4.planning.txt,4491,4,read_section,1,Density Range district thus allowing a maximum of 7.5 units per acre of Gross Development Area,7.5,,agree,no,,,Zone-wide maximum (7.5/acre) and minimum (6/acre) residential density for the Old Town Residential (OTR) zone's Comprehe,"The same passage states, 'Middle Housing, besides townhouses, is not included in maximum density calculation beyond one unit per lot,' and a quadplex is middle housing, so this area-wide density figure does not constrain the building's own design."
00143,or/clackamas/wilsonville,setback_rear_ft,or/clackamas/wilsonville/4.planning.txt,7450,4.127,read_section,1,H. The minimum rear setback for a cottage cluster and Accessory Dwelling Unit (ADU) is 10 feet.,10,"5,15,20",agree,no,,,Minimum rear setback (10 ft) specific to a cottage cluster and to an Accessory Dwelling Unit (ADU).,"The line names only 'a cottage cluster and Accessory Dwelling Unit (ADU),' neither of which is the fourplex/quadplex building described."
00144,or/clackamas/wilsonville,setback_front_ft,or/clackamas/wilsonville/4.planning.txt,7492,4.127,read_section,1,B. Where the minimum front setback is 6 feet it is intended to accommodate a public utility easement (PUE) for,6,"12,15,20",agree,no,,,Footnote explaining that a 6-ft minimum front setback (shown elsewhere in Table 8C) exists to accommodate a public utili,"The note is conditional both ways — it can require a wider setback for a bigger PUE, or eliminate the setback entirely if 'a finding can be made that no PUE is necessary' — so it is not itself a fixed number the building must meet, and it also depends on which table cell (footnote 'A') applies to a given lot, which the passage doesn't establish for this one."
00145,or/clackamas/wilsonville,max_height_ft,or/clackamas/wilsonville/4.planning.txt,7502,4.127,read_section,1,"E. In Urban Form 3, buildings or portions thereof greater than either 2 stories or 25 feet in height shall have a",25,35,unclear,unclear,,,"A 20-ft minimum front setback for buildings over 2 stories or 25 feet tall, but only 'In Urban Form 3' within the Frog P","The building's ~26-ft height would trigger the stated threshold ('greater than either 2 stories or 25 feet'), but the rule is expressly scoped to lots classified 'Urban Form 3,' and the passage gives no way to tell whether this lot would carry that classification versus Urban Form 1 or 2."
00146,or/clackamas/wilsonville,max_height_ft,or/clackamas/wilsonville/4.planning.txt,7590,4.127,read_section,1,"i. be at least 20 feet in height so as to be visible from a distance, the Develop-",20,35,agree,no,,,"Minimum height (20 ft, waivable) for a decorative 'Main Street Gateway' monument feature at a street intersection.","This governs a public gateway/monument sign structure ('The feature shall: i. be at least 20 feet in height...'), not the residential fourplex."
00147,or/clackamas/wilsonville,max_height_ft,or/clackamas/wilsonville/4.planning.txt,7591,4.127,read_section,1,ment Review Board may approve height shorter than 20 feet upon the,20,35,agree,no,,,"Continuation of the Main Street Gateway feature standard, describing the Development Review Board's discretion to approv","Still describing the gateway/monument sign feature from the prior line, not the residential building; it is also explicitly a discretionary allowance rather than a fixed requirement."
00148,or/clackamas/wilsonville,open_space_min_pct,or/clackamas/wilsonville/4.planning.txt,7631,4,read_section,1,least 50 percent usable open space as defined by this Code and other like space,50,,unclear,unclear,,,"Requirement that at least 50% of the required open space area be 'usable open space,' within R-5 Small Lot sub-districts","The surrounding text says R-10 Large Lot and R-7 Medium Lot sub-districts 'are exempt from the requirements of this section,' and only R-5 Small Lot must comply; the passage doesn't say which sub-district this building's lot would fall in."
00149,or/clackamas/wilsonville,max_units,or/clackamas/wilsonville/4.planning.txt,12971,4,read_section,1,"parcel(s) established in the approved plan, or (2) 25 units per acre.",25,,agree,no,,,"Density formula (4x approved-plan density or 25 units/acre, whichever is less) for new townhouses in existing residentia","This is under subsection E, specific to 'new townhouses'; the preceding subsection D (L12962-12967) separately lists Quadplexes as exempt from established density requirements beyond one unit per lot, so this townhouse-specific formula doesn't apply to a quadplex."
00150,or/clackamas/wilsonville,open_space_min_pct,or/clackamas/wilsonville/4.planning.txt,13166,4,read_section,1,more than 50 percent of the reduced open space area may be from the required,50,,agree,no,,,how much of an open-space reduction obtained by providing shared visitor parking may come from the required usable open ,"This limit sits inside the optional 'shared visitor parking' reduction scheme ('lot size or open space area ... may be reduced as provided below'); a developer only has to satisfy it if choosing that elective trade, so it does not bind this building on its own."
00151,or/multnomah/_unincorporated,max_coverage_pct,or/multnomah/_unincorporated/33.110.txt,1439,33.110,read_section,1,or common green is 5 percent greater than the building coverage of the base zone.,5,"40,50",agree,no,,,a building-coverage bonus (5 percent over the base zone) for lots whose front lot line is on a shared court or common gr,"The same subsection (C.1) limits housing types on such lots to 'a house, house with one ADU, attached house, attached house with one ADU, or duplex' -- a fourplex is not one of the allowed types, so this coverage bonus for shared-court/common-green lots does not reach this building."
00152,or/multnomah/_unincorporated,max_coverage_pct,or/multnomah/_unincorporated/33.110.txt,1641,33.110,read_section,1,b. Exception. The maximum building coverage allowed per lot is 60 percent. In this,60,"40,50",agree,no,,,an alternate building-coverage-for-height trade (60% coverage / 25 ft height) offered under a specific standards track,"The numbered list this line sits in (items 3-6, starting at L1625) is introduced as applying to 'affordable fourplexes and multi-dwelling structures' requiring a Portland Housing Bureau letter; nothing describes this building as income-restricted affordable housing, so this alternate track does not apply to it."
00153,or/multnomah/_unincorporated,open_space_min_pct,or/multnomah/_unincorporated/33.110.txt,1769,33.110,read_section,1,"outdoor area by up to 25 percent may be requested prior to January 2, 2032.",25,,agree,no,,,how much of a cottage cluster's required common outdoor area may be reduced by adjustment (up to 25 percent),"The whole numbered list under Table 110-8 (items 4-13) is Cottage Cluster standards; the building described is explicitly not a cottage cluster, and this line is also an optional adjustment request, not a base requirement."
00154,or/multnomah/_unincorporated,max_units,or/multnomah/_unincorporated/33.110.txt,1833,33.110,read_section,1,feet wide for sites with 3 or 4 dwelling units and 4 feet wide for sites with 5 or,4,,agree,no,,,"minimum width of the pedestrian connection system on a cottage cluster site (3 feet for 3-4 units, 4 feet for 5+)","This is item 12 of the same Cottage Cluster standards list (Table 110-8 context, item numbering continuous with 00153); the building described is not a cottage cluster."
00155,or/multnomah/_unincorporated,max_height_ft,or/multnomah/_unincorporated/33.140.txt,597,33.140,read_section,1,Maximum Height 45 ft. no limit 65 ft no limit no limit no limit,"45,65","25,30,35",agree,no,,,"maximum building height for the EG1, EG2, EX, IG1, IG2, and IH Employment and Industrial zone districts","Table 140-2's heading is 'Employment and Industrial Zones'; the building described is residential-only with no commercial floor area, so it would not be sited in these districts."
00156,or/multnomah/_unincorporated,max_height_ft,or/multnomah/_unincorporated/33.140.txt,629,33.140,read_section,1,"EG2, IG2, IH Any height 15 ft. / 10 ft. @ L3 15 ft. / 10 ft. @ L3","15,10","25,30,35",agree,no,,,"minimum building setback / landscape buffer for structures in the EG2, IG2, and IH zones where they abut an R-zoned lot","This table governs setbacks for buildings within the Employment/Industrial zones toward neighboring residential lots -- it is not a standard for the residential building itself, which is what this fourplex is."
00157,or/multnomah/fairview,setback_garage_entrance_ft,or/multnomah/fairview/19.115.txt,63,19.115.040,read_section,1,1. Four out of five attached garages with front access on any block frontage in the VSF zone shall be set back a minimum of 20 feet from the front facade. Such garages may have a single garage door fo,20,,agree,no,,,a block-frontage ratio requiring 4 out of every 5 attached garages in the VSF zone to be set back 20 feet from the front,"The rule is phrased as a proportion across garages on 'any block frontage' -- a subdivision-wide pattern standard measured over a row of individually-platted lots, not something one single-lot fourplex can satisfy by itself; the surrounding text ('the main dwelling unit,' per-lot side yards) also reads as single-family lot design."
00158,or/multnomah/fairview,max_coverage_pct,or/multnomah/fairview/19.120.txt,61,19.120.040,read_section,1,C. Lot Coverage. The total of all structures shall cover no more than 70 percent of any lot.,70,"50,60,65,75",agree,no,,,maximum lot coverage (70 percent) in the VTH zone,"VTH's own density/lot-dimension standards on this page describe small individual lots (2,000-4,000 sq ft, 20 ft width) consistent with separately-platted Townhouse lots -- matching how a later Gresham card in this batch keeps 'Townhouse Design Standards' as its own section, separate from quadplex standards. Nothing on this page names duplex/triplex/quadplex as a use in VTH, so it reads as the Town"
00159,or/multnomah/gresham,max_units,or/multnomah/gresham/4.0100.residential.txt,248,4.0130,read_section,1,Manufactured NA NA NA 7 units per acre 3.78 units per 12.1 units per NA,"7,3.78,12.1",,agree,no,,,minimum net density (units per acre) specifically for Manufactured Dwelling Parks under Table 4.0130,The marked row is explicitly the 'Manufactured Dwelling Parks' line; the building described is not a manufactured-home park.
00160,or/multnomah/gresham,max_units,or/multnomah/gresham/4.0400.corridor.txt,488,4,read_section,1,for townhouses and 24 units per acre for all other middle housing uses.,24,,missed,yes,24,maximum net density for middle housing uses other than townhouse,"maximum residential density, in units per acre, for middle housing development other than townhouses within the NE Glisa","The note reads '...minimum net density for middle housing shall be 12 units per acre and maximum density shall be 25 units per acre for townhouses and 24 units per acre for all other middle housing uses.' A quadplex is middle housing but is not a townhouse, so the 24-units-per-acre maximum, not the 25 for townhouses, is the figure that binds it."
00161,or/multnomah/gresham,max_height_ft,or/multnomah/gresham/4.1100.downtown.txt,528,4.1100,read_section,1,1. The maximum height and ﬂoor area ratio ( FA R) for the portion of development sites within 110 feet of the center line of N Main Avenue,110,"35,40,45,50,85",agree,no,,,"a required 10-foot building step-back above 35 feet within 110 feet of N Main Avenue's centerline, plus a pointer to a s","The step-back 'is required on all stories above 35 feet'; this building is about 26 feet / two storeys, so it has no story above 35 feet and the step-back could never be triggered regardless of where on the corridor it sits."
00162,or/multnomah/gresham,max_height_ft,or/multnomah/gresham/4.1100.downtown.txt,532,4.1100,read_section,1,2. Building heights in all Downtown sub- districts except DRL-1 and DRL-2 shall be allowed to exceed the maximum up to 8 feet to allow for,8,"35,40,45,50,85",agree,no,,,a height bonus letting downtown buildings (outside DRL-1/DRL-2) exceed the district maximum height by up to 8 feet for n,"The line only 'allows' exceeding the maximum for specific elements -- it is an optional bonus a developer may take, not something that has to be satisfied."
00163,or/multnomah/gresham,max_height_ft,or/multnomah/gresham/4.1100.downtown.txt,724,4.1100,read_section,1,b. Ground-mounted. Ground-mounted solar energy systems shall not exceed 6 feet in height.,6,"35,40,45,50,85",agree,no,,,maximum height (6 feet) for ground-mounted solar energy systems in the DRL-1 and DRL-2 downtown sub-districts,"This is an accessory solar-equipment standard, not a standard for the dwelling structure itself."
00164,or/multnomah/gresham,max_height_ft,or/multnomah/gresham/4.1100.downtown.txt,729,4.1100,read_section,1,shall not exceed 10 feet above the roof height on which the system is installed.,10,"35,40,45,50,85",agree,no,,,maximum height (10 feet above roof) for frame-mounted solar panels on flat/mansard roofs in the DCC/DMU/DTM/DEM/DCL down,"Accessory solar-equipment standard, not a standard governing the building itself."
00165,or/multnomah/gresham,max_height_ft,or/multnomah/gresham/4.1100.downtown.txt,732,4.1100,read_section,1,b. Ground-mounted. Ground-mounted solar energy systems shall not exceed 20 feet in height.,20,"35,40,45,50,85",agree,no,,,maximum height (20 feet) for ground-mounted solar energy systems in the DCC/DMU/DTM/DEM/DCL downtown sub-districts,"Accessory solar-equipment standard, not a standard governing the building itself."
00166,or/multnomah/gresham,max_units,or/multnomah/gresham/4.1400.pleasant-valley.txt,276,4.1415,read_section,1,All Other Uses 8 units per acre 25 units per acre 40 units per acre,"8,25,40",,agree,no,,,maximum net density for the catch-all 'All Other Uses' category in the Pleasant Valley LDR-PV/MDR-PV/HDR-PV sub-district,"The row directly above the marked one is 'Duplex, Triplex, Quadplex,' with its own density figures (None/None/40 units per acre); a fourplex falls under that specific row, not the 'All Other Uses' row that is marked here."
00167,or/multnomah/gresham,max_height_ft,or/multnomah/gresham/4.1500.springwater.txt,674,4,read_section,1,built to a height of 20 feet or contain a parapet wall of at least 20 feet in height.,20,"35,40,45,50,85",agree,no,,,"a height/parapet requirement (20 feet) that large retail stores are otherwise exempted from, in the Springwater district","This note is specifically about 'Retail stores of greater than 20,000 square feet' -- a commercial use; the building described has no commercial floor area."
00168,or/multnomah/gresham,setback_garage_entrance_ft,or/multnomah/gresham/7.0400.middle-housing-design.txt,259,7.0420,read_section,1,width shall extend at least 3 feet beyond the edge of the garage door (see Figure 7.0420(C) ).,3,"20,25",missed,yes,3,"minimum walkway width extension beyond the garage door, where a private internal walkway is combined with an individual ","how far a combined pedestrian walkway/driveway must extend past the edge of the garage door, under the pedestrian-connec","The heading names 'SINGLE DETACHED DWELLINGS, DUPLEXES,' continuing the same duplex/triplex/quadplex grouping used elsewhere in this code, so Section 7.0420 covers this fourplex. The line reads 'the internal walkway width shall extend at least 3 feet beyond the edge of the garage door' where a walkway is combined with a driveway -- a layout this building's own driveway/parking would need to meet i"
00169,or/multnomah/gresham,max_height_ft,or/multnomah/gresham/7.0400.middle-housing-design.txt,283,7.0420,read_section,2,shall be a minimum of 6 feet in height at time of planting.,6,"35,40,45,50,85",agree,no,,,"minimum evergreen tree height (6 feet) at planting, counted toward the private open-space tree requirement","This is a tree-planting standard, not a dimensional requirement on the building itself."
00170,or/multnomah/gresham,max_height_ft,or/multnomah/gresham/7.0400.middle-housing-design.txt,344,7.0420,read_section,1,of a mature height and width of at least 25 feet.,25,"35,40,45,50,85",agree,no,,,minimum mature height and width (25 feet) for canopy trees selected under a sustainable-design pervious-paving option,"Tree standard, not a building dimensional requirement."
00171,or/multnomah/gresham,max_height_ft,or/multnomah/gresham/7.0400.middle-housing-design.txt,346,7.0420,read_section,1,burlapped or container stock. Evergreen canopy trees shall be a minimum of 6 feet in height at,6,"35,40,45,50,85",agree,no,,,"minimum evergreen canopy tree height (6 feet) at time of planting, under the same sustainable-design canopy-tree option","Tree standard, not a building dimensional requirement."
00172,or/multnomah/gresham,max_height_ft,or/multnomah/gresham/7.0400.middle-housing-design.txt,373,7.0420,read_section,1,"1. Facades greater than one story in height, facing a side setback, and less than 5 feet from a minimum",5,"35,40,45,50,85",missed,yes,5,minimum distance from a side setback line that triggers mandatory facade articulation on facades taller than one story,"when a side-facing facade over one story tall must use one of the listed articulation strategies (wall offsets, wall-pla","The line reads 'Facades greater than one story in height, facing a side setback, and less than 5 feet from a minimum required side setback line shall utilize a minimum of one of the following articulation strategies' -- this two-storey building would trigger the requirement for any side facade sited that close to the setback line."
00173,or/multnomah/gresham,setback_garage_entrance_ft,or/multnomah/gresham/7.0400.middle-housing-design.txt,517,7.0431,read_section,1,3 feet beyond the edge of the garage door (see Figure 7.0420(C) ).,3,"20,25",agree,no,,,"minimum walkway width extension beyond the garage door, under the Townhouse-specific pedestrian-connections standard","This section's own heading is '7.0431 RESIDENTIAL DISTRICT TOWNHOUSE DESIGN STANDARDS' -- Townhouse is a distinct middle-housing type from Quadplex, which is instead governed by 7.0420 (see the near-identical rule marked on card 00168, which is the quadplex version of this same walkway standard)."
00174,or/multnomah/portland,max_coverage_pct,or/multnomah/portland/33.110.txt,1439,33.110,read_section,1,or common green is 5 percent greater than the building coverage of the base zone.,5,"50,60,70,75,85,100",agree,no,,,a building-coverage bonus (5 percent over the base zone) for lots whose front lot line is on a shared court or common gr,"As with the identical Multnomah County provision, the same subsection limits housing types on such lots to 'a house, house with one ADU, attached house, attached house with one ADU, or duplex' -- a fourplex is not among the allowed types, so this coverage bonus does not reach this building."
00175,or/multnomah/portland,open_space_min_pct,or/multnomah/portland/33.110.txt,1769,33.110,read_section,1,"outdoor area by up to 25 percent may be requested prior to January 2, 2032.",25,,agree,no,,,"cottage cluster common outdoor area requirement, and an adjustment allowing up to a 25 percent reduction of that require","This is inside 33.110.265's cottage-cluster-specific list (""the cottage cluster site"", ""Cottage clusters are exempt from...""). A cottage cluster is a different housing type than the four-unit attached townhome the building spec explicitly excludes, and the line itself is only an optional adjustment (""Adjustments...may be requested""), not a number that has to be met."
00176,or/multnomah/portland,max_units,or/multnomah/portland/33.110.txt,1833,33.110,read_section,1,feet wide for sites with 3 or 4 dwelling units and 4 feet wide for sites with 5 or,4,,agree,no,,,minimum width of the on-site pedestrian connection system for a cottage cluster development,"This numbered item (12, ""Pedestrian connections"") sits in the same cottage-cluster-specific list as items 4-11 above it (""the cottage cluster site"", ""Cottage clusters are exempt from...""). A cottage cluster is a different housing type than this four-unit attached townhome."
00177,or/multnomah/portland,max_height_ft,or/multnomah/portland/33.120.txt,944,33.120,read_section,1,extend 6 feet above the height limit provided that the wall or fence is set back at least,6,"30,35,45,65,75,100,150",agree,no,,,height exception allowing walls or fences between individual rooftop decks to extend above the maximum building height,"Listed under ""C. Exceptions to the maximum height"": ""Walls or fences...may extend 6 feet above the height limit provided...set back."" It only allows something extra beyond the limit; it does not have to be satisfied."
00178,or/multnomah/portland,max_height_ft,or/multnomah/portland/33.120.txt,949,33.120,read_section,1,a. Elevator mechanical equipment may extend up to 16 feet above the height,16,"30,35,45,65,75,100,150",agree,no,,,height exception allowing elevator mechanical equipment to extend above the maximum building height,"Also under ""C. Exceptions to the maximum height,"" item 4.a: ""Elevator mechanical equipment may extend up to 16 feet above the height limit."" This is a permitted exception, not a required maximum."
00179,or/multnomah/portland,max_height_ft,or/multnomah/portland/33.120.txt,1204,33.120,read_section,1,d. Water collection cisterns that are 6 feet or less in height;,6,"30,35,45,65,75,100,150",agree,no,,,"minor accessory features (here, water collection cisterns) allowed to project into a required building setback","""Water collection cisterns that are 6 feet or less in height"" is one of a list of ""minor features"" that ""may extend into entire required building setbacks"" — an optional allowance for an accessory feature, not a requirement on the building."
00180,or/multnomah/portland,setback_front_ft,or/multnomah/portland/33.120.txt,2439,33.120,read_section,1,"(3) Fences up to 8 feet high are allowed in the required front building setback,",8,"0,2,5,10,15,20",agree,no,,,"maximum height of a fence within a front building setback on a corner lot, under an elective alternative standard","The marked line (""Fences up to 8 feet high are allowed in the required front building setback"") is from 33.120.285 Fences, an accessory structure explicitly excluded from what binds this building."
00181,or/multnomah/portland,max_units,or/multnomah/portland/33.130.txt,1549,33.130,read_section,1,circulation system that provide access to no more than 4 units may be 3 feet,4,,missed,yes,3,minimum width of on-site pedestrian circulation system segments serving up to 4 dwelling units,"required width of the on-site pedestrian circulation system, for a site that is entirely Household Living use and serves","""On sites where all of the floor area is in Household Living, segments of the circulation system that provide access to no more than 4 units may be 3 feet wide"" — this describes exactly this building's site (all-residential, 4 units), setting its minimum circulation width at 3 feet instead of the general 6-foot minimum."
00182,or/multnomah/portland,setback_garage_entrance_ft,or/multnomah/portland/33.130.txt,1805,33.130,read_section,1,5. Garage entrance setback. The garage entrance must be either 5 feet or closer to the,5,18,unclear,unclear,,,"setback for a garage entrance (must be within 5 feet of, or at least 18 feet from, the street property line) for small h","The section is ""General Requirements for Small Housing Types,"" which plausibly covers a quadplex, but whether this specific rule binds depends on whether the building's off-street parking includes a garage. The building description says only ""off-street parking and a driveway,"" not a garage, so this does not let us tell either way."
00183,or/multnomah/troutdale,max_height_ft,or/multnomah/troutdale/1.020.definitions.txt,862,1.020,read_section,1,"Windscreens. A fence-like structure, not to exceed six (6) feet in height, on the north or east side of",6,"35,55",agree,no,,,"definition of ""Windscreens"" (an optional fence-like wind-blocking structure) and its maximum height if one is built","""Windscreens. A fence-like structure, not to exceed six (6) feet in height..."" is a definitions-section entry describing an optional accessory structure, not a requirement this building must satisfy."
00184,or/multnomah/wood-village,min_frontage_ft,or/multnomah/wood-village/230.310.txt,80,230.310,read_section,1,– Street frontage(4) 3 – 10 feet,10,,agree,no,,,landscape buffer width along street frontage in the table of commercial-zone (NC) development standards,"Footnote (1) on this table says a residential use in this zone falls under ""Mixed Use Residential Commercial. See Section 230.315 for special regulations""; this building is residential use only with no commercial floor area, so it is not the mixed-use case this general commercial table's standard is written for."
