id,verdict,flags,layer,zone,row,encoded,read,form,confidence,for_this_zone,alternatives,fragment,note,quote,document
00000,agree,noted,or,defaults,parking_min_per_unit,4.0,4,spaces total,clear,unknown,"1 space in total for lots under 3,000 sq ft | 2 spaces in total for lots 3,000 to under 5,000 sq ft | 3 spaces in total for lots 5,000 to under 7,000 sq ft","For Quadplexes, a Large City may require up to the following off-street parking spaces: ... (iv) For Lots or Parcels greater than or equal to 7,000 square feet: four spaces in total.","Figure applies only to lots of 7,000 sq ft or more and is a ceiling on what a Large City may require ('up to'), stated as spaces in total per quadplex rather than a per-unit minimum.","or/oar.660-046-0220.txt#L79,L90-L91",or/oar.660-046-0220.txt
00001,agree,noted,or,defaults,parking_min_per_unit [],1.0,1,spaces total,clear,unknown,"2 spaces in total for lots 3,000 to under 5,000 sq ft | 3 spaces in total for lots 5,000 to under 7,000 sq ft","For Quadplexes, a Large City may require up to the following off-street parking spaces: (i) For Lots or Parcels of less than 3,000 square feet: one space in total;","Figure applies only to lots under 3,000 sq ft and is a ceiling on what a Large City may require ('up to'), stated as spaces in total per quadplex rather than a per-unit minimum.","or/oar.660-046-0220.txt#L79,L81-L82",or/oar.660-046-0220.txt
00002,agree,noted,or,defaults,parking_min_per_unit [],2.0,2,spaces total,clear,unknown,"1 space in total for lots under 3,000 sq ft | 3 spaces in total for lots 5,000 to under 7,000 sq ft | 4 spaces in total for lots 7,000 sq ft or more","For Quadplexes, a Large City may require up to ... (ii) For Lots or Parcels greater than or equal to 3,000 square feet and less than 5,000 square feet: two spaces in total;","Figure applies only to lots of 3,000 to under 5,000 sq ft and is a ceiling on what a Large City may require ('up to'), stated as spaces in total per quadplex rather than a per-unit minimum.","or/oar.660-046-0220.txt#L79,L84-L85",or/oar.660-046-0220.txt
00003,agree,noted,or,defaults,parking_min_per_unit [],3.0,3,spaces total,clear,unknown,"1 space in total for lots under 3,000 sq ft | 2 spaces in total for lots 3,000 to under 5,000 sq ft | 4 spaces in total for lots 7,000 sq ft or more","For Quadplexes, a Large City may require up to ... (iii) For Lots or Parcels greater than or equal to 5,000 square feet and less than 7,000 square feet: three spaces in total; and","Figure applies only to lots of 5,000 to under 7,000 sq ft and is a ceiling on what a Large City may require ('up to'), stated as spaces in total per quadplex rather than a per-unit minimum.","or/oar.660-046-0220.txt#L79,L87-L88",or/oar.660-046-0220.txt
00004,agree,noted,or/clackamas/_unincorporated,defaults,driveway_approach_max_width_ft,32,32,feet,clear,unknown,,Driveway Entries: ... The total width of all driveway entries shall not exceed 32 feet.,Section 845.02 is the triplex/quadplex (single-lot) section and names no zoning district; L49 adds that multi-frontage lots must access the lowest-classification street and lots abutting an improved alley must take access from the alley.,"or/clackamas/_unincorporated/zdo.845.txt#L19,L43-L49",or/clackamas/_unincorporated/zdo.845.txt
00005,agree,,or/clackamas/_unincorporated,defaults,parking_area_max_frontage_pct,50,50,percent,clear,unknown,no width cap where the garage or parking area is separated from the street by a dwelling (845.02(4)(a)),The combined width of all garages and off-street parking areas located between a building and a public street does not exceed a total of 50 percent of the street frontage,,"or/clackamas/_unincorporated/zdo.845.txt#L19,L51-L55",or/clackamas/_unincorporated/zdo.845.txt
00006,agree,noted,or/clackamas/_unincorporated,defaults,parking_maneuvering_max_width_ft [unit_lots],12,12,feet,clear,unknown,"50 percent of the street frontage for a triplex/quadplex on one lot (845.02(4)(b), the base case) | garage width also capped at 12 feet, measured from the inside of the garage door frame (845.03(5)(a)(iv))",Driveway Access and Parking: Townhouse lots with frontage on a public street ... Driveways and off-street parking areas shall not exceed 12 feet wide.,Applies only where parking sits between the townhouse and a public street on a lot with at least 15 ft of local-street frontage and one driveway entry; developments not meeting all of these must keep parking out of that area and consolidate access (845.03(5)(b)).,"or/clackamas/_unincorporated/zdo.845.txt#L57,L99-L109",or/clackamas/_unincorporated/zdo.845.txt
00007,agree,noted,or/clackamas/_unincorporated,defaults,parking_min_per_unit,1,1,spaces per unit,inferred,unknown,"Same as multifamily dwelling in the VTH, MR-1 & MR-2, SCMU and MRR columns | N/A (not allowed) in the HR and RA-1 & RA-2 columns | unlabelled nearby row cells read '1 per dwelling unit 800 square feet or less' / '2 per dwelling unit greater than 800 square feet' (L350-L351), possibly the multifamily row",Quadplex | 1[3] | 1[3] | Same as multifamily dwelling in all other zoning districts,"The 1-per-unit figure sits only in the R-5 - R-30 and VR-4/5 & VR-5/7 columns (footnote [1] says spaces per dwelling unit); other districts defer to the multifamily row, and footnote [3] concerns conversion of an existing single-family dwelling, not new construction.","or/clackamas/_unincorporated/zdo.1015.txt#L218,L220-L222,L334-L336,L356,L360",or/clackamas/_unincorporated/zdo.1015.txt
00008,agree,noted,or/clackamas/_unincorporated,defaults,parking_stall_width_ft,9,9,feet,inferred,unknown,18 ft if the drawing's order is depth x width,PARKING AND AISLE ... LAYOUT DETAILS (9' x 18') P100,"OCR-garbled title block of a county roadway standard drawing (P100), not zoning text; '9' x 18'' is read as width x depth by convention and the passage does not label which figure is the width or call it a minimum.",or/clackamas/_unincorporated/roadway.p100.txt#L2,or/clackamas/_unincorporated/roadway.p100.txt
00009,agree,noted,or/clackamas/_unincorporated,defaults,parking_stall_depth_ft,18,18,feet,inferred,unknown,9 ft if the drawing's order is depth x width,PARKING AND AISLE ... LAYOUT DETAILS (9' x 18') P100,"OCR-garbled title block of a county roadway standard drawing (P100), not zoning text; '9' x 18'' is read as width x depth by convention and the passage does not label which figure is the depth or call it a minimum.",or/clackamas/_unincorporated/roadway.p100.txt#L2,or/clackamas/_unincorporated/roadway.p100.txt
00010,agree,noted,or/clackamas/_unincorporated,R5,min_lot_sqft,7000,7000,square feet,clear,unknown,,"Minimum Lot Size: The subject lot shall be a minimum of: ... 2 7,000 square feet for a quadplex or a cottage cluster.",Section 845.01 is a county-wide middle-housing standard that names no zoning district; the quadplex line carries no zone exception (only the triplex line excepts VR-4/5 and VR-5/7).,"or/clackamas/_unincorporated/zdo.845.txt#L3,L7",or/clackamas/_unincorporated/zdo.845.txt
00011,agree,noted,or/clackamas/_unincorporated,R5,max_height_ft,35,35,feet,inferred,unknown,,"Maximum Building Height | All other buildings, including accessory dwelling units: 35 feet","No district header is visible; the cited cell is the 2nd of 8 district columns (R-5 if the columns run R-2.5, R-5, R-7, R-8.5, R-10, R-15, R-20, R-30 as the lot-size row suggests), but every column prints 35 feet so the figure does not depend on the column.","or/clackamas/_unincorporated/zdo.315.txt#L1169,L1173",or/clackamas/_unincorporated/zdo.315.txt
00012,agree,noted,or/clackamas/_unincorporated,R5,setback_front_ft,15,15,feet,inferred,unknown,20 feet to garage and carport motor vehicle entries,"Minimum Front Setback | 15 feet, except 20 feet to garage and carport motor vehicle entries[7]","No district header is visible (cited cell is column 2 of 8, all eight identical); footnote [7] attaches and is not shown.",or/clackamas/_unincorporated/zdo.315.txt#L1188,or/clackamas/_unincorporated/zdo.315.txt
00013,agree,noted,or/clackamas/_unincorporated,R5,setback_garage_entrance_ft,20,20,feet,inferred,unknown,15 feet for the building other than garage and carport motor vehicle entries,"Minimum Front Setback | 15 feet, except 20 feet to garage and carport motor vehicle entries[7]","Figure is the 'except' clause of the front-setback cell; no district header is visible (column 2 of 8, all eight identical) and footnote [7] attaches and is not shown.",or/clackamas/_unincorporated/zdo.315.txt#L1188,or/clackamas/_unincorporated/zdo.315.txt
00014,agree,noted,or/clackamas/_unincorporated,R5,setback_side_ft,5,5,feet,inferred,unknown,,"Minimum Side Setback | 5 feet[7,8,9,10,11]","No district header is visible (cited cell is column 2 of 8, all eight identical); footnotes [7] through [11] attach and are not shown.",or/clackamas/_unincorporated/zdo.315.txt#L1206,or/clackamas/_unincorporated/zdo.315.txt
00015,agree,noted,or/clackamas/_unincorporated,R5,setback_rear_ft,20,20,feet,inferred,unknown,,"Minimum Rear Setback | 20 feet[7,8,9,10,11]","No district header is visible (cited cell is column 2 of 8, all eight identical); footnotes [7] through [11] attach and are not shown.",or/clackamas/_unincorporated/zdo.315.txt#L1197,or/clackamas/_unincorporated/zdo.315.txt
00016,agree,noted,or/clackamas/_unincorporated,R5,max_coverage_pct,50,50,percent,inferred,unknown,,"Maximum Lot Coverage | 50 percent[5,6]","No district header is visible (cited cell is column 2 of 8, all eight identical); footnotes [5] and [6] attach and are not shown.",or/clackamas/_unincorporated/zdo.315.txt#L1162,or/clackamas/_unincorporated/zdo.315.txt
00017,agree,noted,or/clackamas/_unincorporated,R7,min_lot_sqft,7000,7000,square feet,clear,unknown,,"Minimum Lot Size: The subject lot shall be a minimum of: ... 2 7,000 square feet for a quadplex or a cottage cluster.",Section 845.01 is a county-wide middle-housing standard that names no zoning district; the quadplex line carries no zone exception (only the triplex line excepts VR-4/5 and VR-5/7).,"or/clackamas/_unincorporated/zdo.845.txt#L3,L7",or/clackamas/_unincorporated/zdo.845.txt
00018,agree,noted,or/clackamas/_unincorporated,R7,max_height_ft,35,35,feet,inferred,unknown,,"Maximum Building Height | All other buildings, including accessory dwelling units: 35 feet","No district header is visible; the cited cell is the 3rd of 8 district columns (R-7 if the columns run R-2.5, R-5, R-7, R-8.5, R-10, R-15, R-20, R-30 as the lot-size row suggests), but every column prints 35 feet so the figure does not depend on the column.","or/clackamas/_unincorporated/zdo.315.txt#L1169,L1175",or/clackamas/_unincorporated/zdo.315.txt
00019,agree,noted,or/clackamas/_unincorporated,R7,setback_front_ft,15,15,feet,inferred,unknown,20 feet to garage and carport motor vehicle entries,"Minimum Front Setback | 15 feet, except 20 feet to garage and carport motor vehicle entries[7]","No district header is visible (cited cell is column 3 of 8, all eight identical); footnote [7] attaches and is not shown.",or/clackamas/_unincorporated/zdo.315.txt#L1189,or/clackamas/_unincorporated/zdo.315.txt
00020,agree,noted,or/clackamas/_unincorporated,R7,setback_garage_entrance_ft,20,20,feet,inferred,unknown,15 feet for the building other than garage and carport motor vehicle entries,"Minimum Front Setback | 15 feet, except 20 feet to garage and carport motor vehicle entries[7]","Figure is the 'except' clause of the front-setback cell; no district header is visible (column 3 of 8, all eight identical) and footnote [7] attaches and is not shown.",or/clackamas/_unincorporated/zdo.315.txt#L1189,or/clackamas/_unincorporated/zdo.315.txt
00021,agree,noted,or/clackamas/_unincorporated,R7,setback_side_ft,5,5,feet,inferred,unknown,,"Minimum Side Setback | 5 feet[7,8,9,10,11]","No district header is visible (cited cell is column 3 of 8, all eight identical); footnotes [7] through [11] attach and are not shown.",or/clackamas/_unincorporated/zdo.315.txt#L1207,or/clackamas/_unincorporated/zdo.315.txt
00022,agree,noted,or/clackamas/_unincorporated,R7,setback_rear_ft,20,20,feet,inferred,unknown,,"Minimum Rear Setback | 20 feet[7,8,9,10,11]","No district header is visible (cited cell is column 3 of 8, all eight identical); footnotes [7] through [11] attach and are not shown.",or/clackamas/_unincorporated/zdo.315.txt#L1198,or/clackamas/_unincorporated/zdo.315.txt
00023,agree,noted,or/clackamas/_unincorporated,R7,max_coverage_pct,50,50,percent,inferred,unknown,,"Maximum Lot Coverage | 50 percent[5,6]","No district header is visible (cited cell is column 3 of 8, all eight identical); footnotes [5] and [6] attach and are not shown.",or/clackamas/_unincorporated/zdo.315.txt#L1163,or/clackamas/_unincorporated/zdo.315.txt
00024,agree,noted,or/clackamas/_unincorporated,R8.5,min_lot_sqft,7000,7000,square feet,clear,unknown,,"Minimum Lot Size: The subject lot shall be a minimum of: ... 2 7,000 square feet for a quadplex or a cottage cluster.",Section 845.01 is a county-wide middle-housing standard that names no zoning district; the quadplex line carries no zone exception (only the triplex line excepts VR-4/5 and VR-5/7).,"or/clackamas/_unincorporated/zdo.845.txt#L3,L7",or/clackamas/_unincorporated/zdo.845.txt
00025,agree,noted,or/clackamas/_unincorporated,R8.5,max_height_ft,35,35,feet,inferred,unknown,,"Maximum Building Height | All other buildings, including accessory dwelling units: 35 feet","No district header is visible; the cited cell is the 4th of 8 district columns (R-8.5 if the columns run R-2.5, R-5, R-7, R-8.5, R-10, R-15, R-20, R-30 as the lot-size row suggests), but every column prints 35 feet so the figure does not depend on the column.","or/clackamas/_unincorporated/zdo.315.txt#L1169,L1177",or/clackamas/_unincorporated/zdo.315.txt
00026,agree,noted,or/clackamas/_unincorporated,R8.5,setback_front_ft,15,15,feet,inferred,unknown,20 feet to garage and carport motor vehicle entries,"Minimum Front Setback | 15 feet, except 20 feet to garage and carport motor vehicle entries[7]","No district header is visible (cited cell is column 4 of 8, all eight identical); footnote [7] attaches and is not shown.",or/clackamas/_unincorporated/zdo.315.txt#L1190,or/clackamas/_unincorporated/zdo.315.txt
00027,agree,noted,or/clackamas/_unincorporated,R8.5,setback_garage_entrance_ft,20,20,feet,inferred,unknown,15 feet for the building other than garage and carport motor vehicle entries,"Minimum Front Setback | 15 feet, except 20 feet to garage and carport motor vehicle entries[7]","Figure is the 'except' clause of the front-setback cell; no district header is visible (column 4 of 8, all eight identical) and footnote [7] attaches and is not shown.",or/clackamas/_unincorporated/zdo.315.txt#L1190,or/clackamas/_unincorporated/zdo.315.txt
00028,agree,noted,or/clackamas/_unincorporated,R8.5,setback_side_ft,5,5,feet,inferred,unknown,,"Minimum Side Setback | 5 feet[7,8,9,10,11]","No district header is visible (cited cell is column 4 of 8, all eight identical); footnotes [7] through [11] attach and are not shown.",or/clackamas/_unincorporated/zdo.315.txt#L1208,or/clackamas/_unincorporated/zdo.315.txt
00029,agree,noted,or/clackamas/_unincorporated,R8.5,setback_rear_ft,20,20,feet,inferred,unknown,,"Minimum Rear Setback | 20 feet[7,8,9,10,11]","No district header is visible (cited cell is column 4 of 8, all eight identical); footnotes [7] through [11] attach and are not shown.",or/clackamas/_unincorporated/zdo.315.txt#L1199,or/clackamas/_unincorporated/zdo.315.txt
00030,agree,noted,or/clackamas/_unincorporated,R8.5,max_coverage_pct,50,50,percent,inferred,unknown,,"Maximum Lot Coverage | 50 percent[5,6]","No district header is visible (cited cell is column 4 of 8, all eight identical); footnotes [5] and [6] attach and are not shown.",or/clackamas/_unincorporated/zdo.315.txt#L1164,or/clackamas/_unincorporated/zdo.315.txt
00031,agree,noted,or/clackamas/_unincorporated,R10,min_lot_sqft,7000,7000,square feet,clear,unknown,,"Minimum Lot Size: The subject lot shall be a minimum of: ... 2 7,000 square feet for a quadplex or a cottage cluster.",Section 845.01 is a county-wide middle-housing standard that names no zoning district; the quadplex line carries no zone exception (only the triplex line excepts VR-4/5 and VR-5/7).,"or/clackamas/_unincorporated/zdo.845.txt#L3,L7",or/clackamas/_unincorporated/zdo.845.txt
00032,agree,noted,or/clackamas/_unincorporated,R10,max_height_ft,35,35,feet,inferred,unknown,,"Maximum Building Height | All other buildings, including accessory dwelling units: 35 feet","No district header is visible; the cited cell is the 5th of 8 district columns, whose lot-size cell reads 10,000/8,000 square feet (consistent with R-10), and every column prints 35 feet so the figure does not depend on the column.","or/clackamas/_unincorporated/zdo.315.txt#L1169,L1179",or/clackamas/_unincorporated/zdo.315.txt
00033,agree,noted,or/clackamas/_unincorporated,R10,setback_front_ft,15,15,feet,inferred,unknown,20 feet to garage and carport motor vehicle entries,"Minimum Front Setback | 15 feet, except 20 feet to garage and carport motor vehicle entries[7]","No district header is visible (cited cell is column 5 of 8, all eight identical); footnote [7] attaches and is not shown.",or/clackamas/_unincorporated/zdo.315.txt#L1191,or/clackamas/_unincorporated/zdo.315.txt
00034,agree,noted,or/clackamas/_unincorporated,R10,setback_garage_entrance_ft,20,20,feet,inferred,unknown,15 feet for the building other than garage and carport motor vehicle entries,"Minimum Front Setback | 15 feet, except 20 feet to garage and carport motor vehicle entries[7]","Figure is the 'except' clause of the front-setback cell; no district header is visible (column 5 of 8, all eight identical) and footnote [7] attaches and is not shown.",or/clackamas/_unincorporated/zdo.315.txt#L1191,or/clackamas/_unincorporated/zdo.315.txt
00035,agree,noted,or/clackamas/_unincorporated,R10,setback_side_ft,5,5,feet,inferred,unknown,,"Minimum Side Setback | 5 feet[7,8,9,10,11]","No district header is visible (cited cell is column 5 of 8, all eight identical); footnotes [7] through [11] attach and are not shown.",or/clackamas/_unincorporated/zdo.315.txt#L1209,or/clackamas/_unincorporated/zdo.315.txt
00036,agree,noted,or/clackamas/_unincorporated,R10,setback_rear_ft,20,20,feet,inferred,unknown,,"Minimum Rear Setback | 20 feet[7,8,9,10,11]","No district header is visible (cited cell is column 5 of 8, all eight identical); footnotes [7] through [11] attach and are not shown.",or/clackamas/_unincorporated/zdo.315.txt#L1200,or/clackamas/_unincorporated/zdo.315.txt
00037,agree,noted,or/clackamas/_unincorporated,R10,max_coverage_pct,50,50,percent,inferred,unknown,,"Maximum Lot Coverage | 50 percent[5,6]","No district header is visible (cited cell is column 5 of 8, all eight identical); footnotes [5] and [6] attach and are not shown.",or/clackamas/_unincorporated/zdo.315.txt#L1165,or/clackamas/_unincorporated/zdo.315.txt
00038,agree,noted,or/clackamas/_unincorporated,R15,min_lot_sqft,7000,7000,square feet,clear,unknown,,"Minimum Lot Size: The subject lot shall be a minimum of: ... 2 7,000 square feet for a quadplex or a cottage cluster.",Section 845.01 is a county-wide middle-housing standard that names no zoning district; the quadplex line carries no zone exception (only the triplex line excepts VR-4/5 and VR-5/7).,"or/clackamas/_unincorporated/zdo.845.txt#L3,L7",or/clackamas/_unincorporated/zdo.845.txt
00039,agree,noted,or/clackamas/_unincorporated,R15,max_height_ft,35,35,feet,inferred,unknown,,"Maximum Building Height | All other buildings, including accessory dwelling units: 35 feet","No district header is visible; the cited cell is the 6th of 8 district columns, whose lot-size cell reads 15,000/12,000 square feet (consistent with R-15), and every column prints 35 feet so the figure does not depend on the column.","or/clackamas/_unincorporated/zdo.315.txt#L1169,L1181",or/clackamas/_unincorporated/zdo.315.txt
00040,agree,noted,or/clackamas/_unincorporated,R15,setback_front_ft,15,15,feet,inferred,unknown,20 ft to garage and carport motor vehicle entries,"Minimum Front Setback | 15 feet, except 20 feet to garage and carport motor vehicle entries[7]","No zone header row is in the passage so the R15 column cannot be confirmed, but all eight cells under Minimum Front Setback are identical; footnote [7] is not shown.",or/clackamas/_unincorporated/zdo.315.txt#L1192,or/clackamas/_unincorporated/zdo.315.txt
00041,agree,noted,or/clackamas/_unincorporated,R15,setback_garage_entrance_ft,20,20,feet,inferred,unknown,15 ft general front setback for non-garage walls,"Minimum Front Setback | 15 feet, except 20 feet to garage and carport motor vehicle entries[7]",The 20 ft is the 'except ... to garage and carport motor vehicle entries' clause inside the front-setback row; no zone header is visible but all eight cells are identical; footnote [7] is not shown.,or/clackamas/_unincorporated/zdo.315.txt#L1192,or/clackamas/_unincorporated/zdo.315.txt
00042,agree,noted,or/clackamas/_unincorporated,R15,setback_side_ft,5,5,feet,inferred,unknown,,"Minimum Side Setback | 5 feet[7,8,9,10,11]","No zone header row is visible so the R15 column cannot be confirmed, but all eight cells under Minimum Side Setback are identical; footnotes [7,8,9,10,11] are not shown and may qualify the figure.",or/clackamas/_unincorporated/zdo.315.txt#L1210,or/clackamas/_unincorporated/zdo.315.txt
00043,agree,noted,or/clackamas/_unincorporated,R15,setback_rear_ft,20,20,feet,inferred,unknown,,"Minimum Rear Setback | 20 feet[7,8,9,10,11]","No zone header row is visible so the R15 column cannot be confirmed, but all eight cells under Minimum Rear Setback are identical; footnotes [7,8,9,10,11] are not shown and may qualify the figure.",or/clackamas/_unincorporated/zdo.315.txt#L1201,or/clackamas/_unincorporated/zdo.315.txt
00044,agree,noted,or/clackamas/_unincorporated,R15,max_coverage_pct,50,50,percent,inferred,unknown,,"Maximum Lot Coverage | 50 percent[5,6]","No zone header row is visible so the R15 column cannot be confirmed, but all eight cells under Maximum Lot Coverage are identical; footnotes [5,6] are not shown.",or/clackamas/_unincorporated/zdo.315.txt#L1166,or/clackamas/_unincorporated/zdo.315.txt
00045,agree,noted,or/clackamas/_unincorporated,R20,min_lot_sqft,7000,7000,square feet,inferred,unknown,"5,000 sq ft (triplex clause, a different housing type)","Minimum Lot Size: The subject lot shall be a minimum of: ... 2 7,000 square feet for a quadplex or a cottage cluster.",Section 845.01 is a general middle-housing standard that names no district; the 'no minimum' exception for VR-4/5 and VR-5/7 is written into the triplex clause only and does not reach the quadplex clause.,"or/clackamas/_unincorporated/zdo.845.txt#L3,L7",or/clackamas/_unincorporated/zdo.845.txt
00046,agree,noted,or/clackamas/_unincorporated,R20,max_height_ft,35,35,feet,inferred,unknown,"20 ft or the height of the primary dwelling, whichever is greater (accessory buildings larger than 500 sq ft only)","Maximum Building Height | All other buildings, including accessory dwelling units: 35 feet","Each column prints two sub-cells and the cited one is 'All other buildings', which is the one a fourplex falls under; no zone header row is visible but every column reads 35 feet.","or/clackamas/_unincorporated/zdo.315.txt#L1169,L1183",or/clackamas/_unincorporated/zdo.315.txt
00047,agree,noted,or/clackamas/_unincorporated,R20,setback_front_ft,15,15,feet,inferred,unknown,20 ft to garage and carport motor vehicle entries,"Minimum Front Setback | 15 feet, except 20 feet to garage and carport motor vehicle entries[7]","No zone header row is in the passage so the R20 column cannot be confirmed, but all eight cells under Minimum Front Setback are identical; footnote [7] is not shown.",or/clackamas/_unincorporated/zdo.315.txt#L1193,or/clackamas/_unincorporated/zdo.315.txt
00048,agree,noted,or/clackamas/_unincorporated,R20,setback_garage_entrance_ft,20,20,feet,inferred,unknown,15 ft general front setback for non-garage walls,"Minimum Front Setback | 15 feet, except 20 feet to garage and carport motor vehicle entries[7]",The 20 ft is the 'except ... to garage and carport motor vehicle entries' clause inside the front-setback row; no zone header is visible but all eight cells are identical; footnote [7] is not shown.,or/clackamas/_unincorporated/zdo.315.txt#L1193,or/clackamas/_unincorporated/zdo.315.txt
00049,agree,noted,or/clackamas/_unincorporated,R20,setback_side_ft,5,5,feet,inferred,unknown,,"Minimum Side Setback | 5 feet[7,8,9,10,11]","The row label (L1204) is outside the passage window but the cited line sits in the run of eight identical 5-foot cells that follows it; no zone header is visible; footnotes [7,8,9,10,11] are not shown.",or/clackamas/_unincorporated/zdo.315.txt#L1211,or/clackamas/_unincorporated/zdo.315.txt
00050,agree,noted,or/clackamas/_unincorporated,R20,setback_rear_ft,20,20,feet,inferred,unknown,,"Minimum Rear Setback | 20 feet[7,8,9,10,11]","The row label (L1195) is outside the passage window but the cited line sits in the run of eight identical 20-foot cells that precedes Minimum Side Setback; no zone header is visible; footnotes [7,8,9,10,11] are not shown.",or/clackamas/_unincorporated/zdo.315.txt#L1202,or/clackamas/_unincorporated/zdo.315.txt
00051,agree,noted,or/clackamas/_unincorporated,R20,max_coverage_pct,50,50,percent,inferred,unknown,,"Maximum Lot Coverage | 50 percent[5,6]","The row label (L1160) is outside the passage window but the cited line sits in the run of eight identical 50-percent cells that precedes Maximum Building Height; no zone header is visible; footnotes [5,6] are not shown.",or/clackamas/_unincorporated/zdo.315.txt#L1167,or/clackamas/_unincorporated/zdo.315.txt
00052,agree,noted,or/clackamas/_unincorporated,R30,min_lot_sqft,7000,7000,square feet,inferred,unknown,"5,000 sq ft (triplex clause, a different housing type)","Minimum Lot Size: The subject lot shall be a minimum of: ... 2 7,000 square feet for a quadplex or a cottage cluster.",Section 845.01 is a general middle-housing standard that names no district; the 'no minimum' exception for VR-4/5 and VR-5/7 is written into the triplex clause only and does not reach the quadplex clause.,"or/clackamas/_unincorporated/zdo.845.txt#L3,L7",or/clackamas/_unincorporated/zdo.845.txt
00053,agree,noted,or/clackamas/_unincorporated,R30,max_height_ft,35,35,feet,inferred,unknown,"20 ft or the height of the primary dwelling, whichever is greater (accessory buildings larger than 500 sq ft only)","Maximum Building Height | All other buildings, including accessory dwelling units: 35 feet","Each column prints two sub-cells and the cited one is 'All other buildings', which is the one a fourplex falls under; no zone header row is visible but every column reads 35 feet.","or/clackamas/_unincorporated/zdo.315.txt#L1169,L1185",or/clackamas/_unincorporated/zdo.315.txt
00054,agree,noted,or/clackamas/_unincorporated,R30,setback_front_ft,15,15,feet,inferred,unknown,20 ft to garage and carport motor vehicle entries,"Minimum Front Setback | 15 feet, except 20 feet to garage and carport motor vehicle entries[7]",The row label (L1186) is outside the passage window but the cited line is the last of eight identical cells before Minimum Rear Setback; no zone header is visible; footnote [7] is not shown.,or/clackamas/_unincorporated/zdo.315.txt#L1194,or/clackamas/_unincorporated/zdo.315.txt
00055,agree,noted,or/clackamas/_unincorporated,R30,setback_garage_entrance_ft,20,20,feet,inferred,unknown,15 ft general front setback for non-garage walls,"Minimum Front Setback | 15 feet, except 20 feet to garage and carport motor vehicle entries[7]",The 20 ft is the 'except ... to garage and carport motor vehicle entries' clause inside the front-setback row; the row label is outside the window; no zone header is visible; footnote [7] is not shown.,or/clackamas/_unincorporated/zdo.315.txt#L1194,or/clackamas/_unincorporated/zdo.315.txt
00056,agree,noted,or/clackamas/_unincorporated,R30,setback_side_ft,5,5,feet,inferred,unknown,,"Minimum Side Setback | 5 feet[7,8,9,10,11]","The row label (L1204) is outside the passage window but the cited line is the last of eight identical 5-foot cells before the accessory-building row; no zone header is visible; footnotes [7,8,9,10,11] are not shown.",or/clackamas/_unincorporated/zdo.315.txt#L1212,or/clackamas/_unincorporated/zdo.315.txt
00057,agree,noted,or/clackamas/_unincorporated,R30,setback_rear_ft,20,20,feet,inferred,unknown,,"Minimum Rear Setback | 20 feet[7,8,9,10,11]","The row label (L1195) is outside the passage window but the cited line is the last of eight identical 20-foot cells before Minimum Side Setback; no zone header is visible; footnotes [7,8,9,10,11] are not shown.",or/clackamas/_unincorporated/zdo.315.txt#L1203,or/clackamas/_unincorporated/zdo.315.txt
00058,agree,noted,or/clackamas/_unincorporated,R30,max_coverage_pct,50,50,percent,inferred,unknown,,"Maximum Lot Coverage | 50 percent[5,6]","The row label (L1160) is outside the passage window but the cited line is the last of eight identical 50-percent cells before Maximum Building Height; no zone header is visible; footnotes [5,6] are not shown.",or/clackamas/_unincorporated/zdo.315.txt#L1168,or/clackamas/_unincorporated/zdo.315.txt
00059,agree,noted,or/clackamas/_unincorporated,VR57,min_lot_sqft,7000,7000,square feet,inferred,unknown,"no minimum (the VR-5/7 exception at L5, but it is written into the triplex clause, not the quadplex clause) | 5,000 sq ft (triplex clause)","Minimum Lot Size: The subject lot shall be a minimum of: ... 2 7,000 square feet for a quadplex or a cottage cluster.","L5 says 'except in the VR-4/5 and VR-5/7 Districts, where there is no minimum' but that exception belongs to the triplex clause; the quadplex clause at L7 carries no district exception, so 7,000 reads as applying to VR-5/7.","or/clackamas/_unincorporated/zdo.845.txt#L3,L7",or/clackamas/_unincorporated/zdo.845.txt
00060,agree,noted,or/clackamas/_unincorporated,VR57,max_height_ft,35,35,feet,clear,True,,Standard | VR-5/7 | VR-4/5 | VTH ... Maximum Building Height | 35 feet[9] | 35 feet[9] | 35 feet[9],Footnote [9] is not shown.,or/clackamas/_unincorporated/zdo.315.txt#L1320-L1323,or/clackamas/_unincorporated/zdo.315.txt
00061,agree,noted,or/clackamas/_unincorporated,VR57,setback_front_ft,10,10,feet,inferred,True,19.5 ft to the garage door/carport motor vehicle entry for a dwelling with a non-recessed garage/carport,Minimum Front Setback | 10 feet for a dwelling with a recessed garage/carport or no garage/carport; 19½ feet to the garage door/carport motor vehicle entry for a dwelling with a non-recessed,"First of three values under the VR-5/7 header; the 10 ft applies only to a dwelling with a recessed garage/carport or no garage/carport; footnotes [9,10,11,12,13,14] are not shown.",or/clackamas/_unincorporated/zdo.315.txt#L1324-L1327,or/clackamas/_unincorporated/zdo.315.txt
00062,agree,noted,or/clackamas/_unincorporated,VR57,setback_front_max_ft,18,18,feet,inferred,True,20.5 ft to the garage door/carport motor vehicle entry for a dwelling with a non-recessed garage/carport,Maximum Front Setback | 18 feet for a dwelling with a recessed garage/carport or no garage/carport; 20½ feet to the garage door/carport motor vehicle entry for a dwelling with a non-recessed,"First of three values under the VR-5/7 header; 18 ft applies to a dwelling with a recessed or no garage/carport and 20½ ft caps the garage door of a non-recessed garage; footnotes [9,10,11,12,13,18,19,20] are not shown.",or/clackamas/_unincorporated/zdo.315.txt#L1328-L1331,or/clackamas/_unincorporated/zdo.315.txt
00063,agree,noted,or/clackamas/_unincorporated,VR57,setback_garage_entrance_ft,19.5,19.5,feet,inferred,True,10 ft (the front setback where the garage/carport is recessed or absent),"Minimum Front Setback | 19½ feet to the garage door/carport motor vehicle entry for a dwelling with a non-recessed garage/carport[9,10,11,12,13,14]",Stated inside the VR-5/7 Minimum Front Setback cell and only for a non-recessed garage/carport; the Maximum Front Setback row also caps the same garage door at 20½ ft; footnotes are not shown.,or/clackamas/_unincorporated/zdo.315.txt#L1324-L1327,or/clackamas/_unincorporated/zdo.315.txt
00064,agree,unclear+noted,or/clackamas/_unincorporated,VR57,setback_side_ft,5,5,feet,unclear,True,0 ft on one side,"Minimum Side Setback | 0 on one side; 5 feet on all other sides[9,12,21]","The VR-5/7 cell (first of three) prints a split standard, 0 on one side and 5 feet on all other sides, so no single figure captures it and the passage does not say which side may be zero; footnotes [9,12,21] are not shown.",or/clackamas/_unincorporated/zdo.315.txt#L1335-L1338,or/clackamas/_unincorporated/zdo.315.txt
00065,agree,noted,or/clackamas/_unincorporated,VR57,setback_rear_ft,15,15,feet,inferred,True,,"Minimum Rear Setback | 15 feet[9,12,13,21] | 15 feet[21]","Only two values are printed under a three-district header so the VR-5/7 cell cannot be assigned positionally, but both cells read 15 feet; the footnote sets differ ([9,12,13,21] vs [21]) and are not shown.",or/clackamas/_unincorporated/zdo.315.txt#L1332-L1334,or/clackamas/_unincorporated/zdo.315.txt
00066,agree,noted,or/clackamas/_unincorporated,VR57,max_coverage_pct,50,50,percent,inferred,True,,Maximum Lot Coverage | 50 percent[8] | 50 percent[8],"Only two values are printed for a three-district table and this section's header row is not in the passage, so column assignment is uncertain, but both cells read 50 percent; footnote [8] is not shown.",or/clackamas/_unincorporated/zdo.315.txt#L1297-L1299,or/clackamas/_unincorporated/zdo.315.txt
00067,agree,noted,or/clackamas/_unincorporated,VR45,min_lot_sqft,7000,7000,square feet,inferred,unknown,"no minimum (the VR-4/5 exception at L5, but it is written into the triplex clause, not the quadplex clause) | 5,000 sq ft (triplex clause)","Minimum Lot Size: The subject lot shall be a minimum of: ... 2 7,000 square feet for a quadplex or a cottage cluster.","L5 says 'except in the VR-4/5 and VR-5/7 Districts, where there is no minimum' but that exception belongs to the triplex clause; the quadplex clause at L7 carries no district exception, so 7,000 reads as applying to VR-4/5.","or/clackamas/_unincorporated/zdo.845.txt#L3,L7",or/clackamas/_unincorporated/zdo.845.txt
00068,agree,noted,or/clackamas/_unincorporated,VR45,max_height_ft,35,35,feet,clear,True,,Standard | VR-5/7 | VR-4/5 | VTH ... Maximum Building Height | 35 feet[9] | 35 feet[9] | 35 feet[9],Footnote [9] is not shown.,or/clackamas/_unincorporated/zdo.315.txt#L1320-L1323,or/clackamas/_unincorporated/zdo.315.txt
00069,agree,noted,or/clackamas/_unincorporated,VR45,setback_front_ft,10,10,feet,inferred,True,,"Minimum Front Setback | ... | 10 feet[12,13,14]","Second of three values under the VR-4/5 header; a plain 10 feet with no garage clause; footnotes [12,13,14] are not shown.",or/clackamas/_unincorporated/zdo.315.txt#L1324-L1327,or/clackamas/_unincorporated/zdo.315.txt
00070,agree,noted,or/clackamas/_unincorporated,VR45,setback_front_max_ft,18,18,feet,inferred,True,,"Maximum Front Setback | ... | 18 feet[12,13,18,19,20]","Second of three values under the VR-4/5 header; footnotes [12,13,18,19,20] are not shown.",or/clackamas/_unincorporated/zdo.315.txt#L1328-L1331,or/clackamas/_unincorporated/zdo.315.txt
00071,agree,unclear+noted,or/clackamas/_unincorporated,VR45,setback_side_ft,5,5,feet,unclear,True,0 ft on one side,"Minimum Side Setback | ... | 0 on one side; 5 feet on all other sides[9,12,21]","The VR-4/5 cell (second of three) prints a split standard, 0 on one side and 5 feet on all other sides, so no single figure captures it and the passage does not say which side may be zero; footnotes [9,12,21] are not shown.",or/clackamas/_unincorporated/zdo.315.txt#L1335-L1338,or/clackamas/_unincorporated/zdo.315.txt
00072,agree,noted,or/clackamas/_unincorporated,VR45,setback_rear_ft,15,15,feet,inferred,True,,"Minimum Rear Setback | 15 feet[9,12,13,21] | 15 feet[21]","Only two values are printed under a three-district header so the VR-4/5 cell cannot be assigned positionally, but both cells read 15 feet; the footnote sets differ ([9,12,13,21] vs [21]) and are not shown.",or/clackamas/_unincorporated/zdo.315.txt#L1332-L1334,or/clackamas/_unincorporated/zdo.315.txt
00073,agree,noted,or/clackamas/_unincorporated,VR45,max_coverage_pct,50,50,percent,inferred,True,,Maximum Lot Coverage | 50 percent[8] | 50 percent[8],"Only two values are printed for a three-district table and this section's header row is not in the passage, so column assignment is uncertain, but both cells read 50 percent; footnote [8] is not shown.",or/clackamas/_unincorporated/zdo.315.txt#L1297-L1299,or/clackamas/_unincorporated/zdo.315.txt
00074,agree,noted,or/clackamas/gladstone,defaults,parking_min_per_unit,1,1,spaces per unit,inferred,unknown,"none (the next cell in the row reads 'Min: None / Max: None', apparently under ZONE A MAX. ALLOWED)","(b) Duplex, Triplex, Quadplex, Townhouse, Cottage | 1 space per dwelling unit","Table 1 applies only 'Outside of those areas identified in GMC 17.48.010(1)'; row (b) prints one more cell than row (a), and the cell after '1 space per dwelling unit' reads 'Min: None / Max: None', which may mean no minimum inside parking Zone A.","or/clackamas/gladstone/17.48.parking.txt#L141,L156,L158,L171-L173",or/clackamas/gladstone/17.48.parking.txt
00075,agree,noted,or/clackamas/gladstone,defaults,parking_stall_width_ft,9.5,9.5,feet,clear,unknown,8.5 ft compact stall (up to 50 percent of required spaces),STANDARD PARKING DIMENSIONS IN FEET | Parking Angle 90° | Stall Width 9.5' | Stall Depth 18.0' | Aisle Width 24.0',L446 limits the section to 'structures and developments subject to design review'; a compact table prints 8.5 ft and L470 lets compact stalls be up to 50 percent of required spaces.,"or/clackamas/gladstone/17.48.parking.txt#L444,L446,L468,L484-L485,L488",or/clackamas/gladstone/17.48.parking.txt
00076,agree,noted,or/clackamas/gladstone,defaults,parking_stall_depth_ft,18,18,feet,clear,unknown,16.0 ft compact stall depth,STANDARD PARKING DIMENSIONS IN FEET | Parking Angle 90° | Stall Width 9.5' | Stall Depth 18.0' | Aisle Width 24.0',L446 limits the section to developments subject to design review; no bumper-overhang allowance is printed; the compact table prints 16.0 ft.,"or/clackamas/gladstone/17.48.parking.txt#L444,L446,L468,L484-L485,L488",or/clackamas/gladstone/17.48.parking.txt
00077,agree,noted,or/clackamas/gladstone,defaults,parking_aisle_one_way_ft,24,24,feet,inferred,unknown,14.0 ft at 45° | 16.0 ft at 60°,STANDARD PARKING DIMENSIONS IN FEET | Parking Angle 90° | Stall Width 9.5' | Stall Depth 18.0' | Aisle Width 24.0',"The table prints a single Aisle Width column with no one-way/two-way distinction, so 24.0' at 90° is the only aisle figure and is not specifically a one-way figure; L446 limits the section to developments subject to design review.","or/clackamas/gladstone/17.48.parking.txt#L444,L446,L468,L484-L485,L488",or/clackamas/gladstone/17.48.parking.txt
00078,agree,noted,or/clackamas/gladstone,defaults,parking_aisle_two_way_ft,24,24,feet,inferred,unknown,14.0 ft at 45° | 16.0 ft at 60°,STANDARD PARKING DIMENSIONS IN FEET | Parking Angle 90° | Stall Width 9.5' | Stall Depth 18.0' | Aisle Width 24.0',"The table prints a single Aisle Width column with no one-way/two-way distinction, so 24.0' at 90° is the only aisle figure and is not specifically a two-way figure; L446 limits the section to developments subject to design review.","or/clackamas/gladstone/17.48.parking.txt#L444,L446,L468,L484-L485,L488",or/clackamas/gladstone/17.48.parking.txt
00079,agree,noted,or/clackamas/gladstone,defaults,parking_street_setback_ft,5,5,feet,inferred,unknown,,(e) Parking spaces along the outer boundaries of a parking lot shall be contained by a curb at least four inches high and set back a minimum of five feet from the property line.,"L466 says 'from the property line' for parking spaces along the outer boundaries of a parking lot and names no street lot line, so it is a general perimeter setback rather than a street-specific one; L446 limits the section to developments subject to design review.","or/clackamas/gladstone/17.48.parking.txt#L444,L446,L456,L466",or/clackamas/gladstone/17.48.parking.txt
00080,agree,noted,or/clackamas/gladstone,R7.2,max_units,4,4,dwelling units per lot,clear,True,Middle housing maximum density: None,"This code does not allow for the creation of more than four dwelling units on a lot, including accessory dwelling units. Cottage clusters and townhomes are exempt.","The four-unit cap sits under the Detached single-household density row and expressly exempts cottage clusters and townhomes, so an attached-townhome project may fall outside it; the Middle housing row reads 'None'.","or/clackamas/gladstone/17.10.r-7.2.txt#L209,L212",or/clackamas/gladstone/17.10.r-7.2.txt
00081,agree,,or/clackamas/gladstone,R7.2,setback_front_ft,20,20,feet,clear,True,,Front setback / 20 ft,,or/clackamas/gladstone/17.10.r-7.2.txt#L169,or/clackamas/gladstone/17.10.r-7.2.txt
00082,agree,noted,or/clackamas/gladstone,R7.2,setback_side_ft,7.5,7.5,feet,clear,True,5 ft due to irregular shaped lots | 0 ft for townhouse lot lines where units are attached,Side setback / 7.5 ft or 5 ft due to irregular shaped lots,Qualifier on the same line: 5 ft is allowed for irregular shaped lots.,or/clackamas/gladstone/17.10.r-7.2.txt#L175-L176,or/clackamas/gladstone/17.10.r-7.2.txt
00083,agree,,or/clackamas/gladstone,R7.2,setback_side_ft [attached_wall+unit_lots],0,0,feet,clear,True,7.5 ft base side setback | 5 ft due to irregular shaped lots,Townhouse projects are allowed a zero-foot side setback for lot lines where townhouse units are attached.,,or/clackamas/gladstone/17.10.r-7.2.txt#L179,or/clackamas/gladstone/17.10.r-7.2.txt
00084,agree,,or/clackamas/gladstone,R7.2,setback_rear_ft,15,15,feet,clear,True,,Rear setback / 15 ft,,or/clackamas/gladstone/17.10.r-7.2.txt#L197,or/clackamas/gladstone/17.10.r-7.2.txt
00085,agree,,or/clackamas/gladstone,R7.2,setback_street_side_ft,20,20,feet,clear,True,,Street side setback / 20 ft,,or/clackamas/gladstone/17.10.r-7.2.txt#L183,or/clackamas/gladstone/17.10.r-7.2.txt
00086,agree,noted,or/clackamas/gladstone,R7.2,min_lot_sqft,3600,3600,square feet,clear,True,"7,200 sf Detached single household | 3,600 sf per dwelling unit Multi-household dwellings","Middle housing / 3,600 sf","Row used is Middle housing (a flat 3,600 sf, not per unit); the Multi-household row is 3,600 sf per dwelling unit.",or/clackamas/gladstone/17.10.r-7.2.txt#L161,or/clackamas/gladstone/17.10.r-7.2.txt
00087,agree,,or/clackamas/gladstone,R7.2,max_height_ft,35,35,feet,clear,True,,Maximum Building Height / 35 ft,,or/clackamas/gladstone/17.10.r-7.2.txt#L204,or/clackamas/gladstone/17.10.r-7.2.txt
00088,unread,unclear+noted,or/clackamas/gladstone,R7.2,setback_garage_entrance_ft,20,,,unclear,True,,(d) Garage doors for attached and detached individual garages must not exceed 20 feet in width.,"The cited line is a MAXIMUM garage-door WIDTH inside the cottage cluster design standards (17.10.065), not a minimum setback to a garage entrance; no garage setback figure appears in the passage.",or/clackamas/gladstone/17.10.r-7.2.txt#L381,or/clackamas/gladstone/17.10.r-7.2.txt
00089,agree,noted,or/clackamas/gladstone,R5,setback_front_ft,20,20,feet,clear,True,10 ft within Gladstone Town Center,Front setback / 20 ft,The next line reduces it to 10 ft within Gladstone Town Center.,or/clackamas/gladstone/17.12.r-5.txt#L182,or/clackamas/gladstone/17.12.r-5.txt
00090,agree,,or/clackamas/gladstone,R5,setback_side_ft,5,5,feet,clear,True,0 ft for townhouse lot lines where units are attached,Side setback / 5 ft,,or/clackamas/gladstone/17.12.r-5.txt#L189-L190,or/clackamas/gladstone/17.12.r-5.txt
00091,agree,,or/clackamas/gladstone,R5,setback_side_ft [attached_wall+unit_lots],0,0,feet,clear,True,5 ft base side setback,Townhouse projects are allowed a zero-foot side setback for lot lines where townhouse units are attached.,,or/clackamas/gladstone/17.12.r-5.txt#L193,or/clackamas/gladstone/17.12.r-5.txt
00092,agree,,or/clackamas/gladstone,R5,setback_rear_ft,15,15,feet,clear,True,,Rear setback / 15 ft,,or/clackamas/gladstone/17.12.r-5.txt#L205,or/clackamas/gladstone/17.12.r-5.txt
00093,agree,noted,or/clackamas/gladstone,R5,setback_street_side_ft,20,20,feet,clear,True,10 ft within Gladstone Town Center,Street side setback / 20 ft,The next line reduces it to 10 ft within Gladstone Town Center.,or/clackamas/gladstone/17.12.r-5.txt#L197,or/clackamas/gladstone/17.12.r-5.txt
00094,agree,noted,or/clackamas/gladstone,R5,min_lot_sqft,7000,7000,square feet,clear,True,"5,000 sf Townhouse project (average 1,500 sf per townhouse dwelling) | 5,000 sf Duplex and triplex","Quadplex / 7,000 sf","Row used is Quadplex; a Townhouse project row two lines down asks only 5,000 sf, so which governs depends on whether the four attached units are filed as a quadplex or a townhouse project.",or/clackamas/gladstone/17.12.r-5.txt#L167-L168,or/clackamas/gladstone/17.12.r-5.txt
00095,agree_alt,noted,or/clackamas/gladstone,R5,min_lot_sqft [unit_lots],1500.0,5000,square feet (townhouse project total),inferred,True,"1,500 sf average minimum lot area per townhouse dwelling | 7,000 sf Quadplex","Townhouse project / 5,000 sf / The average minimum lot area for a townhouse dwelling shall be 1,500 sf.","Two figures are stated: 5,000 sf for the whole townhouse project and a 1,500 sf AVERAGE per townhouse dwelling (unit lot); the average is not a per-lot floor.",or/clackamas/gladstone/17.12.r-5.txt#L171-L173,or/clackamas/gladstone/17.12.r-5.txt
00096,agree,,or/clackamas/gladstone,R5,max_height_ft,35,35,feet,clear,True,,Maximum Building Height / 35 ft,,or/clackamas/gladstone/17.12.r-5.txt#L212,or/clackamas/gladstone/17.12.r-5.txt
00097,unread,unclear+noted,or/clackamas/gladstone,R5,setback_garage_entrance_ft,20,,,unclear,True,,(d) Garage doors for attached and detached individual garages must not exceed 20 feet in width.,"The cited line is a MAXIMUM garage-door WIDTH inside the cottage cluster design standards (17.12.065), not a minimum setback to a garage entrance; no garage setback figure appears in the passage.",or/clackamas/gladstone/17.12.r-5.txt#L388,or/clackamas/gladstone/17.12.r-5.txt
00098,agree,wrong_zone+noted,or/clackamas/gladstone,R10,max_units,4,4,dwelling units per lot,inferred,False,Middle housing maximum density: None,"This code does not allow for the creation of more than four dwelling units on a lot, including accessory dwelling units. Cottage clusters and townhomes are exempt.",Document is the R-7.2 chapter (17.10) and R-10 appears nowhere in the passage; the cap also exempts cottage clusters and townhomes and sits under the Detached single-household row.,"or/clackamas/gladstone/17.10.r-7.2.txt#L209,L212",or/clackamas/gladstone/17.10.r-7.2.txt
00099,agree,wrong_zone+noted,or/clackamas/gladstone,R10,setback_front_ft,20,20,feet,inferred,False,,Front setback / 20 ft,Document is the R-7.2 chapter (17.10.050) and R-10 appears nowhere in the passage.,or/clackamas/gladstone/17.10.r-7.2.txt#L169,or/clackamas/gladstone/17.10.r-7.2.txt
00100,agree,wrong_zone+noted,or/clackamas/gladstone,R10,setback_side_ft,7.5,7.5,feet,inferred,False,5 ft due to irregular shaped lots | 0 ft for townhouse lot lines where units are attached,Side setback / 7.5 ft or 5 ft due to irregular shaped lots,Document is the R-7.2 chapter (17.10.050) and R-10 appears nowhere in the passage; 5 ft applies to irregular shaped lots.,or/clackamas/gladstone/17.10.r-7.2.txt#L175-L176,or/clackamas/gladstone/17.10.r-7.2.txt
00101,agree,wrong_zone+noted,or/clackamas/gladstone,R10,setback_side_ft [attached_wall+unit_lots],0,0,feet,inferred,False,7.5 ft base side setback | 5 ft due to irregular shaped lots,Townhouse projects are allowed a zero-foot side setback for lot lines where townhouse units are attached.,Document is the R-7.2 chapter (17.10.050) and R-10 appears nowhere in the passage.,or/clackamas/gladstone/17.10.r-7.2.txt#L179,or/clackamas/gladstone/17.10.r-7.2.txt
00102,agree,wrong_zone+noted,or/clackamas/gladstone,R10,setback_rear_ft,15,15,feet,inferred,False,,Rear setback / 15 ft,Document is the R-7.2 chapter (17.10.050) and R-10 appears nowhere in the passage.,or/clackamas/gladstone/17.10.r-7.2.txt#L197,or/clackamas/gladstone/17.10.r-7.2.txt
00103,agree,wrong_zone+noted,or/clackamas/gladstone,R10,setback_street_side_ft,20,20,feet,inferred,False,,Street side setback / 20 ft,Document is the R-7.2 chapter (17.10.050) and R-10 appears nowhere in the passage.,or/clackamas/gladstone/17.10.r-7.2.txt#L183,or/clackamas/gladstone/17.10.r-7.2.txt
00104,agree,wrong_zone+noted,or/clackamas/gladstone,R10,min_lot_sqft,3600,3600,square feet,inferred,False,"7,200 sf Detached single household | 3,600 sf per dwelling unit Multi-household dwellings","Middle housing / 3,600 sf",L155 says these standards 'shall apply in an R-7.2 zoning district'; R-10 appears nowhere in the passage. Row used is Middle housing.,or/clackamas/gladstone/17.10.r-7.2.txt#L161,or/clackamas/gladstone/17.10.r-7.2.txt
00105,agree,wrong_zone+noted,or/clackamas/gladstone,R10,max_height_ft,35,35,feet,inferred,False,,Maximum Building Height / 35 ft,Document is the R-7.2 chapter (17.10.050) and R-10 appears nowhere in the passage.,or/clackamas/gladstone/17.10.r-7.2.txt#L204,or/clackamas/gladstone/17.10.r-7.2.txt
00106,unread,wrong_zone+unclear+noted,or/clackamas/gladstone,R10,setback_garage_entrance_ft,20,,,unclear,False,,(d) Garage doors for attached and detached individual garages must not exceed 20 feet in width.,"The cited line is a MAXIMUM garage-door WIDTH in the R-7.2 cottage cluster design standards (17.10.065), not a garage entrance setback, and R-10 appears nowhere in the passage.",or/clackamas/gladstone/17.10.r-7.2.txt#L381,or/clackamas/gladstone/17.10.r-7.2.txt
00107,agree,noted,or/clackamas/happy-valley,defaults,parking_min_per_unit,1,1,spaces per unit,clear,True,2 per dwelling (Single-family detached),"Single-family attached (townhome), duplex, triplex, quadplex, cottage cluster / 1 per dwelling[3,5]","Row used is Single-family attached (townhome), duplex, triplex, quadplex, cottage cluster; footnotes [3] and [5] attach to the cell and are not shown in the excerpt.",or/clackamas/happy-valley/16.43.parking.txt#L215-L216,or/clackamas/happy-valley/16.43.parking.txt
00108,agree,noted,or/clackamas/happy-valley,defaults,parking_stall_width_ft,9,9.0,feet,inferred,True,8.0 ft Compact Size Vehicle stall width at 90 degrees,"90 / 9.0 / 18.5 / 24.0 / 61.0 / 2.5 (Angle, Stall Width, Stall Depth, Aisle Width, Module Width, Bumper Overhang -- Standard Size Vehicles)","Read from the 90-degree row, Standard Size Vehicles group (the row carries 11 cells: angle, five standard, five compact); the compact stall width is 8.0.","or/clackamas/happy-valley/16.43.parking.txt#L563-L568,L618-L623",or/clackamas/happy-valley/16.43.parking.txt
00109,agree,noted,or/clackamas/happy-valley,defaults,parking_stall_depth_ft,18.5,18.5,feet,inferred,True,16.0 ft Compact Size Vehicle stall depth at 90 degrees,"90 / 9.0 / 18.5 / 24.0 / 61.0 / 2.5 (Angle, Stall Width, Stall Depth, Aisle Width, Module Width, Bumper Overhang -- Standard Size Vehicles)","Read from the 90-degree row, Standard Size Vehicles group; a 2.5 ft Bumper Overhang is printed in the same row and 18.5 is the depth as printed with nothing deducted.","or/clackamas/happy-valley/16.43.parking.txt#L563-L568,L618-L623",or/clackamas/happy-valley/16.43.parking.txt
00110,agree,unclear+noted,or/clackamas/happy-valley,defaults,parking_aisle_one_way_ft,24,24.0,feet,unclear,True,20.0 ft Compact Size Vehicle aisle width at 90 degrees,"90 / 9.0 / 18.5 / 24.0 / 61.0 / 2.5 (Angle, Stall Width, Stall Depth, Aisle Width, Module Width, Bumper Overhang -- Standard Size Vehicles)","The table has a single Aisle Width column per angle and never says one-way or two-way, so 24.0 is the 90-degree aisle width for standard stalls, not a figure stated for one-way traffic.","or/clackamas/happy-valley/16.43.parking.txt#L563-L568,L618-L623",or/clackamas/happy-valley/16.43.parking.txt
00111,agree,noted,or/clackamas/happy-valley,defaults,parking_aisle_two_way_ft,24,24.0,feet,inferred,True,20.0 ft Compact Size Vehicle aisle width at 90 degrees,"90 / 9.0 / 18.5 / 24.0 / 61.0 / 2.5 (Angle, Stall Width, Stall Depth, Aisle Width, Module Width, Bumper Overhang -- Standard Size Vehicles)",The table has a single Aisle Width column per angle and does not say one-way or two-way; 24.0 is the 90-degree aisle width for standard stalls.,"or/clackamas/happy-valley/16.43.parking.txt#L563-L568,L618-L623",or/clackamas/happy-valley/16.43.parking.txt
00112,agree,noted,or/clackamas/happy-valley,defaults,driveway_min_width_two_way_ft,20,20,feet,clear,True,12 feet for a one-way drive,a minimum width of 20 feet for a two-way drive or 12 feet for a one-way drive but in either case not less than the full width of the standard approach for the first 20 feet of the driveway,"Qualifier: in either case not less than the full width of the standard approach for the first 20 feet; 16.41.020 limits applicability to land divisions, lot changes and site design review.","or/clackamas/happy-valley/16.41.access.txt#L27,L53-L59",or/clackamas/happy-valley/16.41.access.txt
00113,agree,noted,or/clackamas/happy-valley,defaults,driveway_min_width_one_way_ft,12,12,feet,clear,True,20 feet for a two-way drive,a minimum width of 20 feet for a two-way drive or 12 feet for a one-way drive but in either case not less than the full width of the standard approach for the first 20 feet of the driveway,"Qualifier: in either case not less than the full width of the standard approach for the first 20 feet; 16.41.020 limits applicability to land divisions, lot changes and site design review.","or/clackamas/happy-valley/16.41.access.txt#L27,L53-L59",or/clackamas/happy-valley/16.41.access.txt
00114,agree,noted,or/clackamas/happy-valley,R40,max_height_ft,45,45,feet,clear,True,,Building height (maximum) / 45 feet[5] (R-40 column),Footnote [5] attaches to the cell and is not shown in this excerpt (elsewhere in the same table it allows 49 feet at side and rear elevations for single-family).,"or/clackamas/happy-valley/16.22.residential.txt#L278,L298",or/clackamas/happy-valley/16.22.residential.txt
00115,agree,noted,or/clackamas/happy-valley,R40,max_density_du_per_acre [unit_lots],4.4,4.4,units per net acre,clear,True,,Townhome maximum density (units per net acre) / 4.4 du/net acre (R-40 column),Row used is Townhome maximum density; the denominator is net acres.,"or/clackamas/happy-valley/16.22.residential.txt#L278,L281",or/clackamas/happy-valley/16.22.residential.txt
00116,agree,noted,or/clackamas/happy-valley,R40,setback_front_ft,22,22,feet,clear,True,,Building setbacks (minimum)[6] / Front / 22 feet (R-40 column),Footnote [6] on the setbacks heading applies the standards to the middle housing parent lot after a middle housing land division.,or/clackamas/happy-valley/16.22.residential.txt#L290,or/clackamas/happy-valley/16.22.residential.txt
00117,agree,noted,or/clackamas/happy-valley,R40,setback_side_ft,15,15,feet,clear,True,0 feet for townhomes per footnote [4],Interior side / 15/0[4] feet (R-40 column),Cell prints '15/0[4]'; the 0 is the townhome reduction under footnote [4].,or/clackamas/happy-valley/16.22.residential.txt#L292,or/clackamas/happy-valley/16.22.residential.txt
00118,agree,noted,or/clackamas/happy-valley,R40,setback_side_ft [attached_wall+unit_lots],0,0,feet,clear,True,15 feet base interior side (R-40 column),[4] Interior side yard setbacks for townhomes may be reduced to zero in compliance with applicable sections of the adopted Uniform Building Code.,The reduction is permissive ('may be reduced') and conditioned on Uniform Building Code compliance.,"or/clackamas/happy-valley/16.22.residential.txt#L292,L305",or/clackamas/happy-valley/16.22.residential.txt
00119,agree,,or/clackamas/happy-valley,R40,setback_rear_ft,22,22,feet,clear,True,,Rear / 22 feet (R-40 column),,or/clackamas/happy-valley/16.22.residential.txt#L291,or/clackamas/happy-valley/16.22.residential.txt
00120,agree,,or/clackamas/happy-valley,R40,setback_street_side_ft,15,15,feet,clear,True,,Street side (corner lot)  15 feet  15 feet  15 feet,,or/clackamas/happy-valley/16.22.residential.txt#L293,or/clackamas/happy-valley/16.22.residential.txt
00121,agree,noted,or/clackamas/happy-valley,R40,min_lot_sqft,40000,40000,square feet,clear,True,"1,500 sq. ft. (Lot size (minimum): Townhome row, L280)","Lot size (minimum and maximum density): Single-family detached, duplex, triplex, quadplex, cottage cluster[1,6]  40,000 sq. ft.  20,000 sq. ft.  15,000 sq. ft.","Row used is the quadplex row (R-40 column, first cell); the Townhome row directly below prints 1,500 sq. ft., so the figure depends on whether the 4-unit attached building is read as a quadplex or as townhomes.",or/clackamas/happy-valley/16.22.residential.txt#L279,or/clackamas/happy-valley/16.22.residential.txt
00122,agree,noted,or/clackamas/happy-valley,R40,min_lot_sqft [unit_lots],1500.0,1500,square feet (per townhome lot),clear,True,"40,000 sq. ft. (quadplex row L279, base whole-lot figure)","Lot size (minimum): Townhome[1]  1,500 sq. ft.  1,500 sq. ft.  1,500 sq. ft.","Footnote [1] (L302) speaks only to single-family detached and cottage clusters; the next row (L281) caps townhome density at 4.4 du/net acre in R-40, which binds far harder than 1,500 sq. ft. per lot.",or/clackamas/happy-valley/16.22.residential.txt#L280,or/clackamas/happy-valley/16.22.residential.txt
00123,agree,noted,or/clackamas/happy-valley,R40,min_lot_width_ft,100,100,feet,clear,True,"exempt for townhomes (footnote [2], L303: Townhomes are exempt from the lot width requirements)","Lot width (minimum)[2,6]  100 feet  80 feet  70 feet","Row carries footnote [2]; the table notes (L303, outside this excerpt but in the same table) exempt townhomes from lot width, so for a townhouse on unit lots the 100 ft may not apply.",or/clackamas/happy-valley/16.22.residential.txt#L282,or/clackamas/happy-valley/16.22.residential.txt
00124,agree,,or/clackamas/happy-valley,R40,min_lot_depth_ft,200,200,feet,clear,True,,Lot depth (minimum)  200 feet  100 feet  90 feet,,or/clackamas/happy-valley/16.22.residential.txt#L283,or/clackamas/happy-valley/16.22.residential.txt
00125,agree,noted,or/clackamas/happy-valley,R40,min_frontage_ft,100,100,feet,clear,True,"70 feet (Lots fronting on cul-de-sac, L285) | 20 feet (Townhomes row, L287)",Street frontage (minimum) / All other lots  100 feet  80 feet  60 feet,Frontage is split by lot situation: 100 ft is the 'All other lots' row; cul-de-sac lots get 70 ft and the Townhomes row prints 20 ft.,"or/clackamas/happy-valley/16.22.residential.txt#L284,L286",or/clackamas/happy-valley/16.22.residential.txt
00126,agree,,or/clackamas/happy-valley,R40,min_frontage_ft [unit_lots],20,20,feet,clear,True,"100 feet (All other lots, L286, base figure) | 70 feet (Lots fronting on cul-de-sac, L285)",Townhomes  20 feet  20 feet  20 feet,,or/clackamas/happy-valley/16.22.residential.txt#L287,or/clackamas/happy-valley/16.22.residential.txt
00127,agree,noted,or/clackamas/happy-valley,R40,max_coverage_pct,20,20,percent,clear,True,"1,000 sq. ft. of buildings/decks (footnote [7], L308: townhome coverage is the greater of the table percentage or up to 1,000 sq. ft.)","Lot coverage (maximum)[3,6,7]  20%  30%  35%","Row carries footnote [7]; per the table notes (L308) townhome lots may use the greater of 20% or 1,000 sq. ft., so on a small unit lot the percentage is not the binding cap.",or/clackamas/happy-valley/16.22.residential.txt#L288,or/clackamas/happy-valley/16.22.residential.txt
00128,agree,noted,or/clackamas/happy-valley,R40,min_landscaped_pct,20,20,percent,clear,unknown,"20% (Multifamily dwellings containing five or more units, L97)","Single-family detached, single-family attached dwellings, duplexes, triplexes and fourplexes: 20%. A minimum of 50 square feet of landscaping shall be located in front of the dwelling(s);","Citywide landscaping section, no zone named; the denominator is 'gross developable lot area of the greater proposed development', and a further 50 sq. ft. must sit in front of the dwelling(s).","or/clackamas/happy-valley/16.42.landscaping.txt#L89,L93",or/clackamas/happy-valley/16.42.landscaping.txt
00129,agree,noted,or/clackamas/happy-valley,R40,parking_street_setback_ft,10.0,10,floor of a borrowed setback,clear,unknown,same distance as the required building setbacks (the zone's front / street-side setback governs when larger than 10 ft),"set back from a lot line adjoining a street the same distance as the required building setbacks. Regardless of other provisions, a minimum setback of ten feet shall be provided","The governing standard is the required building setback; ten feet is only the floor, and the citywide parking section names no zone.","or/clackamas/happy-valley/16.43.parking.txt#L511,L527",or/clackamas/happy-valley/16.43.parking.txt
00130,agree,noted,or/clackamas/happy-valley,R20,max_height_ft,45,45,feet,clear,True,"49 feet (side and rear elevations, footnote [5], L306)",Building height (maximum)  45 feet[5]  45 feet[5]  45 feet[5],"Cell carries footnote [5]; the table notes (L306) put 45 ft at the front elevation with side/rear elevations up to 49 ft, and word that note as 'single-family residential'.","or/clackamas/happy-valley/16.22.residential.txt#L278,L298",or/clackamas/happy-valley/16.22.residential.txt
00131,agree,noted,or/clackamas/happy-valley,R20,max_density_du_per_acre [unit_lots],8.7,8.7,units per net acre,clear,True,,Townhome maximum density (units per net acre)  4.4 du/net acre  8.7 du/net acre  11.6 du/net acre,"Denominator is net acre; the quadplex row above (L279) is labelled 'minimum and maximum density' but prints only a lot size (20,000 sq. ft.), no du/acre.","or/clackamas/happy-valley/16.22.residential.txt#L278,L281",or/clackamas/happy-valley/16.22.residential.txt
00132,agree,,or/clackamas/happy-valley,R20,setback_front_ft,22,22,feet,clear,True,,Front  22 feet  22 feet  22 feet,,or/clackamas/happy-valley/16.22.residential.txt#L290,or/clackamas/happy-valley/16.22.residential.txt
00133,agree,noted,or/clackamas/happy-valley,R20,setback_side_ft,10,10,feet,clear,True,"0 feet (townhome common wall, footnote [4])",Interior side  15/0[4] feet  10/0[4] feet  7/0[4] feet,"R-20 cell prints '10/0[4]': 10 ft is the base, the 0 is the townhome common-wall option under footnote [4].",or/clackamas/happy-valley/16.22.residential.txt#L292,or/clackamas/happy-valley/16.22.residential.txt
00134,agree,noted,or/clackamas/happy-valley,R20,setback_side_ft [attached_wall+unit_lots],0,0,feet,clear,True,"10 feet (R-20 base interior side, L292)",[4] Interior side yard setbacks for townhomes may be reduced to zero in compliance with applicable sections of the adopted Uniform Building Code.,Permissive ('may be reduced to zero') and conditioned on building-code compliance; the R-20 cell prints '10/0[4]'.,"or/clackamas/happy-valley/16.22.residential.txt#L292,L305",or/clackamas/happy-valley/16.22.residential.txt
00135,agree,,or/clackamas/happy-valley,R20,setback_rear_ft,22,22,feet,clear,True,,Rear  22 feet  22 feet  22 feet,,or/clackamas/happy-valley/16.22.residential.txt#L291,or/clackamas/happy-valley/16.22.residential.txt
00136,agree,,or/clackamas/happy-valley,R20,setback_street_side_ft,15,15,feet,clear,True,,Street side (corner lot)  15 feet  15 feet  15 feet,,or/clackamas/happy-valley/16.22.residential.txt#L293,or/clackamas/happy-valley/16.22.residential.txt
00137,agree,noted,or/clackamas/happy-valley,R20,min_lot_sqft,20000,20000,square feet,clear,True,"1,500 sq. ft. (Lot size (minimum): Townhome row, L280)","Lot size (minimum and maximum density): Single-family detached, duplex, triplex, quadplex, cottage cluster[1,6]  40,000 sq. ft.  20,000 sq. ft.  15,000 sq. ft.","Row used is the quadplex row (R-20 column, second cell); the Townhome row directly below prints 1,500 sq. ft., so the figure depends on whether the 4-unit attached building is read as a quadplex or as townhomes.",or/clackamas/happy-valley/16.22.residential.txt#L279,or/clackamas/happy-valley/16.22.residential.txt
00138,agree,noted,or/clackamas/happy-valley,R20,min_lot_sqft [unit_lots],1500.0,1500,square feet (per townhome lot),clear,True,"20,000 sq. ft. (quadplex row L279, base whole-lot figure)","Lot size (minimum): Townhome[1]  1,500 sq. ft.  1,500 sq. ft.  1,500 sq. ft.","Footnote [1] (L302) speaks only to single-family detached and cottage clusters; the next row (L281) caps townhome density at 8.7 du/net acre in R-20, which binds far harder than 1,500 sq. ft. per lot.",or/clackamas/happy-valley/16.22.residential.txt#L280,or/clackamas/happy-valley/16.22.residential.txt
00139,agree,noted,or/clackamas/happy-valley,R20,min_lot_width_ft,80,80,feet,clear,True,"exempt for townhomes (footnote [2], L303: Townhomes are exempt from the lot width requirements)","Lot width (minimum)[2,6]  100 feet  80 feet  70 feet","Row carries footnote [2]; the table notes (L303, outside this excerpt but in the same table) exempt townhomes from lot width, so for a townhouse on unit lots the 80 ft may not apply.",or/clackamas/happy-valley/16.22.residential.txt#L282,or/clackamas/happy-valley/16.22.residential.txt
00140,agree,,or/clackamas/happy-valley,R20,min_lot_depth_ft,100,100,feet,clear,True,,Lot depth (minimum)  200 feet  100 feet  90 feet,,or/clackamas/happy-valley/16.22.residential.txt#L283,or/clackamas/happy-valley/16.22.residential.txt
00141,agree,noted,or/clackamas/happy-valley,R20,min_frontage_ft,80,80,feet,clear,True,"50 feet (Lots fronting on cul-de-sac, L285) | 20 feet (Townhomes row, L287)",Street frontage (minimum) / All other lots  100 feet  80 feet  60 feet,Frontage is split by lot situation: 80 ft is the 'All other lots' row; cul-de-sac lots get 50 ft and the Townhomes row prints 20 ft.,"or/clackamas/happy-valley/16.22.residential.txt#L284,L286",or/clackamas/happy-valley/16.22.residential.txt
00142,agree,,or/clackamas/happy-valley,R20,min_frontage_ft [unit_lots],20,20,feet,clear,True,"80 feet (All other lots, L286, base figure) | 50 feet (Lots fronting on cul-de-sac, L285)",Townhomes  20 feet  20 feet  20 feet,,or/clackamas/happy-valley/16.22.residential.txt#L287,or/clackamas/happy-valley/16.22.residential.txt
00143,agree,noted,or/clackamas/happy-valley,R20,max_coverage_pct,30,30,percent,clear,True,"1,000 sq. ft. of buildings/decks (footnote [7], L308: townhome coverage is the greater of the table percentage or up to 1,000 sq. ft.)","Lot coverage (maximum)[3,6,7]  20%  30%  35%","Row carries footnote [7]; per the table notes (L308) townhome lots may use the greater of 30% or 1,000 sq. ft., so on a small unit lot the percentage is not the binding cap.",or/clackamas/happy-valley/16.22.residential.txt#L288,or/clackamas/happy-valley/16.22.residential.txt
00144,agree,noted,or/clackamas/happy-valley,R20,min_landscaped_pct,20,20,percent,clear,unknown,"20% (Multifamily dwellings containing five or more units, L97)","Single-family detached, single-family attached dwellings, duplexes, triplexes and fourplexes: 20%. A minimum of 50 square feet of landscaping shall be located in front of the dwelling(s);","Citywide landscaping section, no zone named; the denominator is 'gross developable lot area of the greater proposed development', and a further 50 sq. ft. must sit in front of the dwelling(s).","or/clackamas/happy-valley/16.42.landscaping.txt#L89,L93",or/clackamas/happy-valley/16.42.landscaping.txt
00145,agree,noted,or/clackamas/happy-valley,R20,parking_street_setback_ft,10.0,10,floor of a borrowed setback,clear,unknown,same distance as the required building setbacks (the zone's front / street-side setback governs when larger than 10 ft),"set back from a lot line adjoining a street the same distance as the required building setbacks. Regardless of other provisions, a minimum setback of ten feet shall be provided","The governing standard is the required building setback; ten feet is only the floor, and the citywide parking section names no zone.","or/clackamas/happy-valley/16.43.parking.txt#L511,L527",or/clackamas/happy-valley/16.43.parking.txt
00146,agree,noted,or/clackamas/happy-valley,R15,max_height_ft,45,45,feet,clear,True,"49 feet (side and rear elevations, footnote [5], L306)",Building height (maximum)  45 feet[5]  45 feet[5]  45 feet[5],"Cell carries footnote [5]; the table notes (L306) put 45 ft at the front elevation with side/rear elevations up to 49 ft, and word that note as 'single-family residential'.","or/clackamas/happy-valley/16.22.residential.txt#L278,L298",or/clackamas/happy-valley/16.22.residential.txt
00147,agree,noted,or/clackamas/happy-valley,R15,max_density_du_per_acre [unit_lots],11.6,11.6,units per net acre,clear,True,,Townhome maximum density (units per net acre)  4.4 du/net acre  8.7 du/net acre  11.6 du/net acre,"Denominator is net acre; the quadplex row above (L279) is labelled 'minimum and maximum density' but prints only a lot size (15,000 sq. ft.), no du/acre.","or/clackamas/happy-valley/16.22.residential.txt#L278,L281",or/clackamas/happy-valley/16.22.residential.txt
00148,agree,,or/clackamas/happy-valley,R15,setback_front_ft,22,22,feet,clear,True,,Front  22 feet  22 feet  22 feet,,or/clackamas/happy-valley/16.22.residential.txt#L290,or/clackamas/happy-valley/16.22.residential.txt
00149,agree,noted,or/clackamas/happy-valley,R15,setback_side_ft,7,7,feet,clear,True,"0 feet (townhome common wall, footnote [4])",Interior side  15/0[4] feet  10/0[4] feet  7/0[4] feet,"R-15 cell prints '7/0[4]': 7 ft is the base, the 0 is the townhome common-wall option under footnote [4].",or/clackamas/happy-valley/16.22.residential.txt#L292,or/clackamas/happy-valley/16.22.residential.txt
00150,agree,noted,or/clackamas/happy-valley,R15,setback_side_ft [attached_wall+unit_lots],0,0,feet,clear,True,"7 feet (R-15 base interior side, L292)",[4] Interior side yard setbacks for townhomes may be reduced to zero in compliance with applicable sections of the adopted Uniform Building Code.,Permissive ('may be reduced to zero') and conditioned on building-code compliance; the R-15 cell prints '7/0[4]'.,"or/clackamas/happy-valley/16.22.residential.txt#L292,L305",or/clackamas/happy-valley/16.22.residential.txt
00151,agree,,or/clackamas/happy-valley,R15,setback_rear_ft,22,22,feet,clear,True,,Rear  22 feet  22 feet  22 feet,,or/clackamas/happy-valley/16.22.residential.txt#L291,or/clackamas/happy-valley/16.22.residential.txt
00152,agree,,or/clackamas/happy-valley,R15,setback_street_side_ft,15,15,feet,clear,True,,Street side (corner lot)  15 feet  15 feet  15 feet,,or/clackamas/happy-valley/16.22.residential.txt#L293,or/clackamas/happy-valley/16.22.residential.txt
00153,agree,noted,or/clackamas/happy-valley,R15,min_lot_sqft,15000,15000,square feet,clear,True,"1,500 sq. ft. (Lot size (minimum): Townhome row, L280)","Lot size (minimum and maximum density): Single-family detached, duplex, triplex, quadplex, cottage cluster[1,6]  40,000 sq. ft.  20,000 sq. ft.  15,000 sq. ft.","Row used is the quadplex row (R-15 column, third cell); the Townhome row directly below prints 1,500 sq. ft., so the figure depends on whether the 4-unit attached building is read as a quadplex or as townhomes.",or/clackamas/happy-valley/16.22.residential.txt#L279,or/clackamas/happy-valley/16.22.residential.txt
00154,agree,noted,or/clackamas/happy-valley,R15,min_lot_sqft [unit_lots],1500.0,1500,square feet (per townhome lot),clear,True,"15,000 sq. ft. (quadplex row L279, base whole-lot figure)","Lot size (minimum): Townhome[1]  1,500 sq. ft.  1,500 sq. ft.  1,500 sq. ft.","Footnote [1] (L302) speaks only to single-family detached and cottage clusters; the next row (L281) caps townhome density at 11.6 du/net acre in R-15, which binds far harder than 1,500 sq. ft. per lot.",or/clackamas/happy-valley/16.22.residential.txt#L280,or/clackamas/happy-valley/16.22.residential.txt
00155,agree,noted,or/clackamas/happy-valley,R15,min_lot_width_ft,70,70,feet,clear,True,"exempt for townhomes (footnote [2], L303: Townhomes are exempt from the lot width requirements)","Lot width (minimum)[2,6]  100 feet  80 feet  70 feet","Row carries footnote [2]; the table notes (L303, outside this excerpt but in the same table) exempt townhomes from lot width, so for a townhouse on unit lots the 70 ft may not apply.",or/clackamas/happy-valley/16.22.residential.txt#L282,or/clackamas/happy-valley/16.22.residential.txt
00156,agree,,or/clackamas/happy-valley,R15,min_lot_depth_ft,90,90,feet,clear,True,,Lot depth (minimum)  200 feet  100 feet  90 feet,,or/clackamas/happy-valley/16.22.residential.txt#L283,or/clackamas/happy-valley/16.22.residential.txt
00157,agree,noted,or/clackamas/happy-valley,R15,min_frontage_ft,60,60,feet,clear,True,"50 feet (Lots fronting on cul-de-sac, L285) | 20 feet (Townhomes row, L287)",Street frontage (minimum) / All other lots  100 feet  80 feet  60 feet,Frontage is split by lot situation: 60 ft is the 'All other lots' row; cul-de-sac lots get 50 ft and the Townhomes row prints 20 ft.,"or/clackamas/happy-valley/16.22.residential.txt#L284,L286",or/clackamas/happy-valley/16.22.residential.txt
00158,agree,,or/clackamas/happy-valley,R15,min_frontage_ft [unit_lots],20,20,feet,clear,True,"60 feet (All other lots, L286, base figure) | 50 feet (Lots fronting on cul-de-sac, L285)",Townhomes  20 feet  20 feet  20 feet,,or/clackamas/happy-valley/16.22.residential.txt#L287,or/clackamas/happy-valley/16.22.residential.txt
00159,agree,noted,or/clackamas/happy-valley,R15,max_coverage_pct,35,35,percent,clear,True,"1,000 sq. ft. of buildings/decks (footnote [7], L308: townhome coverage is the greater of the table percentage or up to 1,000 sq. ft.)","Lot coverage (maximum)[3,6,7]  20%  30%  35%","Row carries footnote [7]; per the table notes (L308) townhome lots may use the greater of 35% or 1,000 sq. ft., so on a small unit lot the percentage is not the binding cap.",or/clackamas/happy-valley/16.22.residential.txt#L288,or/clackamas/happy-valley/16.22.residential.txt
00160,agree,noted,or/clackamas/happy-valley,R15,min_landscaped_pct,20,20,percent,clear,unknown,,"Single-family detached, single-family attached dwellings, duplexes, triplexes and fourplexes: 20%.","Passage is a citywide standard by housing type (no zone named); the row used covers both single-family attached and fourplexes; same sentence adds a separate qualifier that at least 50 sq ft of landscaping must be in front of the dwelling(s), and the base is 'gross developable lot area of the greater proposed development'.","or/clackamas/happy-valley/16.42.landscaping.txt#L89,L93",or/clackamas/happy-valley/16.42.landscaping.txt
00161,agree,noted,or/clackamas/happy-valley,R15,parking_street_setback_ft,10.0,10,floor of a borrowed setback,clear,unknown,"the same distance as the required building setbacks (governing figure, not printed in this passage) | setback of the most restrictive adjoining residential zoning district where parking abuts a residential zone (L523)","Parking areas shall be set back from a lot line adjoining a street the same distance as the required building setbacks. Regardless of other provisions, a minimum setback of ten feet shall be provided","The governing standard is the zone's required building setback; ten feet is only a floor that applies 'regardless of other provisions', and no zone is named in the passage.","or/clackamas/happy-valley/16.43.parking.txt#L511,L527",or/clackamas/happy-valley/16.43.parking.txt
00162,agree,noted,or/clackamas/happy-valley,R10,max_height_ft,45,45,feet,clear,True,49 feet at side and rear elevations (footnote [5]),Building height (maximum)  45 feet[5]  (R-10 column),"Footnote [5] qualifies the 45 ft as applying at the front elevation with side and rear elevations allowed up to 49 ft, and is worded for 'single-family residential' buildings.","or/clackamas/happy-valley/16.22.residential.txt#L468,L488",or/clackamas/happy-valley/16.22.residential.txt
00163,agree,noted,or/clackamas/happy-valley,R10,max_density_du_per_acre [unit_lots],17.4,17.4,units per net acre,clear,True,"10,000 sq. ft. lot size row is labelled 'minimum and maximum density' for the quadplex-on-one-lot form (L469), not stated in du/acre",Townhome maximum density (units per net acre)  17.4 du/net acre  (R-10 column),"Row is the Townhome row and the denominator is NET acre; the non-unit-lot density for a quadplex is expressed only as a lot size, not a du/acre figure.","or/clackamas/happy-valley/16.22.residential.txt#L468,L471",or/clackamas/happy-valley/16.22.residential.txt
00164,agree,noted,or/clackamas/happy-valley,R10,setback_front_ft,22,22,feet,clear,True,22 feet garage and carport entrances (L484),Front  22 feet  (R-10 column),"Header row 'Building setbacks (minimum)[6]' carries footnote [6]: for a middle housing land division the standards apply to the parent lot, not the child lot.",or/clackamas/happy-valley/16.22.residential.txt#L481,or/clackamas/happy-valley/16.22.residential.txt
00165,agree,noted,or/clackamas/happy-valley,R10,setback_side_ft,7,7,feet,inferred,True,0 feet for townhomes in compliance with the Uniform Building Code (footnote [4]),Interior side  7/0[4] feet  (R-10 column),"Cell prints two figures '7/0[4]'; footnote [4] (not in the marked lines) says the zero is for townhome interior side yards, so 7 is the base and 0 the attached-wall alternative.",or/clackamas/happy-valley/16.22.residential.txt#L483,or/clackamas/happy-valley/16.22.residential.txt
00166,agree,noted,or/clackamas/happy-valley,R10,setback_side_ft [attached_wall+unit_lots],0,0,feet,clear,True,7 feet base interior side setback (R-10 column),Interior side  7/0[4] feet; [4] Interior side yard setbacks for townhomes may be reduced to zero in compliance with applicable sections of the adopted Uniform Building Code.,The zero is permissive ('may be reduced') and conditioned on Uniform Building Code compliance; the footnote names townhomes.,"or/clackamas/happy-valley/16.22.residential.txt#L483,L495",or/clackamas/happy-valley/16.22.residential.txt
00167,agree,,or/clackamas/happy-valley,R10,setback_rear_ft,22,22,feet,clear,True,"10 feet cottage cluster units, rear (different housing type, L486)",Rear  22 feet  (R-10 column),,or/clackamas/happy-valley/16.22.residential.txt#L482,or/clackamas/happy-valley/16.22.residential.txt
00168,agree,,or/clackamas/happy-valley,R10,setback_street_side_ft,15,15,feet,clear,True,,Street side (corner lot)  15 feet  (R-10 column),,or/clackamas/happy-valley/16.22.residential.txt#L485,or/clackamas/happy-valley/16.22.residential.txt
00169,agree,noted,or/clackamas/happy-valley,R10,min_lot_sqft,10000,10000,square feet,clear,True,"1,500 sq. ft. Townhome lot size (L470)","Lot size (minimum and maximum density): Single-family detached, duplex, triplex, quadplex, cottage cluster[1,6]  10,000 sq. ft.  (R-10 column)","Row label says 'minimum and maximum density', so the same 10,000 sq ft also serves as the density control; carries footnotes [1,6].",or/clackamas/happy-valley/16.22.residential.txt#L469,or/clackamas/happy-valley/16.22.residential.txt
00170,agree,noted,or/clackamas/happy-valley,R10,min_lot_sqft [unit_lots],1500.0,1500,square feet,clear,True,"10,000 sq. ft. for a quadplex on a single lot (L469)","Lot size (minimum): Townhome[1]  1,500 sq. ft.  (R-10 column)",Row is the Townhome row and carries footnote [1] (density calculations per Section 16.63.020(F)).,or/clackamas/happy-valley/16.22.residential.txt#L470,or/clackamas/happy-valley/16.22.residential.txt
00171,agree,noted,or/clackamas/happy-valley,R10,min_lot_width_ft,60,60,feet,clear,True,exempt for townhomes (footnote [2]),"Lot width (minimum)[2,6]  60 feet  (R-10 column)","Footnote [2] exempts townhomes from the lot width requirement, so the 60 ft applies to the quadplex-on-one-lot form, not to townhome unit lots.",or/clackamas/happy-valley/16.22.residential.txt#L472,or/clackamas/happy-valley/16.22.residential.txt
00172,agree,noted,or/clackamas/happy-valley,R10,max_coverage_pct,40,40,percent,clear,True,"greater of 40% or up to 1,000 sq ft of buildings/decks/stairs for townhomes (footnote [7])","Single-family detached, duplex, triplex, quadplex, townhome  40%  (R-10 column, under 'Lot coverage (maximum)[3,6,7]')","Footnote [7] makes townhome coverage the greater of the table percentage or 1,000 sq ft.",or/clackamas/happy-valley/16.22.residential.txt#L479,or/clackamas/happy-valley/16.22.residential.txt
00173,agree,,or/clackamas/happy-valley,R10,min_lot_depth_ft,80,80,feet,clear,True,,Lot depth (minimum)  80 feet  (R-10 column),,or/clackamas/happy-valley/16.22.residential.txt#L473,or/clackamas/happy-valley/16.22.residential.txt
00174,agree,,or/clackamas/happy-valley,R10,min_frontage_ft,50,50,feet,clear,True,35 feet lots fronting on cul-de-sac (L475) | 20 feet townhomes (L477),Street frontage (minimum)[6] / All other lots  50 feet  (R-10 column),,"or/clackamas/happy-valley/16.22.residential.txt#L474,L476",or/clackamas/happy-valley/16.22.residential.txt
00175,agree,,or/clackamas/happy-valley,R10,min_frontage_ft [unit_lots],20,20,feet,clear,True,50 feet all other lots (L476) | 35 feet lots fronting on cul-de-sac (L475),"Townhomes  20 feet  (R-10 column, under 'Street frontage (minimum)[6]')",,or/clackamas/happy-valley/16.22.residential.txt#L477,or/clackamas/happy-valley/16.22.residential.txt
00176,agree,noted,or/clackamas/happy-valley,R10,min_landscaped_pct,20,20,percent,clear,unknown,,"Single-family detached, single-family attached dwellings, duplexes, triplexes and fourplexes: 20%.","Passage is a citywide standard by housing type (no zone named); the row used covers both single-family attached and fourplexes; same sentence adds a separate qualifier that at least 50 sq ft of landscaping must be in front of the dwelling(s), and the base is 'gross developable lot area of the greater proposed development'.","or/clackamas/happy-valley/16.42.landscaping.txt#L89,L93",or/clackamas/happy-valley/16.42.landscaping.txt
00177,agree,noted,or/clackamas/happy-valley,R10,parking_street_setback_ft,10.0,10,floor of a borrowed setback,clear,unknown,"the same distance as the required building setbacks (governing figure, not printed in this passage) | setback of the most restrictive adjoining residential zoning district where parking abuts a residential zone (L523)","Parking areas shall be set back from a lot line adjoining a street the same distance as the required building setbacks. Regardless of other provisions, a minimum setback of ten feet shall be provided","The governing standard is the zone's required building setback; ten feet is only a floor that applies 'regardless of other provisions', and no zone is named in the passage.","or/clackamas/happy-valley/16.43.parking.txt#L511,L527",or/clackamas/happy-valley/16.43.parking.txt
00178,agree,noted,or/clackamas/happy-valley,R8.5,max_height_ft,45,45,feet,clear,True,49 feet at side and rear elevations (footnote [5]),Building height (maximum)  45 feet[5]  (R-8.5 column),"Footnote [5] qualifies the 45 ft as applying at the front elevation with side and rear elevations allowed up to 49 ft, and is worded for 'single-family residential' buildings.","or/clackamas/happy-valley/16.22.residential.txt#L468,L488",or/clackamas/happy-valley/16.22.residential.txt
00179,agree,noted,or/clackamas/happy-valley,R8.5,max_density_du_per_acre [unit_lots],20.5,20.5,units per net acre,clear,True,"8,500 sq. ft. lot size row is labelled 'minimum and maximum density' for the quadplex-on-one-lot form (L469), not stated in du/acre",Townhome maximum density (units per net acre)  20.5 du/net acre  (R-8.5 column),"Row is the Townhome row and the denominator is NET acre; the non-unit-lot density for a quadplex is expressed only as a lot size, not a du/acre figure.","or/clackamas/happy-valley/16.22.residential.txt#L468,L471",or/clackamas/happy-valley/16.22.residential.txt
00180,agree,noted,or/clackamas/happy-valley,R8.5,setback_front_ft,22,22,feet,clear,True,22 feet garage and carport entrances (L484),Front  22 feet  (R-8.5 column),"Header row 'Building setbacks (minimum)[6]' carries footnote [6]: for a middle housing land division the standards apply to the parent lot, not the child lot.",or/clackamas/happy-valley/16.22.residential.txt#L481,or/clackamas/happy-valley/16.22.residential.txt
00181,agree,noted,or/clackamas/happy-valley,R8.5,setback_side_ft,5,5,feet,inferred,True,0 feet for townhomes in compliance with the Uniform Building Code (footnote [4]),Interior side  5/0[4] feet  (R-8.5 column),"Cell prints two figures '5/0[4]'; footnote [4] (not in the marked lines) says the zero is for townhome interior side yards, so 5 is the base and 0 the attached-wall alternative.",or/clackamas/happy-valley/16.22.residential.txt#L483,or/clackamas/happy-valley/16.22.residential.txt
00182,agree,noted,or/clackamas/happy-valley,R8.5,setback_side_ft [attached_wall+unit_lots],0,0,feet,clear,True,5 feet base interior side setback (R-8.5 column),Interior side  5/0[4] feet; [4] Interior side yard setbacks for townhomes may be reduced to zero in compliance with applicable sections of the adopted Uniform Building Code.,The zero is permissive ('may be reduced') and conditioned on Uniform Building Code compliance; the footnote names townhomes.,"or/clackamas/happy-valley/16.22.residential.txt#L483,L495",or/clackamas/happy-valley/16.22.residential.txt
00183,agree,,or/clackamas/happy-valley,R8.5,setback_rear_ft,22,22,feet,clear,True,"10 feet cottage cluster units, rear (different housing type, L486)",Rear  22 feet  (R-8.5 column),,or/clackamas/happy-valley/16.22.residential.txt#L482,or/clackamas/happy-valley/16.22.residential.txt
00184,agree,,or/clackamas/happy-valley,R8.5,setback_street_side_ft,15,15,feet,clear,True,,Street side (corner lot)  15 feet  (R-8.5 column),,or/clackamas/happy-valley/16.22.residential.txt#L485,or/clackamas/happy-valley/16.22.residential.txt
00185,agree,noted,or/clackamas/happy-valley,R8.5,min_lot_sqft,8500,8500,square feet,clear,True,"1,500 sq. ft. Townhome lot size (L470)","Lot size (minimum and maximum density): Single-family detached, duplex, triplex, quadplex, cottage cluster[1,6]  8,500 sq. ft.  (R-8.5 column)","Row label says 'minimum and maximum density', so the same 8,500 sq ft also serves as the density control; carries footnotes [1,6].",or/clackamas/happy-valley/16.22.residential.txt#L469,or/clackamas/happy-valley/16.22.residential.txt
00186,agree,noted,or/clackamas/happy-valley,R8.5,min_lot_sqft [unit_lots],1500.0,1500,square feet,clear,True,"8,500 sq. ft. for a quadplex on a single lot (L469)","Lot size (minimum): Townhome[1]  1,500 sq. ft.  (R-8.5 column)",Row is the Townhome row and carries footnote [1] (density calculations per Section 16.63.020(F)).,or/clackamas/happy-valley/16.22.residential.txt#L470,or/clackamas/happy-valley/16.22.residential.txt
00187,agree,noted,or/clackamas/happy-valley,R8.5,min_lot_width_ft,50,50,feet,clear,True,exempt for townhomes (footnote [2]),"Lot width (minimum)[2,6]  50 feet  (R-8.5 column)","Footnote [2] exempts townhomes from the lot width requirement, so the 50 ft applies to the quadplex-on-one-lot form, not to townhome unit lots.",or/clackamas/happy-valley/16.22.residential.txt#L472,or/clackamas/happy-valley/16.22.residential.txt
00188,agree,noted,or/clackamas/happy-valley,R8.5,max_coverage_pct,45,45,percent,clear,True,"greater of 45% or up to 1,000 sq ft of buildings/decks/stairs for townhomes (footnote [7])","Single-family detached, duplex, triplex, quadplex, townhome  45%  (R-8.5 column, under 'Lot coverage (maximum)[3,6,7]')","Footnote [7] makes townhome coverage the greater of the table percentage or 1,000 sq ft.",or/clackamas/happy-valley/16.22.residential.txt#L479,or/clackamas/happy-valley/16.22.residential.txt
00189,agree,,or/clackamas/happy-valley,R8.5,min_lot_depth_ft,70,70,feet,clear,True,,Lot depth (minimum)  70 feet  (R-8.5 column),,or/clackamas/happy-valley/16.22.residential.txt#L473,or/clackamas/happy-valley/16.22.residential.txt
00190,agree,,or/clackamas/happy-valley,R8.5,min_frontage_ft,50,50,feet,clear,True,35 feet lots fronting on cul-de-sac (L475) | 20 feet townhomes (L477),Street frontage (minimum)[6] / All other lots  50 feet  (R-8.5 column),,"or/clackamas/happy-valley/16.22.residential.txt#L474,L476",or/clackamas/happy-valley/16.22.residential.txt
00191,agree,,or/clackamas/happy-valley,R8.5,min_frontage_ft [unit_lots],20,20,feet,clear,True,50 feet all other lots (L476) | 35 feet lots fronting on cul-de-sac (L475),"Townhomes  20 feet  (R-8.5 column, under 'Street frontage (minimum)[6]')",,or/clackamas/happy-valley/16.22.residential.txt#L477,or/clackamas/happy-valley/16.22.residential.txt
00192,agree,noted,or/clackamas/happy-valley,R8.5,min_landscaped_pct,20,20,percent,clear,unknown,,"Single-family detached, single-family attached dwellings, duplexes, triplexes and fourplexes: 20%.","Passage is a citywide standard by housing type (no zone named); the row used covers both single-family attached and fourplexes; same sentence adds a separate qualifier that at least 50 sq ft of landscaping must be in front of the dwelling(s), and the base is 'gross developable lot area of the greater proposed development'.","or/clackamas/happy-valley/16.42.landscaping.txt#L89,L93",or/clackamas/happy-valley/16.42.landscaping.txt
00193,agree,noted,or/clackamas/happy-valley,R8.5,parking_street_setback_ft,10.0,10,floor of a borrowed setback,clear,unknown,"the same distance as the required building setbacks (governing figure, not printed in this passage) | setback of the most restrictive adjoining residential zoning district where parking abuts a residential zone (L523)","Parking areas shall be set back from a lot line adjoining a street the same distance as the required building setbacks. Regardless of other provisions, a minimum setback of ten feet shall be provided","The governing standard is the zone's required building setback; ten feet is only a floor that applies 'regardless of other provisions', and no zone is named in the passage.","or/clackamas/happy-valley/16.43.parking.txt#L511,L527",or/clackamas/happy-valley/16.43.parking.txt
00194,agree,noted,or/clackamas/happy-valley,R7,max_height_ft,45,45,feet,clear,True,49 feet at side and rear elevations (footnote [5]),Building height (maximum)  45 feet[5]  (R-7 column),"Footnote [5] qualifies the 45 ft as applying at the front elevation with side and rear elevations allowed up to 49 ft, and is worded for 'single-family residential' buildings.","or/clackamas/happy-valley/16.22.residential.txt#L468,L488",or/clackamas/happy-valley/16.22.residential.txt
00195,agree,noted,or/clackamas/happy-valley,R7,max_density_du_per_acre [unit_lots],24.9,24.9,units per net acre,clear,True,"7,000 sq. ft. lot size row is labelled 'minimum and maximum density' for the quadplex-on-one-lot form (L469), not stated in du/acre",Townhome maximum density (units per net acre)  24.9 du/net acre  (R-7 column),"Row is the Townhome row and the denominator is NET acre; the non-unit-lot density for a quadplex is expressed only as a lot size, not a du/acre figure.","or/clackamas/happy-valley/16.22.residential.txt#L468,L471",or/clackamas/happy-valley/16.22.residential.txt
00196,agree,noted,or/clackamas/happy-valley,R7,setback_front_ft,22,22,feet,clear,True,22 feet garage and carport entrances (L484),Front  22 feet  (R-7 column),"Header row 'Building setbacks (minimum)[6]' carries footnote [6]: for a middle housing land division the standards apply to the parent lot, not the child lot.",or/clackamas/happy-valley/16.22.residential.txt#L481,or/clackamas/happy-valley/16.22.residential.txt
00197,agree,noted,or/clackamas/happy-valley,R7,setback_side_ft,5,5,feet,inferred,True,0 feet for townhomes in compliance with the Uniform Building Code (footnote [4]),Interior side  5/0[4] feet  (R-7 column),"Cell prints two figures '5/0[4]'; footnote [4] (not in the marked lines) says the zero is for townhome interior side yards, so 5 is the base and 0 the attached-wall alternative.",or/clackamas/happy-valley/16.22.residential.txt#L483,or/clackamas/happy-valley/16.22.residential.txt
00198,agree,noted,or/clackamas/happy-valley,R7,setback_side_ft [attached_wall+unit_lots],0,0,feet,clear,True,5 feet base interior side setback (R-7 column),Interior side  5/0[4] feet; [4] Interior side yard setbacks for townhomes may be reduced to zero in compliance with applicable sections of the adopted Uniform Building Code.,The zero is permissive ('may be reduced') and conditioned on Uniform Building Code compliance; the footnote names townhomes.,"or/clackamas/happy-valley/16.22.residential.txt#L483,L495",or/clackamas/happy-valley/16.22.residential.txt
00199,agree,,or/clackamas/happy-valley,R7,setback_rear_ft,22,22,feet,clear,True,"10 feet cottage cluster units, rear (different housing type, L486)",Rear  22 feet  (R-7 column),,or/clackamas/happy-valley/16.22.residential.txt#L482,or/clackamas/happy-valley/16.22.residential.txt
00200,agree,noted,or/clackamas/happy-valley,R7,setback_street_side_ft,15,15,feet,clear,True,,Street side (corner lot) 15 feet 15 feet 15 feet,"All three columns (R-10, R-8.5, R-7) print 15 feet; the setbacks block carries footnote [6], whose text is not in the passage.",or/clackamas/happy-valley/16.22.residential.txt#L485,or/clackamas/happy-valley/16.22.residential.txt
00201,agree,noted,or/clackamas/happy-valley,R7,min_lot_sqft,7000,7000,square feet,clear,True,"1,500 sq. ft. (Townhome row L470)","Lot size (minimum and maximum density): Single-family detached, duplex, triplex, quadplex, cottage cluster[1,6] 10,000 sq. ft. 8,500 sq. ft. 7,000 sq. ft.","R-7 is the third column per header L468; the row label says the lot size also sets maximum density and carries footnotes [1,6] whose text is not shown.",or/clackamas/happy-valley/16.22.residential.txt#L469,or/clackamas/happy-valley/16.22.residential.txt
00202,agree,noted,or/clackamas/happy-valley,R7,min_lot_sqft [unit_lots],1500.0,1500,square feet,clear,True,"7,000 sq. ft. (quadplex/cottage cluster row L469, the base figure)","Lot size (minimum): Townhome[1] 1,500 sq. ft. 1,500 sq. ft. 1,500 sq. ft.",Townhome row used for the unit_lots condition; footnote [1] applies and its text is not in the passage.,or/clackamas/happy-valley/16.22.residential.txt#L470,or/clackamas/happy-valley/16.22.residential.txt
00203,agree,noted,or/clackamas/happy-valley,R7,min_lot_width_ft,50,50,feet,clear,True,,"Lot width (minimum)[2,6] 60 feet 50 feet 50 feet","R-7 is the third column (50 feet, not R-10's 60 feet); footnotes [2,6] attach to the row and their text is not in the passage.",or/clackamas/happy-valley/16.22.residential.txt#L472,or/clackamas/happy-valley/16.22.residential.txt
00204,agree,noted,or/clackamas/happy-valley,R7,max_coverage_pct,50,50,percent,inferred,True,,"Lot coverage (maximum)[3,6,7] / Single-family detached, duplex, triplex, quadplex, townhome 40% 45% 50%","Header row is outside the passage; caption order R-10, R-8.5, R-7 puts R-7 in the third column (50%); footnotes [3,6,7] are not shown.",or/clackamas/happy-valley/16.22.residential.txt#L479,or/clackamas/happy-valley/16.22.residential.txt
00205,agree,,or/clackamas/happy-valley,R7,min_lot_depth_ft,70,70,feet,clear,True,,Lot depth (minimum) 80 feet 70 feet 70 feet,,or/clackamas/happy-valley/16.22.residential.txt#L473,or/clackamas/happy-valley/16.22.residential.txt
00206,agree,noted,or/clackamas/happy-valley,R7,min_frontage_ft,50,50,feet,clear,True,35 feet for lots fronting on a cul-de-sac (L475) | 20 feet for townhomes (L477),Street frontage (minimum)[6] / All other lots 50 feet 50 feet 50 feet,Footnote [6] on the frontage heading is not in the passage.,"or/clackamas/happy-valley/16.22.residential.txt#L474,L476",or/clackamas/happy-valley/16.22.residential.txt
00207,agree,,or/clackamas/happy-valley,R7,min_frontage_ft [unit_lots],20,20,feet,clear,True,"50 feet all other lots (L476, base) | 35 feet lots fronting on cul-de-sac (L475)",Townhomes 20 feet 20 feet 20 feet,,or/clackamas/happy-valley/16.22.residential.txt#L477,or/clackamas/happy-valley/16.22.residential.txt
00208,agree,noted,or/clackamas/happy-valley,R7,min_landscaped_pct,20,20,percent,clear,unknown,,"Single-family detached, single-family attached dwellings, duplexes, triplexes and fourplexes: 20%.","City-wide landscaping standard, not zone-specific; the denominator is 'gross developable lot area of the greater proposed development', and 50 sq ft of it must be in front of the dwelling(s).","or/clackamas/happy-valley/16.42.landscaping.txt#L89,L93",or/clackamas/happy-valley/16.42.landscaping.txt
00209,agree,noted,or/clackamas/happy-valley,R7,parking_street_setback_ft,10.0,10,floor of a borrowed setback,clear,unknown,the zone's required building setback (governs whenever it exceeds ten feet),"set back from a lot line adjoining a street the same distance as the required building setbacks. Regardless of other provisions, a minimum setback of ten feet","Ten feet is only the floor; the operative figure is the zone's required building setback, which this passage does not print.","or/clackamas/happy-valley/16.43.parking.txt#L511,L527",or/clackamas/happy-valley/16.43.parking.txt
00210,agree,noted,or/clackamas/happy-valley,R5,max_height_ft,45,45,feet,clear,True,49 feet at side and rear elevations (note [7]),Building height (maximum) 45 feet[6] 65 feet[6],"R-5 column is 45 feet (MUR-S is 65); the row's marker [6] reads as an open-space note while [7] is the 45-front/49-side-and-rear height note, so the footnote numbering looks shifted by one.","or/clackamas/happy-valley/16.22.residential.txt#L642,L670",or/clackamas/happy-valley/16.22.residential.txt
00211,agree,noted,or/clackamas/happy-valley,R5,max_density_du_per_acre [unit_lots],25,25,units per net acre,clear,True,,Townhome maximum density (units/net acre) 25 du/net acre 25 du/net acre,Denominator is net acre and the row is townhome-only; the table has no maximum density row for a quadplex.,"or/clackamas/happy-valley/16.22.residential.txt#L642,L646",or/clackamas/happy-valley/16.22.residential.txt
00212,agree,noted,or/clackamas/happy-valley,R5,setback_front_ft,20,20,feet,clear,True,10 feet if the garage is alley-access (L659),Front (street access garage) 20 feet 20 feet,The front setback splits by garage access; 20 feet is the street-access-garage figure.,or/clackamas/happy-valley/16.22.residential.txt#L658,or/clackamas/happy-valley/16.22.residential.txt
00213,agree,noted,or/clackamas/happy-valley,R5,setback_side_ft,5,5,feet,clear,True,0 feet for townhomes per note [3],"Interior side 5/0 feet 3 5/0 feet[3,4]","Printed as '5/0 feet 3', the trailing 3 being footnote marker [3] (townhome side yards may be reduced to zero).",or/clackamas/happy-valley/16.22.residential.txt#L661,or/clackamas/happy-valley/16.22.residential.txt
00214,agree,noted,or/clackamas/happy-valley,R5,setback_side_ft [attached_wall+unit_lots],0,0,feet,clear,True,"5 feet (base interior side, L661)",[3] Interior side yard setbacks for townhomes may be reduced to zero in compliance with applicable sections of the adopted Uniform Building Code.,Zero is permissive ('may be reduced') and conditioned on Uniform Building Code compliance; it is stated for townhomes.,"or/clackamas/happy-valley/16.22.residential.txt#L661,L676",or/clackamas/happy-valley/16.22.residential.txt
00215,agree,,or/clackamas/happy-valley,R5,setback_rear_ft,20,20,feet,clear,True,,Rear 20 feet 20 feet[4],,or/clackamas/happy-valley/16.22.residential.txt#L660,or/clackamas/happy-valley/16.22.residential.txt
00216,agree,,or/clackamas/happy-valley,R5,setback_street_side_ft,8,8,feet,clear,True,,Street side (corner lot) 8 feet 8 feet[4],,or/clackamas/happy-valley/16.22.residential.txt#L662,or/clackamas/happy-valley/16.22.residential.txt
00217,agree,noted,or/clackamas/happy-valley,R5,min_lot_sqft,7000,7000,square feet,clear,True,"5,000 sf (single-family detached, duplex, triplex row L643) | 1,500 sf (townhome row L645)","Lot size (minimum): Quadplex and cottage cluster[8] 7,000 sf 7,000 sf","Footnote [8]: after a middle housing land division the standard applies to the parent lot, not the child lot.",or/clackamas/happy-valley/16.22.residential.txt#L644,or/clackamas/happy-valley/16.22.residential.txt
00218,agree,noted,or/clackamas/happy-valley,R5,min_lot_sqft [unit_lots],1500.0,1500,square feet,clear,True,"7,000 sf (quadplex row L644, base)","Lot size (minimum) Townhome[1] 1,500 sf 1,500 sf",Townhome row used for the unit_lots condition; footnote [1] concerns density calculation.,or/clackamas/happy-valley/16.22.residential.txt#L645,or/clackamas/happy-valley/16.22.residential.txt
00219,agree,noted,or/clackamas/happy-valley,R5,min_lot_width_ft,40,40,feet,clear,True,exempt for townhomes (note [2]: street frontage controls instead),Lot width (minimum)[2] 40 feet Variable[4],R-5 column is 40 feet; note [2] exempts townhomes from lot width.,or/clackamas/happy-valley/16.22.residential.txt#L648,or/clackamas/happy-valley/16.22.residential.txt
00220,agree,noted,or/clackamas/happy-valley,R5,max_coverage_pct,60,60,percent,clear,True,50% (single-family detached row L655),"Lot coverage (maximum)[5,8,9] / Duplex, triplex, quadplex, townhome 60% Variable[4,6]","Note [9] lets townhomes take the greater of 60% or 1,000 sq ft; note [8] applies the standard to the parent lot after a middle housing land division.",or/clackamas/happy-valley/16.22.residential.txt#L656,or/clackamas/happy-valley/16.22.residential.txt
00221,agree,,or/clackamas/happy-valley,R5,min_lot_depth_ft,60,60,feet,clear,True,,Lot depth (minimum) 60 feet Variable[4],,or/clackamas/happy-valley/16.22.residential.txt#L649,or/clackamas/happy-valley/16.22.residential.txt
00222,agree,,or/clackamas/happy-valley,R5,min_frontage_ft,40,40,feet,clear,True,35 feet for lots fronting on a cul-de-sac (L651) | 20 feet for townhomes (L653),Street frontage (minimum)[8] / All other lots 40 feet Variable[4],,"or/clackamas/happy-valley/16.22.residential.txt#L650,L652",or/clackamas/happy-valley/16.22.residential.txt
00223,agree,,or/clackamas/happy-valley,R5,min_frontage_ft [unit_lots],20,20,feet,clear,True,"40 feet all other lots (L652, base) | 35 feet lots fronting on cul-de-sac (L651)",Townhomes 20 feet 20 feet,,or/clackamas/happy-valley/16.22.residential.txt#L653,or/clackamas/happy-valley/16.22.residential.txt
00224,agree,noted,or/clackamas/happy-valley,R5,min_landscaped_pct,20,20,percent,clear,unknown,,"Single-family detached, single-family attached dwellings, duplexes, triplexes and fourplexes: 20%.","City-wide landscaping standard, not zone-specific; the denominator is 'gross developable lot area of the greater proposed development', and 50 sq ft of it must be in front of the dwelling(s).","or/clackamas/happy-valley/16.42.landscaping.txt#L89,L93",or/clackamas/happy-valley/16.42.landscaping.txt
00225,agree,noted,or/clackamas/happy-valley,R5,parking_street_setback_ft,10.0,10,floor of a borrowed setback,clear,unknown,the zone's required building setback (governs whenever it exceeds ten feet),"set back from a lot line adjoining a street the same distance as the required building setbacks. Regardless of other provisions, a minimum setback of ten feet","Ten feet is only the floor; the operative figure is the zone's required building setback, which this passage does not print.","or/clackamas/happy-valley/16.43.parking.txt#L511,L527",or/clackamas/happy-valley/16.43.parking.txt
00226,agree,noted,or/clackamas/happy-valley,MURS,min_density_du_per_acre,6,6,units per net acre,clear,True,,Residential density (minimum)[1] None 6 du/net acre,MUR-S is the second column (R-5 reads 'None'); denominator is net acre; footnote [1] sends single-family detached density calculation to 16.63.020(F).,"or/clackamas/happy-valley/16.22.residential.txt#L642,L647",or/clackamas/happy-valley/16.22.residential.txt
00227,agree,noted,or/clackamas/happy-valley,MURS,max_height_ft,65,65,feet,clear,True,,Building height (maximum) 45 feet[6] 65 feet[6],"MUR-S is the second column (65 feet, not R-5's 45); the [6] marker reads as an open-space note, so the footnote numbering looks shifted by one.","or/clackamas/happy-valley/16.22.residential.txt#L642,L670",or/clackamas/happy-valley/16.22.residential.txt
00228,agree,noted,or/clackamas/happy-valley,MURS,max_density_du_per_acre [unit_lots],25,25,units per net acre,clear,True,,Townhome maximum density (units/net acre) 25 du/net acre 25 du/net acre,Denominator is net acre; the row is townhome-only.,"or/clackamas/happy-valley/16.22.residential.txt#L642,L646",or/clackamas/happy-valley/16.22.residential.txt
00229,agree,noted,or/clackamas/happy-valley,MURS,min_lot_sqft,7000,7000,square feet,clear,True,"5,000 sf (single-family detached, duplex, triplex row L643) | 1,500 sf (townhome row L645)","Lot size (minimum): Quadplex and cottage cluster[8] 7,000 sf 7,000 sf","Footnote [8]: after a middle housing land division the standard applies to the parent lot, not the child lot.","or/clackamas/happy-valley/16.22.residential.txt#L642,L644",or/clackamas/happy-valley/16.22.residential.txt
00230,agree,,or/clackamas/happy-valley,MURS,min_lot_sqft [unit_lots],1500.0,1500,square feet,clear,True,"7,000 sf (quadplex row L644, base)","Lot size (minimum) Townhome[1] 1,500 sf 1,500 sf",,or/clackamas/happy-valley/16.22.residential.txt#L645,or/clackamas/happy-valley/16.22.residential.txt
00231,agree,noted,or/clackamas/happy-valley,MURS,setback_front_ft,20,20,feet,clear,True,"10 feet if the garage is alley-access (L659, marked [4])",Front (street access garage) 20 feet 20 feet,The front setback splits by garage access; 20 feet is the street-access-garage figure.,or/clackamas/happy-valley/16.22.residential.txt#L658,or/clackamas/happy-valley/16.22.residential.txt
00232,agree,noted,or/clackamas/happy-valley,MURS,setback_side_ft,5,5,feet,clear,True,0 feet for townhomes per note [3],"Interior side 5/0 feet 3 5/0 feet[3,4]","MUR-S cell carries [4]: the standard may be amended by Master Plan, PUD or Design Review.",or/clackamas/happy-valley/16.22.residential.txt#L661,or/clackamas/happy-valley/16.22.residential.txt
00233,agree,noted,or/clackamas/happy-valley,MURS,setback_side_ft [attached_wall+unit_lots],0,0,feet,clear,True,"5 feet (base interior side, L661)",[3] Interior side yard setbacks for townhomes may be reduced to zero in compliance with applicable sections of the adopted Uniform Building Code.,Zero is permissive and conditioned on Uniform Building Code compliance; it is stated for townhomes.,"or/clackamas/happy-valley/16.22.residential.txt#L661,L676",or/clackamas/happy-valley/16.22.residential.txt
00234,agree,noted,or/clackamas/happy-valley,MURS,setback_rear_ft,20,20,feet,clear,True,,Rear 20 feet 20 feet[4],"MUR-S cell carries [4]: the standard may be amended by Master Plan, PUD or Design Review.",or/clackamas/happy-valley/16.22.residential.txt#L660,or/clackamas/happy-valley/16.22.residential.txt
00235,agree,noted,or/clackamas/happy-valley,MURS,setback_street_side_ft,8,8,feet,clear,True,,Street side (corner lot) 8 feet 8 feet[4],"MUR-S cell carries [4]: the standard may be amended by Master Plan, PUD or Design Review.",or/clackamas/happy-valley/16.22.residential.txt#L662,or/clackamas/happy-valley/16.22.residential.txt
00236,agree,noted,or/clackamas/happy-valley,MURS,min_landscaped_pct,20,20,percent,clear,unknown,,"Single-family detached, single-family attached dwellings, duplexes, triplexes and fourplexes: 20%.","City-wide landscaping standard, not zone-specific; the denominator is 'gross developable lot area of the greater proposed development', and 50 sq ft of it must be in front of the dwelling(s).","or/clackamas/happy-valley/16.42.landscaping.txt#L89,L93",or/clackamas/happy-valley/16.42.landscaping.txt
00237,agree,noted,or/clackamas/happy-valley,MURS,parking_street_setback_ft,10.0,10,floor of a borrowed setback,clear,unknown,the zone's required building setback (governs whenever it exceeds ten feet),"set back from a lot line adjoining a street the same distance as the required building setbacks. Regardless of other provisions, a minimum setback of ten feet","Ten feet is only the floor; the operative figure is the zone's required building setback, which this passage does not print.","or/clackamas/happy-valley/16.43.parking.txt#L511,L527",or/clackamas/happy-valley/16.43.parking.txt
00238,agree,noted,or/clackamas/happy-valley,SFA,min_lot_sqft,2000,2000,square feet,inferred,unknown,"3,000 sf[9] (second cell)","Lot size (minimum) / 2,000 sf / 3,000 sf[9] / 2,000 sf","Table is flattened one cell per line and the header row is not in the passage; taking caption order SFA, MUR-A, VTH the first cell (2,000 sf) is SFA, and the first and third cells agree.","or/clackamas/happy-valley/16.22.residential.txt#L950,L951",or/clackamas/happy-valley/16.22.residential.txt
00239,agree,noted,or/clackamas/happy-valley,SFA,max_coverage_pct,75,75,percent,inferred,unknown,65% (third cell),Lot coverage (maximum) / 75%[12] / 75%[12] / 65%,"Header row is not in the passage; taking caption order SFA, MUR-A, VTH the first cell (75%) is SFA, and the first two cells agree; footnote [12] attaches and its text is not shown.","or/clackamas/happy-valley/16.22.residential.txt#L962,L963",or/clackamas/happy-valley/16.22.residential.txt
00240,agree,noted,or/clackamas/happy-valley,SFA,setback_front_ft,10,10,feet,inferred,True,20 ft for public and institutional uses in the SFA district (footnote 3),Front / 10 feet[3],"Header row is not in the passage; SFA taken as the first of three cells after the row label per the caption order SFA, MUR-A, VTH; footnote 3 changes the figure only for public/institutional uses.","or/clackamas/happy-valley/16.22.residential.txt#L967,L968",or/clackamas/happy-valley/16.22.residential.txt
00241,agree,noted,or/clackamas/happy-valley,SFA,setback_rear_ft,15,15,feet,inferred,True,20 ft for public and institutional uses in the SFA district (footnote 3) | 10-foot landscaped buffer in yards abutting lower density residential districts (footnote 4),"Rear / 15 feet[3,4]",Footnote 4 adds a 10-ft landscaped buffer where SFA abuts a lower-density residential district; footnote 3 alters only public/institutional uses; first cell taken as SFA per caption order.,"or/clackamas/happy-valley/16.22.residential.txt#L971,L972",or/clackamas/happy-valley/16.22.residential.txt
00242,agree,noted,or/clackamas/happy-valley,SFA,setback_side_ft,5,5,feet,inferred,True,0 ft for attached single-family (townhouse) side yards under the Uniform Building Code (footnote 5) | 20 ft for public and institutional uses (footnote 3) | 10-ft landscaped buffer in yards abutting lower-density residential (footnote 4),"Interior side / 5 feet[3,4,5]","Footnote 5 lets the side yard for attached single-family (townhouse) drop to zero, which is the shared-wall case for this building; first cell taken as SFA per caption order.","or/clackamas/happy-valley/16.22.residential.txt#L975,L976",or/clackamas/happy-valley/16.22.residential.txt
00243,agree,noted,or/clackamas/happy-valley,SFA,setback_side_ft [attached_wall+unit_lots],0,0,feet,inferred,True,5 ft base interior side setback (L976),Side yard building setbacks for attached single-family (townhouse) may be reduced to zero in compliance with applicable sections of the adopted Uniform Building Code.,"Permissive ('may be reduced') and conditioned on UBC compliance; footnote 5 is marked on the SFA interior-side cell and speaks to attached single-family (townhouse), which fits the shared-wall unit-lot condition.","or/clackamas/happy-valley/16.22.residential.txt#L975,L976,L1022",or/clackamas/happy-valley/16.22.residential.txt
00244,agree,noted,or/clackamas/happy-valley,SFA,setback_street_side_ft,8,8,feet,inferred,True,20 ft for public and institutional uses in the SFA district (footnote 3),Street side / 8 feet[3],"Footnote 3 only alters public/institutional uses; footnote 11's corner-lot rule is marked on the VTH column, not this SFA cell; first cell taken as SFA per caption order.","or/clackamas/happy-valley/16.22.residential.txt#L979,L980",or/clackamas/happy-valley/16.22.residential.txt
00245,agree,noted,or/clackamas/happy-valley,SFA,setback_garage_entrance_ft,22,22,feet,inferred,True,Entrances facing an alley: 22 feet to base floor (foundation only) and 6 feet to upper floors (wall face),Garage and carport entrances / Entrances not facing an alley / 22 feet,Figure is the not-facing-an-alley sub-row; alley-facing entrances use a split 22 ft base-floor / 6 ft upper-floor standard; first cell taken as SFA per caption order.,"or/clackamas/happy-valley/16.22.residential.txt#L985,L986,L987",or/clackamas/happy-valley/16.22.residential.txt
00246,agree,,or/clackamas/happy-valley,SFA,min_building_separation_ft,10,10,feet,inferred,True,,Between groupings of residential buildings on the same lot / 10 feet,,"or/clackamas/happy-valley/16.22.residential.txt#L994,L995",or/clackamas/happy-valley/16.22.residential.txt
00247,agree,noted,or/clackamas/happy-valley,SFA,max_height_ft,45,45,feet,inferred,True,49 ft at side and rear elevations for single-family detached/attached (footnote 8),Building height (maximum) / 45 feet[8],Footnote 8 restates 45 ft as the front-elevation limit for single-family detached/attached and allows 49 ft at side and rear elevations.,"or/clackamas/happy-valley/16.22.residential.txt#L1002,L1003",or/clackamas/happy-valley/16.22.residential.txt
00248,agree,noted,or/clackamas/happy-valley,SFA,max_density_du_per_acre [unit_lots],25,25,units per acre,inferred,True,quadplexes exempt from the density standards (same footnote) | 15 du/net acre base cell for SFA (L943),Townhouses may have a maximum density of 25 units/acre.,"Footnote 2's marker sits on the SFA and MUR-A maximum-density cells (L943/L944); the 25 applies to townhouses only, is printed as units/acre rather than units/net acre, and quadplexes as a housing type are exempt.",or/clackamas/happy-valley/16.22.residential.txt#L1016,or/clackamas/happy-valley/16.22.residential.txt
00249,agree,noted,or/clackamas/happy-valley,SFA,min_landscaped_pct,20,20,percent,clear,unknown,50 sq ft minimum of landscaping located in front of the dwelling(s),"Single-family detached, single-family attached dwellings, duplexes, triplexes and fourplexes: 20%.","Citywide standard by housing type, not by zone; measured against the gross developable lot area of the greater proposed development.","or/clackamas/happy-valley/16.42.landscaping.txt#L89,L93",or/clackamas/happy-valley/16.42.landscaping.txt
00250,agree,noted,or/clackamas/happy-valley,SFA,parking_street_setback_ft,10.0,10,floor of a borrowed setback,clear,unknown,same distance as the required building setbacks (the governing operand; 10 ft front / 8 ft street side in SFA per Table 16.22.050-2),"set back from a lot line adjoining a street the same distance as the required building setbacks. Regardless of other provisions, a minimum setback of ten feet shall be provided",The operative standard borrows the building setback and ten feet is only the floor; the passage names no zone.,"or/clackamas/happy-valley/16.43.parking.txt#L511,L527",or/clackamas/happy-valley/16.43.parking.txt
00251,agree,noted,or/clackamas/happy-valley,MURA,min_lot_sqft,3000,3000,square feet,inferred,True,"1,500 sq ft per townhouse lot in MUR-A with no maximum (footnote 9) | no minimum lot size for lots created for two- and three-family or multifamily dwellings (footnote 9)","Lot size (minimum) / 3,000 sf[9]","Second of three cells taken as MUR-A per caption order; footnote 9 replaces this for townhouse unit lots (1,500) and exempts multifamily lots from minimum lot size.","or/clackamas/happy-valley/16.22.residential.txt#L950,L952",or/clackamas/happy-valley/16.22.residential.txt
00252,agree,,or/clackamas/happy-valley,MURA,min_lot_sqft [unit_lots],1500.0,1500,square feet,clear,True,"3,000 sf base lot size in the MUR-A column (L952)","Each lot for a townhouse in the MUR-A zone shall have a minimum size of 1,500 square feet and no maximum lot size.",,or/clackamas/happy-valley/16.22.residential.txt#L1028,or/clackamas/happy-valley/16.22.residential.txt
00253,agree,noted,or/clackamas/happy-valley,MURA,max_coverage_pct,75,75,percent,inferred,True,50% for existing or proposed single-family detached units (footnote 12),Lot coverage (maximum) / 75%[12],Second cell taken as MUR-A per caption order; footnote 12 lowers coverage to 50% for single-family detached only and waives it for cottage clusters.,"or/clackamas/happy-valley/16.22.residential.txt#L962,L964",or/clackamas/happy-valley/16.22.residential.txt
00254,agree,noted,or/clackamas/happy-valley,MURA,setback_front_ft,10,10,feet,inferred,True,"20 ft for public and institutional uses (footnote 3, which names the SFA district) | 10-ft perimeter setback for cottage clusters in MUR-A (footnote 3)",Front / 10 feet[3],Second cell taken as MUR-A per caption order; footnote 3's 20-ft rule is written for public/institutional uses in SFA and its MUR-A clause is for cottage clusters only.,"or/clackamas/happy-valley/16.22.residential.txt#L967,L969",or/clackamas/happy-valley/16.22.residential.txt
00255,agree,noted,or/clackamas/happy-valley,MURA,setback_rear_ft,15,15,feet,inferred,True,"20 ft for public and institutional uses (footnote 3) | 10-foot landscaped buffer in yards abutting lower density residential districts (footnote 4, written for the SFA district)","Rear / 15 feet[3,4]",Second cell taken as MUR-A per caption order; footnote 4 is marked on this MUR-A cell but its text names the SFA district.,"or/clackamas/happy-valley/16.22.residential.txt#L971,L973",or/clackamas/happy-valley/16.22.residential.txt
00256,agree,noted,or/clackamas/happy-valley,MURA,setback_side_ft,5,5,feet,inferred,True,0 ft for attached single-family (townhouse) side yards under the Uniform Building Code (footnote 5) | 20 ft for public and institutional uses (footnote 3) | 10-ft landscaped buffer in yards abutting lower-density residential (footnote 4),"Interior side / 5 feet[3,4,5]",Second cell taken as MUR-A per caption order; footnote 5 lets the attached townhouse side yard drop to zero.,"or/clackamas/happy-valley/16.22.residential.txt#L975,L977",or/clackamas/happy-valley/16.22.residential.txt
00257,agree,noted,or/clackamas/happy-valley,MURA,setback_side_ft [attached_wall+unit_lots],0,0,feet,inferred,True,5 ft base interior side setback (L977),Side yard building setbacks for attached single-family (townhouse) may be reduced to zero in compliance with applicable sections of the adopted Uniform Building Code.,"Permissive ('may be reduced') and conditioned on UBC compliance; footnote 5 is marked on the MUR-A interior-side cell and speaks to attached single-family (townhouse), which fits the shared-wall unit-lot condition.","or/clackamas/happy-valley/16.22.residential.txt#L975,L977,L1022",or/clackamas/happy-valley/16.22.residential.txt
00258,agree,noted,or/clackamas/happy-valley,MURA,setback_street_side_ft,8,8,feet,inferred,True,20 ft for public and institutional uses in the SFA district (footnote 3),Street side / 8 feet[3],Second cell taken as MUR-A per caption order; footnote 3 only alters public/institutional uses.,"or/clackamas/happy-valley/16.22.residential.txt#L979,L981",or/clackamas/happy-valley/16.22.residential.txt
00259,agree,noted,or/clackamas/happy-valley,MURA,setback_garage_entrance_ft,22,22,feet,inferred,True,Entrances facing an alley: 22 feet to base floor (foundation only) and 6 feet to upper floors (wall face),Garage and carport entrances / Entrances not facing an alley / 22 feet,"Figure is the not-facing-an-alley sub-row, second cell taken as MUR-A per caption order; alley-facing entrances use a split 22 ft base-floor / 6 ft upper-floor standard.","or/clackamas/happy-valley/16.22.residential.txt#L985,L986,L988",or/clackamas/happy-valley/16.22.residential.txt
00260,agree,,or/clackamas/happy-valley,MURA,min_building_separation_ft,10,10,feet,inferred,True,,Between groupings of residential buildings on the same lot / 10 feet,,"or/clackamas/happy-valley/16.22.residential.txt#L994,L996",or/clackamas/happy-valley/16.22.residential.txt
00261,agree,unclear+noted,or/clackamas/happy-valley,MURA,max_height_ft,65,65,feet,unclear,True,45 ft at the front elevation for single-family detached/attached (footnote 8) | 49 ft at side and rear elevations for single-family detached/attached (footnote 8),Building height (maximum) / 65 feet[8],"Footnote 8, marked on this MUR-A cell, caps single-family detached/attached at 45 ft front / 49 ft side-rear, so the printed 65 ft would govern a 4-unit attached townhouse only if the building is classed as something other than attached single-family.","or/clackamas/happy-valley/16.22.residential.txt#L1002,L1004",or/clackamas/happy-valley/16.22.residential.txt
00262,agree,noted,or/clackamas/happy-valley,MURA,max_density_du_per_acre [unit_lots],25,25,units per acre,inferred,True,quadplexes exempt from the density standards (same footnote) | 15 du/net acre base cell for MUR-A (L944),Townhouses may have a maximum density of 25 units/acre.,"Footnote 2's marker sits on the SFA and MUR-A maximum-density cells (L943/L944); the 25 applies to townhouses only, is printed as units/acre rather than units/net acre, and quadplexes as a housing type are exempt.",or/clackamas/happy-valley/16.22.residential.txt#L1016,or/clackamas/happy-valley/16.22.residential.txt
00263,agree,noted,or/clackamas/happy-valley,MURA,min_landscaped_pct,20,20,percent,clear,unknown,50 sq ft minimum of landscaping located in front of the dwelling(s),"Single-family detached, single-family attached dwellings, duplexes, triplexes and fourplexes: 20%.","Citywide standard by housing type, not by zone; measured against the gross developable lot area of the greater proposed development.","or/clackamas/happy-valley/16.42.landscaping.txt#L89,L93",or/clackamas/happy-valley/16.42.landscaping.txt
00264,agree,noted,or/clackamas/happy-valley,MURA,parking_street_setback_ft,10.0,10,floor of a borrowed setback,clear,unknown,same distance as the required building setbacks (the governing operand; 10 ft front / 8 ft street side in MUR-A per Table 16.22.050-2),"set back from a lot line adjoining a street the same distance as the required building setbacks. Regardless of other provisions, a minimum setback of ten feet shall be provided",The operative standard borrows the building setback and ten feet is only the floor; the passage names no zone.,"or/clackamas/happy-valley/16.43.parking.txt#L511,L527",or/clackamas/happy-valley/16.43.parking.txt
00265,agree,noted,or/clackamas/happy-valley,VTH,min_lot_sqft,2000,2000,square feet,inferred,True,"2,000 sq ft minimum and 3,000 sq ft maximum per townhouse lot in the SFA and VTH zones (footnote 9) | no minimum lot size for lots created for two- and three-family or multifamily dwellings (footnote 9)","Lot size (minimum) / 2,000 sf","Third of three cells taken as VTH per caption order; footnote 9 (not marked on this cell) adds a 3,000 sq ft maximum per townhouse lot in VTH.","or/clackamas/happy-valley/16.22.residential.txt#L950,L953",or/clackamas/happy-valley/16.22.residential.txt
00266,agree,noted,or/clackamas/happy-valley,VTH,max_coverage_pct,65,65,percent,inferred,True,,Lot coverage (maximum) / 65%,Third of three cells taken as VTH per caption order; no footnote on this cell (footnote 12 is marked on the SFA and MUR-A cells only).,"or/clackamas/happy-valley/16.22.residential.txt#L962,L965",or/clackamas/happy-valley/16.22.residential.txt
00267,agree,noted,or/clackamas/happy-valley,VTH,setback_front_ft,10,10,feet,inferred,True,8 ft for one of the required front yards on a corner lot abutting a local or connector street (footnote 11) | Clackamas County VR-4/5 setbacks for preexisting dwellings (footnote 10),"Front / 10 feet[10,11]",Third cell taken as VTH per caption order; footnote 11 lets one front setback on a corner lot drop to 8 ft with 4-ft projections into it.,"or/clackamas/happy-valley/16.22.residential.txt#L967,L970",or/clackamas/happy-valley/16.22.residential.txt
00268,agree,noted,or/clackamas/happy-valley,VTH,setback_rear_ft,15,15,feet,inferred,True,Clackamas County VR-4/5 setbacks for preexisting dwellings (footnote 10),"Rear / 15 feet[10,11]",Third cell taken as VTH per caption order; footnote 11 (corner-lot front yard reduction to 8 ft) is marked on this rear cell but speaks only to front yards.,"or/clackamas/happy-valley/16.22.residential.txt#L971,L974",or/clackamas/happy-valley/16.22.residential.txt
00269,agree,noted,or/clackamas/happy-valley,VTH,setback_side_ft,5,5,feet,inferred,True,0 ft for attached single-family (townhouse) side yards under the Uniform Building Code (footnote 5) | Clackamas County VR-4/5 setbacks for preexisting dwellings (footnote 10),"Interior side / 5 feet[5,10]",Third cell taken as VTH per caption order; footnote 5 lets the attached townhouse side yard drop to zero.,"or/clackamas/happy-valley/16.22.residential.txt#L975,L978",or/clackamas/happy-valley/16.22.residential.txt
00270,agree,noted,or/clackamas/happy-valley,VTH,setback_side_ft [attached_wall+unit_lots],0,0,feet,inferred,True,5 ft base interior side setback (L978),Side yard building setbacks for attached single-family (townhouse) may be reduced to zero in compliance with applicable sections of the adopted Uniform Building Code.,"Permissive ('may be reduced') and conditioned on UBC compliance; footnote 5 is marked on the VTH interior-side cell and speaks to attached single-family (townhouse), which fits the shared-wall unit-lot condition.","or/clackamas/happy-valley/16.22.residential.txt#L975,L978,L1022",or/clackamas/happy-valley/16.22.residential.txt
00271,agree,noted,or/clackamas/happy-valley,VTH,setback_street_side_ft,5,5,feet,inferred,True,8 ft for one of the required front yards on a corner lot abutting a local or connector street (footnote 11) | Clackamas County VR-4/5 setbacks for preexisting dwellings (footnote 10),"Street side / 5 feet [10,11]",Third cell taken as VTH per caption order; footnote 11 marked here concerns reducing one corner-lot front yard to 8 ft and does not lower the 5-ft street-side figure.,"or/clackamas/happy-valley/16.22.residential.txt#L979,L982",or/clackamas/happy-valley/16.22.residential.txt
00272,agree,noted,or/clackamas/happy-valley,VTH,setback_front_max_ft,18,18,feet,inferred,True,,Setback (maximum from street right-of-way or designated accessway) / 18 feet,Third cell taken as VTH per caption order (SFA and MUR-A read None); measured from the street right-of-way or a designated accessway rather than the front lot line.,"or/clackamas/happy-valley/16.22.residential.txt#L998,L1001",or/clackamas/happy-valley/16.22.residential.txt
00273,agree,noted,or/clackamas/happy-valley,VTH,setback_garage_entrance_ft,22,22,feet,inferred,True,Entrances facing an alley: 22 feet to base floor (foundation only) and 6 feet to upper floors (wall face) | Clackamas County VR-4/5 setbacks for preexisting dwellings (footnote 10),Garage and carport entrances / Entrances not facing an alley / 22 feet[10],"Figure is the not-facing-an-alley sub-row, third cell taken as VTH per caption order; alley-facing entrances use a split 22 ft base-floor / 6 ft upper-floor standard.","or/clackamas/happy-valley/16.22.residential.txt#L985,L986,L989",or/clackamas/happy-valley/16.22.residential.txt
00274,agree,,or/clackamas/happy-valley,VTH,min_building_separation_ft,10,10,feet,inferred,True,,Between groupings of residential buildings on the same lot / 10 feet,,"or/clackamas/happy-valley/16.22.residential.txt#L994,L997",or/clackamas/happy-valley/16.22.residential.txt
00275,agree,noted,or/clackamas/happy-valley,VTH,max_height_ft,35,35,feet,inferred,True,,Building height (maximum) / 35 feet,Third cell taken as VTH per caption order; no footnote on this cell (footnote 8's 45/49 rule is marked on the SFA and MUR-A cells only).,"or/clackamas/happy-valley/16.22.residential.txt#L1002,L1005",or/clackamas/happy-valley/16.22.residential.txt
00276,agree,noted,or/clackamas/happy-valley,VTH,max_density_du_per_acre,2000.0,2000,sq ft per primary unit (maximum density stated as site area per unit),inferred,True,"quadplexes exempt from density standards and townhouses capped at 25 units/acre (footnote 2, whose marker is on the SFA and MUR-A cells, not VTH)","Residential density (maximum)[1] / VTH / 2,000 sf/primary unit[9]","Unit differs from the standard's kind: the VTH maximum is printed as 2,000 sq ft per primary unit rather than du/acre (roughly 21.8 du/acre only by arithmetic), with the calculation sent to 16.63.020(F) by footnote 1 and footnote 9's townhouse lot sizes marked on the cell.","or/clackamas/happy-valley/16.22.residential.txt#L942,L945,L1014",or/clackamas/happy-valley/16.22.residential.txt
00277,agree,noted,or/clackamas/happy-valley,VTH,min_density_du_per_acre,3000.0,3000,sq ft per primary unit (minimum density stated as site area per unit),inferred,True,,"Residential density (minimum)[1] / 3,000 sf/primary unit[9]","Unit differs from the standard's kind: the VTH minimum density is printed as 3,000 sq ft per primary unit (a ceiling on site area per unit, roughly 14.5 du/acre only by arithmetic) rather than du/acre; footnote 1 sends the calculation to 16.63.020(F).","or/clackamas/happy-valley/16.22.residential.txt#L946,L949,L1014",or/clackamas/happy-valley/16.22.residential.txt
00278,agree,noted,or/clackamas/happy-valley,VTH,min_landscaped_pct,20,20,percent,clear,unknown,50 sq ft minimum of landscaping located in front of the dwelling(s),"Single-family detached, single-family attached dwellings, duplexes, triplexes and fourplexes: 20%.","Citywide standard by housing type, not by zone; measured against the gross developable lot area of the greater proposed development.","or/clackamas/happy-valley/16.42.landscaping.txt#L89,L93",or/clackamas/happy-valley/16.42.landscaping.txt
00279,agree,noted,or/clackamas/happy-valley,VTH,parking_street_setback_ft,10.0,10,floor of a borrowed setback,clear,unknown,same distance as the required building setbacks (the governing operand; 10 ft front / 5 ft street side in VTH per Table 16.22.050-2),"set back from a lot line adjoining a street the same distance as the required building setbacks. Regardless of other provisions, a minimum setback of ten feet shall be provided",The operative standard borrows the building setback and ten feet is only the floor; the passage names no zone.,"or/clackamas/happy-valley/16.43.parking.txt#L511,L527",or/clackamas/happy-valley/16.43.parking.txt
00280,agree,noted,or/clackamas/happy-valley,MURM,max_height_ft,65,65,feet,inferred,True,"45 ft at the front elevation for single-family (attached), note [4] | 49 ft at the side and rear elevations for single-family (attached), note [4]",Building height (maximum)  65 feet[4]  65 feet[4]  65 feet[4],"Note [4] caps single-family (attached) at 45 ft at the front elevation and 49 ft at side and rear elevations, which is the housing type being screened; the zone code MURM is not printed verbatim but all three MUR-M columns read 65.","or/clackamas/happy-valley/16.22.residential.txt#L1306,L1315",or/clackamas/happy-valley/16.22.residential.txt
00281,agree,noted,or/clackamas/lake-oswego,R-0,max_height_ft,28,28,feet,inferred,unknown,28 – 32 [4] on lots with sloping topography,MAX. BASE HEIGHT (FT.) / Flat Lot / — / 28 / 28 / 28,"No zone header row is visible; the cited 28 is the fourth cell of the Flat Lot row and every numeric cell in that row reads 28 (the first cell is a dash); the row is labelled MAX. BASE HEIGHT, not simply maximum height.","or/clackamas/lake-oswego/50.04.dimensional.txt#L1418,L1423",or/clackamas/lake-oswego/50.04.dimensional.txt
00282,agree,noted,or/clackamas/lake-oswego,R-0,setback_front_ft,10,10,feet,inferred,unknown,"0 (first column of the Front row, a different zone)",Primary Dwelling (Attached) / Front / 0 / 10 / Table 50.04.001-13 / 10,Zone header row not visible; the cited 10 is the fourth cell of the Front row under Primary Dwelling (Attached); the third cell defers to Table 50.04.001-13 instead of stating a figure.,or/clackamas/lake-oswego/50.04.dimensional.txt#L1344,or/clackamas/lake-oswego/50.04.dimensional.txt
00283,agree,noted,or/clackamas/lake-oswego,R-0,setback_side_ft,10,10,feet,inferred,unknown,"0 (first column) | 0 (attached wall), as printed in the second column",Side / 0 / 10 (exterior wall); 0 (attached wall) / Table 50.04.001-13 / 10,"Zone header row not visible; the cited 10 is the fourth cell of the Side row and carries no exterior/attached-wall split, unlike the second column.",or/clackamas/lake-oswego/50.04.dimensional.txt#L1351,or/clackamas/lake-oswego/50.04.dimensional.txt
00284,agree,noted,or/clackamas/lake-oswego,R-0,setback_rear_ft,10,10,feet,inferred,unknown,0 (first column),Rear / 0 / 10 / Table 50.04.001-13 / 10,Zone header row not visible; the cited 10 is the fourth cell of the Rear row under Primary Dwelling (Attached).,or/clackamas/lake-oswego/50.04.dimensional.txt#L1357,or/clackamas/lake-oswego/50.04.dimensional.txt
00285,agree,noted,or/clackamas/lake-oswego,R-0,setback_street_side_ft,10,10,feet,inferred,unknown,"0 (attached wall), second column",Side / 0 / 10 (exterior wall); 0 (attached wall) / Table 50.04.001-13 / 10,"The row is the general Side setback; the passage has no street-side or corner-lot row for Primary Dwelling (Attached), so 10 is the side figure applied to a street side by default, not a stated street-side figure.",or/clackamas/lake-oswego/50.04.dimensional.txt#L1351,or/clackamas/lake-oswego/50.04.dimensional.txt
00286,agree,noted,or/clackamas/lake-oswego,R-0,min_lot_sqft,7000,7000,square feet,inferred,unknown,,"Cottage Clusters and Quadplexes / Area (sq. ft.) / 7,000 / 7,000 / 7,000 / 7,000","Row used is Cottage Clusters and Quadplexes; zone header not visible but all four cells read 7,000.",or/clackamas/lake-oswego/50.04.dimensional.txt#L1253,or/clackamas/lake-oswego/50.04.dimensional.txt
00287,agree,noted,or/clackamas/lake-oswego,R-0,min_lot_sqft [unit_lots],1500,1500,square feet,inferred,unknown,"7,000 Cottage Clusters and Quadplexes (base, whole-site row)","Townhouses (one per lot) / Area (sq. ft.) / 1,500 / 1,500 / 1,500 / 1,500","Row used is Townhouses (one per lot), the per-unit-lot figure; all four cells read 1,500.",or/clackamas/lake-oswego/50.04.dimensional.txt#L1261,or/clackamas/lake-oswego/50.04.dimensional.txt
00288,agree,noted,or/clackamas/lake-oswego,R-0,max_coverage_pct,55,55,percent,inferred,unknown,50 (second column) | 100 (first column),Lot Coverage / 100 / 50 / Table 50.04.001-12 / 55,"Zone header row not visible; the cited 55 is the fourth cell of the Lot Coverage row, which does not distinguish housing type; the third column defers to Table 50.04.001-12.",or/clackamas/lake-oswego/50.04.dimensional.txt#L1306,or/clackamas/lake-oswego/50.04.dimensional.txt
00289,agree,noted,or/clackamas/lake-oswego,R-2,max_height_ft,28,28,feet,inferred,unknown,28 – 32 [4] on lots with sloping topography,MAX. BASE HEIGHT (FT.) / Flat Lot / — / 28 / 28 / 28,No zone header row is visible; the cited 28 is the third cell of the Flat Lot row and every numeric cell reads 28; the row is labelled MAX. BASE HEIGHT.,"or/clackamas/lake-oswego/50.04.dimensional.txt#L1418,L1422",or/clackamas/lake-oswego/50.04.dimensional.txt
00290,agree,,or/clackamas/lake-oswego,R-2,setback_front_ft,10,10,feet,clear,True,,Quadplex  10  7  –  10 (Front (ft.) column),,"or/clackamas/lake-oswego/50.04.dimensional.txt#L1585,L1590",or/clackamas/lake-oswego/50.04.dimensional.txt
00291,agree,noted,or/clackamas/lake-oswego,R-2,setback_side_ft,7,7,feet,clear,True,– (Side Attached column prints a dash for the Quadplex row),Quadplex  10  7  –  10 (Side (ft.) Exterior column),"The Side/Attached column prints a dash for Quadplex, so no attached-wall figure is stated for this type; 7 is the exterior-wall side.","or/clackamas/lake-oswego/50.04.dimensional.txt#L1586,L1590",or/clackamas/lake-oswego/50.04.dimensional.txt
00292,agree,,or/clackamas/lake-oswego,R-2,setback_rear_ft,10,10,feet,clear,True,,Quadplex  10  7  –  10 (Rear (ft.) column),,"or/clackamas/lake-oswego/50.04.dimensional.txt#L1585,L1590",or/clackamas/lake-oswego/50.04.dimensional.txt
00293,agree,noted,or/clackamas/lake-oswego,R-2,setback_street_side_ft,7,7,feet,inferred,True,,Quadplex  10  7  –  10 (Side (ft.) Exterior column),"The table has no street-side or corner-lot column; 7 is the exterior-wall side setback of the Quadplex row, applied to a street side by default rather than stated for it.","or/clackamas/lake-oswego/50.04.dimensional.txt#L1586,L1590",or/clackamas/lake-oswego/50.04.dimensional.txt
00294,agree,noted,or/clackamas/lake-oswego,R-2,min_lot_sqft,7000,7000,square feet,inferred,unknown,"5,000 (the Area row immediately above, a different structure type)","Cottage Clusters and Quadplexes / Area (sq. ft.) / 7,000 / 7,000 / 7,000 / 7,000","Zone header not visible; the cited 7,000 is the third cell and all four cells read 7,000; row used is Cottage Clusters and Quadplexes.","or/clackamas/lake-oswego/50.04.dimensional.txt#L1246,L1252",or/clackamas/lake-oswego/50.04.dimensional.txt
00295,agree,noted,or/clackamas/lake-oswego,R-2,min_lot_sqft [unit_lots],1500,1500,square feet,inferred,unknown,"7,000 Cottage Clusters and Quadplexes (base row)","Townhouses (one per lot) / Area (sq. ft.) / 1,500 / 1,500 / 1,500 / 1,500","Row used is Townhouses (one per lot); all four cells read 1,500.","or/clackamas/lake-oswego/50.04.dimensional.txt#L1254,L1260",or/clackamas/lake-oswego/50.04.dimensional.txt
00296,agree,noted,or/clackamas/lake-oswego,R-2,max_coverage_pct,55,55,percent,clear,True,55 Townhouse Project | 50 Other Structures,"Duplex, Triplex, and Quadplex                 55","A following subsection headed 'R-0, R-2, and R-3 Exemptions' (L1520) is not shown and may modify this.","or/clackamas/lake-oswego/50.04.dimensional.txt#L1512,L1515",or/clackamas/lake-oswego/50.04.dimensional.txt
00297,agree,noted,or/clackamas/lake-oswego,R-3,max_height_ft,28,28,feet,inferred,unknown,28 – 32 [4] on lots with sloping topography,MAX. BASE HEIGHT (FT.) / Flat Lot / — / 28 / 28 / 28,No zone header row is visible; the cited 28 is the second cell of the Flat Lot row and every numeric cell reads 28; the row is labelled MAX. BASE HEIGHT.,"or/clackamas/lake-oswego/50.04.dimensional.txt#L1418,L1421",or/clackamas/lake-oswego/50.04.dimensional.txt
00298,agree,noted,or/clackamas/lake-oswego,R-3,setback_front_ft,10,10,feet,inferred,unknown,0 (first column),Primary Dwelling (Attached) / Front / 0 / 10 / Table 50.04.001-13 / 10,Zone header not visible; the cited 10 is the second cell of the Front row under Primary Dwelling (Attached).,or/clackamas/lake-oswego/50.04.dimensional.txt#L1342,or/clackamas/lake-oswego/50.04.dimensional.txt
00299,agree,noted,or/clackamas/lake-oswego,R-3,setback_side_ft,10,10,feet,inferred,unknown,0 (attached wall),Side / 0 / 10 (exterior wall); 0 (attached wall),Zone header not visible; the cited cell is the second column of the Side row and states 10 for an exterior wall and 0 for an attached wall.,or/clackamas/lake-oswego/50.04.dimensional.txt#L1348,or/clackamas/lake-oswego/50.04.dimensional.txt
00300,agree,noted,or/clackamas/lake-oswego,R-3,setback_side_ft [attached_wall],0,0,feet,inferred,unknown,10 (exterior wall),0 (attached wall),Zone header not visible; the cited cell is the second column of the Side row.,or/clackamas/lake-oswego/50.04.dimensional.txt#L1349,or/clackamas/lake-oswego/50.04.dimensional.txt
00301,agree,noted,or/clackamas/lake-oswego,R-3,setback_rear_ft,10,10,feet,inferred,unknown,0 (first column),Rear / 0 / 10 / Table 50.04.001-13 / 10,Zone header not visible; the cited 10 is the second cell of the Rear row.,or/clackamas/lake-oswego/50.04.dimensional.txt#L1355,or/clackamas/lake-oswego/50.04.dimensional.txt
00302,agree,noted,or/clackamas/lake-oswego,R-3,setback_street_side_ft,10,10,feet,inferred,unknown,0 (attached wall),Side / 0 / 10 (exterior wall); 0 (attached wall),General Side row with no street-side or corner-lot distinction; 10 (exterior wall) is applied to a street side by default rather than stated for it.,or/clackamas/lake-oswego/50.04.dimensional.txt#L1348,or/clackamas/lake-oswego/50.04.dimensional.txt
00303,agree,noted,or/clackamas/lake-oswego,R-3,min_lot_sqft,7000,7000,square feet,inferred,unknown,,"Cottage Clusters and Quadplexes / Area (sq. ft.) / 7,000 / 7,000 / 7,000 / 7,000","Zone header not visible; the cited 7,000 is the second cell and all four cells read 7,000; row used is Cottage Clusters and Quadplexes.",or/clackamas/lake-oswego/50.04.dimensional.txt#L1251,or/clackamas/lake-oswego/50.04.dimensional.txt
00304,agree,noted,or/clackamas/lake-oswego,R-3,min_lot_sqft [unit_lots],1500,1500,square feet,inferred,unknown,"7,000 Cottage Clusters and Quadplexes (base row)","Townhouses (one per lot) / Area (sq. ft.) / 1,500 / 1,500 / 1,500 / 1,500","Row used is Townhouses (one per lot); all four cells read 1,500.",or/clackamas/lake-oswego/50.04.dimensional.txt#L1259,or/clackamas/lake-oswego/50.04.dimensional.txt
00305,agree,noted,or/clackamas/lake-oswego,R-3,max_coverage_pct,50,50,percent,inferred,unknown,55 (fourth column) | 100 (first column),Lot Coverage / 100 / 50 / Table 50.04.001-12 / 55,"Zone header not visible; the cited 50 is the second cell of the Lot Coverage row, which does not distinguish housing type.",or/clackamas/lake-oswego/50.04.dimensional.txt#L1304,or/clackamas/lake-oswego/50.04.dimensional.txt
00306,agree,noted,or/clackamas/lake-oswego,R-5,max_height_ft,28,28,feet,inferred,unknown,28 – 32[5] on lot with sloping topography | 28 (Primary Structure row),MAX. BASE HEIGHT (FT.) / Flat Lot / 28 / 28 / —,"No zone header visible; the cited 28 is the second cell of the Flat Lot row and both numeric cells read 28 (third is a dash); labelled MAX. BASE HEIGHT, with note [5] on the sloping row.","or/clackamas/lake-oswego/50.04.dimensional.txt#L585,L587",or/clackamas/lake-oswego/50.04.dimensional.txt
00307,agree,noted,or/clackamas/lake-oswego,R-5,setback_front_ft,10,10,feet,inferred,unknown,,"Attached Dwellings, Including Duplexes, Triplexes, Quadplexes, and Townhouse Projects  10  10 – Exterior Wall 0 – Attached Wall  10",The table caption and passage do not name a zone; the row names quadplexes and townhouse projects outright and its Front cell is 10.,or/clackamas/lake-oswego/50.04.dimensional.txt#L753,or/clackamas/lake-oswego/50.04.dimensional.txt
00308,agree,noted,or/clackamas/lake-oswego,R-5,setback_side_ft,10,10,feet,inferred,unknown,0 – Attached Wall,"Attached Dwellings, Including Duplexes, Triplexes, Quadplexes, and Townhouse Projects ... 10 – Exterior Wall 0 – Attached Wall",Zone not named in the passage; 10 is the exterior-wall side figure of the attached-dwellings row.,or/clackamas/lake-oswego/50.04.dimensional.txt#L753,or/clackamas/lake-oswego/50.04.dimensional.txt
00309,agree,noted,or/clackamas/lake-oswego,R-5,setback_side_ft [attached_wall],0,0,feet,inferred,unknown,10 – Exterior Wall,10 – Exterior Wall 0 – Attached Wall,Zone not named in the passage.,or/clackamas/lake-oswego/50.04.dimensional.txt#L753,or/clackamas/lake-oswego/50.04.dimensional.txt
00310,agree,noted,or/clackamas/lake-oswego,R-5,setback_rear_ft,10,10,feet,inferred,unknown,,"Attached Dwellings, Including Duplexes, Triplexes, Quadplexes, and Townhouse Projects  10  ...  10 (Rear (ft.) column)",Zone not named in the passage.,or/clackamas/lake-oswego/50.04.dimensional.txt#L753,or/clackamas/lake-oswego/50.04.dimensional.txt
00311,agree,noted,or/clackamas/lake-oswego,R-5,setback_street_side_ft,10,10,feet,inferred,unknown,10 – Street Side Yard (Detached Dwelling row),Attached Dwellings ... 10 – Exterior Wall 0 – Attached Wall,The attached-dwellings row has no street-side cell; only the Detached Dwelling row prints a Street Side Yard figure (also 10); 10 exterior-wall is applied to a street side by default; zone not named.,or/clackamas/lake-oswego/50.04.dimensional.txt#L753,or/clackamas/lake-oswego/50.04.dimensional.txt
00312,agree,noted,or/clackamas/lake-oswego,R-5,min_lot_sqft,7000,7000,square feet,inferred,unknown,,"Cottage Clusters and Quadplexes / Area (sq. ft.) / 7,000 / 7,000 / 7,000","Zone header not visible; the cited 7,000 is the second of three identical cells; row used is Cottage Clusters and Quadplexes.",or/clackamas/lake-oswego/50.04.dimensional.txt#L536,or/clackamas/lake-oswego/50.04.dimensional.txt
00313,agree,noted,or/clackamas/lake-oswego,R-5,min_lot_sqft [unit_lots],1500,1500,square feet,inferred,unknown,"7,000 Cottage Clusters and Quadplexes (base row)","Townhouses (one per lot) / Area (sq. ft.) / 1,500 / 1,500 / 1,500","Row used is Townhouses (one per lot); all three cells read 1,500.",or/clackamas/lake-oswego/50.04.dimensional.txt#L545,or/clackamas/lake-oswego/50.04.dimensional.txt
00314,agree,unclear+noted,or/clackamas/lake-oswego,R-5,max_coverage_pct,35,35,percent,unclear,True,45 at 22 ft or less | 42 at >22 to 25 ft | 38 at >25 to 28 ft | 35 at >28 to 30 ft | 35 above 30 ft,Height (ft.)  Maximum Lot Coverage (%) / 22 or less 45 / >22 to 25 42 / >25 to 28 38 / >28 to 30 35 / >30 35,"No flat percentage is stated; coverage is banded by building height in five steps from 45 down to 35, and 35 is the only figure that holds at every height; L898 exempts cottage clusters and individual townhouse lots.",or/clackamas/lake-oswego/50.04.dimensional.txt#L886-L894,or/clackamas/lake-oswego/50.04.dimensional.txt
00315,agree,noted,or/clackamas/lake-oswego,R-5,max_coverage_pct [low_rise],45,45,percent,inferred,True,42 at >22 to 25 ft | 38 at >25 to 28 ft | 35 above 28 ft,22 or less                                   45,"The passage does not define 'low rise'; 45 is the 22-ft-or-less band and the figure drops to 42 between 22 and 25 ft, so the condition's height threshold decides which applies.",or/clackamas/lake-oswego/50.04.dimensional.txt#L886-L894,or/clackamas/lake-oswego/50.04.dimensional.txt
00316,agree,noted,or/clackamas/lake-oswego,R-6,max_height_ft,28,28,feet,inferred,unknown,28 – 32[5] on lot with sloping topography | 28 (Primary Structure row),MAX. BASE HEIGHT (FT.) / Flat Lot / 28 / 28 / —,No zone header visible; the cited 28 is the first cell of the Flat Lot row and both numeric cells read 28; labelled MAX. BASE HEIGHT.,"or/clackamas/lake-oswego/50.04.dimensional.txt#L585,L586",or/clackamas/lake-oswego/50.04.dimensional.txt
00317,agree,noted,or/clackamas/lake-oswego,R-6,setback_front_ft,20,20,feet,clear,True,10 (Cottage Clusters column),Front  20 [3]  10  20 [3]  20 [3]  15 [2] (Primary Structures (ft.) column),"Note [3]: on corner lots the front setback is measured on the narrow street frontage; the table is by structure class, and Primary Structures is the column for an attached dwelling.","or/clackamas/lake-oswego/50.04.dimensional.txt#L781,L782",or/clackamas/lake-oswego/50.04.dimensional.txt
00318,agree,,or/clackamas/lake-oswego,R-6,setback_side_ft,7.5,7.5,feet,clear,True,0 – Attached Wall | Side Adjacent to a Street: Arterial/Collector 20; Local 7.5,Side  7.5 – Exterior Wall 0 – Attached Wall (Primary Structures (ft.) column),,"or/clackamas/lake-oswego/50.04.dimensional.txt#L781,L784",or/clackamas/lake-oswego/50.04.dimensional.txt
00319,agree,,or/clackamas/lake-oswego,R-6,setback_side_ft [attached_wall],0,0,feet,clear,True,7.5 – Exterior Wall,Side  7.5 – Exterior Wall 0 – Attached Wall (Primary Structures (ft.) column),,"or/clackamas/lake-oswego/50.04.dimensional.txt#L781,L784",or/clackamas/lake-oswego/50.04.dimensional.txt
00320,agree,,or/clackamas/lake-oswego,R-6,setback_rear_ft,15,15,feet,clear,True,10 for Cottage Clusters | 5 for Accessory Structures (< 600 sq. ft.) | 15 for Other Accessory Structures / Garage-Vehicle Opening,Rear  15  10  5  15  15  (Primary Structures (ft.) column = 15),,"or/clackamas/lake-oswego/50.04.dimensional.txt#L781,L785",or/clackamas/lake-oswego/50.04.dimensional.txt
00321,agree,noted,or/clackamas/lake-oswego,R-6,setback_street_side_ft,20,20,feet,inferred,True,7.5 if the side street is a Local street,Side Adjacent to a Street  Arterial/Collector: 20; Local: 7.5  (Primary Structures (ft.) column),"The cell splits by street classification and prints no single unconditioned figure; 20 is the Arterial/Collector figure, Local streets get 7.5.","or/clackamas/lake-oswego/50.04.dimensional.txt#L781,L783",or/clackamas/lake-oswego/50.04.dimensional.txt
00322,agree,,or/clackamas/lake-oswego,R-6,setback_street_side_ft [local_street],7.5,7.5,feet,clear,True,20 if the side street is an Arterial/Collector,Side Adjacent to a Street  Arterial/Collector: 20; Local: 7.5  (Primary Structures (ft.) column),,"or/clackamas/lake-oswego/50.04.dimensional.txt#L781,L783",or/clackamas/lake-oswego/50.04.dimensional.txt
00323,agree,noted,or/clackamas/lake-oswego,R-6,min_lot_sqft,7000,7000,square feet,inferred,unknown,"5,000 [4] is the last cell of the row above (label not visible; a different housing-type row)","Cottage Clusters and Quadplexes / Area (sq. ft.) / 7,000 / 7,000 / 7,000","The zone header row is not in the passage so which of the three columns is R-6 cannot be seen; all three cells of the Cottage Clusters and Quadplexes area row read 7,000, so the figure holds for any column.","or/clackamas/lake-oswego/50.04.dimensional.txt#L533,L535",or/clackamas/lake-oswego/50.04.dimensional.txt
00324,agree,noted,or/clackamas/lake-oswego,R-6,min_lot_sqft [unit_lots],1500,1500,square feet per townhouse lot,inferred,unknown,"7,000 under the Cottage Clusters and Quadplexes row (the whole-site fourplex figure)","Townhouses (one per lot) / Area (sq. ft.) / 1,500 / 1,500 / 1,500","Zone header row not visible; all three column cells read 1,500 so the figure holds whichever column is R-6; the row is per individual townhouse lot, not the four-unit site.","or/clackamas/lake-oswego/50.04.dimensional.txt#L542,L544",or/clackamas/lake-oswego/50.04.dimensional.txt
00325,agree,unclear+noted,or/clackamas/lake-oswego,R-6,min_lot_width_ft,50,50,feet,unclear,unknown,— (no width standard printed) if R-6 is the second or third column,Cottage Clusters and Quadplexes / Width (ft.) / 50 / — / —,"Only the first of the three column cells states a width (50); the other two are dashes, and the zone header row is not in the passage, so 50 is R-6's figure only if R-6 is the first column.","or/clackamas/lake-oswego/50.04.dimensional.txt#L538,L539",or/clackamas/lake-oswego/50.04.dimensional.txt
00326,agree,noted,or/clackamas/lake-oswego,R-6,min_lot_width_ft [unit_lots],15,15,feet,inferred,unknown,50 under the Cottage Clusters and Quadplexes row (first column only; other columns are dashes),Townhouses (one per lot) / Width (ft.) / 15 / 15 / 15,Zone header row not visible; all three cells read 15 so the figure holds whichever column is R-6; this is the width of each individual townhouse lot.,"or/clackamas/lake-oswego/50.04.dimensional.txt#L547,L548",or/clackamas/lake-oswego/50.04.dimensional.txt
00327,agree,noted,or/clackamas/lake-oswego,R-6,max_coverage_pct,25,25,percent,inferred,True,"35% for lots >11,500 sq ft at the lowest height band | 45% for lots of 7,000 sq ft or less at the lowest height band | 60% impervious-surface cap at L1035 (a different standard)",">27' ... >11,500 / 35% 34% 33% 30% 28% 27% 25% 25% 25%  (last cell 25%)","One cell of a lot-size by building-height matrix: 25% applies to lots over 11,500 sq ft with a primary structure taller than 27 ft, mapped by counting nine cells per row against >27' as the last height header; no single flat percentage is printed.","or/clackamas/lake-oswego/50.04.dimensional.txt#L981,L1022,L1031",or/clackamas/lake-oswego/50.04.dimensional.txt
00328,agree,noted,or/clackamas/lake-oswego,R-6,max_coverage_pct [],35,35,percent,inferred,True,45% for the same lot band at the lowest height band | 42% at >21' to 22' | 36% at >24' to 25',">27' ... 7,000 or less / 45% 43% 42% 40% 38% 36% 35% 35% 35%  (last cell 35%)","One cell of a lot-size by height matrix: 35% is for lots of 7,000 sq ft or less with a primary structure taller than 27 ft (ninth cell of the row = the >27' column); the row runs 45% down to 35% by height.","or/clackamas/lake-oswego/50.04.dimensional.txt#L981,L982,L991",or/clackamas/lake-oswego/50.04.dimensional.txt
00329,agree,noted,or/clackamas/lake-oswego,R-6,max_coverage_pct [],33,33,percent,inferred,True,36% for the same lot band at the six lowest height bands | 35% and 34% in the two height bands just below >27',">27' ... >7,000 – 8,500 / 36% 36% 36% 36% 36% 36% 35% 34% 33%  (last cell 33%)","One cell of a lot-size by height matrix: 33% is for lots over 7,000 up to 8,500 sq ft with a primary structure taller than 27 ft (ninth cell = >27' column); the row runs 36% down to 33%.","or/clackamas/lake-oswego/50.04.dimensional.txt#L981,L992,L1001",or/clackamas/lake-oswego/50.04.dimensional.txt
00330,agree,noted,or/clackamas/lake-oswego,R-6,max_coverage_pct [],30,30,percent,inferred,True,"35% for the same lot band at the four lowest height bands | 34%, 33%, 32%, 31% in the intermediate height bands",">27' ... >8,500 – 10,000 / 35% 35% 35% 35% 34% 33% 32% 31% 30%  (last cell 30%)","One cell of a lot-size by height matrix: 30% is for lots over 8,500 up to 10,000 sq ft with a primary structure taller than 27 ft (ninth cell = >27' column); the row runs 35% down to 30%.","or/clackamas/lake-oswego/50.04.dimensional.txt#L981,L1002,L1011",or/clackamas/lake-oswego/50.04.dimensional.txt
00331,agree,noted,or/clackamas/lake-oswego,R-6,max_coverage_pct [],27,27,percent,inferred,True,"35% for the same lot band at the three lowest height bands | 33%, 31%, 30%, 29%, 28% in the intermediate height bands",">27' ... >10,000 – 11,500 / 35% 35% 35% 33% 31% 30% 29% 28% 27%  (last cell 27%)","One cell of a lot-size by height matrix: 27% is for lots over 10,000 up to 11,500 sq ft with a primary structure taller than 27 ft (ninth cell = >27' column); the row runs 35% down to 27%.","or/clackamas/lake-oswego/50.04.dimensional.txt#L981,L1012,L1021",or/clackamas/lake-oswego/50.04.dimensional.txt
00332,agree,noted,or/clackamas/lake-oswego,R-7.5,max_height_ft,28,28,feet,inferred,True,28 – 32 [5] on a Lot with Sloping Topography,Primary Structure [4] / Flat Lot / 28 / 30 / 35,"Zone header not in this passage; 28 is the first of three cells, read as R-7.5 because the same table orders its columns R-7.5, R-10, R-15 (lot areas 7,500/10,000/15,000; Table 50.04.001-2's header); flat-lot figure, and footnote [4] hangs on the Primary Structure height heading.","or/clackamas/lake-oswego/50.04.dimensional.txt#L205,L207",or/clackamas/lake-oswego/50.04.dimensional.txt
00333,agree,noted,or/clackamas/lake-oswego,R-7.5,setback_front_ft,25,25,feet,inferred,True,,Primary Structure / Front (ft.) / 25 / 25 / 25,"Zone header not in this passage, but all three column cells read 25 so the figure holds for R-7.5 whichever column it is.",or/clackamas/lake-oswego/50.04.dimensional.txt#L116,or/clackamas/lake-oswego/50.04.dimensional.txt
00334,agree,noted,or/clackamas/lake-oswego,R-7.5,setback_side_ft,5,5,"feet, per-side minimum",inferred,True,15 as the required total of both side yards,"Interior Side (ft.) / Total 15, 5 min.","The first-column cell (R-7.5 by the table's R-7.5, R-10, R-15 order) regulates the pair: 5 ft is the minimum for either side yard with both sides totalling at least 15 ft; the 10 ft cells that follow are the R-10 and R-15 columns.",or/clackamas/lake-oswego/50.04.dimensional.txt#L131-L133,or/clackamas/lake-oswego/50.04.dimensional.txt
00335,agree,noted,or/clackamas/lake-oswego,R-7.5,setback_side_total_ft,15,15,"feet, total of both side yards",inferred,True,5 min. on either single side,"Interior Side (ft.) / Total 15, 5 min.",First-column cell read as R-7.5 by column order; the 10 ft cells that follow are R-10 and R-15 and print a flat per-side figure rather than a total.,or/clackamas/lake-oswego/50.04.dimensional.txt#L131-L133,or/clackamas/lake-oswego/50.04.dimensional.txt
00336,agree,noted,or/clackamas/lake-oswego,R-7.5,setback_rear_ft,30,30,feet,inferred,True,,Rear (ft.) / 30 / 30 / 30,All three column cells read 30; the Accessory Structure block that begins at L141 is a different building's envelope.,or/clackamas/lake-oswego/50.04.dimensional.txt#L138,or/clackamas/lake-oswego/50.04.dimensional.txt
00337,agree,noted,or/clackamas/lake-oswego,R-7.5,setback_street_side_ft,20,20,feet,inferred,True,15 if the side street is Local,Side Adjacent to Street (ft.) / Arterial/Collector / 20 / 20 / 20,The table splits the street-side setback by street classification and prints no unconditioned figure; 20 is the Arterial/Collector figure (all three columns read 20).,or/clackamas/lake-oswego/50.04.dimensional.txt#L123,or/clackamas/lake-oswego/50.04.dimensional.txt
00338,agree,noted,or/clackamas/lake-oswego,R-7.5,setback_street_side_ft [local_street],15,15,feet,inferred,True,20 if the side street is an Arterial/Collector,Side Adjacent to Street (ft.) / Local / 15 / 15 / 15,All three column cells read 15.,or/clackamas/lake-oswego/50.04.dimensional.txt#L128,or/clackamas/lake-oswego/50.04.dimensional.txt
00339,agree,noted,or/clackamas/lake-oswego,R-7.5,min_lot_sqft,7500,7500,square feet,inferred,True,,"Single-Family, Duplex, Triplex, Quadplex, and Cottage Cluster Developments; Townhouse Projects / Area (sq. ft.) / 7,500","First of three cells (7,500/10,000/15,000), matching the zone's name; the row covers quadplexes and townhouse projects together and carries 'Except PD [3]', so planned developments are excepted.",or/clackamas/lake-oswego/50.04.dimensional.txt#L59,or/clackamas/lake-oswego/50.04.dimensional.txt
00340,agree,noted,or/clackamas/lake-oswego,R-7.5,min_lot_sqft [unit_lots],1500,1500,square feet per townhouse lot,inferred,True,,"Townhouses (one per lot) / Area (sq. ft.) / 1,500 / 1,500 / 1,500","All three cells read 1,500; the figure is per individual townhouse lot, not the four-unit site; 'Except PD [3]' at L74 belongs to the row above.",or/clackamas/lake-oswego/50.04.dimensional.txt#L79,or/clackamas/lake-oswego/50.04.dimensional.txt
00341,agree,noted,or/clackamas/lake-oswego,R-7.5,min_lot_width_ft,50,50,feet,inferred,True,,Width (ft.) / 50 / 65 / 80,"First of three cells (50/65/80) read as R-7.5 by the same column order as the lot-area row 7,500/10,000/15,000 above it; the row label (the quadplex / townhouse-project row) sits above the passage and 'Except PD [3]' follows.",or/clackamas/lake-oswego/50.04.dimensional.txt#L65,or/clackamas/lake-oswego/50.04.dimensional.txt
00342,agree,noted,or/clackamas/lake-oswego,R-7.5,min_lot_width_ft [unit_lots],15,15,feet,inferred,True,,Width (ft.) / 15 / 15 / 15,Townhouses (one per lot) row; all three cells read 15; this is the width of each individual townhouse lot.,or/clackamas/lake-oswego/50.04.dimensional.txt#L84,or/clackamas/lake-oswego/50.04.dimensional.txt
00343,agree,unclear+noted,or/clackamas/lake-oswego,R-7.5,max_coverage_pct,25,25,percent,unclear,True,35 if height is 22 ft or less | 33 if >22 to 23 ft | 30 if >23 to 24 ft | 28 if >24 to 25 ft,R-7.5 column: 22 or less 35 / >22 to 23 33 / >23 to 24 30 / >24 to 25 28 / >25 to 26 25 ... >34 25,"No single flat percentage is printed: the R-7.5 column steps from 35% at 22 ft or less to 25% for any height over 25 ft; 25 is reported as the figure that holds at every height above 25 ft (the zone's flat-lot height cap is 28 ft), but which band governs depends on the building's height.",or/clackamas/lake-oswego/50.04.dimensional.txt#L392-L408,or/clackamas/lake-oswego/50.04.dimensional.txt
00344,agree,noted,or/clackamas/lake-oswego,R-7.5,max_coverage_pct [low_rise],35,35,percent,inferred,True,33 if >22 to 23 ft | 30 if >23 to 24 ft | 28 if >24 to 25 ft | 25 if over 25 ft,22 or less  35  (R-7.5 column),"'low_rise' read as the '22 or less' height band; the table bands by feet of building height, not stories.",or/clackamas/lake-oswego/50.04.dimensional.txt#L392-L408,or/clackamas/lake-oswego/50.04.dimensional.txt
00345,agree,noted,or/clackamas/lake-oswego,R-10,max_height_ft,30,30,feet,inferred,True,30 – 34 [5] on a Lot with Sloping Topography,Primary Structure [4] / Flat Lot / 28 / 30 / 35,"Second of three cells, read as R-10 by the table's R-7.5, R-10, R-15 column order; flat-lot figure, and footnote [4] hangs on the Primary Structure height heading.","or/clackamas/lake-oswego/50.04.dimensional.txt#L205,L208",or/clackamas/lake-oswego/50.04.dimensional.txt
00346,agree,noted,or/clackamas/lake-oswego,R-10,setback_front_ft,25,25,feet,inferred,True,,Front (ft.) / 25 / 25 / 25,All three column cells read 25.,"or/clackamas/lake-oswego/50.04.dimensional.txt#L114,L117",or/clackamas/lake-oswego/50.04.dimensional.txt
00347,agree,noted,or/clackamas/lake-oswego,R-10,setback_side_ft,10,10,feet,inferred,True,,"Interior Side (ft.) / Total 15, 5 min. / 10 / 10","Second cell (10) read as R-10 by column order; the first cell 'Total 15, 5 min.' is the R-7.5 column, not this zone's.","or/clackamas/lake-oswego/50.04.dimensional.txt#L131,L134",or/clackamas/lake-oswego/50.04.dimensional.txt
00348,agree,noted,or/clackamas/lake-oswego,R-10,setback_rear_ft,30,30,feet,inferred,True,,Rear (ft.) / 30 / 30 / 30,All three column cells read 30; the Accessory Structure block that follows (front 25) is a different building's envelope.,"or/clackamas/lake-oswego/50.04.dimensional.txt#L136,L139",or/clackamas/lake-oswego/50.04.dimensional.txt
00349,agree,noted,or/clackamas/lake-oswego,R-10,setback_street_side_ft,20,20,feet,inferred,True,15 if the side street is Local,Side Adjacent to Street (ft.) / Arterial/Collector / 20 / 20 / 20,The table splits the street-side setback by street classification and prints no unconditioned figure; 20 is the Arterial/Collector figure (all three columns read 20).,"or/clackamas/lake-oswego/50.04.dimensional.txt#L121,L124",or/clackamas/lake-oswego/50.04.dimensional.txt
00350,agree,noted,or/clackamas/lake-oswego,R-10,setback_street_side_ft [local_street],15,15,feet,inferred,True,20 if the side street is an Arterial/Collector,Side Adjacent to Street (ft.) / Local / 15 / 15 / 15,All three column cells read 15.,"or/clackamas/lake-oswego/50.04.dimensional.txt#L126,L129",or/clackamas/lake-oswego/50.04.dimensional.txt
00351,agree,noted,or/clackamas/lake-oswego,R-10,min_lot_sqft,10000,10000,square feet,inferred,True,,"Single-Family, Duplex, Triplex, Quadplex, and Cottage Cluster Developments; Townhouse Projects / Area (sq. ft.) / 7,500 / 10,000 / 15,000","Second of three cells (7,500/10,000/15,000), matching the zone's name; the row covers quadplexes and townhouse projects together and carries 'Except PD [3]'.","or/clackamas/lake-oswego/50.04.dimensional.txt#L57,L60",or/clackamas/lake-oswego/50.04.dimensional.txt
00352,agree,noted,or/clackamas/lake-oswego,R-10,min_lot_sqft [unit_lots],1500,1500,square feet per townhouse lot,inferred,True,,"Townhouses (one per lot) / Area (sq. ft.) / 1,500 / 1,500 / 1,500","All three cells read 1,500; per individual townhouse lot, not the four-unit site.","or/clackamas/lake-oswego/50.04.dimensional.txt#L77,L80",or/clackamas/lake-oswego/50.04.dimensional.txt
00353,agree,noted,or/clackamas/lake-oswego,R-10,min_lot_width_ft,65,65,feet,inferred,True,,Width (ft.) / 50 / 65 / 80,"Second of three cells (50/65/80) read as R-10 by the column order of the lot-area row 7,500/10,000/15,000 above it; 'Except PD [3]' follows.","or/clackamas/lake-oswego/50.04.dimensional.txt#L63,L66",or/clackamas/lake-oswego/50.04.dimensional.txt
00354,agree,noted,or/clackamas/lake-oswego,R-10,min_lot_width_ft [unit_lots],15,15,feet,inferred,True,,Townhouses (one per lot) / Width (ft.) / 15 / 15 / 15,All three cells read 15; this is the width of each individual townhouse lot.,"or/clackamas/lake-oswego/50.04.dimensional.txt#L82,L85",or/clackamas/lake-oswego/50.04.dimensional.txt
00355,agree,unclear+noted,or/clackamas/lake-oswego,R-10,max_coverage_pct,25,25,percent,unclear,True,35 if height is 22 ft or less | 34 if >22 to 23 ft | 32 if >23 to 24 ft | 30 if >24 to 25 ft | 28 if >25 to 26 ft | 27 if >26 to 27 ft,R-10 column: 22 or less 35 / >22 to 23 34 / >23 to 24 32 / >24 to 25 30 / >25 to 26 28 / >26 to 27 27 / >27 to 28 25 ... >34 25,"No single flat percentage is printed: the R-10 column steps from 35% at 22 ft or less to 25% for any height over 27 ft; 25 is reported as the figure that holds at every height above 27 ft (the zone's flat-lot height cap is 30 ft), but which band governs depends on the building's height.",or/clackamas/lake-oswego/50.04.dimensional.txt#L392-L408,or/clackamas/lake-oswego/50.04.dimensional.txt
00356,agree,noted,or/clackamas/lake-oswego,R-10,max_coverage_pct [low_rise],35,35,percent,inferred,True,34 if >22 to 23 ft | 32 if >23 to 24 ft | 30 if >24 to 25 ft | 28 if >25 to 26 ft | 27 if >26 to 27 ft | 25 if over 27 ft,22 or less  35  (R-10 column),"'low_rise' read as the '22 or less' height band; the table bands by feet of building height, not stories.",or/clackamas/lake-oswego/50.04.dimensional.txt#L392-L408,or/clackamas/lake-oswego/50.04.dimensional.txt
00357,agree,noted,or/clackamas/lake-oswego,R-15,max_height_ft,35,35,feet,inferred,True,,Primary Structure [4] / Flat Lot / 28 / 30 / 35,"Third of three cells, read as R-15 by the table's R-7.5, R-10, R-15 column order; the Lot with Sloping Topography row also reads 35 in this column; footnote [4] hangs on the Primary Structure height heading.","or/clackamas/lake-oswego/50.04.dimensional.txt#L205,L209",or/clackamas/lake-oswego/50.04.dimensional.txt
00358,agree,noted,or/clackamas/lake-oswego,R-15,setback_front_ft,25,25,feet,inferred,True,,Front (ft.) / 25 / 25 / 25,All three column cells read 25.,"or/clackamas/lake-oswego/50.04.dimensional.txt#L114,L118",or/clackamas/lake-oswego/50.04.dimensional.txt
00359,agree,noted,or/clackamas/lake-oswego,R-15,setback_side_ft,10,10,feet,inferred,True,,"Interior Side (ft.) / Total 15, 5 min. / 10 / 10","Third cell (10) read as R-15 by column order; the first cell 'Total 15, 5 min.' is the R-7.5 column, not this zone's.","or/clackamas/lake-oswego/50.04.dimensional.txt#L131,L135",or/clackamas/lake-oswego/50.04.dimensional.txt
00360,agree,noted,or/clackamas/lake-oswego,R-15,setback_rear_ft,30,30,feet,inferred,unknown,,Rear (ft.) | 30 | 30 | 30,"No column header appears in the passage, so which of the three low-density columns is R-15 cannot be confirmed here; all three print 30, so the figure is unaffected.","or/clackamas/lake-oswego/50.04.dimensional.txt#L136,L140",or/clackamas/lake-oswego/50.04.dimensional.txt
00361,agree,noted,or/clackamas/lake-oswego,R-15,setback_street_side_ft,20,20,feet,inferred,unknown,15 ft where the side street is a Local street (L126-L130),Side Adjacent to Street (ft.) | Arterial/Collector | 20 | 20 | 20,"The street-side setback splits by street classification: the marked lines are the Arterial/Collector case at 20 ft, and a Local street is 15 ft; no column header is visible.","or/clackamas/lake-oswego/50.04.dimensional.txt#L121,L125",or/clackamas/lake-oswego/50.04.dimensional.txt
00362,agree,noted,or/clackamas/lake-oswego,R-15,setback_street_side_ft [local_street],15,15,feet,inferred,unknown,20 ft where the side street is an Arterial/Collector (L121-L125),Side Adjacent to Street (ft.) | Local | 15 | 15 | 15,"No column header appears in the passage; all three columns print 15 on the Local row, so the column choice does not change the figure.","or/clackamas/lake-oswego/50.04.dimensional.txt#L126,L130",or/clackamas/lake-oswego/50.04.dimensional.txt
00363,agree,noted,or/clackamas/lake-oswego,R-15,min_lot_sqft,15000,15000,square feet,inferred,unknown,"7,500 sq ft (first column) | 10,000 sq ft (second column) | 1,500 sq ft on the Townhouses (one per lot) row at L77-L81","Single-Family, Duplex, Triplex, Quadplex, and Cottage Cluster Developments; Townhouse Projects | Area (sq. ft.) | 7,500 | 10,000 | 15,000","No column header is visible, so the third of three columns was taken; the zone names corroborate it (R-7.5 -> 7,500, R-10 -> 10,000, R-15 -> 15,000), and the row carries an 'Except PD [3]' qualifier.","or/clackamas/lake-oswego/50.04.dimensional.txt#L57,L61",or/clackamas/lake-oswego/50.04.dimensional.txt
00364,agree,noted,or/clackamas/lake-oswego,R-15,min_lot_sqft [unit_lots],1500,1500,square feet,inferred,unknown,"15,000 sq ft on the Single-Family/Quadplex/Townhouse Projects row (L57-L61)","Townhouses (one per lot) | Area (sq. ft.) | 1,500 | 1,500 | 1,500","No column header appears in the passage; all three columns print 1,500 on the townhouse row, so the figure is unaffected by the column.","or/clackamas/lake-oswego/50.04.dimensional.txt#L77,L81",or/clackamas/lake-oswego/50.04.dimensional.txt
00365,agree,noted,or/clackamas/lake-oswego,R-15,min_lot_width_ft,80,80,feet,inferred,unknown,50 ft (first column) | 65 ft (second column) | 15 ft on the Townhouses (one per lot) row at L82-L86,Width (ft.) | 50 | 65 | 80 | Except PD [3],"No column header is visible, so the third of three columns was taken; an 'Except PD [3]' qualifier is printed directly under the row.","or/clackamas/lake-oswego/50.04.dimensional.txt#L63,L67",or/clackamas/lake-oswego/50.04.dimensional.txt
00366,agree,noted,or/clackamas/lake-oswego,R-15,min_lot_width_ft [unit_lots],15,15,feet,inferred,unknown,80 ft on the main lot-dimension Width row (L63-L67),Townhouses (one per lot) | Width (ft.) | 15 | 15 | 15,No column header appears in the passage; all three columns print 15 on the townhouse row.,"or/clackamas/lake-oswego/50.04.dimensional.txt#L82,L86",or/clackamas/lake-oswego/50.04.dimensional.txt
00367,agree,unclear+noted,or/clackamas/lake-oswego,R-15,max_coverage_pct,25,25,percent,unclear,True,35% at 22 ft or less | 34% at >22 to 23 ft | 33% at >23 to 24 | 32% at >24 to 25 | 30% at >25 to 26 | 29% at >26 to 27 | 28% at >27 to 28 | 27% at >28 to 29,Height (ft.) of primary structure | R-7.5 | R-10 | R-15 ... >29 to 30 | 25 | 25 | 25,"The passage states no single coverage figure: R-15 coverage is banded by building height in nine steps from 35% (22 ft or less) down to 25% (above 29 ft), and 25% is only the tall-building end of that ladder.",or/clackamas/lake-oswego/50.04.dimensional.txt#L392-L408,or/clackamas/lake-oswego/50.04.dimensional.txt
00368,agree,noted,or/clackamas/lake-oswego,R-15,max_coverage_pct [low_rise],35,35,percent,inferred,True,34% at >22 to 23 ft | 33% at >23 to 24 | 32% at >24 to 25 | 30% at >25 to 26 | 29% at >26 to 27 | 28% at >27 to 28 | 27% at >28 to 29 | 25% above 29 ft,Height (ft.) of primary structure | R-7.5 | R-10 | R-15 ... 22 or less | 35 | 35 | 35,"35% holds only where the primary structure is 22 ft or less; the R-15 column steps down band by band to 25% above 29 ft, and cottage clusters are exempt from coverage entirely.",or/clackamas/lake-oswego/50.04.dimensional.txt#L392-L408,or/clackamas/lake-oswego/50.04.dimensional.txt
00369,agree,noted,or/clackamas/lake-oswego,R-DD,max_height_ft,28,28,feet,inferred,unknown,"28 – 32 ft on a lot with sloping topography, per footnote [5] (L590) | the '—' printed in one of the three columns on the Primary Structure row",MAX. BASE HEIGHT (FT.) | Primary Structure | 28 | — | 28,"No column header is visible and one of the three columns on this row prints an em dash rather than a number, so it cannot be confirmed from the passage that R-DD is a 28 column; the figure is also a MAX. BASE height, which a bonus provision may exceed.","or/clackamas/lake-oswego/50.04.dimensional.txt#L579,L581,L584",or/clackamas/lake-oswego/50.04.dimensional.txt
00370,agree,noted,or/clackamas/lake-oswego,R-DD,setback_front_ft,10,10,feet,inferred,True,"ten ft. from a street right-of-way line, or a greater distance if needed to accommodate off-street parking (L822)","Except as otherwise provided in this section, the required setback in the R-DD zone is ten ft.","The sentence states one blanket setback for the whole R-DD zone rather than a front-specific figure, and it is opened by 'Except as otherwise provided in this section'.",or/clackamas/lake-oswego/50.04.dimensional.txt#L818,or/clackamas/lake-oswego/50.04.dimensional.txt
00371,agree,noted,or/clackamas/lake-oswego,R-DD,setback_side_ft,10,10,feet,inferred,True,"ten ft. from a street right-of-way line, or a greater distance if needed to accommodate off-street parking (L822)","Except as otherwise provided in this section, the required setback in the R-DD zone is ten ft.","The sentence states one blanket setback for the whole R-DD zone rather than an interior-side figure, and it is opened by 'Except as otherwise provided in this section'.",or/clackamas/lake-oswego/50.04.dimensional.txt#L818,or/clackamas/lake-oswego/50.04.dimensional.txt
00372,agree,noted,or/clackamas/lake-oswego,R-DD,setback_rear_ft,10,10,feet,inferred,True,"ten ft. from a street right-of-way line, or a greater distance if needed to accommodate off-street parking (L822)","Except as otherwise provided in this section, the required setback in the R-DD zone is ten ft.","The sentence states one blanket setback for the whole R-DD zone rather than a rear-specific figure, and it is opened by 'Except as otherwise provided in this section'.",or/clackamas/lake-oswego/50.04.dimensional.txt#L818,or/clackamas/lake-oswego/50.04.dimensional.txt
00373,agree,noted,or/clackamas/lake-oswego,R-DD,setback_street_side_ft,10,10,feet,inferred,True,"three ft. for up to 50% of the facade, five to ten ft. for the rest, on lots abutting Durham Street (L828)","Structures shall be set back from a street right-of-way line a minimum of ten ft., or such greater distance required to accommodate off-street parking.","The ten ft. is a floor that rises to 'such greater distance required to accommodate off-street parking', and the marked sentence itself does not name R-DD (the preceding subsection L818 does).",or/clackamas/lake-oswego/50.04.dimensional.txt#L822,or/clackamas/lake-oswego/50.04.dimensional.txt
00374,agree,noted,or/clackamas/lake-oswego,R-DD,min_lot_sqft,7000,7000,square feet,inferred,unknown,"1,500 sq ft on the Townhouses (one per lot) row at L542-L546 | 5,000 [4] sq ft on the row above at L527","Cottage Clusters and Quadplexes | Area (sq. ft.) | 7,000 | 7,000 | 7,000","No column header appears in the passage, so R-DD's column cannot be confirmed; every value printed on the Quadplex area row is 7,000, and a nearby Width row prints dashes in two columns.","or/clackamas/lake-oswego/50.04.dimensional.txt#L533,L537",or/clackamas/lake-oswego/50.04.dimensional.txt
00375,agree,noted,or/clackamas/lake-oswego,R-DD,min_lot_sqft [unit_lots],1500,1500,square feet,inferred,unknown,"7,000 sq ft on the Cottage Clusters and Quadplexes row (L533-L537)","Townhouses (one per lot) | Area (sq. ft.) | 1,500 | 1,500 | 1,500","No column header appears in the passage; all three columns print 1,500 on the townhouse row, so the column choice does not change the figure.","or/clackamas/lake-oswego/50.04.dimensional.txt#L542,L546",or/clackamas/lake-oswego/50.04.dimensional.txt
00376,agree,noted,or/clackamas/lake-oswego,R-DD,max_coverage_pct,45,45,percent,clear,True,35% for Single-Family Detached | 55% for Multi-Family Dwelling,Dwelling Type | Maximum Lot Coverage ... Middle Housing | 45%,"Row used: Middle Housing, which is the row a 4-unit attached townhouse falls in; a separate 60% impervious-surface cap also applies in R-DD (L1073).","or/clackamas/lake-oswego/50.04.dimensional.txt#L1066,L1068",or/clackamas/lake-oswego/50.04.dimensional.txt
00377,agree,unclear+noted,or/clackamas/lake-oswego,R-W,max_height_ft,25,25,feet,unclear,unknown,"27 ft — the second half of the printed '25/27 [5]' cell | 35 ft on the 'Footprint, Sloped' row above (L1433-L1435)",From Oswego Lake Surface Elevation | 25/27 [5] | — | — | —,"The cell prints two figures, '25/27', with footnote [5] deciding which governs, and it is a height measured from the Oswego Lake surface elevation rather than from grade; no column header is visible.","or/clackamas/lake-oswego/50.04.dimensional.txt#L1436,L1438",or/clackamas/lake-oswego/50.04.dimensional.txt
00378,agree,noted,or/clackamas/lake-oswego,R-W,setback_front_ft,0,0,feet,inferred,unknown,"10 ft (second column) | Table 50.04.001-13 (third column, which defers to another table) | 10 ft (fourth column)",Primary Dwelling (Attached) | Front | 0 | 10 | Table 50.04.001-13 | 10,"Row used: Primary Dwelling (Attached), the right row for a townhouse, but no column header is visible, so that R-W is the first (0 ft) column cannot be confirmed from the passage.","or/clackamas/lake-oswego/50.04.dimensional.txt#L1339,L1341",or/clackamas/lake-oswego/50.04.dimensional.txt
00379,agree,noted,or/clackamas/lake-oswego,R-W,setback_side_ft,0,0,feet,inferred,unknown,10 ft exterior wall / 0 ft attached wall (second column) | Table 50.04.001-13 (third column) | 10 ft (fourth column),Primary Dwelling (Attached) | Side | 0 | 10 (exterior wall); 0 (attached wall) | Table 50.04.001-13 | 10,"Row used: Primary Dwelling (Attached); no column header is visible, and the neighbouring column splits the side yard into exterior-wall and attached-wall cases, which the first column does not.","or/clackamas/lake-oswego/50.04.dimensional.txt#L1345,L1347",or/clackamas/lake-oswego/50.04.dimensional.txt
00380,agree,noted,or/clackamas/lake-oswego,R-W,setback_rear_ft,0,0,feet,inferred,unknown,10 ft (second column) | Table 50.04.001-13 (third column) | 10 ft (fourth column),Primary Dwelling (Attached) | Rear | 0 | 10 | Table 50.04.001-13 | 10,"Row used: Primary Dwelling (Attached); no column header is visible, so that R-W is the first (0 ft) column cannot be confirmed from the passage.","or/clackamas/lake-oswego/50.04.dimensional.txt#L1352,L1354",or/clackamas/lake-oswego/50.04.dimensional.txt
00381,agree,unclear+noted,or/clackamas/lake-oswego,R-W,setback_street_side_ft,0,0,feet,unclear,unknown,10 ft (second column) | Table 50.04.001-13 (third column) | 10 ft (fourth column),Side Adjacent to Street (ft.) | 0 | 10 | Table 50.04.001-13 | 10,"The marked row sits in the block whose labels carry '(ft.)', not the 'Primary Dwelling (Attached)' block at L1337-L1357 which prints only Front, Side and Rear and no street-side row, so the row is a different housing-type block; no column header is visible either.","or/clackamas/lake-oswego/50.04.dimensional.txt#L1319,L1321",or/clackamas/lake-oswego/50.04.dimensional.txt
00382,agree,noted,or/clackamas/lake-oswego,R-W,min_lot_sqft,7000,7000,square feet,inferred,unknown,"5,000 sq ft on the area row above (L1242-L1245) | 1,500 sq ft on the Townhouses (one per lot) row at L1254-L1258","Cottage Clusters and Quadplexes | Area (sq. ft.) | 7,000 | 7,000 | 7,000 | 7,000","No column header appears in the passage, but all four columns print 7,000 on the Quadplex area row, so the column choice does not change the figure.","or/clackamas/lake-oswego/50.04.dimensional.txt#L1246,L1250",or/clackamas/lake-oswego/50.04.dimensional.txt
00383,agree,noted,or/clackamas/lake-oswego,R-W,min_lot_sqft [unit_lots],1500,1500,square feet,inferred,unknown,"7,000 sq ft on the Cottage Clusters and Quadplexes row (L1246-L1250)","Townhouses (one per lot) | Area (sq. ft.) | 1,500 | 1,500 | 1,500 | 1,500","No column header appears in the passage; all four columns print 1,500 on the townhouse row.","or/clackamas/lake-oswego/50.04.dimensional.txt#L1254,L1258",or/clackamas/lake-oswego/50.04.dimensional.txt
00384,agree,noted,or/clackamas/lake-oswego,R-W,max_coverage_pct,100,100,percent,inferred,unknown,"50 (second column) | Table 50.04.001-12 (third column, which defers to another table) | 55 (fourth column)",MAX. LOT COVERAGE | Lot Coverage | 100 | 50 | Table 50.04.001-12 | 55,"No column header is visible, so that R-W is the first column cannot be confirmed from the passage, and a printed maximum of 100 is effectively no coverage limit at all - a figure worth confirming rather than assuming.","or/clackamas/lake-oswego/50.04.dimensional.txt#L1301,L1303",or/clackamas/lake-oswego/50.04.dimensional.txt
00385,agree,unclear+noted,or/clackamas/milwaukie,defaults,parking_min_per_unit,0.5,0.5,spaces per unit,unclear,True,"0.5 spaces per dwelling unit for townhouse developments of 8 or more townhouses (footnote 2, L293)","1  For middle housing developments located on streets classified as Arterials or Collectors in the Transportation System Plan, 0.5 off-street parking spaces per dwelling unit are required.","The only figure on the marked line is a footnote that applies solely to middle housing on Arterial or Collector streets; the passage shows only the 'Maximum Allowed' column of Table 19.605.1 and states no general minimum, so the unconditioned base is not in this passage.",or/clackamas/milwaukie/19.600.parking.txt#L292,or/clackamas/milwaukie/19.600.parking.txt
00386,agree,noted,or/clackamas/milwaukie,defaults,parking_max_per_unit,1,1,spaces per unit,clear,True,1 space per dwelling unit for Townhouses (row d) | 2 spaces per dwelling unit for Multi-Unit Dwellings (row A.2),Use | Maximum Allowed ... 3. Middle Housing[1] | c. Quadplexes | 1 space per dwelling unit,"Row used: A.3.c Quadplexes under Middle Housing, in the 'Maximum Allowed' column of Table 19.605.1.","or/clackamas/milwaukie/19.600.parking.txt#L245-L246,L253",or/clackamas/milwaukie/19.600.parking.txt
00387,agree,,or/clackamas/milwaukie,defaults,parking_stall_width_ft,9,9,feet,clear,True,,Off-street parking space dimensions for parking spaces are 9 ft wide x 18 ft deep.,,"or/clackamas/milwaukie/19.600.parking.txt#L919,L925",or/clackamas/milwaukie/19.600.parking.txt
00388,agree,,or/clackamas/milwaukie,defaults,parking_stall_depth_ft,18,18,feet,clear,True,,Off-street parking space dimensions for parking spaces are 9 ft wide x 18 ft deep.,,"or/clackamas/milwaukie/19.600.parking.txt#L919,L925",or/clackamas/milwaukie/19.600.parking.txt
00389,agree,unclear+noted,or/clackamas/milwaukie,defaults,parking_front_yard_max_pct,50,50,percent,unclear,True,30% of the required street side yard area (L979),Uncovered parking spaces and maneuvering areas cannot exceed 50% of the front yard area.,"The applicability sentence two lines above the figure says these standards do not apply to townhouses, which are sent to Subsection 19.505.5, so this 50% may not govern a 4-unit attached townhouse at all.","or/clackamas/milwaukie/19.600.parking.txt#L931,L975",or/clackamas/milwaukie/19.600.parking.txt
00390,agree,noted,or/clackamas/milwaukie,defaults,parking_maneuvering_max_width_ft [unit_lots],10,10,feet,inferred,True,12 ft maximum garage width (L2300) | 24 ft minimum spacing between shared accesses (L2304),b. Outdoor on-site parking and maneuvering areas do not exceed 10 ft wide on any lot.,"The 10 ft is one of four conditions under which front-facade garages, front-yard parking and driveways in front of a townhouse are allowed at all; a development that does not meet all of them must instead take access at the back or in the rear yard.",or/clackamas/milwaukie/19.500.supplementary.txt#L2288-L2330,or/clackamas/milwaukie/19.500.supplementary.txt
00391,agree,noted,or/clackamas/milwaukie,defaults,open_space_min_sqft,96.0,96,sq ft per dwelling unit,inferred,True,48 sq ft for each dwelling unit located more than 5 ft above finished grade (L1463) | a 5 ft minimum dimension stated alongside the 96 sq ft,"a. For each dwelling unit located on the ground floor, or within 5 ft of finished grade, a minimum of 96 sq ft of private open space, with a minimum dimension of 5 ft.","Applicability at L1379 limits Table 19.505.3.D to developments of 3 or more units on a single lot and exempts rowhouses on their own lots, so the figure holds for a fourplex on one lot but not for unit-lot townhouses, and only ground-floor units get 96 sq ft.","or/clackamas/milwaukie/19.500.supplementary.txt#L1379,L1458-L1462",or/clackamas/milwaukie/19.500.supplementary.txt
00392,agree,noted,or/clackamas/milwaukie,defaults,driveway_approach_min_width_ft,16,16,feet,inferred,True,twelve (12) feet on local or neighborhood streets,"Plex development, cottage cluster developments with up to four (4) units, or townhouse developments comprised of up to four (4) units, must have a minimum driveway apron width of twelve (12) feet on local or neighborhood streets and sixteen (16) feet on collector or arterial streets","The sentence states two minimums split by street classification, so with no condition given the figure had to be read as the collector/arterial case at 16 ft; 12 ft is the local/neighborhood case.",or/clackamas/milwaukie/12.16.access-management.txt#L260,or/clackamas/milwaukie/12.16.access-management.txt
00393,agree,,or/clackamas/milwaukie,defaults,driveway_approach_min_width_ft [local_street],12,12,feet,clear,True,sixteen (16) feet on collector or arterial streets,must have a minimum driveway apron width of twelve (12) feet on local or neighborhood streets and sixteen (16) feet on collector or arterial streets,,or/clackamas/milwaukie/12.16.access-management.txt#L260,or/clackamas/milwaukie/12.16.access-management.txt
00394,agree,,or/clackamas/milwaukie,defaults,driveway_approach_max_width_ft,20,20,feet,clear,True,twenty-four (24) feet for multi-unit or cottage cluster developments of five to eight units (L264),and a maximum driveway apron width of twenty (20) feet on all streets.,,or/clackamas/milwaukie/12.16.access-management.txt#L260,or/clackamas/milwaukie/12.16.access-management.txt
00395,agree,noted,or/clackamas/milwaukie,R-MD,setback_front_ft,20,20,feet,inferred,unknown,,a. Front yard | 20 | 20 | 20 | 20,"The marked line is the first of four lot-size-band columns rather than the last, and no header naming the zone or the bands is visible, but all four columns print 20 so the figure is unaffected.",or/clackamas/milwaukie/19.300.base-zones.txt#L184,or/clackamas/milwaukie/19.300.base-zones.txt
00396,agree,unclear+noted,or/clackamas/milwaukie,R-MD,setback_side_ft,5.0,5,feet,unclear,unknown,5/10 in the fourth (largest lot band) column,b. Side yard | 5 | 5 | 5 | 5/10,"The marked line is the first of four lot-size-band columns; the fourth column - which the encoder's own note calls the base band - prints '5/10', not 5, so the column taken changes the answer.",or/clackamas/milwaukie/19.300.base-zones.txt#L194,or/clackamas/milwaukie/19.300.base-zones.txt
00397,agree,noted,or/clackamas/milwaukie,R-MD,setback_side_ft [step-back],20.0,20,feet,inferred,unknown,"45 degrees, the slope of the plane above that height (L236-L237) | 35 ft maximum building height for primary structures (L223-L227)",3. Side yard height plane limit | a. Height above ground at minimum required side yard depth (ft) | 20 | 20 | 20 | 20,"This is the side-yard height plane, not a side setback distance: the wall may rise 20 ft above ground at the minimum side yard depth and must then lean back on a 45-degree plane; no column header is visible.","or/clackamas/milwaukie/19.300.base-zones.txt#L229,L231,L232,L236,L237",or/clackamas/milwaukie/19.300.base-zones.txt
00398,agree,noted,or/clackamas/milwaukie,R-MD,setback_rear_ft,20,20,feet,inferred,unknown,15 ft in the first (smallest lot band) column,d. Rear yard | 15 | 20 | 20 | 20,"The marked line is the second of four lot-size-band columns; the last three all print 20 and only the first prints 15, and no header naming the zone or the bands is visible.",or/clackamas/milwaukie/19.300.base-zones.txt#L215,or/clackamas/milwaukie/19.300.base-zones.txt
00399,agree,unclear+noted,or/clackamas/milwaukie,R-MD,setback_rear_ft [],15,15,feet,unclear,unknown,20 ft in each of the other three lot-size-band columns,d. Rear yard | 15 | 20 | 20 | 20,"This item carries no condition yet cites the first of four lot-size-band columns, where the other three print 20 - the same field and zone as item 00398, which cites the 20 - so one of the two is reading the wrong band.",or/clackamas/milwaukie/19.300.base-zones.txt#L214,or/clackamas/milwaukie/19.300.base-zones.txt
00400,agree,noted,or/clackamas/milwaukie,R-MD,setback_street_side_ft,20,20,feet,inferred,True,"5 ft (1,500-2,999 sq ft lot column) | 15 ft (3,000-4,999 sq ft lot column) | 15 ft (5,000-6,999 sq ft lot column)",c. Street side yard / 20,"Table 19.301.4 is flattened one cell per line; 20 is the fourth of the four lot-size columns (7,000 sq ft and up), so it applies only to lots of 7,000 sq ft or more.",or/clackamas/milwaukie/19.300.base-zones.txt#L207,or/clackamas/milwaukie/19.300.base-zones.txt
00401,agree,noted,or/clackamas/milwaukie,R-MD,setback_street_side_ft [],5,5,feet,inferred,True,"15 ft (3,000-4,999 sq ft lot column) | 15 ft (5,000-6,999 sq ft lot column) | 20 ft (7,000 and up lot column)",c. Street side yard / 5,"5 is the first of the four lot-size columns (1,500-2,999 sq ft), the townhouse-lot band.",or/clackamas/milwaukie/19.300.base-zones.txt#L204,or/clackamas/milwaukie/19.300.base-zones.txt
00402,agree,noted,or/clackamas/milwaukie,R-MD,setback_street_side_ft [],15,15,feet,inferred,True,"5 ft (1,500-2,999 sq ft lot column) | 15 ft (5,000-6,999 sq ft lot column) | 20 ft (7,000 and up lot column)",c. Street side yard / 15,"L205 is the second of the four lot-size columns (3,000-4,999 sq ft).",or/clackamas/milwaukie/19.300.base-zones.txt#L205,or/clackamas/milwaukie/19.300.base-zones.txt
00403,agree,noted,or/clackamas/milwaukie,R-MD,setback_street_side_ft [],15,15,feet,inferred,True,"5 ft (1,500-2,999 sq ft lot column) | 15 ft (3,000-4,999 sq ft lot column) | 20 ft (7,000 and up lot column)",c. Street side yard / 15,"L206 is the third of the four lot-size columns (5,000-6,999 sq ft).",or/clackamas/milwaukie/19.300.base-zones.txt#L206,or/clackamas/milwaukie/19.300.base-zones.txt
00404,agree,noted,or/clackamas/milwaukie,R-MD,min_lot_sqft,3000,3000,square feet (lower bound of a lot-size band),inferred,True,"5,000 (the 5,000-6,999 band also lists Quadplex) | 7,000 (the 7,000 and up band also lists Quadplex)","3,000–4,999","The cited line is a column header for a lot-size band, not a row labelled minimum lot area; Quadplex first appears as a permitted type under this band at L131 (Duplex, Triplex, Quadplex), which lies outside this item's passage.",or/clackamas/milwaukie/19.300.base-zones.txt#L120,or/clackamas/milwaukie/19.300.base-zones.txt
00405,agree,noted,or/clackamas/milwaukie,R-MD,min_lot_sqft [unit_lots],1500,1500,square feet (lower bound of a lot-size band),inferred,True,"3,000 (3,000-4,999 band: Duplex, Triplex, Quadplex -- the one-lot base figure)","1,500 – 2,999 ... A. Permitted Dwelling Type ... Townhouse[1]","Townhouse[1] is the first-column entry of the Permitted Dwelling Type row, so 1,500 is the band floor for a townhouse lot; footnote 1 (a townhouse is permitted on a corner lot up to 3,500 sq ft) is a ceiling for corner lots, not the minimum.",or/clackamas/milwaukie/19.300.base-zones.txt#L119-L130,or/clackamas/milwaukie/19.300.base-zones.txt
00406,agree,noted,or/clackamas/milwaukie,R-MD,min_lot_width_ft,60,60,feet,inferred,True,"20 ft (1,500-2,999 sq ft lot column) | 30 ft (3,000-4,999 sq ft lot column) | 50 ft (5,000-6,999 sq ft lot column)",1. Minimum lot width (ft) / 60,"60 is the fourth of the four lot-size columns (7,000 sq ft and up).",or/clackamas/milwaukie/19.300.base-zones.txt#L145,or/clackamas/milwaukie/19.300.base-zones.txt
00407,agree,noted,or/clackamas/milwaukie,R-MD,min_lot_width_ft [],20,20,feet,inferred,True,"30 ft (3,000-4,999 sq ft lot column) | 50 ft (5,000-6,999 sq ft lot column) | 60 ft (7,000 and up lot column)",1. Minimum lot width (ft) / 20,"20 is the first of the four lot-size columns (1,500-2,999 sq ft), the townhouse-lot band.",or/clackamas/milwaukie/19.300.base-zones.txt#L142,or/clackamas/milwaukie/19.300.base-zones.txt
00408,agree,noted,or/clackamas/milwaukie,R-MD,min_lot_width_ft [],30,30,feet,inferred,True,"20 ft (1,500-2,999 sq ft lot column) | 50 ft (5,000-6,999 sq ft lot column) | 60 ft (7,000 and up lot column)",1. Minimum lot width (ft) / 30,"30 is the second of the four lot-size columns (3,000-4,999 sq ft).",or/clackamas/milwaukie/19.300.base-zones.txt#L143,or/clackamas/milwaukie/19.300.base-zones.txt
00409,agree,noted,or/clackamas/milwaukie,R-MD,min_lot_width_ft [],50,50,feet,inferred,True,"20 ft (1,500-2,999 sq ft lot column) | 30 ft (3,000-4,999 sq ft lot column) | 60 ft (7,000 and up lot column)",1. Minimum lot width (ft) / 50,"50 is the third of the four lot-size columns (5,000-6,999 sq ft).",or/clackamas/milwaukie/19.300.base-zones.txt#L144,or/clackamas/milwaukie/19.300.base-zones.txt
00410,agree,noted,or/clackamas/milwaukie,R-MD,max_coverage_pct,30,30,percent,inferred,True,"45% (1,500-2,999 sq ft lot column) | 35% (3,000-4,999 sq ft lot column) | 35% (5,000-6,999 sq ft lot column)",4. Maximum lot coverage (percent of total lot area) / 30%,"30% is the fourth of the four lot-size columns (7,000 sq ft and up); the row cross-references Subsection 19.301.5.B Lot Coverage, which may modify the figure for specific uses and lot sizes.",or/clackamas/milwaukie/19.300.base-zones.txt#L245,or/clackamas/milwaukie/19.300.base-zones.txt
00411,agree,noted,or/clackamas/milwaukie,R-MD,max_coverage_pct [],45,45,percent,inferred,True,"35% (3,000-4,999 sq ft lot column) | 35% (5,000-6,999 sq ft lot column) | 30% (7,000 and up lot column)",4. Maximum lot coverage (percent of total lot area) / 45%,"45% is the first of the four lot-size columns (1,500-2,999 sq ft); Subsection 19.301.5.B Lot Coverage is cross-referenced and may modify it.",or/clackamas/milwaukie/19.300.base-zones.txt#L242,or/clackamas/milwaukie/19.300.base-zones.txt
00412,agree,noted,or/clackamas/milwaukie,R-MD,max_coverage_pct [],35,35,percent,inferred,True,"45% (1,500-2,999 sq ft lot column) | 35% (5,000-6,999 sq ft lot column) | 30% (7,000 and up lot column)",4. Maximum lot coverage (percent of total lot area) / 35%,"L243 is the second of the four lot-size columns (3,000-4,999 sq ft); Subsection 19.301.5.B Lot Coverage is cross-referenced and may modify it.",or/clackamas/milwaukie/19.300.base-zones.txt#L243,or/clackamas/milwaukie/19.300.base-zones.txt
00413,agree,noted,or/clackamas/milwaukie,R-MD,max_coverage_pct [],35,35,percent,inferred,True,"45% (1,500-2,999 sq ft lot column) | 35% (3,000-4,999 sq ft lot column) | 30% (7,000 and up lot column)",4. Maximum lot coverage (percent of total lot area) / 35%,"L244 is the third of the four lot-size columns (5,000-6,999 sq ft); Subsection 19.301.5.B Lot Coverage is cross-referenced and may modify it.",or/clackamas/milwaukie/19.300.base-zones.txt#L244,or/clackamas/milwaukie/19.300.base-zones.txt
00414,agree,,or/clackamas/milwaukie,R-MD,max_height_ft,35,35,feet,clear,True,,2. Maximum building height for primary structures / 35 ft,,or/clackamas/milwaukie/19.300.base-zones.txt#L224,or/clackamas/milwaukie/19.300.base-zones.txt
00415,agree,noted,or/clackamas/milwaukie,R-MD,max_density_du_per_acre [unit_lots],25,25,units per acre (lesser of this and 4x the single-detached maximum),inferred,True,"4 times the maximum density allowed for single detached dwellings in the same zone, if that is less than 25","Townhouses are allowed at 4 times the maximum density allowed for single detached dwellings in the same zone or 25 dwelling units per acre, whichever is less.","The governing figure is the lesser of 25 du/acre and 4x the single-detached maximum, which this passage does not state; the same footnote exempts duplexes, triplexes and quadplexes from density maximums, so the one-lot case has no cap.",or/clackamas/milwaukie/19.300.base-zones.txt#L283,or/clackamas/milwaukie/19.300.base-zones.txt
00416,agree,noted,or/clackamas/milwaukie,R-HD,setback_front_ft,20,20,feet,clear,True,5 ft for properties identified in Figure 19.302.4 (L514),Front yard  20,A mapped subset (Figure 19.302.4) has a 5 ft front yard; 20 is the table's general figure.,or/clackamas/milwaukie/19.300.base-zones.txt#L495,or/clackamas/milwaukie/19.300.base-zones.txt
00417,agree,noted,or/clackamas/milwaukie,R-HD,setback_side_ft,5.0,5,feet,clear,True,0 ft on a townhouse common wall (L530),The side yard for development other than a townhouse shall be at least 5 ft. ... zero ft for the common wall and 5 ft for the opposite side yard.,"Both cited lines give 5 ft for the exterior side: non-townhouse development is 5 ft, and an exterior townhouse is 0 ft on the common wall and 5 ft on the opposite side; interior townhouses sharing two walls have no side yard.","or/clackamas/milwaukie/19.300.base-zones.txt#L526,L530",or/clackamas/milwaukie/19.300.base-zones.txt
00418,agree,noted,or/clackamas/milwaukie,R-HD,setback_side_ft [step-back],25.0,25,feet (height above ground at the minimum side yard where a 45-degree plane begins),clear,True,"45 (slope of plane, degrees)",Side yard height plane limit / Height above ground at minimum required side yard depth (ft)  25 / Slope of plane (degrees)  45,"This is a side-yard height plane starting 25 ft above ground at the required side yard and rising at 45 degrees, not a fixed-storey step-back.",or/clackamas/milwaukie/19.300.base-zones.txt#L500-L502,or/clackamas/milwaukie/19.300.base-zones.txt
00419,agree,,or/clackamas/milwaukie,R-HD,setback_rear_ft,15,15,feet,clear,True,,Rear yard  15,,or/clackamas/milwaukie/19.300.base-zones.txt#L498,or/clackamas/milwaukie/19.300.base-zones.txt
00420,agree,noted,or/clackamas/milwaukie,R-HD,setback_street_side_ft,15,15,feet,clear,True,"5 ft for townhouses (footnote 4, L512)",Street side yard  15[4],Footnote 4 sets 5 ft for townhouses; 15 is the general figure.,or/clackamas/milwaukie/19.300.base-zones.txt#L497,or/clackamas/milwaukie/19.300.base-zones.txt
00421,agree,,or/clackamas/milwaukie,R-HD,setback_street_side_ft [unit_lots],5,5,feet,clear,True,"15 ft (table row Street side yard, the non-townhouse base)",4  The street side yard setback for townhouses is 5 ft.,,or/clackamas/milwaukie/19.300.base-zones.txt#L512,or/clackamas/milwaukie/19.300.base-zones.txt
00422,agree,noted,or/clackamas/milwaukie,R-HD,min_lot_sqft,3000,3000,square feet (lower bound of a lot-size band),inferred,True,"1,500 (Table 19.302.4 Minimum lot size row, L485) | 5,000 (All other uses, L480)","Between 3,000 to 4,999 sq ft: Duplex, Triplex, and Quadplex.","Stated as the lot-size band in which a quadplex is permitted, not as a row labelled minimum lot size; the table's own Minimum lot size row prints 1,500, which is the townhouse floor.",or/clackamas/milwaukie/19.300.base-zones.txt#L476,or/clackamas/milwaukie/19.300.base-zones.txt
00423,agree,noted,or/clackamas/milwaukie,R-HD,min_lot_sqft [unit_lots],1500,1500,square feet (lower bound of a lot-size band),inferred,True,"3,000 (Duplex, Triplex, and Quadplex band -- the one-lot base figure)","Between 1,500 to 2,999 sq ft: Townhouse; a townhouse is permitted on a corner lot up to 3,500 sq ft in area.","The 3,500 sq ft corner-lot figure is a ceiling on townhouse lot size, not the minimum; Table 19.302.4 L485 also prints 1,500 as minimum lot size.",or/clackamas/milwaukie/19.300.base-zones.txt#L475,or/clackamas/milwaukie/19.300.base-zones.txt
00424,agree,,or/clackamas/milwaukie,R-HD,min_lot_width_ft,20,20,feet,clear,True,,Minimum lot width (ft)  20,,or/clackamas/milwaukie/19.300.base-zones.txt#L486,or/clackamas/milwaukie/19.300.base-zones.txt
00425,agree,,or/clackamas/milwaukie,R-HD,max_height_ft,45,45,feet,clear,True,,Maximum building height for primary structures  45 ft,,or/clackamas/milwaukie/19.300.base-zones.txt#L499,or/clackamas/milwaukie/19.300.base-zones.txt
00426,agree,noted,or/clackamas/milwaukie,R-HD,max_coverage_pct,50,50,percent,clear,True,,Maximum lot coverage (percent of total lot area)  50%,"Subsection 19.302.5.B modifies lot coverage for specific uses and lot sizes with additive reductions and increases (L536), so 50 is the unmodified table figure.",or/clackamas/milwaukie/19.300.base-zones.txt#L503,or/clackamas/milwaukie/19.300.base-zones.txt
00427,agree,noted,or/clackamas/milwaukie,R-HD,max_density_du_per_acre [unit_lots],25,25,units per acre (lesser of this and 4x the single-detached maximum),inferred,True,"32.0 (Table 19.302.4 Maximum[2,3] row, L507) | 4 times the single-detached maximum density in the zone, if less than 25","2  Townhouses are allowed at 4 times the maximum density allowed for single detached dwellings in the same zone or 25 dwelling units per acre, whichever is less.","The governing figure is the lesser of 25 and 4x the single-detached maximum; the table's own Maximum row prints 32.0, and quadplexes on one lot are exempt from density maximums.",or/clackamas/milwaukie/19.300.base-zones.txt#L510,or/clackamas/milwaukie/19.300.base-zones.txt
00428,agree,noted,or/clackamas/oregon-city,defaults,parking_stall_width_ft,9,9,feet,inferred,True,"8 ft (Compact stall at 90 degrees; up to 35 percent of required parking may be compact) | 8.5 ft (Standard stall at 45 degrees, and the 0-degree row)",90 d e g ree s S tanda r d 9 ' 19. o' 24 ' 9 ' 1. 5,"OCR-garbled table; column B Stall Width for the 90-degree Standard row reads 9 ft, and the same 9 ft appears in the 30- and 60-degree Standard rows.",or/clackamas/oregon-city/17.zoning.txt#L15070-L15131,or/clackamas/oregon-city/17.zoning.txt
00429,agree,noted,or/clackamas/oregon-city,defaults,parking_stall_depth_ft,19,19,feet,inferred,True,"16 ft (Compact stall at 90 degrees) | 1.5 ft overhang printed separately in column F, not subtracted",90 d e g ree s S tanda r d 9 ' 19. o' 24 ' 9 ' 1. 5,"Column C Stall to Curb at 90 degrees Standard prints '19. o'', read as 19.0 ft; the Overhang column F shows 1.5 ft separately.",or/clackamas/oregon-city/17.zoning.txt#L15070-L15131,or/clackamas/oregon-city/17.zoning.txt
00430,agree,unclear+noted,or/clackamas/oregon-city,defaults,parking_aisle_one_way_ft,24,24,feet,unclear,True,"22 ft (Aisle Width for Compact stalls at 90 degrees) | 12 ft (Aisle Width at 0 degrees / parallel) | 11 ft (30 degrees), 13 ft (45 degrees), 18 ft (60 degrees)",90 d e g ree s S tanda r d 9 ' 19. o' 24 ' 9 ' 1. 5,"The table prints a single Aisle Width column per angle with no one-way/two-way distinction, so 24 ft at 90 degrees is the only figure available for a one-way aisle as well.",or/clackamas/oregon-city/17.zoning.txt#L15070-L15131,or/clackamas/oregon-city/17.zoning.txt
00431,agree,noted,or/clackamas/oregon-city,defaults,parking_aisle_two_way_ft,24,24,feet,inferred,True,22 ft (Aisle Width for Compact stalls at 90 degrees),90 d e g ree s S tanda r d 9 ' 19. o' 24 ' 9 ' 1. 5,Single Aisle Width column with no direction distinction; 24 ft is the 90-degree Standard row.,or/clackamas/oregon-city/17.zoning.txt#L15070-L15131,or/clackamas/oregon-city/17.zoning.txt
00432,agree,noted,or/clackamas/oregon-city,defaults,driveway_approach_min_width_ft,10,10,feet,clear,True,"10 feet (Townhouses row) | 18 feet minimum where the driveway is shared by middle housing structures (note 1, L1109-L1110)","Triplexes, quadplexes and cot - 10 feet 36 feet / tage clusters","Row used: Triplexes, quadplexes and cottage clusters; note 1 raises the minimum to eighteen feet for shared driveways serving middle housing structures.",or/clackamas/oregon-city/16.12.streets.txt#L1092-L1104,or/clackamas/oregon-city/16.12.streets.txt
00433,agree,noted,or/clackamas/oregon-city,defaults,driveway_approach_max_width_ft,36,36,feet,clear,True,24 feet (Townhouses row) | 36 feet maximum for shared middle housing driveways (note 1),"Triplexes, quadplexes and cot - 10 feet 36 feet / tage clusters","Row used: Triplexes, quadplexes and cottage clusters; the Townhouses row prints 24 feet.",or/clackamas/oregon-city/16.12.streets.txt#L1092-L1104,or/clackamas/oregon-city/16.12.streets.txt
00434,agree,noted,or/clackamas/oregon-city,defaults,driveway_approach_max_width_ft [unit_lots],24,24,feet,clear,True,"36 feet (Triplexes, quadplexes and cottage clusters row -- the one-lot base figure) | 36 feet maximum for shared middle housing driveways (note 1)",Townhouses 10 feet 24 feet,Row used: Townhouses (unit lots).,or/clackamas/oregon-city/16.12.streets.txt#L1092-L1104,or/clackamas/oregon-city/16.12.streets.txt
00435,agree,noted,or/clackamas/oregon-city,defaults,parking_area_max_width_ft,40,40,feet,clear,True,"fifty percent of the lot frontage, whichever is less","Outdoor on-site parking and maneuvering areas shall not exceed a total of forty feet wide or fifty percent of the lot frontage, whichever is less",Binds only when it is less than 50 percent of the lot frontage; 'forty' is spelled out.,or/clackamas/oregon-city/17.zoning.txt#L5417-L5432,or/clackamas/oregon-city/17.zoning.txt
00436,agree,,or/clackamas/oregon-city,defaults,parking_area_max_frontage_pct,50,50,percent,clear,True,"forty feet, whichever is less","shall not exceed a total of forty feet wide or fifty percent of the lot frontage, whichever is less",,or/clackamas/oregon-city/17.zoning.txt#L5417-L5432,or/clackamas/oregon-city/17.zoning.txt
00437,agree,noted,or/clackamas/oregon-city,defaults,parking_maneuvering_max_width_ft [unit_lots],12,12,feet,clear,True,"forty feet or fifty percent of lot frontage, whichever is less (17.16.030.D, the one-lot residential case)",2. Outdoor on-site parking and maneuvering areas shall not exceed twelve feet wide on any lot.,Applies under 17.16.040.A where townhouses front a public street with garages or parking in front; 17.16.040.B offers a rear-access alternative without this cap; 'twelve' is spelled out.,or/clackamas/oregon-city/17.zoning.txt#L5323-L5345,or/clackamas/oregon-city/17.zoning.txt
00438,agree,noted,or/clackamas/oregon-city,R-10,setback_front_ft,20,20,feet,inferred,unknown,15 feet with a porch (first-column exception) | 15 feet (second column) | 10 feet (third column) | 10 feet (Except cottage cluster row),"Mi nimum front yard 20 feet, except 15 feet , except 10 feet , except / setback: All 15 feet - - Porch 1 0 feet - - Porch 5 feet - - Porch","The header row naming the three columns is not in the passage; 20 ft is the first column, which the descending lot width/depth (65/80 ft) and the chapter number 17.08 suggest is R-10, but the page shown does not confirm it.",or/clackamas/oregon-city/17.zoning.txt#L4138,or/clackamas/oregon-city/17.zoning.txt
00439,agree,noted,or/clackamas/oregon-city,R-10,setback_side_ft,8,8,feet,inferred,unknown,7 feet (second column) | 5 feet (third column) | 0 feet (attached)/8 feet (side) for the Except townhouse row,Minimum interior side / yard setback: All 8 feet 7 feet 5 feet,"Row used is All (one-lot quadplex); the Except townhouse row gives 0 ft on the attached wall and 8 ft on the exterior side; the column header naming R-10 is not visible in the passage, so 8 is the first column by position.",or/clackamas/oregon-city/17.zoning.txt#L4143,or/clackamas/oregon-city/17.zoning.txt
00440,agree,noted,or/clackamas/oregon-city,R-10,setback_rear_ft,20,20,feet,inferred,True,15 ft for a porch | 10 ft for an ADU or cottage cluster,"20 feet , exce pt 20 feet, except 20 feet , except | 15 feet - - Porch | Minimum rea r yard 10 feet - - ADU , | setback cottage cluster","The marked line carries no row label; it is the first line of the 'Minimum rear yard setback' cell whose label prints two lines lower (L4151-52), the same 20 / 15 porch / 10 ADU pattern the R-5 table prints on one line, while the corner side yard directly above is 10 ft.",or/clackamas/oregon-city/17.zoning.txt#L4149,or/clackamas/oregon-city/17.zoning.txt
00441,agree,,or/clackamas/oregon-city,R-10,setback_street_side_ft,10,10,feet,clear,True,,Minimum corner side | yard setback 10 feet 10 feet 10 feet,,or/clackamas/oregon-city/17.zoning.txt#L4148,or/clackamas/oregon-city/17.zoning.txt
00442,agree,noted,or/clackamas/oregon-city,R-10,min_lot_sqft,10000,10000,square feet,clear,True,"1,500 sq ft per townhouse lot","Quad pl ex a nd co t tage 1 0 , 000 squ are 8 , 000 squ are 7 , 000 s qu are | cl uster f eet","Row 'Quadplex and cottage cluster', R-10 column; the 'Minimum lot size' heading carries footnote marker 1 whose text is not in the passage.",or/clackamas/oregon-city/17.zoning.txt#L4118,or/clackamas/oregon-city/17.zoning.txt
00443,agree,noted,or/clackamas/oregon-city,R-10,min_lot_sqft [unit_lots],1500,1500,square feet,clear,True,"10,000 sq ft for a quadplex on one lot","1, 500 s quare 1, 500 square 1, 500 square | Townho u se f eet feet feet","Row 'Townhouse' (per unit lot), same in all three columns; footnote 1 on 'Minimum lot size' is not in the passage.",or/clackamas/oregon-city/17.zoning.txt#L4120-L4121,or/clackamas/oregon-city/17.zoning.txt
00444,agree,,or/clackamas/oregon-city,R-10,min_lot_width_ft,65,65,feet,clear,True,20 ft except townhouse,Minimum lot width: | All 65 feet 60 feet 50 feet,,or/clackamas/oregon-city/17.zoning.txt#L4133,or/clackamas/oregon-city/17.zoning.txt
00445,agree,,or/clackamas/oregon-city,R-10,max_coverage_pct,40,40,percent,clear,True,45% with an ADU,"Maximum bu ildi n g lot | coverage 4 0% I 40% , 4 0% , | With ADU except 45% exce p t 45% e x cept 45%",,or/clackamas/oregon-city/17.zoning.txt#L4126,or/clackamas/oregon-city/17.zoning.txt
00446,agree,,or/clackamas/oregon-city,R-10,max_height_ft,35,35,feet,clear,True,25 ft for a cottage cluster unit,Maxim um h eight: All 35 feet 35 fee t 35 fee t,,or/clackamas/oregon-city/17.zoning.txt#L4122,or/clackamas/oregon-city/17.zoning.txt
00447,agree,noted,or/clackamas/oregon-city,R-10,min_density_du_per_acre,3.5,3.5,dwelling units per net acre,clear,True,4 du/acre except cottage clusters,Standard R-10 R-8 R-6 | Minimum net density: All 3.5 du / acre 4.4 du / acre 5.8 du /a cre,Stated as NET density; accessory dwelling units do not count toward it (17.08.050.B.1).,or/clackamas/oregon-city/17.zoning.txt#L4184-L4186,or/clackamas/oregon-city/17.zoning.txt
00448,unread,unclear+noted,or/clackamas/oregon-city,R-10,setback_garage_entrance_ft,20,,,unclear,unknown,"20 ft no parking or vehicle area from street property line, cottage clusters only (L5703)",Garages and carports must not abut common courtyards. Garage doors for individual garages must not exceed 20 feet in width.,"The marked lines state a cottage-cluster garage-door WIDTH maximum (20 ft), not a garage entrance setback, and section 17.16.070 is cottage clusters with no zone named.",or/clackamas/oregon-city/17.zoning.txt#L5706-L5707,or/clackamas/oregon-city/17.zoning.txt
00449,agree,,or/clackamas/oregon-city,R-8,setback_front_ft,15,15,feet,clear,True,10 ft for a porch | 10 ft for a cottage cluster,"Mi nimum front yard 20 feet, except 15 feet , except 10 feet , except | setback: All 15 feet - - Porch 1 0 feet - - Porch 5 feet - - Porch",,or/clackamas/oregon-city/17.zoning.txt#L4138,or/clackamas/oregon-city/17.zoning.txt
00450,agree,,or/clackamas/oregon-city,R-8,setback_side_ft,7,7,feet,clear,True,0 ft on the attached side / 7 ft on the end side for townhouses,Minimum interior side | yard setback: All 8 feet 7 feet 5 feet,,or/clackamas/oregon-city/17.zoning.txt#L4143,or/clackamas/oregon-city/17.zoning.txt
00451,agree,noted,or/clackamas/oregon-city,R-8,setback_rear_ft,20,20,feet,inferred,True,15 ft for a porch | 10 ft for an ADU or cottage cluster,"20 feet , exce pt 20 feet, except 20 feet , except | 15 feet - - Porch | Minimum rea r yard 10 feet - - ADU, | setback cottage cluster","The marked line carries no row label; it is the first line of the 'Minimum rear yard setback' cell whose label prints two lines lower (L4151-52), the same 20 / 15 porch / 10 ADU pattern the R-5 table prints on one line, while the corner side yard directly above is 10 ft.",or/clackamas/oregon-city/17.zoning.txt#L4149,or/clackamas/oregon-city/17.zoning.txt
00452,agree,,or/clackamas/oregon-city,R-8,setback_street_side_ft,10,10,feet,clear,True,,Minimum corner side | yard setback 10 feet 10 feet 10 feet,,or/clackamas/oregon-city/17.zoning.txt#L4148,or/clackamas/oregon-city/17.zoning.txt
00453,agree,noted,or/clackamas/oregon-city,R-8,min_lot_sqft,8000,8000,square feet,clear,True,"1,500 sq ft per townhouse lot","Quad pl ex a nd co t tage 1 0 , 000 squ are 8 , 000 squ are 7 , 000 s qu are | cl uster f eet","Row 'Quadplex and cottage cluster', R-8 (middle) column; the 'Minimum lot size' heading carries footnote marker 1 whose text is not in the passage.",or/clackamas/oregon-city/17.zoning.txt#L4118,or/clackamas/oregon-city/17.zoning.txt
00454,agree,noted,or/clackamas/oregon-city,R-8,min_lot_sqft [unit_lots],1500,1500,square feet,clear,True,"8,000 sq ft for a quadplex on one lot","1, 500 s quare 1, 500 square 1, 500 square | Townho u se f eet feet feet","Row 'Townhouse' (per unit lot), same in all three columns; footnote 1 on 'Minimum lot size' is not in the passage.",or/clackamas/oregon-city/17.zoning.txt#L4120-L4121,or/clackamas/oregon-city/17.zoning.txt
00455,agree,,or/clackamas/oregon-city,R-8,min_lot_width_ft,60,60,feet,clear,True,20 ft except townhouse,Minimum lot width: | All 65 feet 60 feet 50 feet,,or/clackamas/oregon-city/17.zoning.txt#L4133,or/clackamas/oregon-city/17.zoning.txt
00456,agree,,or/clackamas/oregon-city,R-8,max_coverage_pct,40,40,percent,clear,True,45% with an ADU,"Maximum bu ildi n g lot | coverage 4 0% I 40% , 4 0% , | With ADU except 45% exce p t 45% e x cept 45%",,or/clackamas/oregon-city/17.zoning.txt#L4126,or/clackamas/oregon-city/17.zoning.txt
00457,agree,,or/clackamas/oregon-city,R-8,max_height_ft,35,35,feet,clear,True,25 ft for a cottage cluster unit,Maxim um h eight: All 35 feet 35 fee t 35 fee t,,or/clackamas/oregon-city/17.zoning.txt#L4122,or/clackamas/oregon-city/17.zoning.txt
00458,agree,noted,or/clackamas/oregon-city,R-8,min_density_du_per_acre,4.4,4.4,dwelling units per net acre,clear,True,,Standard R-10 R-8 R-6 | Minimum net density: All 3.5 du / acre 4.4 du / acre 5.8 du /a cre,Stated as NET density; accessory dwelling units do not count toward it (17.08.050.B.1).,or/clackamas/oregon-city/17.zoning.txt#L4184-L4186,or/clackamas/oregon-city/17.zoning.txt
00459,unread,unclear+noted,or/clackamas/oregon-city,R-8,setback_garage_entrance_ft,20,,,unclear,unknown,"20 ft no parking or vehicle area from street property line, cottage clusters only (L5703)",Garages and carports must not abut common courtyards. Garage doors for individual garages must not exceed 20 feet in width.,"The marked lines state a cottage-cluster garage-door WIDTH maximum (20 ft), not a garage entrance setback, and section 17.16.070 is cottage clusters with no zone named.",or/clackamas/oregon-city/17.zoning.txt#L5706-L5707,or/clackamas/oregon-city/17.zoning.txt
00460,agree,,or/clackamas/oregon-city,R-6,setback_front_ft,10,10,feet,clear,True,5 ft for a porch | 10 ft for a cottage cluster,"Mi nimum front yard 20 feet, except 15 feet , except 10 feet , except | setback: All 15 feet - - Porch 1 0 feet - - Porch 5 feet - - Porch",,or/clackamas/oregon-city/17.zoning.txt#L4138,or/clackamas/oregon-city/17.zoning.txt
00461,agree,,or/clackamas/oregon-city,R-6,setback_side_ft,5,5,feet,clear,True,0 ft on the attached side / 5 ft on the end side for townhouses,Minimum interior side | yard setback: All 8 feet 7 feet 5 feet,,or/clackamas/oregon-city/17.zoning.txt#L4143,or/clackamas/oregon-city/17.zoning.txt
00462,agree,noted,or/clackamas/oregon-city,R-6,setback_rear_ft,20,20,feet,inferred,True,15 ft for a porch | 10 ft for an ADU or cottage cluster,"20 feet , exce pt 20 feet, except 20 feet , except | 15 feet - - Porc h | Minimum rea r yard 10 feet - - ADU , | setback cottage cluster","The marked line carries no row label; it is the first line of the 'Minimum rear yard setback' cell whose label prints two lines lower (L4151-52), the same 20 / 15 porch / 10 ADU pattern the R-5 table prints on one line, while the corner side yard directly above is 10 ft.",or/clackamas/oregon-city/17.zoning.txt#L4149,or/clackamas/oregon-city/17.zoning.txt
00463,agree,,or/clackamas/oregon-city,R-6,setback_street_side_ft,10,10,feet,clear,True,,Minimum corner side | yard setback 10 feet 10 feet 10 feet,,or/clackamas/oregon-city/17.zoning.txt#L4148,or/clackamas/oregon-city/17.zoning.txt
00464,agree,noted,or/clackamas/oregon-city,R-6,min_lot_sqft,7000,7000,square feet,clear,True,"6,000 sq ft in the single-family detached, duplex and triplex row | 1,500 sq ft per townhouse lot","Quad pl ex a nd co t tage 1 0 , 000 squ are 8 , 000 squ are 7 , 000 s qu are | cl uster f eet","Row 'Quadplex and cottage cluster', R-6 column, is 7,000, larger than the 6,000 in the detached/duplex/triplex row; the 'Minimum lot size' heading carries footnote marker 1 whose text is not in the passage.",or/clackamas/oregon-city/17.zoning.txt#L4118,or/clackamas/oregon-city/17.zoning.txt
00465,agree,noted,or/clackamas/oregon-city,R-6,min_lot_sqft [unit_lots],1500,1500,square feet,clear,True,"7,000 sq ft for a quadplex on one lot","1, 500 s quare 1, 500 square 1, 500 square | Townho u se f eet feet feet","Row 'Townhouse' (per unit lot), same in all three columns; footnote 1 on 'Minimum lot size' is not in the passage.",or/clackamas/oregon-city/17.zoning.txt#L4120-L4121,or/clackamas/oregon-city/17.zoning.txt
00466,agree,,or/clackamas/oregon-city,R-6,min_lot_width_ft,50,50,feet,clear,True,20 ft except townhouse,Minimum lot width: | All 65 feet 60 feet 50 feet,,or/clackamas/oregon-city/17.zoning.txt#L4133,or/clackamas/oregon-city/17.zoning.txt
00467,agree,,or/clackamas/oregon-city,R-6,max_coverage_pct,40,40,percent,clear,True,45% with an ADU,"Maximum bu ildi n g lot | coverage 4 0% I 40% , 4 0% , | With ADU except 45% exce p t 45% e x cept 45%",,or/clackamas/oregon-city/17.zoning.txt#L4126,or/clackamas/oregon-city/17.zoning.txt
00468,agree,,or/clackamas/oregon-city,R-6,max_height_ft,35,35,feet,clear,True,25 ft for a cottage cluster unit,Maxim um h eight: All 35 feet 35 fee t 35 fee t,,or/clackamas/oregon-city/17.zoning.txt#L4122,or/clackamas/oregon-city/17.zoning.txt
00469,agree,noted,or/clackamas/oregon-city,R-6,min_density_du_per_acre,5.8,5.8,dwelling units per net acre,clear,True,,Standard R-10 R-8 R-6 | Minimum net density: All 3.5 du / acre 4.4 du / acre 5.8 du /a cre,Stated as NET density; accessory dwelling units do not count toward it (17.08.050.B.1).,or/clackamas/oregon-city/17.zoning.txt#L4184-L4186,or/clackamas/oregon-city/17.zoning.txt
00470,unread,unclear+noted,or/clackamas/oregon-city,R-6,setback_garage_entrance_ft,20,,,unclear,unknown,"20 ft no parking or vehicle area from street property line, cottage clusters only (L5703)",Garages and carports must not abut common courtyards. Garage doors for individual garages must not exceed 20 feet in width.,"The marked lines state a cottage-cluster garage-door WIDTH maximum (20 ft), not a garage entrance setback, and section 17.16.070 is cottage clusters with no zone named.",or/clackamas/oregon-city/17.zoning.txt#L5706-L5707,or/clackamas/oregon-city/17.zoning.txt
00471,agree,,or/clackamas/oregon-city,R-5,setback_front_ft,10,10,feet,clear,True,5 ft for a porch,"Minimum front yard setback 10 feet, except 5 feet, except | 5 feet - - Porch 0 feet - - Porch",,or/clackamas/oregon-city/17.zoning.txt#L4331,or/clackamas/oregon-city/17.zoning.txt
00472,agree,,or/clackamas/oregon-city,R-5,setback_side_ft,5,5,feet,clear,True,0 ft on the attached side / 5 ft on the end side for townhouses,"Minimum interior side yard 5 feet, except 5 feet, except | setback | All, except 0 feet (attached)/5 | feet (side) | Townhouse",,or/clackamas/oregon-city/17.zoning.txt#L4333,or/clackamas/oregon-city/17.zoning.txt
00473,agree,,or/clackamas/oregon-city,R-5,setback_rear_ft,20,20,feet,clear,True,15 ft for a porch | 10 ft for an ADU or cottage cluster,"Minimum rear yard setback 20 feet, except 20 feet, except | 15 feet - - Porch 15 feet - - Porch | 10 feet -- ADU, cot- 10 feet - Cottage | tage cluster cluster",,or/clackamas/oregon-city/17.zoning.txt#L4340,or/clackamas/oregon-city/17.zoning.txt
00474,agree,,or/clackamas/oregon-city,R-5,setback_street_side_ft,7,7,feet,clear,True,,Minimum corner side yard set- 7 feet 7 feet | back,,or/clackamas/oregon-city/17.zoning.txt#L4338,or/clackamas/oregon-city/17.zoning.txt
00475,agree,noted,or/clackamas/oregon-city,R-5,min_lot_sqft,7000,7000,square feet,clear,True,"5,000 sq ft in the single-family detached/duplex and triplex rows | 1,500 sq ft per townhouse lot","Standard R-5 R-3.5 | Quadplex and cottage cluster 7,000 square feet 7,000 square feet","Row 'Quadplex and cottage cluster', R-5 column; the 'Minimum lot size' heading carries footnote marker 1 whose text is not in the passage.",or/clackamas/oregon-city/17.zoning.txt#L4313,or/clackamas/oregon-city/17.zoning.txt
00476,agree,noted,or/clackamas/oregon-city,R-5,min_lot_sqft [unit_lots],1500,1500,square feet,clear,True,"7,000 sq ft for a quadplex on one lot","St anda r d R-5 R-3.5 | Townhouse 1,500 square feet 1,500 square feet","Row 'Townhouse' (per unit lot), same in both columns; footnote 1 on 'Minimum lot size' is not in the passage.",or/clackamas/oregon-city/17.zoning.txt#L4317,or/clackamas/oregon-city/17.zoning.txt
00477,agree,,or/clackamas/oregon-city,R-5,min_lot_width_ft,35,35,feet,clear,True,20 ft for townhouse lots,"Minimum lot width | All, except 35 feet, except 25 feet, except | Townhouse 20 feet 20 feet",,or/clackamas/oregon-city/17.zoning.txt#L4328,or/clackamas/oregon-city/17.zoning.txt
00478,agree,noted,or/clackamas/oregon-city,R-5,min_lot_width_ft [unit_lots],20,20,feet,clear,True,35 ft for all except townhouse,"Minimum lot width | All, except 35 feet, except 25 feet, except | Townhouse 20 feet 20 feet","Row 'Townhouse' (per unit lot), same in both columns.",or/clackamas/oregon-city/17.zoning.txt#L4329,or/clackamas/oregon-city/17.zoning.txt
00479,agree,noted,or/clackamas/oregon-city,R-5,max_coverage_pct,70,70,percent,clear,True,50% in the single-family detached and duplex row | 60% with an ADU,"Maximum building lot coverage | Single-family detached and du- 50% 55% | plex | With ADU '\ 60% 65% | Triplex, quadplex and town- 70% 80% | house","This table splits coverage by housing type: the 'Triplex, quadplex and townhouse' row gives 70% in the R-5 column, while 50% is the single-family detached/duplex row, so a quadplex at 50% would be the wrong row.",or/clackamas/oregon-city/17.zoning.txt#L4324,or/clackamas/oregon-city/17.zoning.txt
00480,agree,,or/clackamas/oregon-city,R-5,max_height_ft,35,35,feet,clear,True,25 ft for a cottage cluster unit,Standard R-5 R-3.5 / Maximum height: All 35 feet 35 feet,,or/clackamas/oregon-city/17.zoning.txt#L4318,or/clackamas/oregon-city/17.zoning.txt
00481,agree,noted,or/clackamas/oregon-city,R-5,min_density_du_per_acre,7.0,7.0,units per acre (net),clear,True,,Standard R-5 R-3.5 / Minimum net density 7 . 0 du / acre 10 du/acre,Stated as NET density; 17.10.050.B.1 says accessory dwelling units do not count toward the minimum.,or/clackamas/oregon-city/17.zoning.txt#L4376-L4378,or/clackamas/oregon-city/17.zoning.txt
00482,unread,unclear+noted,or/clackamas/oregon-city,R-5,setback_garage_entrance_ft,20,,,unclear,unknown,"20 ft — 'No parking or vehicle area within 20 feet from street property line (except alley)' (L5703, cottage cluster figure note) | 20 ft from ROW — Table 17.10.040 row 'Garage setbacks 20 feet from ROW, except' (L4345, not cited here)",Garages and carports must not abut common courtyards. Garage doors for individual garages must not exceed 20 feet in width.,"The marked lines state a maximum garage door WIDTH (20 ft) in the cottage-cluster section 17.16.070, not a garage entrance setback, and the section is not tied to the R-5 zone.",or/clackamas/oregon-city/17.zoning.txt#L5706-L5707,or/clackamas/oregon-city/17.zoning.txt
00483,agree,noted,or/clackamas/oregon-city,R-3.5,setback_front_ft,5,5,feet,inferred,True,"0 ft to a porch (R-3.5) | 10 ft is the R-5 column, not R-3.5","Minimum front yard setback 10 feet, except 5 feet, except / 5 feet - - Porch 0 feet - - Porch","Two-column row (R-5 then R-3.5, header L4316 outside this passage); R-3.5 is the second value, 5 ft, with the porch exception reducing it to 0 ft.",or/clackamas/oregon-city/17.zoning.txt#L4331,or/clackamas/oregon-city/17.zoning.txt
00484,agree,noted,or/clackamas/oregon-city,R-3.5,setback_side_ft,5,5,feet,clear,True,0 ft on the attached side of a townhouse / 5 ft on the free side,"Minimum interior side yard setback 5 feet, except 5 feet, except / All, except 0 feet (attached)/5 feet (side) / Townhouse",Both columns read 5 ft; the Townhouse row allows 0 ft where units are attached and 5 ft on the outer side.,or/clackamas/oregon-city/17.zoning.txt#L4333,or/clackamas/oregon-city/17.zoning.txt
00485,agree,noted,or/clackamas/oregon-city,R-3.5,setback_rear_ft,20,20,feet,clear,True,15 ft to a porch | 10 ft cottage cluster | 5 ft ADU (R-3.5 column),"Minimum rear yard setback 20 feet, except 20 feet, except / 15 feet - - Porch 15 feet - - Porch / 10 feet -- ADU, cottage cluster 10 feet - Cottage cluster / 5 feet - - ADU","Both columns read 20 ft; the exceptions are for porches, cottage clusters and ADUs, none of which is a fourplex.",or/clackamas/oregon-city/17.zoning.txt#L4340,or/clackamas/oregon-city/17.zoning.txt
00486,agree,,or/clackamas/oregon-city,R-3.5,setback_street_side_ft,7,7,feet,clear,True,,Minimum corner side yard setback 7 feet 7 feet,,or/clackamas/oregon-city/17.zoning.txt#L4338,or/clackamas/oregon-city/17.zoning.txt
00487,agree,,or/clackamas/oregon-city,R-3.5,min_lot_sqft,7000,7000,square feet,clear,True,"1,500 sq ft Townhouse row (L4317)","Standard R-5 R-3.5 / Quadplex and cottage cluster 7,000 square feet 7,000 square feet",,or/clackamas/oregon-city/17.zoning.txt#L4313,or/clackamas/oregon-city/17.zoning.txt
00488,agree,noted,or/clackamas/oregon-city,R-3.5,min_lot_sqft [unit_lots],1500,1500,square feet (townhouse row),clear,True,"7,000 sq ft Quadplex and cottage cluster row (base)","Standard R-5 R-3.5 / Townhouse 1,500 square feet 1,500 square feet",Townhouse row used for the unit_lots condition; the table does not itself say 'per unit lot'.,or/clackamas/oregon-city/17.zoning.txt#L4317,or/clackamas/oregon-city/17.zoning.txt
00489,agree,noted,or/clackamas/oregon-city,R-3.5,min_lot_width_ft,25,25,feet,inferred,True,"20 ft Townhouse row | 35 ft is the R-5 column, not R-3.5","Minimum lot width / All, except 35 feet, except 25 feet, except / Townhouse 20 feet 20 feet","Two-column row (R-5 then R-3.5, header L4316 outside this passage); R-3.5 is the second value, 25 ft, with the 'except' pointing to the 20 ft Townhouse row.",or/clackamas/oregon-city/17.zoning.txt#L4328,or/clackamas/oregon-city/17.zoning.txt
00490,agree,,or/clackamas/oregon-city,R-3.5,min_lot_width_ft [unit_lots],20,20,feet (townhouse row),clear,True,"25 ft 'All, except' row for R-3.5 (base)","Minimum lot width / All, except 35 feet, except 25 feet, except / Townhouse 20 feet 20 feet",,or/clackamas/oregon-city/17.zoning.txt#L4329,or/clackamas/oregon-city/17.zoning.txt
00491,agree,noted,or/clackamas/oregon-city,R-3.5,max_coverage_pct,80,80,percent,inferred,True,"70% is the R-5 column, not R-3.5 | 55% single-family detached and duplex (R-3.5) | 65% with ADU (R-3.5)","Maximum building lot coverage / Single-family detached and duplex 50% 55% / With ADU 60% 65% / Triplex, quadplex and townhouse 70% 80%","Two-column row; R-3.5 is the second value, so the triplex/quadplex/townhouse coverage is 80% — the 55% in the zone hint is the single-family/duplex row, not the quadplex row.",or/clackamas/oregon-city/17.zoning.txt#L4324,or/clackamas/oregon-city/17.zoning.txt
00492,agree,,or/clackamas/oregon-city,R-3.5,max_height_ft,35,35,feet,clear,True,25 ft for a cottage cluster unit,Standard R-5 R-3.5 / Maximum height: All 35 feet 35 feet,,or/clackamas/oregon-city/17.zoning.txt#L4318,or/clackamas/oregon-city/17.zoning.txt
00493,agree,noted,or/clackamas/oregon-city,R-3.5,min_density_du_per_acre,10,10,units per acre (net),clear,True,,Standard R-5 R-3.5 / Minimum net density 7 . 0 du / acre 10 du/acre,Stated as NET density; 17.10.050.B.1 says accessory dwelling units do not count toward the minimum.,or/clackamas/oregon-city/17.zoning.txt#L4376-L4378,or/clackamas/oregon-city/17.zoning.txt
00494,unread,unclear+noted,or/clackamas/oregon-city,R-3.5,setback_garage_entrance_ft,20,,,unclear,unknown,"20 ft — 'No parking or vehicle area within 20 feet from street property line (except alley)' (L5703, cottage cluster figure note) | 20 ft from ROW — Table 17.10.040 row 'Garage setbacks 20 feet from ROW, except' (L4345, not cited here)",Garages and carports must not abut common courtyards. Garage doors for individual garages must not exceed 20 feet in width.,"The marked lines state a maximum garage door WIDTH (20 ft) in the cottage-cluster section 17.16.070, not a garage entrance setback, and the section is not tied to the R-3.5 zone.",or/clackamas/oregon-city/17.zoning.txt#L5706-L5707,or/clackamas/oregon-city/17.zoning.txt
00495,agree,noted,or/clackamas/rivergrove,R10,setback_front_ft,25,25,feet,clear,True,30 ft front setback for detached accessory buildings (c),All new detached residential structures built with any zone or district in the City of Rivergrove shall maintain the following setbacks ... Front Setback - 25 feet.,"Applies to every zone; (b) gives attached residential the same setbacks; setbacks are measured from the roof edge or drip line (L1021), and footnote 3 says 5.080 is subject to three Planning Commission interpretations.","or/clackamas/rivergrove/rldo.composite.txt#L1023-L1026,L1038-L1039",or/clackamas/rivergrove/rldo.composite.txt
00496,agree,noted,or/clackamas/rivergrove,R10,setback_side_ft,10,10,feet,clear,True,15 ft side setback on a corner lot | 3 ft side setback for detached accessory buildings (c),Side Setback - 10 feet. / (b) All new attached residential shall maintain the same set backs as detached residential around the perimeter of the structure.,"Measured from the roof edge or drip line (L1021), not the wall.","or/clackamas/rivergrove/rldo.composite.txt#L1033,L1038-L1039",or/clackamas/rivergrove/rldo.composite.txt
00497,agree,noted,or/clackamas/rivergrove,R10,setback_rear_ft,25,25,feet,clear,True,,Rear Setback - 25 feet (from the read lot line or the ordinary high water mark - whichever is greater).,"Qualifier: measured from the rear lot line OR the ordinary high water mark, whichever is greater, and from the roof edge or drip line (L1021).","or/clackamas/rivergrove/rldo.composite.txt#L1035-L1036,L1038-L1039",or/clackamas/rivergrove/rldo.composite.txt
00498,agree,noted,or/clackamas/rivergrove,R10,setback_street_side_ft,15,15,feet,clear,True,10 ft side setback (corner lot) for detached accessory buildings (c),Side Setback on a Corner Lot - 15 feet (to insure better visibility).,Measured from the roof edge or drip line (L1021); (b) extends the detached figures to attached residential.,or/clackamas/rivergrove/rldo.composite.txt#L1034,or/clackamas/rivergrove/rldo.composite.txt
00499,agree,noted,or/clackamas/rivergrove,R10,min_lot_sqft,10000,10000,square feet,clear,True,"½ acre (21,780 sq ft) within the Flood Hazard District","The minimum lot size within the Flood Hazard District is ½ acre.  The minimum lot size outside the Flood Hazard District is 10,000 square feet.","A general minimum lot size for all residential land, not one stated for a fourplex; ½ acre governs inside the Flood Hazard District.",or/clackamas/rivergrove/rldo.composite.txt#L844-L846,or/clackamas/rivergrove/rldo.composite.txt
00500,agree,noted,or/clackamas/tualatin,defaults,parking_min_per_unit,0,0,spaces per unit (printed as 'None'),inferred,True,1.2 spaces per unit (multi-family studio units) | 2.0 spaces per unit (multi-family non-studio units),(ii) Middle Housing: a. Duplexes b. Triplexes c. Quadplexes d. Townhouses e. Cottage Clusters / None None None Required N/A,"The printed cell is the word 'None'; the header column order is garbled in extraction but all three vehicle-parking cells (minimum, maximum Zone A, maximum Zone B) read None for the Middle Housing row, so no minimum is required.","or/clackamas/tualatin/73C.parking.txt#L130,L132,L137,L154,L157,L160",or/clackamas/tualatin/73C.parking.txt
00501,agree,noted,or/clackamas/tualatin,defaults,parking_stall_width_ft,9,9.0,feet (90-degree column),inferred,True,8.0 ft for parallel stalls,Parallel 45º 60º 75º 90º / Stall Width A 8.0 9.0 9.0 9.0 9.0,"Appendix B dimension table for a figure, with no heading naming the standard or use; 9.0 applies at every angle from 45 to 90 degrees, 8.0 only to parallel stalls.","or/clackamas/tualatin/appendix-b.figures.txt#L21,L26-L27",or/clackamas/tualatin/appendix-b.figures.txt
00502,agree,noted,or/clackamas/tualatin,defaults,parking_stall_depth_ft,18.5,18.5,feet (90-degree column),inferred,True,24.0 parallel | 17.5 at 45 degrees | 19.0 at 60 degrees | 19.5 at 75 degrees,Parallel 45º 60º 75º 90º / Stall Depth B 24.0 17.5 19.0 19.5 18.5,"Appendix B dimension table with no heading; a separate Bumper Overhang row E gives 2.5 at 90 degrees, which is not subtracted here.","or/clackamas/tualatin/appendix-b.figures.txt#L21,L26,L28",or/clackamas/tualatin/appendix-b.figures.txt
00503,agree,unclear+noted,or/clackamas/tualatin,defaults,parking_aisle_one_way_ft,24,24.0,feet (90-degree column),unclear,True,"12.0 'Driveway, One Way' row F (a driveway, not an aisle) | 12.0 at 45 degrees | 16.0 at 60 degrees | 23.0 at 75 degrees",Parallel 45º 60º 75º 90º / Aisle Width C N/A 12.0 16.0 23.0 24.0,"The table prints one aisle width per angle and does not split one-way from two-way, so 24.0 at 90 degrees is the only aisle figure whether traffic is one-way or two-way.","or/clackamas/tualatin/appendix-b.figures.txt#L21,L26,L29",or/clackamas/tualatin/appendix-b.figures.txt
00504,agree,noted,or/clackamas/tualatin,defaults,parking_aisle_two_way_ft,24,24.0,feet (90-degree column),inferred,True,"22.0 'Driveway, Two Way' row G (a driveway, not an aisle) | 23.0 at 75 degrees",Parallel 45º 60º 75º 90º / Aisle Width C N/A 12.0 16.0 23.0 24.0,The table prints one aisle width per angle and does not split one-way from two-way; 24.0 at 90 degrees.,"or/clackamas/tualatin/appendix-b.figures.txt#L21,L26,L29",or/clackamas/tualatin/appendix-b.figures.txt
00505,agree,noted,or/clackamas/tualatin,defaults,driveway_min_width_one_way_ft,12,12.0,feet,clear,True,,"Driveway, One Way F 12.0",Appendix B figure dimension with no heading stating whether it is a minimum.,or/clackamas/tualatin/appendix-b.figures.txt#L32,or/clackamas/tualatin/appendix-b.figures.txt
00506,agree,noted,or/clackamas/tualatin,defaults,driveway_min_width_two_way_ft,22,22.0,feet,clear,True,,"Driveway, Two Way G 22.0",Appendix B figure dimension with no heading stating whether it is a minimum.,or/clackamas/tualatin/appendix-b.figures.txt#L33,or/clackamas/tualatin/appendix-b.figures.txt
00507,agree,noted,or/clackamas/tualatin,defaults,driveway_approach_min_width_ft,10,10,feet,clear,True,,"Ingress and egress for single-family residential uses and middle housing types (duplexes, triplexes quadplexes, townhouses, and cottage clusters) must be paved to a minimum width of ten feet.","Middle housing row including quadplexes and townhouses; 'driveway widths must be measured at the right-of-way line', which makes it an approach width.","or/clackamas/tualatin/73C.parking.txt#L530,L532-L537",or/clackamas/tualatin/73C.parking.txt
00508,agree,noted,or/clackamas/tualatin,defaults,driveway_approach_max_width_ft,24,24,feet,clear,True,,"Maximum widths for new or expanded driveways must not exceed 24 feet. For the purposes of this section, driveway widths must be measured at the right-of-way line.",Applies to single-family and middle housing (duplexes through cottage clusters); multi-family uses have a separate table at (b).,"or/clackamas/tualatin/73C.parking.txt#L530,L532-L537",or/clackamas/tualatin/73C.parking.txt
00509,agree,noted,or/clackamas/tualatin,RL,max_density_du_per_acre [unit_lots],25,25,units per acre (townhouse row),clear,True,"None — Quadplex row (base, no maximum) | 6.4 units per acre single-family",MAXIMUM DENSITY / Single-Family Dwelling Maximum: 6.4 units per acre / Duplex None / Townhouse 25 units per acre / Triplex None / Quadplex None,Townhouse row used for the unit_lots condition; the Quadplex row states no maximum.,"or/clackamas/tualatin/40-41.residential.txt#L140,L144",or/clackamas/tualatin/40-41.residential.txt
00510,agree,,or/clackamas/tualatin,RL,setback_front_ft,15,15,feet,clear,True,12 ft to an unenclosed porch,MINIMUM SETBACKS / Front 15 feet May be reduced to 12 feet if to an unenclosed porch.,,or/clackamas/tualatin/40-41.residential.txt#L211,or/clackamas/tualatin/40-41.residential.txt
00511,agree,,or/clackamas/tualatin,RL,setback_side_ft,5,5,feet,clear,True,0 ft at lot lines where townhouse units are attached,Side 5 feet / Zero-foot side setbacks permitted for lot or parcel lines where Townhouse units are attached.,,or/clackamas/tualatin/40-41.residential.txt#L220,or/clackamas/tualatin/40-41.residential.txt
00512,agree,,or/clackamas/tualatin,RL,setback_rear_ft,15,15,feet,clear,True,,Rear 15 feet,,or/clackamas/tualatin/40-41.residential.txt#L224,or/clackamas/tualatin/40-41.residential.txt
00513,agree,noted,or/clackamas/tualatin,RL,setback_street_side_ft,10,10,feet,clear,True,,"Secondary Frontage on Corner Lot 10 feet / The secondary frontage is determined by the orientation of the structure, based on the location of the front door.","Which frontage is secondary depends on where the front door faces, not on the lot geometry.",or/clackamas/tualatin/40-41.residential.txt#L213-L214,or/clackamas/tualatin/40-41.residential.txt
00514,agree,,or/clackamas/tualatin,RL,setback_garage_entrance_ft,20,20,feet,clear,True,,Garage Door 20 feet,,or/clackamas/tualatin/40-41.residential.txt#L219,or/clackamas/tualatin/40-41.residential.txt
00515,agree,noted,or/clackamas/tualatin,RL,min_lot_sqft,6500,6500,square feet,clear,True,"1,400 sq ft Townhouse row","Quadplex 6,500 square feet / May be reduced for Flexible Lot Subdivisions, subject to TDC 36.410.","May be reduced under Flexible Lot Subdivisions (TDC 36.410), no figure given.",or/clackamas/tualatin/40-41.residential.txt#L171,or/clackamas/tualatin/40-41.residential.txt
00516,agree,,or/clackamas/tualatin,RL,min_lot_sqft [unit_lots],1400,1400,square feet (townhouse row),clear,True,"6,500 sq ft Quadplex row (base)","T ownhouse 1,400 square feet",,or/clackamas/tualatin/40-41.residential.txt#L166,or/clackamas/tualatin/40-41.residential.txt
00517,agree,noted,or/clackamas/tualatin,RL,min_lot_width_ft,50,50,feet,clear,True,30 ft if on a cul-de-sac | 30 ft 'average minimum lot width' | None — Townhouse row,"MINIMUM LOT WIDTH / Duplex, Triplex, Quadplex, and Cottage Clusters 50 feet / May be reduced to 30 feet if on a cul-de-sac. Average minimum lot width is 30 feet.","Qualifier: reducible to 30 ft on a cul-de-sac, and the row adds an 'average minimum lot width' of 30 ft.",or/clackamas/tualatin/40-41.residential.txt#L190-L191,or/clackamas/tualatin/40-41.residential.txt
00518,agree,noted,or/clackamas/tualatin,RL,min_lot_width_ft [unit_lots],0,0,feet (printed as 'None' — no minimum),clear,True,"50 ft Duplex, Triplex, Quadplex, and Cottage Clusters row (base)",T ownhouse None,The Townhouse row prints the word 'None' — the table states no minimum lot width for townhouses rather than a figure.,or/clackamas/tualatin/40-41.residential.txt#L196,or/clackamas/tualatin/40-41.residential.txt
00519,agree,noted,or/clackamas/tualatin,RL,max_coverage_pct,60,60,percent,clear,True,75% Townhouse row,MAXIMUM LOT COVERAGE / Single Family Dwelling 45% / Duplex 45% / T ownhouse 75% / Triplex 60% / Quadplex 60%,"Quadplex row used; the Townhouse row is 75%, so a 4-unit attached townhouse on unit lots would read a different row.",or/clackamas/tualatin/40-41.residential.txt#L248,or/clackamas/tualatin/40-41.residential.txt
00520,agree,noted,or/clackamas/tualatin,RL,max_coverage_pct [unit_lots],75,75,percent,inferred,True,60% Quadplex row (base figure without unit lots),MAXIMUM LOT COVERAGE ... T ownhouse 75%,"Zone known only from the caption Table 40-3 / TDC 40.300 (chapter 40 is RL); under unit_lots the Townhouse row (75%) applies, while the Quadplex row prints 60%.",or/clackamas/tualatin/40-41.residential.txt#L246,or/clackamas/tualatin/40-41.residential.txt
00521,agree,noted,or/clackamas/tualatin,RL,max_height_ft,35,35,feet,inferred,True,50 feet through Type II Architectural Review if all setbacks are not less than 1 1/2 times the building height,MAXIMUM STRUCTURE HEIGHT All Uses 35 feet,Zone known only from the caption Table 40-3 / TDC 40.300; the 35 ft may be increased to 50 ft by Type II Architectural Review when all setbacks are at least 1.5x the building height.,or/clackamas/tualatin/40-41.residential.txt#L237,or/clackamas/tualatin/40-41.residential.txt
00522,agree,noted,or/clackamas/tualatin,RML,max_density_du_per_acre [unit_lots],25,25,units per acre,clear,True,Quadplex None (no maximum density stated for the quadplex row),MAXIMUM DENSITY ... T ownhouse 25 units per acre,"The Quadplex row prints None; 25 units per acre is the Townhouse row, which is what applies under the unit_lots condition.","or/clackamas/tualatin/40-41.residential.txt#L445,L448",or/clackamas/tualatin/40-41.residential.txt
00523,agree,noted,or/clackamas/tualatin,RML,setback_front_ft,10,10,feet,inferred,True,,"Single Family Detached, Duplex, Townhouse, Triplex, or Quadplex ... Front 10 feet","Row group header (L526-L528) names Townhouse and Quadplex; the later Front row based on structure height (10/15/20 ft) is for multi-family 5+ units and other uses, not this product.",or/clackamas/tualatin/40-41.residential.txt#L532,or/clackamas/tualatin/40-41.residential.txt
00524,agree,noted,or/clackamas/tualatin,RML,parking_street_setback_ft,10,10,feet,inferred,True,For Townhouses: determined through the Architectural Review process (no fixed number),"Parking and Vehicle Circulation Areas 10 feet For Townhouses, determined through the Architectural Review process","The row is a setback for parking and vehicle circulation areas but does not say which lot line (street or otherwise) it is measured from, and for townhouses the figure is replaced by an Architectural Review determination.","or/clackamas/tualatin/40-41.residential.txt#L554,L561-L563",or/clackamas/tualatin/40-41.residential.txt
00525,agree,noted,or/clackamas/tualatin,RML,setback_side_ft,5,5,feet,clear,True,0 ft on lot or parcel lines where Townhouse units are attached,Side 5 feet Zero-foot side setbacks permitted for lot or parcel lines where Townhouse units are attached.,Zero-foot side setback is permitted only on the attached common-wall lines of townhouse units.,or/clackamas/tualatin/40-41.residential.txt#L534,or/clackamas/tualatin/40-41.residential.txt
00526,agree,,or/clackamas/tualatin,RML,setback_rear_ft,10,10,feet,clear,True,,Rear 10 feet,,or/clackamas/tualatin/40-41.residential.txt#L537,or/clackamas/tualatin/40-41.residential.txt
00527,agree,noted,or/clackamas/tualatin,RML,setback_street_side_ft,10,10,feet,clear,True,same as the front yard setback for other housing types (10 ft in the Townhouse row; 10/15/20 ft by height for multi-family),"Corner Lots — On corner lots, the setback is the same as the front yard setback on any side facing a street other than an alley except for duplexes, triplexes, and quadplexes where the setback is 10 feet.","The 10 ft is the explicit exception for duplexes, triplexes, and quadplexes; a townhouse (unit-lot) form would instead borrow the front yard setback, and alleys are excluded.",or/clackamas/tualatin/40-41.residential.txt#L548-L553,or/clackamas/tualatin/40-41.residential.txt
00528,agree,,or/clackamas/tualatin,RML,setback_garage_entrance_ft,20,20,feet,clear,True,,Garage Door 20 feet,,or/clackamas/tualatin/40-41.residential.txt#L533,or/clackamas/tualatin/40-41.residential.txt
00529,agree,noted,or/clackamas/tualatin,RML,min_lot_sqft,4500,4500,square feet,clear,True,may be reduced for Flexible Lot Subdivisions under TDC 36.410 (no figure given here),"Quadplex 4,500 square feet May be reduced for Flexible Lot Subdivisions, subject to TDC 36.410.","Qualifier: the 4,500 sq ft may be reduced in a Flexible Lot Subdivision per TDC 36.410.",or/clackamas/tualatin/40-41.residential.txt#L478,or/clackamas/tualatin/40-41.residential.txt
00530,agree,noted,or/clackamas/tualatin,RML,min_lot_sqft [unit_lots],1400,1400,square feet,clear,True,"4,500 square feet Quadplex row (base figure without unit lots)","Townhouse 1,400 square feet","Townhouse row carries no Flexible Lot Subdivision reduction note, unlike the Duplex/Triplex/Quadplex rows.",or/clackamas/tualatin/40-41.residential.txt#L475,or/clackamas/tualatin/40-41.residential.txt
00531,agree,,or/clackamas/tualatin,RML,max_coverage_pct,60,60,percent,clear,True,,MAXIMUM LOT COVERAGE ... Quadplex 60%,,or/clackamas/tualatin/40-41.residential.txt#L586,or/clackamas/tualatin/40-41.residential.txt
00532,agree,,or/clackamas/tualatin,RML,max_coverage_pct [unit_lots],75,75,percent,clear,True,60% Quadplex row (base figure without unit lots),MAXIMUM LOT COVERAGE ... Townhouse 75%,,or/clackamas/tualatin/40-41.residential.txt#L584,or/clackamas/tualatin/40-41.residential.txt
00533,agree,noted,or/clackamas/tualatin,RML,max_height_ft,35,35,feet,clear,True,50 feet with a conditional use permit if all setbacks are at least 1 1/2 times the building height,"All Uses 35 feet If all setbacks are equal to or greater than 1½ times the height of the building, the height may be increased to a maximum of 50 feet with a conditional use permit.",Qualifier: 35 ft may rise to 50 ft with a conditional use permit when all setbacks are at least 1.5x the building height.,or/clackamas/tualatin/40-41.residential.txt#L577,or/clackamas/tualatin/40-41.residential.txt
00534,unread,noted,or/clackamas/west-linn,defaults,parking_min_per_unit,0,,,clear,True,"2.0 spaces per unit (Multifamily non-studio) and 1.2 (studio) are MAXIMUMS in 46.090.A, not minimums",46.080 COMPUTATION OF REQUIRED PARKING SPACES AND LOADING AREA Repealed by Ord. 1754. ... 46.090 OFF-STREET PARKING SPACE REQUIREMENTS A. Maximum parking.,"The cited sections are repealed (46.080, 46.100) or state only a maximum (46.090.A), so no minimum stalls-per-unit figure appears in this passage; a per-use ratio table exists elsewhere in the same document near L364 that this passage does not show.","or/clackamas/west-linn/46.parking.txt#L127,L129,L131,L133,L162,L164",or/clackamas/west-linn/46.parking.txt
00535,agree,noted,or/clackamas/west-linn,defaults,parking_max_per_unit,2,2.0,spaces per unit,clear,True,1.2 spaces per unit for Multifamily studio unit,Multifamily non-studio (spaces per unit) 2.0,"The table has no townhouse or quadplex row; Multifamily non-studio is the nearest land use (L156 directs unlisted uses to the most similar use), and the cap differs for studio units.","or/clackamas/west-linn/46.parking.txt#L133,L135,L137",or/clackamas/west-linn/46.parking.txt
00536,agree,unclear+noted,or/clackamas/west-linn,defaults,parking_stall_width_ft,9,9,feet,unclear,True,"8 ft: 'One standard parking space' minimum, identified as compact, allowed for up to 50 percent of spaces (table column 8.0') | 9 ft x 20 ft when multifamily stalls back onto a driveway rather than a drive aisle","50 percent of the parking spaces shall have a minimum dimension of nine feet in width and 18 feet in length (nine feet by 18 feet). When multifamily parking stalls back onto a driveway, ... nine feet by 20 feet.","The passage states two stall widths (8 ft compact/standard and 9 ft for at least 50 percent of spaces and for multifamily stalls backing onto a driveway), and which one governs a given stall depends on the layout.","or/clackamas/west-linn/46.parking.txt#L231,L376-L378,L383",or/clackamas/west-linn/46.parking.txt
00537,agree,unclear+noted,or/clackamas/west-linn,defaults,parking_stall_depth_ft,18,18,feet,unclear,True,16 ft for an 8 ft compact stall (table 90° Dimension 'A' 16.0'; L231 'eight feet in width and 16 feet in length') | 20 ft when multifamily parking stalls back onto a driveway as opposed to a drive aisle (L231 'nine feet by 20 feet'),90°               DRIVE-IN              23.0'        23.0'        18.0'          16.0'          9.0'           8.0',"The table's 90° Dimension 'A' is 18.0' for a 9.0' stall and 16.0' for an 8.0' stall, while L231 requires 9 x 20 ft stalls where multifamily stalls back onto a driveway, so three depths are candidates depending on layout.","or/clackamas/west-linn/46.parking.txt#L231,L376-L378,L383",or/clackamas/west-linn/46.parking.txt
00538,agree,unclear+noted,or/clackamas/west-linn,defaults,parking_aisle_one_way_ft,23,23,feet,unclear,True,22 ft for 90° BACK-IN parking,ANGLE OF PARKING  DIRECTION OF PARKING  AISLE WIDTH  AISLE WIDTH ... 90°               DRIVE-IN              23.0'        23.0',"The table prints one aisle width per angle and stall direction (drive-in vs back-in) and never distinguishes one-way from two-way traffic, so 23 ft is the 90° drive-in aisle regardless of traffic direction.","or/clackamas/west-linn/46.parking.txt#L370,L374,L376-L378,L383",or/clackamas/west-linn/46.parking.txt
00539,agree,noted,or/clackamas/west-linn,defaults,parking_aisle_two_way_ft,23,23,feet,inferred,True,22 ft for 90° BACK-IN parking,ANGLE OF PARKING  DIRECTION OF PARKING  AISLE WIDTH  AISLE WIDTH ... 90°               DRIVE-IN              23.0'        23.0',"The table does not label aisles one-way or two-way; 23 ft is the only 90° drive-in aisle width printed (same for 9.0' and 8.0' stalls), with 22 ft for back-in.","or/clackamas/west-linn/46.parking.txt#L370,L374,L376-L378,L383",or/clackamas/west-linn/46.parking.txt
00540,agree,noted,or/clackamas/west-linn,defaults,driveway_min_width_two_way_ft,24,24,feet,clear,True,,Access and/or service drives for multifamily dwellings shall be fully improved with hard surface pavement: 1. With a minimum of 24-foot width when accommodating two-way traffic,The rule is stated for 'multifamily dwellings'; the passage does not say whether a 4-unit attached townhouse is multifamily for this purpose.,"or/clackamas/west-linn/48.access.txt#L129,L131",or/clackamas/west-linn/48.access.txt
00541,agree,noted,or/clackamas/west-linn,defaults,driveway_min_width_one_way_ft,15,15,feet,clear,True,,2. With a minimum of 15-foot width when accommodating one-way traffic. Horizontal clearance shall be two and one-half feet wide on either side of the driveway.,"Stated for 'multifamily dwellings', with an added 2.5 ft horizontal clearance required on either side of the driveway.","or/clackamas/west-linn/48.access.txt#L129,L133",or/clackamas/west-linn/48.access.txt
00542,agree,,or/clackamas/west-linn,defaults,driveway_approach_min_width_ft,16,16,feet,clear,True,,A. Minimum curb cut width shall be 16 feet.,,"or/clackamas/west-linn/48.access.txt#L173,L175",or/clackamas/west-linn/48.access.txt
00543,agree,noted,or/clackamas/west-linn,defaults,driveway_approach_max_width_ft,36,36,feet,clear,True,40 ft along Highway 43 | 50 ft for emergency service providers including fire stations,"B. Maximum curb cut width shall be 36 feet, except along Highway 43 in which case the maximum curb cut shall be 40 feet.",Stated per curb cut; the passage does not say whether multiple approaches on one frontage are counted together.,"or/clackamas/west-linn/48.access.txt#L173,L177",or/clackamas/west-linn/48.access.txt
00544,agree,,or/clackamas/west-linn,R-40,setback_front_ft,30,30,feet,clear,True,"10 ft front, rear, and side for a cottage cluster project | steeply sloped lots: CDC 41.010 applies (no figure here)",Front yard 30 ft Except for steeply sloped lots where the provisions of CDC 41.010 shall apply,,or/clackamas/west-linn/08.r-40.txt#L150,or/clackamas/west-linn/08.r-40.txt
00545,agree,,or/clackamas/west-linn,R-40,setback_side_ft,10,10,feet,clear,True,0 ft for attached townhouse common walls | 10 ft cottage cluster project,Interior side yard 10 ft Townhouse common walls that are attached may have a 0 ft side setback.,,or/clackamas/west-linn/08.r-40.txt#L153,or/clackamas/west-linn/08.r-40.txt
00546,agree,,or/clackamas/west-linn,R-40,setback_rear_ft,30,30,feet,clear,True,10 ft for a cottage cluster project,Rear yard 30 ft,,or/clackamas/west-linn/08.r-40.txt#L160,or/clackamas/west-linn/08.r-40.txt
00547,agree,noted,or/clackamas/west-linn,R-40,setback_street_side_ft,30,30,feet,inferred,True,15 ft Townhouse street side yard,Street side yard Townhouse street side yard 30 ft 15 ft,"Two labels are printed then two values; pairing by order gives 30 ft for the general street side yard and 15 ft for a townhouse street side yard, so a unit-lot townhouse form would take 15 ft.",or/clackamas/west-linn/08.r-40.txt#L157,or/clackamas/west-linn/08.r-40.txt
00548,agree,noted,or/clackamas/west-linn,R-40,min_lot_sqft,40000,40000,square feet,inferred,True,"1,500 sf average minimum lot or parcel size for a townhouse project","Minimum lot size Average minimum lot or parcel size for a townhouse project 40,000 sf 1,500 sf For a single-family attached or detached unit",The row is labeled only 'Minimum lot size' with no quadplex row; the adjacent note 'For a single-family attached or detached unit' cannot be assigned to one cell from this flattened layout.,or/clackamas/west-linn/08.r-40.txt#L135,or/clackamas/west-linn/08.r-40.txt
00549,agree,noted,or/clackamas/west-linn,R-40,max_density_du_per_acre,1.1,1.1,units per acre,clear,True,,"Zoning District ... Dwelling Units per Net Acre ... Single-Family Residential detached R-40 1.1 40,000",The column is 'Dwelling Units per Net Acre' in a zone classification table and is not labeled a maximum; the row is described as Single-Family Residential detached.,"or/clackamas/west-linn/05.density.txt#L29,L31",or/clackamas/west-linn/05.density.txt
00550,agree,noted,or/clackamas/west-linn,R-40,min_lot_width_ft,150,150,feet,clear,True,"150 ft Average minimum lot width (L144), also not applying to townhouses or cottage clusters",Minimum lot width at front lot line 150 ft Does not apply to townhouses or cottage clusters,The cited row is width measured at the front lot line (a frontage-type measure) and does not apply to townhouses or cottage clusters; a separate 'Average minimum lot width' row also prints 150 ft.,or/clackamas/west-linn/08.r-40.txt#L140,or/clackamas/west-linn/08.r-40.txt
00551,agree,noted,or/clackamas/west-linn,R-40,max_coverage_pct,25,25,percent,clear,True,,Maximum lot coverage 25%,"Does not apply to cottage clusters; detached garages, carports, and accessory structures are excluded and up to 200 sf may be deducted for an attached garage or carport.",or/clackamas/west-linn/08.r-40.txt#L167,or/clackamas/west-linn/08.r-40.txt
00552,agree,noted,or/clackamas/west-linn,R-40,max_far,0.45,0.45,ratio,clear,True,0.30 minimum FAR allowed regardless of Type I and II lands,Maximum floor area ratio 0.45,"Type I and II lands are excluded from lot area for FAR, with a floor of 0.30 on the entire property; FAR does not apply to cottage clusters.","or/clackamas/west-linn/08.r-40.txt#L175,L176",or/clackamas/west-linn/08.r-40.txt
00553,agree,,or/clackamas/west-linn,R-40,max_height_ft,40,40,feet,clear,True,steeply sloped lots: Chapter 41 CDC applies (no figure here),Maximum building height 40 ft,,or/clackamas/west-linn/08.r-40.txt#L163,or/clackamas/west-linn/08.r-40.txt
00554,agree,,or/clackamas/west-linn,R-20,setback_front_ft,20,20,feet,clear,True,"10 ft front, rear, and side in a cottage cluster project | steeply sloped lots: CDC 41.010 applies (no figure here)",Front yard 20 ft Except for steeply sloped lots where the provisions of CDC 41.010 shall apply,,or/clackamas/west-linn/09.r-20.txt#L154,or/clackamas/west-linn/09.r-20.txt
00555,agree,,or/clackamas/west-linn,R-20,setback_side_ft,7.5,7.5,feet,clear,True,0 ft for attached townhouse common walls | 10 ft cottage cluster project,Interior side yard 7.5 ft Townhouse common walls that are attached may have a 0-ft side setback.,,or/clackamas/west-linn/09.r-20.txt#L157,or/clackamas/west-linn/09.r-20.txt
00556,agree,,or/clackamas/west-linn,R-20,setback_rear_ft,20,20,feet,clear,True,10 ft in a cottage cluster project,Rear yard 20 ft,,or/clackamas/west-linn/09.r-20.txt#L162,or/clackamas/west-linn/09.r-20.txt
00557,agree,,or/clackamas/west-linn,R-20,setback_street_side_ft,15,15,feet,clear,True,,Street side yard 15 ft,,or/clackamas/west-linn/09.r-20.txt#L160,or/clackamas/west-linn/09.r-20.txt
00558,agree,noted,or/clackamas/west-linn,R-20,min_lot_sqft,20000,20000,square feet,inferred,True,"1,500 sf average minimum lot or parcel size for a townhouse project","Minimum lot size Average minimum lot or parcel size for a townhouse project 20,000 sf 1,500 sf For a single-family attached or detached unit",The row is labeled only 'Minimum lot size' with no quadplex row; the adjacent note 'For a single-family attached or detached unit' cannot be assigned to one cell from this flattened layout.,or/clackamas/west-linn/09.r-20.txt#L139,or/clackamas/west-linn/09.r-20.txt
00559,agree,noted,or/clackamas/west-linn,R-20,max_density_du_per_acre,2.18,2.18,units per acre,clear,True,,"Zoning District ... Dwelling Units per Net Acre ... Single-Family Residential detached R-20 2.18 20,000",The column is 'Dwelling Units per Net Acre' in a zone classification table and is not labeled a maximum; the row is described as Single-Family Residential detached.,"or/clackamas/west-linn/05.density.txt#L29,L32",or/clackamas/west-linn/05.density.txt
00560,agree,noted,or/clackamas/west-linn,R-20,min_lot_width_ft,100,100,feet,clear,True,100 ft average minimum lot width (L148),Minimum lot width at front lot line / 100 ft / Does not apply to townhouses or cottage clusters,"Width at the front lot line; the average minimum lot width row is also 100 ft, and both rows say they do not apply to townhouses or cottage clusters.",or/clackamas/west-linn/09.r-20.txt#L144,or/clackamas/west-linn/09.r-20.txt
00561,agree,noted,or/clackamas/west-linn,R-20,max_coverage_pct,25,25,percent,clear,True,,Maximum lot coverage / 25%,"Coverage excludes detached garages, carports and accessory structures, and up to 200 sf may be deducted for an attached garage or carport.",or/clackamas/west-linn/09.r-20.txt#L169,or/clackamas/west-linn/09.r-20.txt
00562,agree,noted,or/clackamas/west-linn,R-20,max_far,0.45,0.45,ratio,clear,True,0.30 minimum FAR allowed regardless of Type I and II lands (L180),Maximum floor area ratio / 0.45,No separate duplex/triplex/quadplex FAR row appears in this passage (unlike the R-10 and R-7 tables); Type I and II lands are excluded from lot area when computing FAR.,"or/clackamas/west-linn/09.r-20.txt#L177,L178",or/clackamas/west-linn/09.r-20.txt
00563,agree,noted,or/clackamas/west-linn,R-20,max_height_ft,40,40,feet,clear,True,,Maximum building height / 40 ft,"Except for steeply sloped lots, where Chapter 41 CDC applies.",or/clackamas/west-linn/09.r-20.txt#L165,or/clackamas/west-linn/09.r-20.txt
00564,agree,noted,or/clackamas/west-linn,R-15,setback_front_ft,20,20,feet,clear,True,10 ft front setback in a cottage cluster project (L148),Front yard / 20 ft,"Except for steeply sloped lots, where CDC 41.010 applies; the 10 ft figure is for cottage clusters only.",or/clackamas/west-linn/10.r-15.txt#L150,or/clackamas/west-linn/10.r-15.txt
00565,agree,noted,or/clackamas/west-linn,R-15,setback_side_ft,7.5,7.5,feet,clear,True,0 ft at attached townhouse common walls (L154),Interior side yard / 7.5 ft,Townhouse common walls that are attached may have a 0-ft side setback; 7.5 ft applies at the remaining side lot lines.,or/clackamas/west-linn/10.r-15.txt#L153,or/clackamas/west-linn/10.r-15.txt
00566,agree,,or/clackamas/west-linn,R-15,setback_rear_ft,20,20,feet,clear,True,,Rear yard / 20 ft,,or/clackamas/west-linn/10.r-15.txt#L158,or/clackamas/west-linn/10.r-15.txt
00567,agree,,or/clackamas/west-linn,R-15,setback_street_side_ft,15,15,feet,clear,True,,Street side yard / 15 ft,,or/clackamas/west-linn/10.r-15.txt#L156,or/clackamas/west-linn/10.r-15.txt
00568,agree,noted,or/clackamas/west-linn,R-15,min_lot_sqft,15000,15000,square feet,inferred,True,"1,500 sf average minimum lot or parcel size per unit in a townhouse project (L136)","Minimum lot size / 15,000 sf / For a single-family attached or detached unit.","The passage has no fourplex row; 15,000 sf is the zone's general minimum lot size, labeled for a single-family attached or detached unit.",or/clackamas/west-linn/10.r-15.txt#L135,or/clackamas/west-linn/10.r-15.txt
00569,agree,noted,or/clackamas/west-linn,R-15,max_density_du_per_acre,2.9,2.9,units per net acre,clear,True,,"Single-Family Residential detached R-15 2.9 15,000","Header reads 'Dwelling Units per Net Acre'; the classification table does not label the figure a maximum, and the row is labeled single-family detached.","or/clackamas/west-linn/05.density.txt#L29,L33",or/clackamas/west-linn/05.density.txt
00570,agree,noted,or/clackamas/west-linn,R-15,min_lot_width_ft,45,45,feet,inferred,True,80 ft average minimum lot width (L144),Minimum lot width at front lot line / 45 ft / Does not apply to townhouses or cottage clusters,"45 ft is the width at the front lot line only; the average minimum lot width is 80 ft, and both rows say they do not apply to townhouses or cottage clusters.",or/clackamas/west-linn/10.r-15.txt#L140,or/clackamas/west-linn/10.r-15.txt
00571,agree,noted,or/clackamas/west-linn,R-15,max_coverage_pct,30,30,percent,clear,True,,Maximum lot coverage / 30%,"Coverage excludes detached garages, carports and accessory structures, and up to 200 sf may be deducted for an attached garage or carport.",or/clackamas/west-linn/10.r-15.txt#L165,or/clackamas/west-linn/10.r-15.txt
00572,agree,noted,or/clackamas/west-linn,R-15,max_height_ft,40,40,feet,clear,True,,Maximum building height / 40 ft,"Except for steeply sloped lots, where Chapter 41 CDC applies.",or/clackamas/west-linn/10.r-15.txt#L161,or/clackamas/west-linn/10.r-15.txt
00573,agree,noted,or/clackamas/west-linn,R-10,setback_front_ft,20,20,feet,clear,True,10 ft in a cottage cluster project (L149),Front yard / 20 ft,Except for steeply sloped lots (CDC 41.010) and except as specified in CDC 25.070(C)(1) through (4) for the Willamette Historic District.,or/clackamas/west-linn/11.r-10.txt#L151,or/clackamas/west-linn/11.r-10.txt
00574,agree,noted,or/clackamas/west-linn,R-10,setback_side_ft,7.5,7.5,feet,clear,True,0 ft at attached townhouse common walls (L155),Interior side yard / 7.5 ft,Townhouse common walls that are attached may have a 0-ft side setback; the Willamette Historic District exception at L148 also heads this setback table.,or/clackamas/west-linn/11.r-10.txt#L154,or/clackamas/west-linn/11.r-10.txt
00575,agree,,or/clackamas/west-linn,R-10,setback_rear_ft,20,20,feet,clear,True,,Rear yard / 20 ft,,or/clackamas/west-linn/11.r-10.txt#L159,or/clackamas/west-linn/11.r-10.txt
00576,agree,,or/clackamas/west-linn,R-10,setback_street_side_ft,15,15,feet,clear,True,,Street side yard / 15 ft,,or/clackamas/west-linn/11.r-10.txt#L157,or/clackamas/west-linn/11.r-10.txt
00577,agree,noted,or/clackamas/west-linn,R-10,min_lot_sqft,10000,10000,square feet,inferred,True,"1,500 sf average minimum lot or parcel size per unit in a townhouse project (L139)","Minimum lot size / 10,000 sf / For a single-family attached or detached unit","The passage has no fourplex row; 10,000 sf is the zone's general minimum lot size, labeled for a single-family attached or detached unit.",or/clackamas/west-linn/11.r-10.txt#L138,or/clackamas/west-linn/11.r-10.txt
00578,agree,noted,or/clackamas/west-linn,R-10,max_density_du_per_acre,4.35,4.35,units per net acre,clear,True,,"Single-Family Residential detached R-10 4.35 10,000","Header reads 'Dwelling Units per Net Acre'; the classification table does not label the figure a maximum, and the row is labeled single-family detached.","or/clackamas/west-linn/05.density.txt#L29,L34",or/clackamas/west-linn/05.density.txt
00579,agree,noted,or/clackamas/west-linn,R-10,min_lot_width_ft,35,35,feet,inferred,True,50 ft average minimum lot width (L145),Minimum lot width at front lot line / 35 ft / Does not apply to townhouses or cottage clusters,"35 ft is the width at the front lot line only; the average minimum lot width is 50 ft, and both rows say they do not apply to townhouses or cottage clusters.",or/clackamas/west-linn/11.r-10.txt#L142,or/clackamas/west-linn/11.r-10.txt
00580,agree,noted,or/clackamas/west-linn,R-10,max_coverage_pct,35,35,percent,clear,True,,Maximum lot coverage / 35%,"Coverage excludes detached garages, carports and accessory structures, and up to 200 sf may be deducted for an attached garage or carport.",or/clackamas/west-linn/11.r-10.txt#L164,or/clackamas/west-linn/11.r-10.txt
00581,agree,noted,or/clackamas/west-linn,R-10,max_far,0.6,0.6,ratio,clear,True,0.45 general maximum FAR (L171) | 0.30 minimum FAR allowed regardless of Type I and II lands (L175),"Maximum floor area ratio / Duplex, triplex, and quadplex / 0.60","Row used is 'Duplex, triplex, and quadplex'; the general row is 0.45, and Type I and II lands are excluded from lot area when computing FAR.","or/clackamas/west-linn/11.r-10.txt#L170,L173-L174",or/clackamas/west-linn/11.r-10.txt
00582,agree,noted,or/clackamas/west-linn,R-10,max_height_ft,35,35,feet,clear,True,,Maximum building height / 35 ft,"Except for steeply sloped lots, where Chapter 41 CDC applies.",or/clackamas/west-linn/11.r-10.txt#L161,or/clackamas/west-linn/11.r-10.txt
00583,agree,noted,or/clackamas/west-linn,R-10,max_building_width_ft [willamette_historic_district],35,35,feet,clear,unknown,,8. Building shapes and sizes. No building shall exceed 35 feet in overall width.,"The figure is tied to the Willamette Historic District standards (CDC 25.070), not to the R-10 zone; the 28 ft in the same line is a front facade gable cap, a different standard.",or/clackamas/west-linn/25.willamette-historic.txt#L426,or/clackamas/west-linn/25.willamette-historic.txt
00584,agree,noted,or/clackamas/west-linn,R-7,setback_front_ft,20,20,feet,clear,True,10 ft in a cottage cluster project (L151),Front yard / 20 ft,"Except for steeply sloped lots, where CDC 41.010 applies; the 10 ft figure is for cottage clusters only.",or/clackamas/west-linn/12.r-7.txt#L153,or/clackamas/west-linn/12.r-7.txt
00585,agree,noted,or/clackamas/west-linn,R-7,setback_side_ft,7.5,7.5,feet,clear,True,0 ft at attached townhouse common walls (L157),Interior side yard / 7.5 ft,Townhouse common walls that are attached may have a 0-ft side setback; 7.5 ft applies at the remaining side lot lines.,or/clackamas/west-linn/12.r-7.txt#L156,or/clackamas/west-linn/12.r-7.txt
00586,agree,,or/clackamas/west-linn,R-7,setback_rear_ft,20,20,feet,clear,True,,Rear yard / 20 ft,,or/clackamas/west-linn/12.r-7.txt#L161,or/clackamas/west-linn/12.r-7.txt
00587,agree,,or/clackamas/west-linn,R-7,setback_street_side_ft,15,15,feet,clear,True,,Street side yard / 15 ft,,or/clackamas/west-linn/12.r-7.txt#L159,or/clackamas/west-linn/12.r-7.txt
00588,agree_alt,unclear+noted,or/clackamas/west-linn,R-7,min_lot_sqft,7000,5500,square feet,unclear,True,"7,000 sf for single-family detached units (the cited line L136) | 1,500 sf average minimum lot or parcel size per unit in a townhouse project (L142)","For single-family attached units / 5,500 sf / No yard shall be required between units","The cited line is the single-family detached row (7,000 sf); the passage has a separate single-family attached row at 5,500 sf and no quadplex row, so which row governs a 4-unit attached building is not stated.",or/clackamas/west-linn/12.r-7.txt#L136,or/clackamas/west-linn/12.r-7.txt
00589,agree,noted,or/clackamas/west-linn,R-7,max_density_du_per_acre,6.2,6.2,units per net acre,clear,True,,"Single-Family Residential detached R-7 6.2 7,000","Header reads 'Dwelling Units per Net Acre'; the classification table does not label the figure a maximum, and the row is labeled single-family detached.","or/clackamas/west-linn/05.density.txt#L29,L35",or/clackamas/west-linn/05.density.txt
00590,agree,noted,or/clackamas/west-linn,R-7,min_lot_width_ft,35,35,feet,clear,True,35 ft average minimum lot width (L148),Minimum lot width at front lot line / 35 ft / Does not apply to townhouses or cottage clusters,"Both the front-lot-line and average width rows are 35 ft, and both say they do not apply to townhouses or cottage clusters.",or/clackamas/west-linn/12.r-7.txt#L145,or/clackamas/west-linn/12.r-7.txt
00591,agree,noted,or/clackamas/west-linn,R-7,max_coverage_pct,35,35,percent,clear,True,,Maximum lot coverage / 35%,"Coverage excludes detached garages, carports and accessory structures, and up to 200 sf may be deducted for an attached garage or carport.",or/clackamas/west-linn/12.r-7.txt#L166,or/clackamas/west-linn/12.r-7.txt
00592,agree,noted,or/clackamas/west-linn,R-7,max_far,0.6,0.6,ratio,clear,True,0.45 general maximum FAR (L173) | 0.30 minimum FAR allowed regardless of Type I and II lands (L177),"Maximum floor area ratio / Duplex, triplex, and quadplex / 0.60","Row used is 'Duplex, triplex, and quadplex'; the general row is 0.45, and Type I and II lands are excluded from lot area when computing FAR.","or/clackamas/west-linn/12.r-7.txt#L172,L175-L176",or/clackamas/west-linn/12.r-7.txt
00593,agree,noted,or/clackamas/west-linn,R-7,max_height_ft,35,35,feet,clear,True,,Maximum building height / 35 ft,"Except for steeply sloped lots, where Chapter 41 CDC applies.",or/clackamas/west-linn/12.r-7.txt#L163,or/clackamas/west-linn/12.r-7.txt
00594,agree,noted,or/clackamas/west-linn,R-5,setback_front_ft,20,20,feet,clear,True,10 ft in a cottage cluster project (L161),Front yard / 20 ft,Except for steeply sloped lots (CDC 41.010) and except as specified in CDC 25.070(C)(1) through (4) for the Willamette Historic District.,or/clackamas/west-linn/13.r-5.txt#L163,or/clackamas/west-linn/13.r-5.txt
00595,agree,noted,or/clackamas/west-linn,R-5,setback_side_ft,5,5,feet,clear,True,0 ft at attached townhouse common walls (L167),Interior side yard / 5 ft,Townhouse common walls that are attached may have a 0 ft side setback; 5 ft applies at the remaining side lot lines.,or/clackamas/west-linn/13.r-5.txt#L166,or/clackamas/west-linn/13.r-5.txt
00596,agree,,or/clackamas/west-linn,R-5,setback_rear_ft,20,20,feet,clear,True,,Rear yard / 20 ft,,or/clackamas/west-linn/13.r-5.txt#L171,or/clackamas/west-linn/13.r-5.txt
00597,agree,,or/clackamas/west-linn,R-5,setback_street_side_ft,15,15,feet,clear,True,,Street side yard / 15 ft,,or/clackamas/west-linn/13.r-5.txt#L169,or/clackamas/west-linn/13.r-5.txt
00598,agree_alt,unclear+noted,or/clackamas/west-linn,R-5,min_lot_sqft,5000,4500,square feet,unclear,True,"5,000 sf for single-family detached units (the cited line L142) | 1,500 sf average minimum lot or parcel size per unit in a townhouse project (L148)","For single-family attached units / 4,500 sf / No yard shall be required between units.","The cited line is the single-family detached row (5,000 sf); the passage has a separate single-family attached row at 4,500 sf and no quadplex row, so which row governs a 4-unit attached building is not stated.",or/clackamas/west-linn/13.r-5.txt#L142,or/clackamas/west-linn/13.r-5.txt
00599,agree,noted,or/clackamas/west-linn,R-5,max_density_du_per_acre,8.7,8.7,units per net acre,inferred,True,"9.68 du/acre, the R-4.5 value in the same merged row","Medium Density Residential R-5 R-4.5 8.7 9.68 5,000 4,500","R-5 and R-4.5 share one printed row; 8.7 pairs with R-5 by position (and with 5,000 sf per unit), and the table does not label the density a maximum.","or/clackamas/west-linn/05.density.txt#L29,L37",or/clackamas/west-linn/05.density.txt
00600,agree,noted,or/clackamas/west-linn,R-5,min_lot_width_ft,35,35,feet,inferred,True,"35 ft average minimum lot width (L156), also marked as not applying to townhouses",Minimum lot width at front lot line | 35 ft | Does not apply to townhouses or cottage clusters,"The row is width measured at the front lot line (frontage-like) and the next line says it does not apply to townhouses or cottage clusters, so for a 4-unit attached townhouse this figure may not govern at all.",or/clackamas/west-linn/13.r-5.txt#L152,or/clackamas/west-linn/13.r-5.txt
00601,agree,noted,or/clackamas/west-linn,R-5,max_height_ft,35,35,feet,clear,True,,Maximum building height | 35 ft | Except for steeply sloped lots in which case the provisions of Chapter 41 CDC shall apply.,Steeply sloped lots are governed by Chapter 41 CDC instead.,or/clackamas/west-linn/13.r-5.txt#L174,or/clackamas/west-linn/13.r-5.txt
00602,agree,noted,or/clackamas/west-linn,R-5,max_building_width_ft [willamette_historic_district],35,35,feet,clear,unknown,28 ft cap on front facade gable width,8. Building shapes and sizes. No building shall exceed 35 feet in overall width. Front facade gables shall not exceed 28 feet in overall width.,"Passage is Chapter 25 historic-district standards and does not name R-5; it applies by district overlay, not by base zone.",or/clackamas/west-linn/25.willamette-historic.txt#L426,or/clackamas/west-linn/25.willamette-historic.txt
00603,agree,noted,or/clackamas/west-linn,R-4.5,setback_front_ft,20,20,feet,clear,True,10 ft for cottage cluster projects,Front yard | 20 ft | Except for steeply sloped lots where the provisions of CDC 41.010 shall apply,Steeply sloped lots are governed by CDC 41.010 instead.,or/clackamas/west-linn/14.r-4.5.txt#L188,or/clackamas/west-linn/14.r-4.5.txt
00604,agree,noted,or/clackamas/west-linn,R-4.5,setback_side_ft,5,5,feet,clear,True,0 ft along attached townhouse common walls,Interior side yard | 5 ft | Townhouse common walls that are attached may have a 0-ft side setback.,Attached townhouse common walls may have a 0-ft side setback.,or/clackamas/west-linn/14.r-4.5.txt#L191,or/clackamas/west-linn/14.r-4.5.txt
00605,agree,,or/clackamas/west-linn,R-4.5,setback_rear_ft,20,20,feet,clear,True,,Rear yard | 20 ft,,or/clackamas/west-linn/14.r-4.5.txt#L196,or/clackamas/west-linn/14.r-4.5.txt
00606,agree,,or/clackamas/west-linn,R-4.5,setback_street_side_ft,15,15,feet,clear,True,,Street side yard | 15 ft,,or/clackamas/west-linn/14.r-4.5.txt#L194,or/clackamas/west-linn/14.r-4.5.txt
00607,agree_alt,unclear+noted,or/clackamas/west-linn,R-4.5,min_lot_sqft,4500,4000,square feet,unclear,True,"4,500 sf for single-family detached units (the marked row) | 1,500 sf average minimum lot per unit for a townhouse project","For single-family attached units | 4,000 sf","The marked line is the single-family detached row; the passage has no quadplex row, the attached-units row prints 4,000 sf, and whether that is per unit or per lot is not stated, so which figure governs a 4-unit attached townhouse cannot be read from this passage.",or/clackamas/west-linn/14.r-4.5.txt#L168,or/clackamas/west-linn/14.r-4.5.txt
00608,agree,noted,or/clackamas/west-linn,R-4.5,max_density_du_per_acre,9.68,9.68,units per net acre,inferred,True,8.7 du/net acre (the R-5 half of the merged row),"Medium Density Residential R-5 R-4.5 8.7 9.68 5,000 4,500","The row merges R-5 and R-4.5; R-4.5 is second in each pair, so its density is 9.68 and its lot size per unit 4,500.","or/clackamas/west-linn/05.density.txt#L29,L37",or/clackamas/west-linn/05.density.txt
00609,agree,noted,or/clackamas/west-linn,R-4.5,min_lot_width_ft,35,35,feet,inferred,True,"35 ft average minimum lot width (L182), also marked as not applying to townhouses",Minimum front lot line Minimum lot width at front lot line | 35 ft | Does not apply to townhouses or cottage clusters,"The row is width at the front lot line (frontage-like) and the next line says it does not apply to townhouses or cottage clusters, so for a 4-unit attached townhouse this figure may not govern.",or/clackamas/west-linn/14.r-4.5.txt#L178,or/clackamas/west-linn/14.r-4.5.txt
00610,agree,noted,or/clackamas/west-linn,R-4.5,max_height_ft,35,35,feet,clear,True,,Maximum building height | 35 ft | Except for steeply sloped lots in which case the provisions of Chapter 41 CDC shall apply.,Steeply sloped lots are governed by Chapter 41 CDC instead.,or/clackamas/west-linn/14.r-4.5.txt#L199,or/clackamas/west-linn/14.r-4.5.txt
00611,agree,noted,or/clackamas/west-linn,R-3,setback_front_ft,15,15,feet,clear,True,20 ft for a garage | 10 ft for cottage cluster projects,Front yard | 15 ft | Except for steeply sloped lots where the provisions of CDC 41.010 shall apply,A separate Garage row sets 20 ft; steeply sloped lots are governed by CDC 41.010.,or/clackamas/west-linn/15.r-3.txt#L181,or/clackamas/west-linn/15.r-3.txt
00612,agree,noted,or/clackamas/west-linn,R-3,setback_side_ft,5,5,feet,clear,True,0 ft along attached townhouse common walls,Interior side yard | 5 ft | Townhouse common walls that are attached may have a 0-ft side setback.,Attached townhouse common walls may have a 0-ft side setback.,or/clackamas/west-linn/15.r-3.txt#L187,or/clackamas/west-linn/15.r-3.txt
00613,agree,noted,or/clackamas/west-linn,R-3,setback_rear_ft,15,15,feet,clear,True,,"Rear yard | 15 ft | Except that in the case of an apartment structure in this district, an additional yard area may be required",An apartment structure adjacent to low density residential uses may be required to provide additional yard area.,or/clackamas/west-linn/15.r-3.txt#L192,or/clackamas/west-linn/15.r-3.txt
00614,agree,,or/clackamas/west-linn,R-3,setback_street_side_ft,15,15,feet,clear,True,,Street side yard | 15 ft,,or/clackamas/west-linn/15.r-3.txt#L190,or/clackamas/west-linn/15.r-3.txt
00615,agree,noted,or/clackamas/west-linn,R-3,min_lot_sqft,3000,3000,square feet,inferred,True,"1,500 sf average minimum lot per unit for a townhouse project","For single-family detached units | 3,000 sf | For single-family attached units | 3,000 sf | Multifamily dwelling units | 3,000 sf","The marked line is the single-family detached row, but the attached and multifamily rows print the same 3,000 sf; there is no quadplex row and whether the multifamily figure is per unit is not stated.",or/clackamas/west-linn/15.r-3.txt#L166,or/clackamas/west-linn/15.r-3.txt
00616,agree,noted,or/clackamas/west-linn,R-3,max_density_du_per_acre,14.5,14.5,units per net acre,inferred,True,20.74 du/net acre (the R-2.1 half of the merged row),"Medium High Density R-3 R-2.1 14.5 20.74 3,000 2,100","The row merges R-3 and R-2.1; R-3 is first in each pair, so its density is 14.5 and its lot size per unit 3,000.","or/clackamas/west-linn/05.density.txt#L29,L39",or/clackamas/west-linn/05.density.txt
00617,agree,noted,or/clackamas/west-linn,R-3,min_lot_width_ft,35,35,feet,inferred,True,,Minimum lot width at front lot line | 35 ft | Does not apply to townhouses or cottage clusters,"The row is width at the front lot line (frontage-like) and the next line says it does not apply to townhouses or cottage clusters, so for a 4-unit attached townhouse this figure may not govern.",or/clackamas/west-linn/15.r-3.txt#L175,or/clackamas/west-linn/15.r-3.txt
00618,agree,noted,or/clackamas/west-linn,R-3,max_height_ft,35,35,feet,clear,True,,Maximum building height | 35 ft | Except for steeply sloped lots in which case the provisions of Chapter 41 CDC shall apply.,Steeply sloped lots are governed by Chapter 41 CDC instead.,or/clackamas/west-linn/15.r-3.txt#L196,or/clackamas/west-linn/15.r-3.txt
00619,agree,noted,or/clackamas/west-linn,R-2.1,setback_front_ft,15,15,feet,clear,True,10 ft for cottage cluster projects,Front yard | 15 ft | Except for steeply sloped lots where the provisions of CDC 41.010 shall apply,Steeply sloped lots are governed by CDC 41.010 instead.,or/clackamas/west-linn/16.r-2.1.txt#L203,or/clackamas/west-linn/16.r-2.1.txt
00620,agree,noted,or/clackamas/west-linn,R-2.1,setback_side_ft,5,5,feet,clear,True,0 ft along attached townhouse common walls,Interior side yard | 5 ft | Townhouse common walls that are attached may have a 0-ft side setback.,Attached townhouse common walls may have a 0-ft side setback.,or/clackamas/west-linn/16.r-2.1.txt#L206,or/clackamas/west-linn/16.r-2.1.txt
00621,agree,noted,or/clackamas/west-linn,R-2.1,setback_rear_ft,15,15,feet,clear,True,,"Rear yard | 15 ft | Except that in the case of an apartment structure in this district, an additional yard area may be required",An apartment structure adjacent to low-density residential uses may be required to provide additional yard area.,or/clackamas/west-linn/16.r-2.1.txt#L211,or/clackamas/west-linn/16.r-2.1.txt
00622,agree,,or/clackamas/west-linn,R-2.1,setback_street_side_ft,15,15,feet,clear,True,,Street side yard | 15 ft,,or/clackamas/west-linn/16.r-2.1.txt#L209,or/clackamas/west-linn/16.r-2.1.txt
00623,agree_alt,unclear+noted,or/clackamas/west-linn,R-2.1,min_lot_sqft,4000,2700,sq ft per attached unit,unclear,True,"4,000 sf for single-family detached units (the marked row) | 2,100 sf for each multifamily dwelling unit | 7,000 sf for a boarding, lodging or rooming house","For each attached single-family units | 2,700 sf","The marked line is the single-family detached row; the attached row is stated per unit (2,700 sf each) and there is no quadplex row, so which figure governs a 4-unit attached townhouse cannot be read from this passage.",or/clackamas/west-linn/16.r-2.1.txt#L182,or/clackamas/west-linn/16.r-2.1.txt
00624,agree,noted,or/clackamas/west-linn,R-2.1,max_density_du_per_acre,20.74,20.74,units per net acre,inferred,True,14.5 du/net acre (the R-3 half of the merged row),"Medium High Density R-3 R-2.1 14.5 20.74 3,000 2,100","The row merges R-3 and R-2.1; R-2.1 is second in each pair, so its density is 20.74 and its lot size per unit 2,100.","or/clackamas/west-linn/05.density.txt#L29,L39",or/clackamas/west-linn/05.density.txt
00625,agree,noted,or/clackamas/west-linn,R-2.1,min_lot_width_ft,35,35,feet,inferred,True,"35 ft average minimum lot width (L197), also marked as not applying to townhouses",Minimum lot width at front lot line | 35 ft | Does not apply to townhouses or cottage clusters,"The row is width at the front lot line (frontage-like) and the next line says it does not apply to townhouses or cottage clusters, so for a 4-unit attached townhouse this figure may not govern.",or/clackamas/west-linn/16.r-2.1.txt#L193,or/clackamas/west-linn/16.r-2.1.txt
00626,agree,noted,or/clackamas/west-linn,R-2.1,max_height_ft,35,35,feet,clear,True,45 ft / 3.5 stories for a garden apartment medium rise unit,Maximum building height | 35 ft | Except for steeply sloped lots ... 3.5 stories or 45 feet for a garden apartment medium rise unit; Multifamily dwelling units are limited to 3.5 stories,"A garden apartment medium rise unit gets 3.5 stories or 45 ft, multifamily is capped at 3.5 stories, and steeply sloped lots follow Chapter 41 CDC.",or/clackamas/west-linn/16.r-2.1.txt#L215,or/clackamas/west-linn/16.r-2.1.txt
00627,agree,noted,or/clackamas/wilsonville,defaults,parking_stall_width_ft,9,9,feet,clear,True,,"220. Parking Space: A permanently surfaced and marked area not less than nine feet wide and 18 feet long, excluding paved area necessary for access","This is the definitions section (Sec. 4.001 item 220), a definition of a parking space rather than a parking design standard; a design table elsewhere could print a different stall size.",or/clackamas/wilsonville/4.planning.txt#L1019-L1020,or/clackamas/wilsonville/4.planning.txt
00628,agree,noted,or/clackamas/wilsonville,defaults,parking_stall_depth_ft,18,18,feet,clear,True,,"220. Parking Space: A permanently surfaced and marked area not less than nine feet wide and 18 feet long, excluding paved area necessary for access","This is the definitions section (Sec. 4.001 item 220), a definition of a parking space rather than a parking design standard; a design table elsewhere could print a different stall size.",or/clackamas/wilsonville/4.planning.txt#L1019-L1020,or/clackamas/wilsonville/4.planning.txt
00629,agree,noted,or/clackamas/wilsonville,defaults,driveway_approach_max_width_ft,32,32,feet,clear,True,"16 ft: one maximum 16-foot-wide driveway approach per frontage, the alternative option for lots with frontages only on local streets | two approaches not exceeding 32 ft in total width on one frontage","a. The total width of all driveway approaches must not exceed 32 feet per frontage, as measured at the property line",The 32 ft cap is per frontage and totals all approaches; lots with more than one frontage must access the lowest-classification street (or a paved alley) and lots on collectors/arterials only follow the Public Works Standards instead.,or/clackamas/wilsonville/4.planning.txt#L3545-L3567,or/clackamas/wilsonville/4.planning.txt
00630,agree,,or/clackamas/wilsonville,defaults,parking_area_max_frontage_pct,50,50,percent,clear,True,,The combined width of all garages (measured from the interior of the garage door frame) and outdoor on-site parking and maneuvering areas shall not exceed a total of 50 percent of any street frontage (other than an alley),,or/clackamas/wilsonville/4.planning.txt#L3538-L3541,or/clackamas/wilsonville/4.planning.txt
00631,agree,noted,or/clackamas/wilsonville,defaults,parking_maneuvering_max_width_ft [unit_lots],12,12,feet,clear,True,12 ft garage width measured inside the door frame (iv) | 20 ft minimum street frontage per townhouse lot on a local street (i),iii. Outdoor on-site parking and maneuvering areas do not exceed 12 feet wide on any lot.,"The 12 ft cap belongs to the Front Access branch (5.b) for townhouse lots; a project that does not meet 5.a or 5.b falls to the Shared Access rules in 5.c, which put parking in the rear with a single consolidated driveway and no width cap stated.",or/clackamas/wilsonville/4.planning.txt#L3622-L3658,or/clackamas/wilsonville/4.planning.txt
00632,agree,,or/clackamas/wilsonville,R,max_height_ft,35,35,feet,clear,True,,E. Maximum building or structure height: 35 feet.,,or/clackamas/wilsonville/4.planning.txt#L4457,or/clackamas/wilsonville/4.planning.txt
00633,agree,noted,or/clackamas/wilsonville,R,setback_front_ft,15,15,feet,inferred,unknown,"10 ft for open porches | 20 ft for lots over 10,000 sq ft (subsection A, not shown in this passage)","B. For lots not exceeding 10,000 square feet: 1. Minimum front yard setback: 15 feet, with open porches allowed to extend to within ten feet of the property line.","The 15 ft figure is under the header for lots not exceeding 10,000 sq ft; the passage is Sec. 4.113 general residential setbacks and does not name zone R.",or/clackamas/wilsonville/4.planning.txt#L3035-L3036,or/clackamas/wilsonville/4.planning.txt
00634,agree,noted,or/clackamas/wilsonville,R,setback_front_ft [],20,20,feet,clear,unknown,,"A. For lots over 10,000 square feet: 1. Minimum front yard setback: 20 feet.","The 20 ft figure applies only to lots over 10,000 sq ft; the passage is Sec. 4.113 general residential setbacks and does not name zone R.",or/clackamas/wilsonville/4.planning.txt#L3011-L3012,or/clackamas/wilsonville/4.planning.txt
00635,agree,noted,or/clackamas/wilsonville,R,setback_side_ft,5,5,feet,inferred,unknown,7 ft for two or more stories | 10 ft on the street side of a corner lot,2. Minimum side yard setback: One story: five feet; Two or more stories: seven feet.,"The figure depends on stories (5 ft for one story, 7 ft for two or more) and sits under the header for lots not exceeding 10,000 sq ft; a two-storey building takes 7 ft, and the passage does not name zone R.",or/clackamas/wilsonville/4.planning.txt#L3037,or/clackamas/wilsonville/4.planning.txt
00636,agree,noted,or/clackamas/wilsonville,R,setback_side_ft [multi_story],7,7,feet,inferred,unknown,5 ft for one story | 10 ft on the street side of a corner lot,2. Minimum side yard setback: One story: five feet; Two or more stories: seven feet.,"The 7 ft two-or-more-stories figure sits under the header for lots not exceeding 10,000 sq ft; the passage is Sec. 4.113 general residential setbacks and does not name zone R.",or/clackamas/wilsonville/4.planning.txt#L3037,or/clackamas/wilsonville/4.planning.txt
00637,agree,noted,or/clackamas/wilsonville,R,setback_side_ft [],10,10,feet,clear,unknown,20 percent of lot width (but not less than 10 ft) on the street side of a corner lot under 100 ft wide,"A. For lots over 10,000 square feet: ... 2. Minimum side yard setback: Ten feet.","The 10 ft figure applies only to lots over 10,000 sq ft; the passage is Sec. 4.113 general residential setbacks and does not name zone R.",or/clackamas/wilsonville/4.planning.txt#L3013,or/clackamas/wilsonville/4.planning.txt
00638,agree,noted,or/clackamas/wilsonville,R,setback_side_ft [attached_wall],0,0,feet,clear,unknown,,8. Townhouse Setbacks: No setback is required along property lines where townhouses are attached.,"Stated as 'no setback is required' rather than as a number, and only along property lines where townhouses are attached; this copy is item 8 under subsection A (lots over 10,000 sq ft) and the passage does not name zone R.",or/clackamas/wilsonville/4.planning.txt#L3032,or/clackamas/wilsonville/4.planning.txt
00639,agree,noted,or/clackamas/wilsonville,R,setback_side_ft [attached_wall],0,0,feet,clear,unknown,,8. Townhouse Setbacks: No setback is required along property lines where townhouses are attached.,"Stated as 'no setback is required' rather than as a number, and only along property lines where townhouses are attached; this copy is item 8 under subsection B (lots not exceeding 10,000 sq ft) and the passage does not name zone R.",or/clackamas/wilsonville/4.planning.txt#L3059-L3060,or/clackamas/wilsonville/4.planning.txt
00640,agree,noted,or/clackamas/wilsonville,R,setback_rear_ft,15,15,feet,clear,unknown,20 ft for two or more stories,6. Minimum rear yard setback: One story: 15 feet. Two or more stories: 20 feet.,"Storey-dependent: 15 ft is the one-story figure and a two-story pod takes 20 ft; this is subsection B (lots not exceeding 10,000 sf, L3034) of the citywide 4.113(.02) setbacks, which names no zone.",or/clackamas/wilsonville/4.planning.txt#L3051,or/clackamas/wilsonville/4.planning.txt
00641,agree,noted,or/clackamas/wilsonville,R,setback_rear_ft [multi_story],20,20,feet,clear,unknown,15 ft for one story,6. Minimum rear yard setback: One story: 15 feet. Two or more stories: 20 feet.,"Subsection B (lots not exceeding 10,000 sf, L3034) of the citywide 4.113(.02) setbacks; no zone named.",or/clackamas/wilsonville/4.planning.txt#L3051,or/clackamas/wilsonville/4.planning.txt
00642,agree,noted,or/clackamas/wilsonville,R,setback_rear_ft [],20,20,feet,clear,unknown,,6. Minimum rear yard setback: 20 feet.,"Subsection A (lots over 10,000 sf, L3011) of the citywide 4.113(.02) setbacks, with no storey split; no zone named.",or/clackamas/wilsonville/4.planning.txt#L3025,or/clackamas/wilsonville/4.planning.txt
00643,agree,noted,or/clackamas/wilsonville,R,setback_street_side_ft,10,10,feet,clear,unknown,,"In the case of a corner lot, abutting more than one street or tract with a private drive, the side yard on the street side of such lot shall be not less than ten feet.","Subsection B (lots not exceeding 10,000 sf); lots over 10,000 sf use A.2 (L3013-16, outside this passage: 20 percent of lot width, not less than 10 ft, on corner lots under 100 ft wide); no zone named.",or/clackamas/wilsonville/4.planning.txt#L3038-L3039,or/clackamas/wilsonville/4.planning.txt
00644,agree,noted,or/clackamas/wilsonville,R,setback_garage_entrance_ft,20,20,feet,clear,unknown,4 ft from the alley property line where access is taken from an alley | wall above the garage door may project to within 15 ft,5. Minimum setback to garage door or carport entry: 20 feet.,"Subsection B (lots not exceeding 10,000 sf); the same 20 ft is printed in A.5 (L3022) for larger lots; no zone named.",or/clackamas/wilsonville/4.planning.txt#L3047,or/clackamas/wilsonville/4.planning.txt
00645,agree,noted,or/clackamas/wilsonville,R,setback_garage_entrance_ft [abuts_alley],4,4,feet,clear,unknown,20 ft base garage-door setback,"Where access is taken from an alley, garages or carports may be located no less than four feet from the property line adjoining the alley.","Spelled out as 'four feet'; subsection B (lots not exceeding 10,000 sf), with the same 4 ft in A.5 (L3023-24); no zone named.",or/clackamas/wilsonville/4.planning.txt#L3049-L3050,or/clackamas/wilsonville/4.planning.txt
00646,agree,noted,or/clackamas/wilsonville,R,min_lot_sqft,7000,7000,square feet,clear,True,"5,000 sf for single-family, duplexes and triplexes (row 1) | 1,250 sf per townhouse lot (row 4) | 10,000 sf for multi-family (row 3)","2. For quadplexes, four-unit cluster housing, and cottage clusters: 7000 square feet.","Quadplex row used; the townhouse row (1,250 sf per lot) is the other row a 4-unit attached townhouse could fall under.",or/clackamas/wilsonville/4.planning.txt#L4450-L4453,or/clackamas/wilsonville/4.planning.txt
00647,agree,noted,or/clackamas/wilsonville,R,min_lot_sqft [unit_lots],1250,1250,sq ft per townhouse lot,clear,True,7000 sf for quadplexes (row 2),"4. For townhouses: 1,250 square feet.",Per townhouse lot; unlike 4.123 (OTR) no cumulative minimum for attached units is stated here.,or/clackamas/wilsonville/4.planning.txt#L4455,or/clackamas/wilsonville/4.planning.txt
00648,agree,noted,or/clackamas/wilsonville,R,min_lot_width_ft,60,60,feet,inferred,True,20 ft for townhouses,A. Minimum lot width at building line: 1. For Townhouses: 20 feet. 2. For all other housing types: 60 feet.,"Two rows: townhouses 20 ft vs all other housing types 60 ft; 60 ft read as the single-lot quadplex figure and 20 ft as the townhouse (unit-lot) figure, but a 4-unit attached townhouse could be read either way; measured at the building line.",or/clackamas/wilsonville/4.planning.txt#L4440-L4442,or/clackamas/wilsonville/4.planning.txt
00649,agree,noted,or/clackamas/wilsonville,R,min_lot_width_ft [unit_lots],20,20,feet,clear,True,60 ft for all other housing types,1. For Townhouses: 20 feet.,"Per individual townhouse lot, measured at the building line.",or/clackamas/wilsonville/4.planning.txt#L4440-L4442,or/clackamas/wilsonville/4.planning.txt
00650,agree,,or/clackamas/wilsonville,R,min_lot_depth_ft,70,70,feet,clear,True,,D. Minimum lot depth: 70 feet.,,or/clackamas/wilsonville/4.planning.txt#L4456,or/clackamas/wilsonville/4.planning.txt
00651,agree,noted,or/clackamas/wilsonville,R,min_frontage_ft,30,30,feet,inferred,True,"20 ft for townhouses | no street frontage required when the lot fronts on an approved, platted private drive","B. Minimum street frontage of lot: 1. For Townhouses: 20 feet, except as provided in 3. below. 2. For all other housing types: 30 feet, except as provided in 3. below.",Row choice: 30 ft is the 'all other housing types' row (single-lot quadplex); item 3 waives frontage entirely on an approved platted private drive.,or/clackamas/wilsonville/4.planning.txt#L4443-L4446,or/clackamas/wilsonville/4.planning.txt
00652,agree,noted,or/clackamas/wilsonville,R,min_frontage_ft [unit_lots],20,20,feet,clear,True,"30 ft for all other housing types | no street frontage required when the lot fronts on an approved, platted private drive","1. For Townhouses: 20 feet, except as provided in 3. below.",Per townhouse lot; item 3 waives frontage entirely on an approved platted private drive.,or/clackamas/wilsonville/4.planning.txt#L4443-L4446,or/clackamas/wilsonville/4.planning.txt
00653,agree,unclear+noted,or/clackamas/wilsonville,R,max_coverage_pct,20,20,"percent, largest building (all buildings 25)",unclear,True,"25 percent for all buildings on a lot of 20,000 sf or more | 25/30 for more than 12,000 and less than 20,000 sf | 40/50 for more than 8,000 up to 12,000 sf | 45/55 for more than 7,000 up to 8,000 sf | 50/60 for 7,000 sf or less","Lot Size / Maximum Lot Coverage (percent of lot area) of Largest Building/All Buildings / 20,000 sf or more 20/25","Not a flat percentage: a five-band lot-size table with two columns (largest building/all buildings); five identical items cite it with no band given, so this one is assigned the first band in table order and must be checked against the encoded band; for a single pod the largest-building column binds.",or/clackamas/wilsonville/4.planning.txt#L4458-L4467,or/clackamas/wilsonville/4.planning.txt
00654,agree_alt,unclear+noted,or/clackamas/wilsonville,R,max_coverage_pct [],50,25,"percent, largest building (all buildings 30)",unclear,True,"30 percent for all buildings in this band | 20/25 for 20,000 sf or more | 40/50 for more than 8,000 up to 12,000 sf | 45/55 for more than 7,000 up to 8,000 sf | 50/60 for 7,000 sf or less","More than 12,000 sf and less than 20,000 sf 25/30","Not a flat percentage: five-band lot-size table, two columns (largest building/all buildings); five identical items cite it with no band given, so this one is assigned the second band in table order and must be checked against the encoded band; for a single pod the largest-building column binds.",or/clackamas/wilsonville/4.planning.txt#L4458-L4467,or/clackamas/wilsonville/4.planning.txt
00655,agree_alt,unclear+noted,or/clackamas/wilsonville,R,max_coverage_pct [],45,40,"percent, largest building (all buildings 50)",unclear,True,"50 percent for all buildings in this band | 20/25 for 20,000 sf or more | 25/30 for more than 12,000 and less than 20,000 sf | 45/55 for more than 7,000 up to 8,000 sf | 50/60 for 7,000 sf or less","More than 8,000 sf up to 12,000 sf 40/50","Not a flat percentage: five-band lot-size table, two columns (largest building/all buildings); five identical items cite it with no band given, so this one is assigned the third band in table order and must be checked against the encoded band; for a single pod the largest-building column binds.",or/clackamas/wilsonville/4.planning.txt#L4458-L4467,or/clackamas/wilsonville/4.planning.txt
00656,agree_alt,unclear+noted,or/clackamas/wilsonville,R,max_coverage_pct [],40,45,"percent, largest building (all buildings 55)",unclear,True,"55 percent for all buildings in this band | 20/25 for 20,000 sf or more | 25/30 for more than 12,000 and less than 20,000 sf | 40/50 for more than 8,000 up to 12,000 sf | 50/60 for 7,000 sf or less","More than 7,000 sf up to 8,000 sf 45/55","Not a flat percentage: five-band lot-size table, two columns (largest building/all buildings); five identical items cite it with no band given, so this one is assigned the fourth band in table order and must be checked against the encoded band; for a single pod the largest-building column binds.",or/clackamas/wilsonville/4.planning.txt#L4458-L4467,or/clackamas/wilsonville/4.planning.txt
00657,agree_alt,unclear+noted,or/clackamas/wilsonville,R,max_coverage_pct [],25,50,"percent, largest building (all buildings 60)",unclear,True,"60 percent for all buildings in this band | 20/25 for 20,000 sf or more | 25/30 for more than 12,000 and less than 20,000 sf | 40/50 for more than 8,000 up to 12,000 sf | 45/55 for more than 7,000 up to 8,000 sf","7,000 square feet or less 50/60","Not a flat percentage: five-band lot-size table, two columns (largest building/all buildings); five identical items cite it with no band given, so this one is assigned the fifth band in table order and must be checked against the encoded band; this is the band a 7,000 sf quadplex minimum lot falls in, and for a single pod the largest-building column binds.",or/clackamas/wilsonville/4.planning.txt#L4458-L4467,or/clackamas/wilsonville/4.planning.txt
00658,agree,noted,or/clackamas/wilsonville,OTR,setback_front_ft,15,15,feet,clear,unknown,"10 ft for open porches | 20 ft for lots over 10,000 sf (A.1, L3012)","1. Minimum front yard setback: 15 feet, with open porches allowed to extend to within ten feet of the property line.","Subsection B (lots not exceeding 10,000 sf) of citywide 4.113(.02), which applies only 'unless otherwise provided'; 4.123(.06)A (L4529-31, outside this passage) sends OTR setbacks to the Old Town Residential Design Standards Book, so this general figure may not govern OTR.",or/clackamas/wilsonville/4.planning.txt#L3035-L3036,or/clackamas/wilsonville/4.planning.txt
00659,agree,noted,or/clackamas/wilsonville,OTR,setback_front_ft [],20,20,feet,clear,unknown,"15 ft for lots not exceeding 10,000 sf (B.1, L3035)","A. For lots over 10,000 square feet: 1. Minimum front yard setback: 20 feet.","Subsection A (lots over 10,000 sf) of citywide 4.113(.02), which applies only 'unless otherwise provided'; 4.123(.06)A (L4529-31, outside this passage) sends OTR setbacks to the Old Town Residential Design Standards Book, so this general figure may not govern OTR.",or/clackamas/wilsonville/4.planning.txt#L3011-L3012,or/clackamas/wilsonville/4.planning.txt
00660,agree,noted,or/clackamas/wilsonville,OTR,setback_side_ft,5,5,feet,clear,unknown,7 ft for two or more stories | 10 ft on the street side of a corner lot,2. Minimum side yard setback: One story: five feet; Two or more stories: seven feet.,"Storey-dependent: 5 ft is the one-story figure and a two-story pod takes 7 ft; subsection B (lots not exceeding 10,000 sf) of citywide 4.113(.02), and 4.123(.06)A (outside this passage) sends OTR setbacks to the Old Town Residential Design Standards Book.",or/clackamas/wilsonville/4.planning.txt#L3037,or/clackamas/wilsonville/4.planning.txt
00661,agree,noted,or/clackamas/wilsonville,OTR,setback_side_ft [multi_story],7,7,feet,clear,unknown,5 ft for one story | 10 ft on the street side of a corner lot,2. Minimum side yard setback: One story: five feet; Two or more stories: seven feet.,"Subsection B (lots not exceeding 10,000 sf) of citywide 4.113(.02); 4.123(.06)A (outside this passage) sends OTR setbacks to the Old Town Residential Design Standards Book.",or/clackamas/wilsonville/4.planning.txt#L3037,or/clackamas/wilsonville/4.planning.txt
00662,agree,noted,or/clackamas/wilsonville,OTR,setback_side_ft [],10,10,feet,clear,unknown,"street side of a corner lot under 100 ft wide: 20 percent of lot width, not less than 10 ft",2. Minimum side yard setback: Ten feet.,"Subsection A (lots over 10,000 sf) of citywide 4.113(.02), no storey split; 4.123(.06)A (outside this passage) sends OTR setbacks to the Old Town Residential Design Standards Book.",or/clackamas/wilsonville/4.planning.txt#L3013,or/clackamas/wilsonville/4.planning.txt
00663,agree,noted,or/clackamas/wilsonville,OTR,setback_side_ft [attached_wall],0,0,feet (no setback required),clear,unknown,10 ft interior side (A.2) where not attached,8. Townhouse Setbacks: No setback is required along property lines where townhouses are attached.,"Stated as 'no setback', read as 0; this is A.8 (lots over 10,000 sf) and applies only along the property lines where townhouses are attached; no zone named.",or/clackamas/wilsonville/4.planning.txt#L3032,or/clackamas/wilsonville/4.planning.txt
00664,agree,noted,or/clackamas/wilsonville,OTR,setback_side_ft [attached_wall],0,0,feet (no setback required),clear,unknown,5 ft one story / 7 ft two or more stories (B.2) where not attached,8. Townhouse Setbacks: No setback is required along property lines where townhouses are attached.,"Stated as 'no setback', read as 0; this is B.8 (lots not exceeding 10,000 sf) and applies only along the property lines where townhouses are attached; no zone named.",or/clackamas/wilsonville/4.planning.txt#L3059-L3060,or/clackamas/wilsonville/4.planning.txt
00665,agree,noted,or/clackamas/wilsonville,OTR,setback_rear_ft,15,15,feet,clear,unknown,20 ft for two or more stories,6. Minimum rear yard setback: One story: 15 feet. Two or more stories: 20 feet.,"Storey-dependent: 15 ft is the one-story figure and a two-story pod takes 20 ft; subsection B (lots not exceeding 10,000 sf) of citywide 4.113(.02), and 4.123(.06)A (outside this passage) sends OTR setbacks to the Old Town Residential Design Standards Book.",or/clackamas/wilsonville/4.planning.txt#L3051,or/clackamas/wilsonville/4.planning.txt
00666,agree,noted,or/clackamas/wilsonville,OTR,setback_rear_ft [multi_story],20,20,feet,clear,unknown,15 ft for one story,6. Minimum rear yard setback: One story: 15 feet. Two or more stories: 20 feet.,"Subsection B (lots not exceeding 10,000 sf) of citywide 4.113(.02); 4.123(.06)A (outside this passage) sends OTR setbacks to the Old Town Residential Design Standards Book.",or/clackamas/wilsonville/4.planning.txt#L3051,or/clackamas/wilsonville/4.planning.txt
00667,agree,noted,or/clackamas/wilsonville,OTR,setback_rear_ft [],20,20,feet,clear,unknown,,6. Minimum rear yard setback: 20 feet.,"Subsection A (lots over 10,000 sf) of citywide 4.113(.02), no storey split; 4.123(.06)A (outside this passage) sends OTR setbacks to the Old Town Residential Design Standards Book.",or/clackamas/wilsonville/4.planning.txt#L3025,or/clackamas/wilsonville/4.planning.txt
00668,agree,noted,or/clackamas/wilsonville,OTR,setback_street_side_ft,10,10,feet,clear,unknown,,"In the case of a corner lot, abutting more than one street or tract with a private drive, the side yard on the street side of such lot shall be not less than ten feet.","Subsection B (lots not exceeding 10,000 sf); lots over 10,000 sf use A.2 (L3013-16, outside this passage: 20 percent of lot width, not less than 10 ft); 4.123(.06)A sends OTR setbacks to the Old Town Residential Design Standards Book.",or/clackamas/wilsonville/4.planning.txt#L3038-L3039,or/clackamas/wilsonville/4.planning.txt
00669,agree,noted,or/clackamas/wilsonville,OTR,setback_garage_entrance_ft,20,20,feet,clear,unknown,4 ft from the alley property line where access is taken from an alley | wall above the garage door may project to within 15 ft,5. Minimum setback to garage door or carport entry: 20 feet.,"Subsection B (lots not exceeding 10,000 sf); the same 20 ft is printed in A.5 (L3022); 4.123(.06)A (outside this passage) sends OTR setbacks to the Old Town Residential Design Standards Book.",or/clackamas/wilsonville/4.planning.txt#L3047,or/clackamas/wilsonville/4.planning.txt
00670,agree,noted,or/clackamas/wilsonville,OTR,setback_garage_entrance_ft [abuts_alley],4,4,feet,clear,unknown,20 ft base garage-door setback,"Where access is taken from an alley, garages or carports may be located no less than four feet from the property line adjoining the alley.","Spelled out as 'four feet'; subsection B (lots not exceeding 10,000 sf), with the same 4 ft in A.5 (L3023-24); 4.123(.06)A (outside this passage) sends OTR setbacks to the Old Town Residential Design Standards Book.",or/clackamas/wilsonville/4.planning.txt#L3049-L3050,or/clackamas/wilsonville/4.planning.txt
00671,agree,noted,or/clackamas/wilsonville,OTR,min_lot_sqft,7000,7000,square feet,clear,True,"3,000 sf for single-family, duplexes and two-unit cluster housing | 5,000 sf for triplexes | 1,500 sf per townhouse lot with 7,000 sf cumulative for four attached units","3. For quadplexes, four-unit cluster housing, and cottage clusters: 7,000 square feet.","Quadplex row used; the headings caption 'Table 1. R. Zone Density Calculations' is stale, the section heading is 4.123 OTR.",or/clackamas/wilsonville/4.planning.txt#L4516-L4520,or/clackamas/wilsonville/4.planning.txt
00672,agree_alt,unclear+noted,or/clackamas/wilsonville,OTR,min_lot_sqft [unit_lots],7000,1500,sq ft per townhouse lot,unclear,True,"7,000 sf cumulative for four attached units (c.)","4. For individual townhouse lots: 1,500 square feet; however, the cumulative area of lots for all townhouses attached to each other ... c. For four attached units: minimum 7,000 square feet.","Two figures: 1,500 sf per individual townhouse lot, but four attached units must total 7,000 sf (4 x 1,500 = 6,000 is not enough), so the cumulative 7,000 binds a 4-unit pod on unit lots.",or/clackamas/wilsonville/4.planning.txt#L4521-L4525,or/clackamas/wilsonville/4.planning.txt
00673,agree,,or/clackamas/wilsonville,OTR,min_lot_width_ft,35,35,feet,clear,True,"no minimum for individual townhouse lots, 35 ft cumulative for attached townhouses","A. Minimum lot width at building line: 35 feet, except as provided in 1. below .",,or/clackamas/wilsonville/4.planning.txt#L4510-L4512,or/clackamas/wilsonville/4.planning.txt
00674,agree,noted,or/clackamas/wilsonville,OTR,min_lot_width_ft [unit_lots],35,35,"feet, cumulative across all attached townhouse lots",inferred,True,no minimum (0) per individual townhouse lot,There is no minimum lot width for individual townhouse lots. The total cumulative lot width for townhouses attached to each other must be at least 35 feet.,"Per individual townhouse lot there is no minimum; the only printed figure is the 35 ft cumulative width across all attached units, which is what binds a 4-unit pod.",or/clackamas/wilsonville/4.planning.txt#L4510-L4512,or/clackamas/wilsonville/4.planning.txt
00675,agree,noted,or/clackamas/wilsonville,OTR,min_frontage_ft,35,35,feet,inferred,True,20 ft for townhouses,B. Minimum street frontage of lot: 1. For townhouses: 20 feet. 2. For all other housing types: 35 feet.,"Row choice: 35 ft is the 'all other housing types' row (single-lot quadplex); no private-drive waiver is printed here, unlike 4.122(.06)B.3 in the R zone.",or/clackamas/wilsonville/4.planning.txt#L4513-L4515,or/clackamas/wilsonville/4.planning.txt
00676,agree,noted,or/clackamas/wilsonville,OTR,min_frontage_ft [unit_lots],20,20,feet,clear,True,35 ft for all other housing types,1. For townhouses: 20 feet.,Per townhouse lot.,or/clackamas/wilsonville/4.planning.txt#L4513-L4515,or/clackamas/wilsonville/4.planning.txt
00677,agree,noted,or/clackamas/wilsonville,PDR1,max_height_ft,35,35,feet,inferred,True,,"Maximum Building Height (feet) ... PDR-1 20,000 Per Section 4.113 (.02) 20/25 80/80 100 35","Flattened table: 35 is the last cell of the PDR-1 row under the last column 'Maximum Building Height (feet)', read by position because some middle columns are elided in the passage.","or/clackamas/wilsonville/4.planning.txt#L4690,L4710-L4712,L4717",or/clackamas/wilsonville/4.planning.txt
00678,agree,noted,or/clackamas/wilsonville,PDR1,setback_front_ft,15,15,feet,inferred,unknown,"10 ft for open porches | 20 ft for lots over 10,000 sf (A.1, L3012)","1. Minimum front yard setback: 15 feet, with open porches allowed to extend to within ten feet of the property line.","Band mismatch: this is subsection B (lots not exceeding 10,000 sf), but PDR-1's minimum lot is 20,000 sf (Table 2, L4713), so a PDR-1 lot falls under A.1 (20 ft) unless a smaller PDR lot exists; no zone named.",or/clackamas/wilsonville/4.planning.txt#L3035-L3036,or/clackamas/wilsonville/4.planning.txt
00679,agree,noted,or/clackamas/wilsonville,PDR1,setback_front_ft [],20,20,feet,clear,unknown,"15 ft for lots not exceeding 10,000 sf (B.1, L3035)","A. For lots over 10,000 square feet: 1. Minimum front yard setback: 20 feet.","Subsection A (lots over 10,000 sf), the band a 20,000 sf PDR-1 lot falls in; Table 2 (L4714-15) sends PDR-1 setbacks to 4.113(.02), which applies 'unless otherwise provided for by the Code or a legislative master plan'; no zone named.",or/clackamas/wilsonville/4.planning.txt#L3011-L3012,or/clackamas/wilsonville/4.planning.txt
00680,agree,noted,or/clackamas/wilsonville,PDR1,setback_side_ft,5,5,feet,inferred,unknown,"7 ft for two or more stories | 10 ft on the street side of a corner lot | 10 ft for lots over 10,000 sq ft (subsection A, L3013)",2. Minimum side yard setback: One story: five feet; Two or more stories: seven feet.,"One-story figure; the line splits by stories, and subsection B (L3034) applies only to lots not exceeding 10,000 sq ft; the passage names no zone.",or/clackamas/wilsonville/4.planning.txt#L3037,or/clackamas/wilsonville/4.planning.txt
00681,agree,noted,or/clackamas/wilsonville,PDR1,setback_side_ft [multi_story],7,7,feet,clear,unknown,"5 ft for one story | 10 ft on the street side of a corner lot | 10 ft for lots over 10,000 sq ft (subsection A, L3013)",2. Minimum side yard setback: One story: five feet; Two or more stories: seven feet.,"Subsection B (L3034) applies only to lots not exceeding 10,000 sq ft; the passage names no zone.",or/clackamas/wilsonville/4.planning.txt#L3037,or/clackamas/wilsonville/4.planning.txt
00682,agree,noted,or/clackamas/wilsonville,PDR1,setback_side_ft [],10,10,feet,clear,unknown,"corner lot under 100 ft wide: street side 20 percent of lot width but not less than 10 ft | 5 ft one story / 7 ft two or more stories for lots not exceeding 10,000 sq ft (subsection B, L3037)",2. Minimum side yard setback: Ten feet.,"Subsection A (L3011) applies only to lots over 10,000 sq ft; the passage names no zone.",or/clackamas/wilsonville/4.planning.txt#L3013,or/clackamas/wilsonville/4.planning.txt
00683,agree,noted,or/clackamas/wilsonville,PDR1,setback_side_ft [attached_wall],0,0,feet (no setback required),clear,unknown,"10 ft where not attached (subsection A item 2, L3013)",8. Townhouse Setbacks: No setback is required along property lines where townhouses are attached.,"The text says 'No setback is required' rather than printing a zero; it applies only along the attached property line, under subsection A (lots over 10,000 sq ft); the passage names no zone.",or/clackamas/wilsonville/4.planning.txt#L3032,or/clackamas/wilsonville/4.planning.txt
00684,agree,noted,or/clackamas/wilsonville,PDR1,setback_side_ft [attached_wall],0,0,feet (no setback required),clear,unknown,"5 ft one story / 7 ft two or more stories where not attached (subsection B item 2, L3037)",8. Townhouse Setbacks: No setback is required along property lines where townhouses are attached.,"The text says 'No setback is required' rather than printing a zero; it applies only along the attached property line, under subsection B (lots not exceeding 10,000 sq ft); the passage names no zone.",or/clackamas/wilsonville/4.planning.txt#L3059-L3060,or/clackamas/wilsonville/4.planning.txt
00685,agree,noted,or/clackamas/wilsonville,PDR1,setback_rear_ft,15,15,feet,inferred,unknown,"20 ft for two or more stories | 20 ft for lots over 10,000 sq ft (subsection A, L3025)",6. Minimum rear yard setback: One story: 15 feet. Two or more stories: 20 feet.,"One-story figure; the line splits by stories, and subsection B (L3034) applies only to lots not exceeding 10,000 sq ft; the passage names no zone.",or/clackamas/wilsonville/4.planning.txt#L3051,or/clackamas/wilsonville/4.planning.txt
00686,agree,noted,or/clackamas/wilsonville,PDR1,setback_rear_ft [multi_story],20,20,feet,clear,unknown,"15 ft for one story | 20 ft for lots over 10,000 sq ft (subsection A, L3025)",6. Minimum rear yard setback: One story: 15 feet. Two or more stories: 20 feet.,"Subsection B (L3034) applies only to lots not exceeding 10,000 sq ft; the passage names no zone.",or/clackamas/wilsonville/4.planning.txt#L3051,or/clackamas/wilsonville/4.planning.txt
00687,agree,noted,or/clackamas/wilsonville,PDR1,setback_rear_ft [],20,20,feet,clear,unknown,"15 ft one story / 20 ft two or more stories for lots not exceeding 10,000 sq ft (subsection B, L3051)",6. Minimum rear yard setback: 20 feet.,"Subsection A (L3011) applies only to lots over 10,000 sq ft; the passage names no zone.",or/clackamas/wilsonville/4.planning.txt#L3025,or/clackamas/wilsonville/4.planning.txt
00688,agree,noted,or/clackamas/wilsonville,PDR1,setback_street_side_ft,10,10,feet,clear,unknown,"lots over 10,000 sq ft and corner lot under 100 ft wide: 20 percent of lot width but not less than 10 ft (subsection A, L3013-L3016)","In the case of a corner lot, abutting more than one street or tract with a private drive, the side yard on the street side of such lot shall be not less than ten feet.","Subsection B (L3034) applies only to lots not exceeding 10,000 sq ft; the passage names no zone.",or/clackamas/wilsonville/4.planning.txt#L3038-L3039,or/clackamas/wilsonville/4.planning.txt
00689,agree,noted,or/clackamas/wilsonville,PDR1,setback_garage_entrance_ft,20,20,feet,clear,unknown,wall above the garage door may project to within 15 ft of the property line | 4 ft from the alley property line where access is taken from an alley,5. Minimum setback to garage door or carport entry: 20 feet.,"Subsection B (L3034) applies only to lots not exceeding 10,000 sq ft; subsection A (L3022) states the same 20 ft; the passage names no zone.",or/clackamas/wilsonville/4.planning.txt#L3047,or/clackamas/wilsonville/4.planning.txt
00690,agree,noted,or/clackamas/wilsonville,PDR1,setback_garage_entrance_ft [abuts_alley],4,4,feet,clear,unknown,20 ft base garage door setback,"Where access is taken from an alley, garages or carports may be located no less than four feet from the property line adjoining the alley.","Subsection B (L3034) applies only to lots not exceeding 10,000 sq ft; subsection A (L3022-L3024) states the same 4 ft; the passage names no zone.",or/clackamas/wilsonville/4.planning.txt#L3049-L3050,or/clackamas/wilsonville/4.planning.txt
00691,agree,noted,or/clackamas/wilsonville,PDR1,min_lot_sqft,20000,20000,square feet,inferred,True,,"PDR-1 20,000","The 'Minimum Lot Size (square feet)' header (L4693-L4696) is outside this passage's window; the value is the first cell after the PDR-1 row label and the passage does not distinguish housing types, so this is the zone minimum, not a fourplex-specific figure.",or/clackamas/wilsonville/4.planning.txt#L4713,or/clackamas/wilsonville/4.planning.txt
00692,agree,noted,or/clackamas/wilsonville,PDR1,min_frontage_ft,80,80,feet,inferred,True,80 ft minimum lot width at building line (first half of the 80/80 pair),20/25 80/80 100,"The 80/80 pair is the column headed 'building Line/Minimum Street Frontage of Lot (feet)' immediately before Lot Depth (100); both halves read 80, and footnote markers D and E on that header are not shown in the passage.",or/clackamas/wilsonville/4.planning.txt#L4716,or/clackamas/wilsonville/4.planning.txt
00693,agree,unclear+noted,or/clackamas/wilsonville,PDR1,max_coverage_pct,20,20,percent (first half of a 20/25 pair),unclear,True,25 (second half of the 20/25 pair),20/25 80/80 100,"The header for the 20/25 column is in the elided lines L4697-L4703, so it is a coverage column only by elimination (lot size, setbacks, width/frontage, depth, height are all accounted for), and the passage cannot say which half is building coverage.",or/clackamas/wilsonville/4.planning.txt#L4716,or/clackamas/wilsonville/4.planning.txt
00694,agree,noted,or/clackamas/wilsonville,PDR2,max_height_ft,35,35,feet,inferred,unknown,,35,"The 35 is printed at the end of the PDR-1 row (L4713-L4717) under the 'Maximum Building Height (feet)' header; the PDR-2 row (L4718-L4723) prints no height figure, so the text cannot tell whether 35 is a cell spanning all rows or PDR-1 only.","or/clackamas/wilsonville/4.planning.txt#L4690,L4710-L4712,L4717",or/clackamas/wilsonville/4.planning.txt
00695,agree,noted,or/clackamas/wilsonville,PDR2,setback_front_ft,15,15,feet,clear,unknown,"10 ft for open porches | 20 ft for lots over 10,000 sq ft (subsection A, L3012)","1. Minimum front yard setback: 15 feet, with open porches allowed to extend to within ten feet of the property line.","Subsection B (L3034) applies only to lots not exceeding 10,000 sq ft; the passage names no zone.",or/clackamas/wilsonville/4.planning.txt#L3035-L3036,or/clackamas/wilsonville/4.planning.txt
00696,agree,noted,or/clackamas/wilsonville,PDR2,setback_front_ft [],20,20,feet,clear,unknown,"15 ft for lots not exceeding 10,000 sq ft (subsection B, L3035)","A. For lots over 10,000 square feet: 1. Minimum front yard setback: 20 feet.","Applies only to lots over 10,000 sq ft; the passage names no zone.",or/clackamas/wilsonville/4.planning.txt#L3011-L3012,or/clackamas/wilsonville/4.planning.txt
00697,agree,noted,or/clackamas/wilsonville,PDR2,setback_side_ft,5,5,feet,inferred,unknown,"7 ft for two or more stories | 10 ft on the street side of a corner lot | 10 ft for lots over 10,000 sq ft (subsection A, L3013)",2. Minimum side yard setback: One story: five feet; Two or more stories: seven feet.,"One-story figure; the line splits by stories, and subsection B (L3034) applies only to lots not exceeding 10,000 sq ft; the passage names no zone.",or/clackamas/wilsonville/4.planning.txt#L3037,or/clackamas/wilsonville/4.planning.txt
00698,agree,noted,or/clackamas/wilsonville,PDR2,setback_side_ft [multi_story],7,7,feet,clear,unknown,"5 ft for one story | 10 ft on the street side of a corner lot | 10 ft for lots over 10,000 sq ft (subsection A, L3013)",2. Minimum side yard setback: One story: five feet; Two or more stories: seven feet.,"Subsection B (L3034) applies only to lots not exceeding 10,000 sq ft; the passage names no zone.",or/clackamas/wilsonville/4.planning.txt#L3037,or/clackamas/wilsonville/4.planning.txt
00699,agree,noted,or/clackamas/wilsonville,PDR2,setback_side_ft [],10,10,feet,clear,unknown,"corner lot under 100 ft wide: street side 20 percent of lot width but not less than 10 ft | 5 ft one story / 7 ft two or more stories for lots not exceeding 10,000 sq ft (subsection B, L3037)",2. Minimum side yard setback: Ten feet.,"Subsection A (L3011) applies only to lots over 10,000 sq ft; the passage names no zone.",or/clackamas/wilsonville/4.planning.txt#L3013,or/clackamas/wilsonville/4.planning.txt
00700,agree,noted,or/clackamas/wilsonville,PDR2,setback_side_ft [attached_wall],0,0,feet (no setback required),clear,unknown,"10 ft where not attached (subsection A item 2, L3013)",8. Townhouse Setbacks: No setback is required along property lines where townhouses are attached.,"The text says 'No setback is required' rather than printing a zero; it applies only along the attached property line, under subsection A (lots over 10,000 sq ft); the passage names no zone.",or/clackamas/wilsonville/4.planning.txt#L3032,or/clackamas/wilsonville/4.planning.txt
00701,agree,noted,or/clackamas/wilsonville,PDR2,setback_side_ft [attached_wall],0,0,feet (no setback required),clear,unknown,"5 ft one story / 7 ft two or more stories where not attached (subsection B item 2, L3037)",8. Townhouse Setbacks: No setback is required along property lines where townhouses are attached.,"The text says 'No setback is required' rather than printing a zero; it applies only along the attached property line, under subsection B (lots not exceeding 10,000 sq ft); the passage names no zone.",or/clackamas/wilsonville/4.planning.txt#L3059-L3060,or/clackamas/wilsonville/4.planning.txt
00702,agree,noted,or/clackamas/wilsonville,PDR2,setback_rear_ft,15,15,feet,inferred,unknown,"20 ft for two or more stories | 20 ft for lots over 10,000 sq ft (subsection A, L3025)",6. Minimum rear yard setback: One story: 15 feet. Two or more stories: 20 feet.,"One-story figure; the line splits by stories, and subsection B (L3034) applies only to lots not exceeding 10,000 sq ft; the passage names no zone.",or/clackamas/wilsonville/4.planning.txt#L3051,or/clackamas/wilsonville/4.planning.txt
00703,agree,noted,or/clackamas/wilsonville,PDR2,setback_rear_ft [multi_story],20,20,feet,clear,unknown,"15 ft for one story | 20 ft for lots over 10,000 sq ft (subsection A, L3025)",6. Minimum rear yard setback: One story: 15 feet. Two or more stories: 20 feet.,"Subsection B (L3034) applies only to lots not exceeding 10,000 sq ft; the passage names no zone.",or/clackamas/wilsonville/4.planning.txt#L3051,or/clackamas/wilsonville/4.planning.txt
00704,agree,noted,or/clackamas/wilsonville,PDR2,setback_rear_ft [],20,20,feet,clear,unknown,"15 ft one story / 20 ft two or more stories for lots not exceeding 10,000 sq ft (subsection B, L3051)",6. Minimum rear yard setback: 20 feet.,"Subsection A (L3011) applies only to lots over 10,000 sq ft; the passage names no zone.",or/clackamas/wilsonville/4.planning.txt#L3025,or/clackamas/wilsonville/4.planning.txt
00705,agree,noted,or/clackamas/wilsonville,PDR2,setback_street_side_ft,10,10,feet,clear,unknown,"lots over 10,000 sq ft and corner lot under 100 ft wide: 20 percent of lot width but not less than 10 ft (subsection A, L3013-L3016)","In the case of a corner lot, abutting more than one street or tract with a private drive, the side yard on the street side of such lot shall be not less than ten feet.","Subsection B (L3034) applies only to lots not exceeding 10,000 sq ft; the passage names no zone.",or/clackamas/wilsonville/4.planning.txt#L3038-L3039,or/clackamas/wilsonville/4.planning.txt
00706,agree,noted,or/clackamas/wilsonville,PDR2,setback_garage_entrance_ft,20,20,feet,clear,unknown,wall above the garage door may project to within 15 ft of the property line | 4 ft from the alley property line where access is taken from an alley,5. Minimum setback to garage door or carport entry: 20 feet.,"Subsection B (L3034) applies only to lots not exceeding 10,000 sq ft; subsection A (L3022) states the same 20 ft; the passage names no zone.",or/clackamas/wilsonville/4.planning.txt#L3047,or/clackamas/wilsonville/4.planning.txt
00707,agree,noted,or/clackamas/wilsonville,PDR2,setback_garage_entrance_ft [abuts_alley],4,4,feet,clear,unknown,20 ft base garage door setback,"Where access is taken from an alley, garages or carports may be located no less than four feet from the property line adjoining the alley.","Subsection B (L3034) applies only to lots not exceeding 10,000 sq ft; subsection A (L3022-L3024) states the same 4 ft; the passage names no zone.",or/clackamas/wilsonville/4.planning.txt#L3049-L3050,or/clackamas/wilsonville/4.planning.txt
00708,agree,noted,or/clackamas/wilsonville,PDR2,min_lot_sqft,7000,7000,square feet,inferred,True,,"PDR-2 7,000 25/30 (more than 12,000","The 'Minimum Lot Size (square feet)' header (L4693-L4696) is outside this passage's window; 7,000 is the first cell after the PDR-2 row label, the 12,000/20,000/8,000 figures on the following lines are lot-size bands for another column, and the passage does not distinguish housing types.",or/clackamas/wilsonville/4.planning.txt#L4718,or/clackamas/wilsonville/4.planning.txt
00709,agree,noted,or/clackamas/wilsonville,PDR2,min_frontage_ft,30,30,feet,inferred,True,60 ft minimum lot width at building line (first half of the 60/30 pair),60/30 70,"L4723 is the tail of the PDR-2 row (L4718-L4723); the 60/30 pair sits in the column headed 'building Line/Minimum Street Frontage of Lot (feet)' immediately before Lot Depth (70), so street frontage is the second half; footnote markers D and E on that header are not shown.",or/clackamas/wilsonville/4.planning.txt#L4723,or/clackamas/wilsonville/4.planning.txt
00710,agree,unclear+noted,or/clackamas/wilsonville,PDR2,max_coverage_pct,45,45,percent (first half of a 45/55 pair),unclear,True,"55 (second half of the 45/55 pair) | 40/50 for lots more than 8,000 up to 12,000 sq ft | 25/30 for lots more than 12,000 and less than 20,000 sq ft","45/55 (7,000 to 8,000 sf lot)","The header for this column is in the elided lines L4697-L4703, so it is a coverage column only by elimination; the value is banded by lot size (the marked line is the 7,000 to 8,000 sq ft band) and the passage cannot say which half of the pair is building coverage.",or/clackamas/wilsonville/4.planning.txt#L4722,or/clackamas/wilsonville/4.planning.txt
00711,agree,noted,or/clackamas/wilsonville,PDR3,max_height_ft,35,35,feet,inferred,unknown,,35,"The 35 is printed at the end of the PDR-1 row (L4713-L4717) under the 'Maximum Building Height (feet)' header; the PDR-3 row (L4724-L4725) prints no height figure, so the text cannot tell whether 35 is a cell spanning all rows or PDR-1 only.","or/clackamas/wilsonville/4.planning.txt#L4690,L4710-L4712,L4717",or/clackamas/wilsonville/4.planning.txt
00712,agree,noted,or/clackamas/wilsonville,PDR3,setback_front_ft,15,15,feet,clear,unknown,"10 ft for open porches | 20 ft for lots over 10,000 sq ft (subsection A, L3012)","1. Minimum front yard setback: 15 feet, with open porches allowed to extend to within ten feet of the property line.","Subsection B (L3034) applies only to lots not exceeding 10,000 sq ft; the passage names no zone.",or/clackamas/wilsonville/4.planning.txt#L3035-L3036,or/clackamas/wilsonville/4.planning.txt
00713,agree,noted,or/clackamas/wilsonville,PDR3,setback_front_ft [],20,20,feet,clear,unknown,"15 ft for lots not exceeding 10,000 sq ft (subsection B, L3035)","A. For lots over 10,000 square feet: 1. Minimum front yard setback: 20 feet.","Applies only to lots over 10,000 sq ft; the passage names no zone.",or/clackamas/wilsonville/4.planning.txt#L3011-L3012,or/clackamas/wilsonville/4.planning.txt
00714,agree,noted,or/clackamas/wilsonville,PDR3,setback_side_ft,5,5,feet,inferred,unknown,"7 ft for two or more stories | 10 ft on the street side of a corner lot | 10 ft for lots over 10,000 sq ft (subsection A, L3013)",2. Minimum side yard setback: One story: five feet; Two or more stories: seven feet.,"One-story figure; the line splits by stories, and subsection B (L3034) applies only to lots not exceeding 10,000 sq ft; the passage names no zone.",or/clackamas/wilsonville/4.planning.txt#L3037,or/clackamas/wilsonville/4.planning.txt
00715,agree,noted,or/clackamas/wilsonville,PDR3,setback_side_ft [multi_story],7,7,feet,clear,unknown,"5 ft for one story | 10 ft on the street side of a corner lot | 10 ft for lots over 10,000 sq ft (subsection A, L3013)",2. Minimum side yard setback: One story: five feet; Two or more stories: seven feet.,"Subsection B (L3034) applies only to lots not exceeding 10,000 sq ft; the passage names no zone.",or/clackamas/wilsonville/4.planning.txt#L3037,or/clackamas/wilsonville/4.planning.txt
00716,agree,noted,or/clackamas/wilsonville,PDR3,setback_side_ft [],10,10,feet,clear,unknown,"corner lot under 100 ft wide: street side 20 percent of lot width but not less than 10 ft | 5 ft one story / 7 ft two or more stories for lots not exceeding 10,000 sq ft (subsection B, L3037)",2. Minimum side yard setback: Ten feet.,"Subsection A (L3011) applies only to lots over 10,000 sq ft; the passage names no zone.",or/clackamas/wilsonville/4.planning.txt#L3013,or/clackamas/wilsonville/4.planning.txt
00717,agree,noted,or/clackamas/wilsonville,PDR3,setback_side_ft [attached_wall],0,0,feet (no setback required),clear,unknown,"10 ft where not attached (subsection A item 2, L3013)",8. Townhouse Setbacks: No setback is required along property lines where townhouses are attached.,"The text says 'No setback is required' rather than printing a zero; it applies only along the attached property line, under subsection A (lots over 10,000 sq ft); the passage names no zone.",or/clackamas/wilsonville/4.planning.txt#L3032,or/clackamas/wilsonville/4.planning.txt
00718,agree,noted,or/clackamas/wilsonville,PDR3,setback_side_ft [attached_wall],0,0,feet (no setback required),clear,unknown,"5 ft one story / 7 ft two or more stories where not attached (subsection B item 2, L3037)",8. Townhouse Setbacks: No setback is required along property lines where townhouses are attached.,"The text says 'No setback is required' rather than printing a zero; it applies only along the attached property line, under subsection B (lots not exceeding 10,000 sq ft); the passage names no zone.",or/clackamas/wilsonville/4.planning.txt#L3059-L3060,or/clackamas/wilsonville/4.planning.txt
00719,agree,noted,or/clackamas/wilsonville,PDR3,setback_rear_ft,15,15,feet,inferred,unknown,"20 ft for two or more stories | 20 ft for lots over 10,000 sq ft (subsection A, L3025)",6. Minimum rear yard setback: One story: 15 feet. Two or more stories: 20 feet.,"One-story figure; the line splits by stories, and subsection B (L3034) applies only to lots not exceeding 10,000 sq ft; the passage names no zone.",or/clackamas/wilsonville/4.planning.txt#L3051,or/clackamas/wilsonville/4.planning.txt
00720,agree,noted,or/clackamas/wilsonville,PDR3,setback_rear_ft [multi_story],20,20,feet,clear,unknown,"15 ft for a one-story building (same line) | 20 ft flat for lots over 10,000 sf (A.6, L3025)",6. Minimum rear yard setback: One story: 15 feet. Two or more stories: 20 feet.,"Figure is from block B (lots not exceeding 10,000 sf) of the general 4.113(.02) setbacks, which are banded by lot size, not zone; the passage never names PDR-3.",or/clackamas/wilsonville/4.planning.txt#L3051,or/clackamas/wilsonville/4.planning.txt
00721,agree,noted,or/clackamas/wilsonville,PDR3,setback_rear_ft [],20,20,feet,clear,unknown,"15 ft one story / 20 ft two or more stories for lots not exceeding 10,000 sf (B.6, L3051)",6. Minimum rear yard setback: 20 feet.,"Block A applies only to lots over 10,000 sf; a PDR-3 quadplex lot near the 7,000 sf minimum would fall under block B (15 ft one story / 20 ft two+ stories); zone not named.",or/clackamas/wilsonville/4.planning.txt#L3025,or/clackamas/wilsonville/4.planning.txt
00722,agree,noted,or/clackamas/wilsonville,PDR3,setback_street_side_ft,10,10,feet,clear,unknown,"for lots over 10,000 sf, corner lot under 100 ft wide: 20 percent of lot width but not less than 10 ft (A.2, L3013-L3016)","In the case of a corner lot, abutting more than one street or tract with a private drive, the side yard on the street side of such lot shall be not less than ten feet.","Block B (lots not exceeding 10,000 sf); zone not named; the condition is a corner lot abutting more than one street or tract with a private drive.",or/clackamas/wilsonville/4.planning.txt#L3038-L3039,or/clackamas/wilsonville/4.planning.txt
00723,agree,noted,or/clackamas/wilsonville,PDR3,setback_garage_entrance_ft,20,20,feet,clear,unknown,4 ft from the property line adjoining an alley where access is taken from the alley | 15 ft for the wall above the garage door (the door itself stays at 20 ft) | 20 ft also under block A (L3022),5. Minimum setback to garage door or carport entry: 20 feet.,Block B general setback; zone not named.,or/clackamas/wilsonville/4.planning.txt#L3047,or/clackamas/wilsonville/4.planning.txt
00724,agree,noted,or/clackamas/wilsonville,PDR3,setback_garage_entrance_ft [abuts_alley],4,4,feet,clear,unknown,20 ft base garage door setback (L3047),"Where access is taken from an alley, garages or carports may be located no less than four feet from the property line adjoining the alley.","Zone not named; block B, and block A (L3022-L3024) states the same 4 ft alley figure.",or/clackamas/wilsonville/4.planning.txt#L3049-L3050,or/clackamas/wilsonville/4.planning.txt
00725,agree,noted,or/clackamas/wilsonville,PDR3,min_lot_sqft,7000,7000,square feet,clear,True,"4,500 sf base minimum lot size in the Table 2 PDR-3 row (L4724) | 1,500 sf per lot for townhouses in PDR-1 through PDR-5 (note A, L4730) | 5,000 sf for triplexes and three-unit cluster housing (same note B)","For the PDR 3 through PDR 7 zones, ... the minimum lot size for quadplexes, four-unit cluster housing, and cottage clusters is 7,000 square feet.","Passage distinguishes townhouses (1,500 sf per lot, note A) from quadplexes (7,000 sf); the quadplex figure is reported per the standard's fourplex definition.",or/clackamas/wilsonville/4.planning.txt#L4731-L4733,or/clackamas/wilsonville/4.planning.txt
00726,agree,noted,or/clackamas/wilsonville,PDR3,min_frontage_ft,40,40,feet,inferred,True,"20 ft minimum lot width and street frontage for townhouses in all PDR zones (note E, L4738)","PDR-3 4,500 50/60 40/40 F 60","Column read from the header 'Minimum Lot Width at building Line/Minimum Street Frontage of Lot (feet)' with some header lines elided; 40 is the frontage half of the 40/40 pair, and the cell carries footnote marker F whose text is not in the passage.",or/clackamas/wilsonville/4.planning.txt#L4724,or/clackamas/wilsonville/4.planning.txt
00727,agree,unclear+noted,or/clackamas/wilsonville,PDR3,max_coverage_pct,50,50,percent,unclear,True,60 (second figure of the 50/60 pair),"PDR-3 4,500 50/60 40/40","The coverage column header is elided from the passage; the cell is a 50/60 pair, and footnote C (detachment from 'the largest building' for lot coverage calculations) suggests largest-building/all-buildings, which would make 50 the figure for a single quadplex building, but the order cannot be confirmed here.",or/clackamas/wilsonville/4.planning.txt#L4724,or/clackamas/wilsonville/4.planning.txt
00728,agree,noted,or/clackamas/wilsonville,PDR4,max_height_ft,35,35,feet,inferred,unknown,,"Maximum / Building / Height (feet) ... PDR-1 20,000 Per Section 4.113 (.02) 20/25 80/80 100 / 35","35 is printed once, on its own line after the PDR-1 row; the PDR-4 row (L4726: 3,000 75/75 35/35 F 60) carries no height figure (its 35/35 is the width/frontage pair), which reads as a merged height cell spanning all PDR zones, but the passage does not tie 35 to PDR-4 explicitly.","or/clackamas/wilsonville/4.planning.txt#L4690,L4710-L4712,L4717",or/clackamas/wilsonville/4.planning.txt
00729,agree,noted,or/clackamas/wilsonville,PDR4,setback_front_ft,15,15,feet,clear,unknown,"10 ft for open porches | 20 ft for lots over 10,000 sf (A.1, L3012) | key lot: one-half the sum of the adjacent corner lot's yard and the adjacent interior lot's setback (B.3)","1. Minimum front yard setback: 15 feet, with open porches allowed to extend to within ten feet of the property line.","Block B (lots not exceeding 10,000 sf); zone not named.",or/clackamas/wilsonville/4.planning.txt#L3035-L3036,or/clackamas/wilsonville/4.planning.txt
00730,agree,noted,or/clackamas/wilsonville,PDR4,setback_front_ft [],20,20,feet,clear,unknown,"15 ft for lots not exceeding 10,000 sf (B.1, L3035)","A. For lots over 10,000 square feet: 1. Minimum front yard setback: 20 feet.","Applies only to lots over 10,000 sf; a PDR-4 quadplex lot near the 7,000 sf minimum would fall under block B; zone not named.",or/clackamas/wilsonville/4.planning.txt#L3011-L3012,or/clackamas/wilsonville/4.planning.txt
00731,agree,noted,or/clackamas/wilsonville,PDR4,setback_side_ft,5,5,feet,clear,unknown,"7 ft for two or more stories | 10 ft on the street side of a corner lot (same paragraph) | 10 ft for lots over 10,000 sf (A.2, L3013) | 0 ft along property lines where townhouses are attached (B.8, L3059)",2. Minimum side yard setback: One story: five feet; Two or more stories: seven feet.,"Storey-banded: 5 ft is the one-story figure only; block B (lots not exceeding 10,000 sf); zone not named.",or/clackamas/wilsonville/4.planning.txt#L3037,or/clackamas/wilsonville/4.planning.txt
00732,agree,noted,or/clackamas/wilsonville,PDR4,setback_side_ft [multi_story],7,7,feet,clear,unknown,"5 ft for one story | 10 ft for lots over 10,000 sf (A.2, L3013) | 0 ft where townhouses are attached (B.8, L3059)",2. Minimum side yard setback: One story: five feet; Two or more stories: seven feet.,"Block B (lots not exceeding 10,000 sf); zone not named.",or/clackamas/wilsonville/4.planning.txt#L3037,or/clackamas/wilsonville/4.planning.txt
00733,agree,noted,or/clackamas/wilsonville,PDR4,setback_side_ft [],10,10,feet,clear,unknown,"5 ft one story / 7 ft two or more stories for lots not exceeding 10,000 sf (B.2, L3037) | street side of a corner lot under 100 ft wide: 20 percent of lot width, not less than 10 ft | 0 ft where townhouses are attached (A.8, L3032)",2. Minimum side yard setback: Ten feet.,"Applies only to lots over 10,000 sf; zone not named.",or/clackamas/wilsonville/4.planning.txt#L3013,or/clackamas/wilsonville/4.planning.txt
00734,agree,noted,or/clackamas/wilsonville,PDR4,setback_side_ft [attached_wall],0,0,feet,clear,unknown,"10 ft interior side where not attached (A.2, L3013)",8. Townhouse Setbacks: No setback is required along property lines where townhouses are attached.,"'No setback' reported as 0; this instance sits in block A (lots over 10,000 sf) and the identical provision appears in block B at L3059-L3060; zone not named.",or/clackamas/wilsonville/4.planning.txt#L3032,or/clackamas/wilsonville/4.planning.txt
00735,agree,noted,or/clackamas/wilsonville,PDR4,setback_side_ft [attached_wall],0,0,feet,clear,unknown,"5 ft one story / 7 ft two or more stories where not attached (B.2, L3037)",8. Townhouse Setbacks: No setback is required along property lines where townhouses are attached.,"'No setback' reported as 0; block B (lots not exceeding 10,000 sf); zone not named.",or/clackamas/wilsonville/4.planning.txt#L3059-L3060,or/clackamas/wilsonville/4.planning.txt
00736,agree,noted,or/clackamas/wilsonville,PDR4,setback_rear_ft,15,15,feet,clear,unknown,"20 ft for two or more stories | 20 ft flat for lots over 10,000 sf (A.6, L3025)",6. Minimum rear yard setback: One story: 15 feet. Two or more stories: 20 feet.,"Storey-banded: 15 ft is the one-story figure only; block B (lots not exceeding 10,000 sf); zone not named.",or/clackamas/wilsonville/4.planning.txt#L3051,or/clackamas/wilsonville/4.planning.txt
00737,agree,noted,or/clackamas/wilsonville,PDR4,setback_rear_ft [multi_story],20,20,feet,clear,unknown,"15 ft for a one-story building | 20 ft flat for lots over 10,000 sf (A.6, L3025)",6. Minimum rear yard setback: One story: 15 feet. Two or more stories: 20 feet.,"Block B (lots not exceeding 10,000 sf); zone not named.",or/clackamas/wilsonville/4.planning.txt#L3051,or/clackamas/wilsonville/4.planning.txt
00738,agree,noted,or/clackamas/wilsonville,PDR4,setback_rear_ft [],20,20,feet,clear,unknown,"15 ft one story / 20 ft two or more stories for lots not exceeding 10,000 sf (B.6, L3051)",6. Minimum rear yard setback: 20 feet.,"Block A applies only to lots over 10,000 sf; a PDR-4 quadplex lot near the 7,000 sf minimum would fall under block B; zone not named.",or/clackamas/wilsonville/4.planning.txt#L3025,or/clackamas/wilsonville/4.planning.txt
00739,agree,noted,or/clackamas/wilsonville,PDR4,setback_street_side_ft,10,10,feet,clear,unknown,"for lots over 10,000 sf, corner lot under 100 ft wide: 20 percent of lot width but not less than 10 ft (A.2, L3013-L3016)","In the case of a corner lot, abutting more than one street or tract with a private drive, the side yard on the street side of such lot shall be not less than ten feet.","Block B (lots not exceeding 10,000 sf); zone not named; the condition is a corner lot abutting more than one street or tract with a private drive.",or/clackamas/wilsonville/4.planning.txt#L3038-L3039,or/clackamas/wilsonville/4.planning.txt
00740,agree,noted,or/clackamas/wilsonville,PDR4,setback_garage_entrance_ft,20,20,feet,clear,unknown,4 ft from the property line adjoining an alley where access is taken from the alley | 15 ft for the wall above the garage door (the door itself stays at 20 ft) | 20 ft also under block A (L3022),5. Minimum setback to garage door or carport entry: 20 feet.,Block B general setback; zone not named.,or/clackamas/wilsonville/4.planning.txt#L3047,or/clackamas/wilsonville/4.planning.txt
00741,agree,noted,or/clackamas/wilsonville,PDR4,setback_garage_entrance_ft [abuts_alley],4,4,feet,clear,unknown,20 ft base garage door setback (L3047),"Where access is taken from an alley, garages or carports may be located no less than four feet from the property line adjoining the alley.","Zone not named; block B, and block A (L3022-L3024) states the same 4 ft alley figure.",or/clackamas/wilsonville/4.planning.txt#L3049-L3050,or/clackamas/wilsonville/4.planning.txt
00742,agree,noted,or/clackamas/wilsonville,PDR4,min_lot_sqft,7000,7000,square feet,clear,True,"3,000 sf base minimum lot size in the Table 2 PDR-4 row (L4726) | 1,500 sf per lot for townhouses in PDR-1 through PDR-5 (note A, L4730) | 5,000 sf for triplexes and three-unit cluster housing (same note B)","For the PDR 3 through PDR 7 zones, ... the minimum lot size for quadplexes, four-unit cluster housing, and cottage clusters is 7,000 square feet.","Passage distinguishes townhouses (1,500 sf per lot, note A) from quadplexes (7,000 sf); the quadplex figure is reported per the standard's fourplex definition.",or/clackamas/wilsonville/4.planning.txt#L4731-L4733,or/clackamas/wilsonville/4.planning.txt
00743,agree,noted,or/clackamas/wilsonville,PDR4,min_frontage_ft,35,35,feet,inferred,True,"20 ft minimum lot width and street frontage for townhouses in all PDR zones (note E, L4738)","PDR-4 3,000 75/75 35/35 F 60","Column identified from the header 'Minimum Lot Width at building Line/Minimum Street Frontage of Lot (feet)', which is only partly visible in this passage; 35 is the frontage half of the 35/35 pair, and the cell carries footnote marker F whose text is not in the passage.",or/clackamas/wilsonville/4.planning.txt#L4726,or/clackamas/wilsonville/4.planning.txt
00744,agree,noted,or/clackamas/wilsonville,PDR4,max_coverage_pct,75,75,percent,inferred,True,,"PDR-4 3,000 75/75 35/35 F 60","The coverage column header is elided from the passage and the cell is the pair 75/75; both halves agree, so 75 holds whichever half governs a single building.",or/clackamas/wilsonville/4.planning.txt#L4726,or/clackamas/wilsonville/4.planning.txt
00745,agree,noted,or/clackamas/wilsonville,PDR5,max_height_ft,35,35,feet,inferred,unknown,,"Maximum / Building / Height (feet) ... PDR-1 20,000 Per Section 4.113 (.02) 20/25 80/80 100 / 35","35 is printed once, on its own line after the PDR-1 row; the PDR-5 row (L4727: 2,000 75/75 30/30 60) carries no height figure, which reads as a merged height cell spanning all PDR zones, but the passage does not tie 35 to PDR-5 explicitly.","or/clackamas/wilsonville/4.planning.txt#L4690,L4710-L4712,L4717",or/clackamas/wilsonville/4.planning.txt
00746,agree,noted,or/clackamas/wilsonville,PDR5,setback_front_ft,15,15,feet,clear,unknown,"10 ft for open porches | 20 ft for lots over 10,000 sf (A.1, L3012) | key lot: one-half the sum of the adjacent corner lot's yard and the adjacent interior lot's setback (B.3)","1. Minimum front yard setback: 15 feet, with open porches allowed to extend to within ten feet of the property line.","Block B (lots not exceeding 10,000 sf); zone not named.",or/clackamas/wilsonville/4.planning.txt#L3035-L3036,or/clackamas/wilsonville/4.planning.txt
00747,agree,noted,or/clackamas/wilsonville,PDR5,setback_front_ft [],20,20,feet,clear,unknown,"15 ft for lots not exceeding 10,000 sf (B.1, L3035)","A. For lots over 10,000 square feet: 1. Minimum front yard setback: 20 feet.","Applies only to lots over 10,000 sf; a PDR-5 quadplex lot near the 7,000 sf minimum would fall under block B; zone not named.",or/clackamas/wilsonville/4.planning.txt#L3011-L3012,or/clackamas/wilsonville/4.planning.txt
00748,agree,noted,or/clackamas/wilsonville,PDR5,setback_side_ft,5,5,feet,clear,unknown,"7 ft for two or more stories | 10 ft on the street side of a corner lot (same paragraph) | 10 ft for lots over 10,000 sf (A.2, L3013) | 0 ft along property lines where townhouses are attached (B.8, L3059)",2. Minimum side yard setback: One story: five feet; Two or more stories: seven feet.,"Storey-banded: 5 ft is the one-story figure only; block B (lots not exceeding 10,000 sf); zone not named.",or/clackamas/wilsonville/4.planning.txt#L3037,or/clackamas/wilsonville/4.planning.txt
00749,agree,noted,or/clackamas/wilsonville,PDR5,setback_side_ft [multi_story],7,7,feet,clear,unknown,"5 ft for one story | 10 ft for lots over 10,000 sf (A.2, L3013) | 0 ft where townhouses are attached (B.8, L3059)",2. Minimum side yard setback: One story: five feet; Two or more stories: seven feet.,"Block B (lots not exceeding 10,000 sf); zone not named.",or/clackamas/wilsonville/4.planning.txt#L3037,or/clackamas/wilsonville/4.planning.txt
00750,agree,noted,or/clackamas/wilsonville,PDR5,setback_side_ft [],10,10,feet,clear,unknown,"5 ft one story / 7 ft two or more stories for lots not exceeding 10,000 sf (B.2, L3037) | street side of a corner lot under 100 ft wide: 20 percent of lot width, not less than 10 ft | 0 ft where townhouses are attached (A.8, L3032)",2. Minimum side yard setback: Ten feet.,"Applies only to lots over 10,000 sf; zone not named.",or/clackamas/wilsonville/4.planning.txt#L3013,or/clackamas/wilsonville/4.planning.txt
00751,agree,noted,or/clackamas/wilsonville,PDR5,setback_side_ft [attached_wall],0,0,feet,clear,unknown,"10 ft interior side where not attached (A.2, L3013)",8. Townhouse Setbacks: No setback is required along property lines where townhouses are attached.,"'No setback' reported as 0; this instance sits in block A (lots over 10,000 sf) and the identical provision appears in block B at L3059-L3060; zone not named.",or/clackamas/wilsonville/4.planning.txt#L3032,or/clackamas/wilsonville/4.planning.txt
00752,agree,noted,or/clackamas/wilsonville,PDR5,setback_side_ft [attached_wall],0,0,feet,clear,unknown,"5 ft one story / 7 ft two or more stories where not attached (B.2, L3037)",8. Townhouse Setbacks: No setback is required along property lines where townhouses are attached.,"'No setback' reported as 0; block B (lots not exceeding 10,000 sf); zone not named.",or/clackamas/wilsonville/4.planning.txt#L3059-L3060,or/clackamas/wilsonville/4.planning.txt
00753,agree,noted,or/clackamas/wilsonville,PDR5,setback_rear_ft,15,15,feet,clear,unknown,"20 ft for two or more stories | 20 ft flat for lots over 10,000 sf (A.6, L3025)",6. Minimum rear yard setback: One story: 15 feet. Two or more stories: 20 feet.,"Storey-banded: 15 ft is the one-story figure only; block B (lots not exceeding 10,000 sf); zone not named.",or/clackamas/wilsonville/4.planning.txt#L3051,or/clackamas/wilsonville/4.planning.txt
00754,agree,noted,or/clackamas/wilsonville,PDR5,setback_rear_ft [multi_story],20,20,feet,clear,unknown,"15 ft for a one-story building | 20 ft flat for lots over 10,000 sf (A.6, L3025)",6. Minimum rear yard setback: One story: 15 feet. Two or more stories: 20 feet.,"Block B (lots not exceeding 10,000 sf); zone not named.",or/clackamas/wilsonville/4.planning.txt#L3051,or/clackamas/wilsonville/4.planning.txt
00755,agree,noted,or/clackamas/wilsonville,PDR5,setback_rear_ft [],20,20,feet,clear,unknown,"15 ft one story / 20 ft two or more stories for lots not exceeding 10,000 sf (B.6, L3051)",6. Minimum rear yard setback: 20 feet.,"Block A applies only to lots over 10,000 sf; a PDR-5 quadplex lot near the 7,000 sf minimum would fall under block B; zone not named.",or/clackamas/wilsonville/4.planning.txt#L3025,or/clackamas/wilsonville/4.planning.txt
00756,agree,noted,or/clackamas/wilsonville,PDR5,setback_street_side_ft,10,10,feet,clear,unknown,"for lots over 10,000 sf, corner lot under 100 ft wide: 20 percent of lot width but not less than 10 ft (A.2, L3013-L3016)","In the case of a corner lot, abutting more than one street or tract with a private drive, the side yard on the street side of such lot shall be not less than ten feet.","Block B (lots not exceeding 10,000 sf); zone not named; the condition is a corner lot abutting more than one street or tract with a private drive.",or/clackamas/wilsonville/4.planning.txt#L3038-L3039,or/clackamas/wilsonville/4.planning.txt
00757,agree,noted,or/clackamas/wilsonville,PDR5,setback_garage_entrance_ft,20,20,feet,clear,unknown,4 ft from the property line adjoining an alley where access is taken from the alley | 15 ft for the wall above the garage door (the door itself stays at 20 ft) | 20 ft also under block A (L3022),5. Minimum setback to garage door or carport entry: 20 feet.,Block B general setback; zone not named.,or/clackamas/wilsonville/4.planning.txt#L3047,or/clackamas/wilsonville/4.planning.txt
00758,agree,noted,or/clackamas/wilsonville,PDR5,setback_garage_entrance_ft [abuts_alley],4,4,feet,clear,unknown,20 ft base garage door setback (L3047),"Where access is taken from an alley, garages or carports may be located no less than four feet from the property line adjoining the alley.","Zone not named; block B, and block A (L3022-L3024) states the same 4 ft alley figure.",or/clackamas/wilsonville/4.planning.txt#L3049-L3050,or/clackamas/wilsonville/4.planning.txt
00759,agree,noted,or/clackamas/wilsonville,PDR5,min_lot_sqft,7000,7000,square feet,clear,True,"2,000 sf base minimum lot size in the Table 2 PDR-5 row (L4727) | 1,500 sf per lot for townhouses in PDR-1 through PDR-5 (note A, L4730) | 5,000 sf for triplexes and three-unit cluster housing (same note B)","For the PDR 3 through PDR 7 zones, ... the minimum lot size for quadplexes, four-unit cluster housing, and cottage clusters is 7,000 square feet.","Passage distinguishes townhouses (1,500 sf per lot, note A) from quadplexes (7,000 sf); the quadplex figure is reported per the standard's fourplex definition.",or/clackamas/wilsonville/4.planning.txt#L4731-L4733,or/clackamas/wilsonville/4.planning.txt
00760,agree,noted,or/clackamas/wilsonville,PDR5,min_frontage_ft,30,30,feet,inferred,True,"20 ft for townhouses in all PDR zones (note E) | 75 (first pair, if read as the width/frontage column) | 60 (last figure, read as lot depth)","PDR-5 2,000 75/75 30/30 60","Column order had to be inferred from the header: 2,000 is lot size, 75/75 the coverage pair, 30/30 the 'lot width at building line / street frontage' pair and 60 the lot depth; note E overrides with 20 ft for townhouses.",or/clackamas/wilsonville/4.planning.txt#L4727,or/clackamas/wilsonville/4.planning.txt
00761,agree,noted,or/clackamas/wilsonville,PDR5,max_coverage_pct,75,75,percent,inferred,True,75 (the second value of the 75/75 pair) | 30 (if the 30/30 pair were read as coverage),"PDR-5 2,000 75/75 30/30 60","The coverage cell prints a pair, '75/75' (both values 75); its column position was inferred from the header and from the PDR-2 row, whose coverage figures are banded by lot size.",or/clackamas/wilsonville/4.planning.txt#L4727,or/clackamas/wilsonville/4.planning.txt
00762,agree,unclear+noted,or/clackamas/wilsonville,PDR6,max_height_ft,35,35,feet,unclear,unknown,"100 (lot depth on the PDR-1 row) | 60 (last figure on the PDR-5/6/7 rows, read as lot depth)",Maximum Building Height (feet) ... 35,"The only figure under the 'Maximum Building Height (feet)' header is the 35 at L4717, which falls at the end of the PDR-1 row block; the PDR-6 row (L4728) is not in the passage and prints no height cell.","or/clackamas/wilsonville/4.planning.txt#L4690,L4710-L4712,L4717",or/clackamas/wilsonville/4.planning.txt
00763,agree,noted,or/clackamas/wilsonville,PDR6,setback_front_ft,15,15,feet,inferred,unknown,"20 ft for lots over 10,000 square feet (L3012) | 10 ft, the line open porches may extend to","1. Minimum front yard setback: 15 feet, with open porches allowed to extend to within ten feet of the property line.","The 15 ft figure sits under 'B. For lots not exceeding 10,000 square feet', so it governs only that lot band, and this general setback section never names PDR-6.",or/clackamas/wilsonville/4.planning.txt#L3035-L3036,or/clackamas/wilsonville/4.planning.txt
00764,agree,noted,or/clackamas/wilsonville,PDR6,setback_front_ft [],20,20,feet,clear,unknown,"15 ft for lots not exceeding 10,000 square feet (L3035)","A. For lots over 10,000 square feet: 1. Minimum front yard setback: 20 feet.","Applies only to lots over 10,000 square feet; the section is the general one (4.113(.02)) and does not name PDR-6.",or/clackamas/wilsonville/4.planning.txt#L3011-L3012,or/clackamas/wilsonville/4.planning.txt
00765,agree,noted,or/clackamas/wilsonville,PDR6,setback_side_ft,5,5,feet,inferred,unknown,"7 ft for two or more stories | 10 ft on the street side of a corner lot | 10 ft on lots over 10,000 square feet (L3013)",2. Minimum side yard setback: One story: five feet; Two or more stories: seven feet.,"The line states two figures by storey count and 5 ft is the one-storey value; it also applies only to lots not exceeding 10,000 square feet.",or/clackamas/wilsonville/4.planning.txt#L3037,or/clackamas/wilsonville/4.planning.txt
00766,agree,noted,or/clackamas/wilsonville,PDR6,setback_side_ft [multi_story],7,7,feet,clear,unknown,5 ft for one story | 10 ft on the street side of a corner lot,2. Minimum side yard setback: One story: five feet; Two or more stories: seven feet.,"Applies only to lots not exceeding 10,000 square feet (heading B).",or/clackamas/wilsonville/4.planning.txt#L3037,or/clackamas/wilsonville/4.planning.txt
00767,agree,noted,or/clackamas/wilsonville,PDR6,setback_side_ft [],10,10,feet,clear,unknown,"5 ft one story / 7 ft two or more stories on lots not exceeding 10,000 sq ft | 20 percent of lot width on a corner lot under 100 ft wide, but not less than ten feet",2. Minimum side yard setback: Ten feet. In the case of a corner lot less than 100 feet in width...,"Applies only to lots over 10,000 square feet (heading A).",or/clackamas/wilsonville/4.planning.txt#L3013,or/clackamas/wilsonville/4.planning.txt
00768,agree,noted,or/clackamas/wilsonville,PDR6,setback_side_ft [attached_wall],0,0,feet,inferred,unknown,,8. Townhouse Setbacks: No setback is required along property lines where townhouses are attached.,"The zero is stated in words rather than as a numeral, holds only along lines where townhouses are attached, and this instance sits under 'A. For lots over 10,000 square feet'.",or/clackamas/wilsonville/4.planning.txt#L3032,or/clackamas/wilsonville/4.planning.txt
00769,agree,noted,or/clackamas/wilsonville,PDR6,setback_side_ft [attached_wall],0,0,feet,inferred,unknown,,8. Townhouse Setbacks: No setback is required along property lines where townhouses are attached.,"The zero is stated in words rather than as a numeral, holds only along lines where townhouses are attached, and this instance sits under 'B. For lots not exceeding 10,000 square feet'.",or/clackamas/wilsonville/4.planning.txt#L3059-L3060,or/clackamas/wilsonville/4.planning.txt
00770,agree,noted,or/clackamas/wilsonville,PDR6,setback_rear_ft,15,15,feet,inferred,unknown,20 ft for two or more stories,6. Minimum rear yard setback: One story: 15 feet. Two or more stories: 20 feet.,"The line states two figures by storey count and 15 ft is the one-storey value; this instance is under 'B. For lots not exceeding 10,000 square feet'.",or/clackamas/wilsonville/4.planning.txt#L3051,or/clackamas/wilsonville/4.planning.txt
00771,agree,noted,or/clackamas/wilsonville,PDR6,setback_rear_ft [multi_story],20,20,feet,clear,unknown,15 ft for one story,6. Minimum rear yard setback: One story: 15 feet. Two or more stories: 20 feet.,"Applies only to lots not exceeding 10,000 square feet (heading B).",or/clackamas/wilsonville/4.planning.txt#L3051,or/clackamas/wilsonville/4.planning.txt
00772,agree,noted,or/clackamas/wilsonville,PDR6,setback_rear_ft [],20,20,feet,clear,unknown,"15 ft one storey / 20 ft two or more storeys on lots not exceeding 10,000 sq ft (L3051)",6. Minimum rear yard setback: 20 feet. Accessory buildings on corner lots must observe the same rear setbacks as the required side yard of the abutting lot.,"Applies only to lots over 10,000 square feet (heading A).",or/clackamas/wilsonville/4.planning.txt#L3025,or/clackamas/wilsonville/4.planning.txt
00773,agree,noted,or/clackamas/wilsonville,PDR6,setback_street_side_ft,10,10,feet,clear,unknown,"on lots over 10,000 sq ft: 20 percent of the width of the lot, but not less than ten feet (L3015)","In the case of a corner lot, abutting more than one street or tract with a private drive, the side yard on the street side of such lot shall be not less than ten feet.","This instance sits under 'B. For lots not exceeding 10,000 square feet'.",or/clackamas/wilsonville/4.planning.txt#L3038-L3039,or/clackamas/wilsonville/4.planning.txt
00774,agree,noted,or/clackamas/wilsonville,PDR6,setback_garage_entrance_ft,20,20,feet,clear,unknown,15 ft for the wall above the garage door | 4 ft where access is taken from an alley,5. Minimum setback to garage door or carport entry: 20 feet.,"This instance sits under 'B. For lots not exceeding 10,000 square feet'.",or/clackamas/wilsonville/4.planning.txt#L3047,or/clackamas/wilsonville/4.planning.txt
00775,agree,noted,or/clackamas/wilsonville,PDR6,setback_garage_entrance_ft [abuts_alley],4,4,feet,clear,unknown,20 ft base garage door / carport entry setback,"Where access is taken from an alley, garages or carports may be located no less than four feet from the property line adjoining the alley.","This instance sits under 'B. For lots not exceeding 10,000 square feet'; the same four-foot alley allowance is printed for larger lots at L3022-L3024.",or/clackamas/wilsonville/4.planning.txt#L3049-L3050,or/clackamas/wilsonville/4.planning.txt
00776,agree,noted,or/clackamas/wilsonville,PDR6,min_lot_sqft,7000,7000,square feet,clear,True,"5,000 sq ft for triplexes and three-unit cluster housing | 1,500 sq ft for townhouses (note A)","B. For the PDR 3 through PDR 7 zones, ... the minimum lot size for quadplexes, four-unit cluster housing, and cottage clusters is 7,000 square feet.","This is the quadplex row; the townhouse minimum of 1,500 sq ft in note A covers only PDR-1 through PDR-5 and so does not reach PDR-6.",or/clackamas/wilsonville/4.planning.txt#L4731-L4733,or/clackamas/wilsonville/4.planning.txt
00777,agree,noted,or/clackamas/wilsonville,PDR6,min_frontage_ft,30,30,feet,inferred,True,"20 ft for townhouses in all PDR zones (note E) | 60 (last figure, read as lot depth)",PDR-6 NA 75/75 30/30 60,"Column order inferred from the header: 75/75 is the coverage pair, 30/30 the 'lot width at building line / street frontage' pair and 60 the lot depth; PDR-6 prints NA for base minimum lot size.",or/clackamas/wilsonville/4.planning.txt#L4728,or/clackamas/wilsonville/4.planning.txt
00778,agree,noted,or/clackamas/wilsonville,PDR6,max_coverage_pct,75,75,percent,inferred,True,75 (the second value of the 75/75 pair) | 30 (if the 30/30 pair were read as coverage),PDR-6 NA 75/75 30/30 60,"The coverage cell prints a pair, '75/75'; its column position was inferred from the header and from PDR-2's lot-size-banded coverage figures.",or/clackamas/wilsonville/4.planning.txt#L4728,or/clackamas/wilsonville/4.planning.txt
00779,unread,unclear+noted,or/clackamas/wilsonville,RN,min_lot_sqft,8000,,square feet,unclear,unknown,"8,000 sq ft - R-10 Large Lot | 6,000 sq ft - R-7 Medium Lot | 4,000 sq ft - R-5 Small Lot","R-10 Large Lot 8,000 60' 40% E 40 35 20 F 20 M 18G 20 / R-7 Medium Lot 6,000 C / R-5 Small Lot 4,000 C,D 60' 60% E","Table 8A's rows are sub-districts (R-10 / R-7 / R-5), none of them labelled RN, so the marked span states three different minimums and no fourplex-specific figure (note C's 7,000 sq ft sits at L7244, outside the citation).",or/clackamas/wilsonville/4.planning.txt#L7179-L7236,or/clackamas/wilsonville/4.planning.txt
00780,agree,noted,or/clackamas/wilsonville,RN,min_lot_sqft [unit_lots],1500,1500,square feet,clear,unknown,"7,000 sq ft for quadplexes and cottage clusters in R-5 and R-7 (note C) | 8,000 / 6,000 / 4,000 sq ft base minimums by sub-district","B. For townhouses the minimum lot size in all sub-districts is 1,500 square feet.","This is the townhouse figure, not the fourplex figure - note C sets 7,000 sq ft for quadplexes in the R-5 and R-7 sub-districts.",or/clackamas/wilsonville/4.planning.txt#L7243,or/clackamas/wilsonville/4.planning.txt
00781,unread,unclear+noted,or/clackamas/wilsonville,RN,min_lot_width_ft,40,,feet,unclear,unknown,40 ft - R-10 Large Lot | 35 ft - R-7 Medium Lot | 35 ft - R-5 Small Lot | 20 ft for townhouses in all sub-districts (note I),"R-10 Large Lot 8,000 60' 40% E 40 35 ... R-7 ... 45% E 35 35 ... R-5 Small Lot 4,000 C,D 60' 60% E 35 35",The Min. Lot Width column differs by sub-district (40 / 35 / 35) and no row or column in Table 8A is labelled RN.,or/clackamas/wilsonville/4.planning.txt#L7179-L7236,or/clackamas/wilsonville/4.planning.txt
00782,agree,noted,or/clackamas/wilsonville,RN,min_lot_width_ft [unit_lots],20,20,feet,clear,unknown,40 / 35 / 35 ft base widths by sub-district | 24 ft where the lot fronts a cul-de-sac (note J),I. For townhouses in all sub-districts minimum lot width is 20 feet.,"The figure is the townhouse row and holds in all sub-districts, but the passage never prints the zone code RN.",or/clackamas/wilsonville/4.planning.txt#L7253,or/clackamas/wilsonville/4.planning.txt
00783,agree,noted,or/clackamas/wilsonville,RN,min_lot_depth_ft,60,60,feet,inferred,unknown,,"R-5 Small Lot 4,000 C,D 60' 60% E 35 35 12 F 15 M 18G 20","All three sub-district rows print 60' in the Min. Lot Depth column, so the figure does not turn on which row RN maps to; the column position was read off the stacked header.",or/clackamas/wilsonville/4.planning.txt#L7179-L7236,or/clackamas/wilsonville/4.planning.txt
00784,unread,unclear+noted,or/clackamas/wilsonville,RN,min_frontage_ft,40,,feet,unclear,unknown,40 / 35 / 35 ft - the Min. Lot Width column by sub-district | 24 ft where the lot fronts a cul-de-sac (note J),"Min. Lot Width I, J, N (ft.)","Table 8A prints a Min. Lot Width column but no street-frontage column, so the marked span states no frontage figure; note J only says frontage may be reduced or not required in named cases.",or/clackamas/wilsonville/4.planning.txt#L7179-L7236,or/clackamas/wilsonville/4.planning.txt
00785,unread,unclear+noted,or/clackamas/wilsonville,RN,min_frontage_ft [unit_lots],20,,feet,unclear,unknown,20 ft - townhouse minimum lot WIDTH (note I) | 24 ft where the lot fronts a cul-de-sac (note J),I. For townhouses in all sub-districts minimum lot width is 20 feet.,"The marked line states minimum lot width, not street frontage, and Table 8A carries no frontage standard - a different standard from the one asked for.",or/clackamas/wilsonville/4.planning.txt#L7253,or/clackamas/wilsonville/4.planning.txt
00786,unread,unclear+noted,or/clackamas/wilsonville,RN,max_coverage_pct,40,,percent,unclear,unknown,40% - R-10 Large Lot | 45% - R-7 Medium Lot | 60% - R-5 Small Lot | increase of 10% on lots where multiple buildings are built (note E),"R-10 Large Lot 8,000 60' 40% E ... R-7 ... C 60' 45% E ... R-5 Small Lot 4,000 C,D 60' 60% E",Max. Lot Coverage differs by sub-district (40 / 45 / 60) and no row is labelled RN; note E adds 10 percent where multiple buildings are built.,or/clackamas/wilsonville/4.planning.txt#L7179-L7236,or/clackamas/wilsonville/4.planning.txt
00787,unread,unclear+noted,or/clackamas/wilsonville,RN,setback_front_ft,20,,feet,unclear,unknown,20 ft - R-10 Large Lot | 15 ft - R-7 Medium Lot | 12 ft - R-5 Small Lot | front porches may extend 5 ft into the front setback (note F),R-10 Large Lot ... 20 F 20 M 18G 20 / R-7 ... 15 F 15 M 18G 20 / R-5 Small Lot ... 12 F 15 M 18G 20,The Front Min. column differs by sub-district (20 / 15 / 12) and no row in Table 8A is labelled RN.,or/clackamas/wilsonville/4.planning.txt#L7179-L7236,or/clackamas/wilsonville/4.planning.txt
00788,unread,unclear+noted,or/clackamas/wilsonville,RN,setback_rear_ft,20,,feet,unclear,unknown,20 ft - R-10 Large Lot | 15 ft - R-7 Medium Lot | 15 ft - R-5 Small Lot,R-10 Large Lot ... 20 F 20 M 18G 20 / R-7 ... 15 F 15 M 18G 20 / R-5 Small Lot ... 12 F 15 M 18G 20,"The Rear Min. column is 20 ft for R-10 and 15 ft for R-7 and R-5, and no row is labelled RN; on lots with alleys the rear setback is measured from the alley lot line (note K).",or/clackamas/wilsonville/4.planning.txt#L7179-L7236,or/clackamas/wilsonville/4.planning.txt
00789,agree,noted,or/clackamas/wilsonville,RN,setback_side_ft,5,5,feet,inferred,unknown,"10 ft per side inside a 20 ft combined total, on lots greater than 10,000 SF with frontage 70 ft or wider | 10 ft on a corner lot","On other lots, minimum side setback shall be 5 ft.","Note M states three side figures; 5 ft is the one for lots other than those over 10,000 SF with frontage of 70 ft or wider.",or/clackamas/wilsonville/4.planning.txt#L7263-L7265,or/clackamas/wilsonville/4.planning.txt
00790,agree_alt,noted,or/clackamas/wilsonville,RN,setback_side_ft [],10,5,feet,inferred,unknown,"10 ft per side inside a 20 ft combined total, on lots greater than 10,000 SF with frontage 70 ft or wider | 10 ft on a corner lot","On other lots, minimum side setback shall be 5 ft.",Same citation and same unconditioned reading as item 00789; note M states three side figures and 5 ft is the residual case.,or/clackamas/wilsonville/4.planning.txt#L7263-L7265,or/clackamas/wilsonville/4.planning.txt
00791,agree,,or/clackamas/wilsonville,RN,setback_side_ft [corner_lot],10,10,feet,clear,unknown,"5 ft on other lots | 10 ft per side inside a 20 ft combined total on lots over 10,000 SF with frontage 70 ft or wider","On a corner lot, minimum side setbacks are 10 feet.",,or/clackamas/wilsonville/4.planning.txt#L7263-L7265,or/clackamas/wilsonville/4.planning.txt
00792,agree,noted,or/clackamas/wilsonville,RN,setback_side_total_ft [],20,20,feet,clear,unknown,10 ft per-side floor inside that total | 5 ft on other lots,"M. On lots greater than 10,000 SF with frontage 70 ft. or wider, the minimum combined side yard setbacks shall total 20 ft. with a minimum of 10 ft.","The 20 ft combined total applies only on lots greater than 10,000 SF whose frontage is 70 ft or wider - it does not reach smaller lots.",or/clackamas/wilsonville/4.planning.txt#L7263-L7265,or/clackamas/wilsonville/4.planning.txt
00793,agree,noted,or/clackamas/wilsonville,RN,setback_street_side_ft,10,10,feet,inferred,unknown,5 ft on other lots,"On a corner lot, minimum side setbacks are 10 feet.","The passage gives a corner-lot side setback, not a separately labelled street-side setback, so the street-facing yard is only implied.",or/clackamas/wilsonville/4.planning.txt#L7263-L7265,or/clackamas/wilsonville/4.planning.txt
00794,agree,noted,or/clackamas/wilsonville,RN,setback_garage_entrance_ft,20,20,feet,inferred,unknown,18 ft - Garage Min Setback from Alley (all three rows) | 18 ft from any sidewalk easement paralleling the street (note P),"R-5 Small Lot 4,000 C,D 60' 60% E 35 35 12 F 15 M 18G 20","Table 8A prints two garage columns; the from-street value is 20 ft in all three sub-district rows and the from-alley value 18 ft, so the reading depends on which column is meant.",or/clackamas/wilsonville/4.planning.txt#L7179-L7236,or/clackamas/wilsonville/4.planning.txt
00795,agree,,or/clackamas/wilsonville,RN,setback_garage_entrance_ft [abuts_alley],18,18,feet,clear,unknown,between 3 and 5 ft rear or side setback where no garage door faces the alley | 20 ft garage setback from street,G. The garage setback from alley shall be minimum of 18 feet to a garage door facing the alley in order to provide a parking apron.,,or/clackamas/wilsonville/4.planning.txt#L7249-L7250,or/clackamas/wilsonville/4.planning.txt
00796,agree,,or/clackamas/wilsonville,V,min_lot_sqft,7000,7000,square feet,clear,True,"5,000 sq ft for triplexes and three-unit cluster housing | 2,250 sq ft - Table V-1 Single-Family Dwellings and Duplexes row","3. The minimum lot size for quadplexes, four-unit cluster housing, and cottage clusters is 7,000 square feet",,"or/clackamas/wilsonville/4.planning.txt#L5050,L6449,L6454-L6455",or/clackamas/wilsonville/4.planning.txt
00797,agree,noted,or/clackamas/wilsonville,V,min_lot_width_ft,35,35,feet,inferred,True,15 ft - Row Houses row | NR (no requirement) - Multi-Family Dwellings and Row Houses-Village Center rows,"Single-Family Dwellings and Duplexes 2,250 35 50 2 60 16 35 12 5, 6 20 6 5 5 15 7 8,17,18","The figure comes from the 'Single-Family Dwellings and Duplexes' row, which 4.125(.23)B extends to middle housing; the table's own attached-housing rows print 15 ft or NR.","or/clackamas/wilsonville/4.planning.txt#L4984-L4988,L5023",or/clackamas/wilsonville/4.planning.txt
00798,agree,noted,or/clackamas/wilsonville,V,min_lot_depth_ft,50,50,feet,inferred,True,50 ft - the Row Houses row prints the same depth | NR - Multi-Family Dwellings row,"Single-Family Dwellings and Duplexes 2,250 35 50 2 60 16 35 12 5, 6 20 6 5 5 15 7 8,17,18",The figure comes from the 'Single-Family Dwellings and Duplexes' row and the column position was read off the stacked header; the Multi-Family row prints NR.,"or/clackamas/wilsonville/4.planning.txt#L4984,L4989-L4990,L5023",or/clackamas/wilsonville/4.planning.txt
00799,agree,noted,or/clackamas/wilsonville,V,max_height_ft,35,35,feet,inferred,True,"45 ft - Row Houses, Multi-Family Dwellings, Commercial and Mixed Use rows","Single-Family Dwellings and Duplexes 2,250 35 50 2 60 16 35 12 5, 6 20 6 5 5 15 7 8,17,18","The figure comes from the 'Single-Family Dwellings and Duplexes' row; every attached and multi-family row in the same table prints 45 ft, and note 9 attaches to the height column.","or/clackamas/wilsonville/4.planning.txt#L4984,L4998-L5000,L5023",or/clackamas/wilsonville/4.planning.txt
00800,agree,unclear+noted,or/clackamas/wilsonville,V,setback_front_ft,20,20,feet,unclear,True,12 ft — the Front Min. cell of the cited row L5023 | 8 ft — Front Min. in the Row Houses row (L5022) | 13 ft setback to porch | 20 ft front setback to face of a street-loaded garage (note 8),"6 For Standard, or Large Lots on Collector Avenues, front setbacks are 20 ft. min., (13' setback to porch), side street setbacks are 15' (8' setback to porch).","The 20 ft is footnote 6 and binds only Standard or Large Lots on Collector Avenues, and the cited table row L5023 is 'Single-Family Dwellings and Duplexes' rather than the 'Row Houses' row (L5022) that a 4-unit attached townhome falls in.","or/clackamas/wilsonville/4.planning.txt#L5023,L5032",or/clackamas/wilsonville/4.planning.txt
00801,agree,noted,or/clackamas/wilsonville,V,setback_front_ft [local_street],12,12,feet,inferred,True,"8 ft — Front Min. in the Row Houses row (L5022) | 20 ft (footnote 6, Standard or Large Lots on Collector Avenues) | 5 ft | 20 ft read as the Front Max. cell instead","Single-Family Dwellings and Duplexes 2,250 35 50 2 60 16 35 12 5, 6 20 6 5 5 15 7 8,17,18","The row is printed as an unaligned run of numbers and footnote markers; reading it against the header the Front Min. cell is 12 ft (carrying notes 5 and 6), but the row cited is 'Single-Family Dwellings and Duplexes', not the 'Row Houses' row (L5022) whose Front Min. is 8 ft.","or/clackamas/wilsonville/4.planning.txt#L5006,L5023",or/clackamas/wilsonville/4.planning.txt
00802,agree,noted,or/clackamas/wilsonville,V,setback_front_max_ft,20,20,feet,inferred,True,15 ft — Front Max. in the Row Houses row (L5022) | 12 ft — the Front Min. cell of the same row | no maximum front setback on pie-shaped lots or lots with significant trees or grade banks (note 6),"Single-Family Dwellings and Duplexes 2,250 35 50 2 60 16 35 12 5, 6 20 6 5 5 15 7 8,17,18","The Front Max. column carries note 19 ('Maximum setbacks may be increased as necessary...') and note 6 removes the maximum outright for pie-shaped lots; the cited row is Single-Family Dwellings and Duplexes, not Row Houses, and the two cited header lines (L5007-L5008) are only the fragments '(ft.)' and 'Rear'.","or/clackamas/wilsonville/4.planning.txt#L5007-L5008,L5023",or/clackamas/wilsonville/4.planning.txt
00803,agree,noted,or/clackamas/wilsonville,V,setback_rear_ft,5,5,feet,inferred,True,NR (No Requirement) — Rear Min. in the Row Houses (L5022) and Multi-Family (L5021) rows | 15 ft,"Single-Family Dwellings and Duplexes 2,250 35 50 2 60 16 35 12 5, 6 20 6 5 5 15 7 8,17,18",The rear figure has to be picked out of an unaligned row whose label is 'Single-Family Dwellings and Duplexes'; note 13 (L5042) only says how the rear setback is measured on lots with alleys and states no figure.,"or/clackamas/wilsonville/4.planning.txt#L5009-L5010,L5023,L5042",or/clackamas/wilsonville/4.planning.txt
00804,agree,noted,or/clackamas/wilsonville,V,setback_side_ft,5,5,feet,inferred,True,0 ft on Small and Medium Lots (note 15) | 15 ft combined side yards (note 15) | NR — Side Min. in the Row Houses row (L5022),"15 On Estate Lots and Large Lots with frontage 70 ft. or wider, the minimum combined side yard setbacks shall total 15 ft. with a minimum of 5 ft. On Small and Medium Lots, minimum side setback shall be 0 ft.",The 5 ft floor holds only on Estate and Large Lots with frontage 70 ft. or wider — note 15 sets Small and Medium Lots to 0 ft — and the cited data line L5012 is the Commercial Buildings—Village Center row while L5023 is Single-Family Dwellings and Duplexes.,"or/clackamas/wilsonville/4.planning.txt#L5011-L5012,L5023,L5044",or/clackamas/wilsonville/4.planning.txt
00805,agree,noted,or/clackamas/wilsonville,V,setback_side_total_ft [],15,15,feet,clear,True,5 ft per-side minimum in the same sentence | 0 ft on Small and Medium Lots,"15 On Estate Lots and Large Lots with frontage 70 ft. or wider, the minimum combined side yard setbacks shall total 15 ft. with a minimum of 5 ft.",The 15 ft combined total applies only on Estate Lots and Large Lots with frontage 70 ft. or wider; Small and Medium Lots get 0 ft instead.,or/clackamas/wilsonville/4.planning.txt#L5044,or/clackamas/wilsonville/4.planning.txt
00806,agree,noted,or/clackamas/wilsonville,V,setback_street_side_ft,15,15,feet,clear,True,8 ft setback to porch | 20 ft front setback min. in the same footnote,"For Standard, or Large Lots on Collector Avenues, front setbacks are 20 ft. min., (13' setback to porch), side street setbacks are 15' (8' setback to porch).","The 15 ft binds only Standard or Large Lots on Collector Avenues — it is a footnote exception, and Table V-1 itself prints no street-side column.",or/clackamas/wilsonville/4.planning.txt#L5032,or/clackamas/wilsonville/4.planning.txt
00807,unread,unclear+noted,or/clackamas/wilsonville,V,setback_street_side_ft [local_street],5,,,unclear,unknown,"15 ft (note 6, Standard or Large Lots on Collector Avenues) | 5 ft — the Side Min. cell of row L5023",Commercial Buildings—Village Center 14 NR NR NR 1 90 60 NR 3 5 NR NR NR NA,"Table V-1's setback columns are Alley-Loaded Garage, Street-Loaded Garage, Front Min., Front Max., Rear Min. and Side Min. — there is no street-side (corner) column — and the cited data line L5012 is the Commercial Buildings—Village Center row, not a residential row.","or/clackamas/wilsonville/4.planning.txt#L5011-L5012,L5023",or/clackamas/wilsonville/4.planning.txt
00808,agree,unclear+noted,or/clackamas/wilsonville,V,max_coverage_pct,45,45,percent,unclear,True,"75% on small lots | 65% on medium lots | 55% on standard and large lots | may be increased by 10% where detached accessory buildings are built | 80% for lots over 8,000 sf (note 1, the other rows' coverage cell)","2 Small lots: 75%, Medium Lots: 65%, Standard and Large Lots: 55%, Estate Lots: 45% Maximum Lot Coverage","Note 2 prints four different ceilings keyed to a Pattern Book lot category (note 20) and the coverage cell of the cited row carries only the footnote marker, so no single flat percentage governs; 45% is quoted here because it is the most restrictive.","or/clackamas/wilsonville/4.planning.txt#L5023,L5027-L5028,L5049",or/clackamas/wilsonville/4.planning.txt
00809,agree,noted,or/multnomah/_unincorporated,defaults,parking_min_per_unit,1.5,1.5,spaces per unit,inferred,True,2 spaces for each dwelling unit (Single Family Dwelling) | 2 spaces for each dwelling unit (Two Family Dwelling),(3) Apartment – One and one-half spaces for each dwelling unit.,"The list has no townhouse or attached-housing row, so the figure only reaches a 4-unit attached townhome by reading a fourplex as the 'Apartment' row.","or/multnomah/_unincorporated/39.parking.txt#L474-L478,L483-L484",or/multnomah/_unincorporated/39.parking.txt
00810,agree,noted,or/multnomah/_unincorporated,defaults,parking_stall_width_ft,9,9,feet,clear,True,8.5 ft for up to 30% of the required spaces if clearly marked for compact car use,"(l) At least 70% of the required off-street parking spaces shall have a minimum width of nine feet, a minimum length of 18 feet, and a minimum vertical clearance of six feet, six inches.",The 9 ft binds only at least 70% of the required spaces; up to 30% may be eight-and-one-half feet.,or/multnomah/_unincorporated/39.parking.txt#L240-L247,or/multnomah/_unincorporated/39.parking.txt
00811,agree,noted,or/multnomah/_unincorporated,defaults,parking_stall_depth_ft,18,18,feet,clear,True,16 ft for up to 30% of the required spaces marked for compact car use | 23 ft for parallel parking spaces,"(l) At least 70% of the required off-street parking spaces shall have a minimum width of nine feet, a minimum length of 18 feet, and a minimum vertical clearance of six feet, six inches.","Printed as 'length' rather than depth, and it binds only at least 70% of the required spaces.",or/multnomah/_unincorporated/39.parking.txt#L240-L247,or/multnomah/_unincorporated/39.parking.txt
00812,agree,noted,or/multnomah/_unincorporated,defaults,parking_aisle_one_way_ft,25,25,feet,inferred,True,20 feet for less than 90 degree parking | 12 feet for parallel parking,"(B) Aisle width shall be not less than: (l) 25 feet for 90 degree parking,","The code splits aisle width by parking angle, not by one-way versus two-way traffic, so 25 ft is the 90-degree figure and no one-way figure is printed.","or/multnomah/_unincorporated/39.parking.txt#L240,L260-L261",or/multnomah/_unincorporated/39.parking.txt
00813,agree,noted,or/multnomah/_unincorporated,defaults,parking_aisle_two_way_ft,25,25,feet,inferred,True,20 feet for less than 90 degree parking | 12 feet for parallel parking,"(B) Aisle width shall be not less than: (l) 25 feet for 90 degree parking,","The code splits aisle width by parking angle, not by one-way versus two-way traffic, so 25 ft is the 90-degree figure and no separate two-way figure is printed.","or/multnomah/_unincorporated/39.parking.txt#L240,L260-L261",or/multnomah/_unincorporated/39.parking.txt
00814,agree,noted,or/multnomah/_unincorporated,defaults,driveway_min_width_two_way_ft,20,20,feet,clear,True,,"there shall be provided an unobstructed driveway not less than 20 feet in width for two-way traffic, leading to a public street or approved private street.","It applies where the parking area does not abut directly on a public or approved private street, and subsection (B) lets the Approval Authority authorize a deviation.",or/multnomah/_unincorporated/39.parking.txt#L191-L199,or/multnomah/_unincorporated/39.parking.txt
00815,agree,noted,or/multnomah/_unincorporated,OR,min_lot_sqft,1.0,1,acres,clear,True,,"(A) Except as provided in MCC 39.3120, 39.4630, and 39.4635, and 39.5300 through 39.5350, the minimum lot size shall be one acre.","Printed as 'one acre', not in square feet, and expressly subject to the exceptions in MCC 39.3120, 39.4630, 39.4635 and 39.5300 through 39.5350.",or/multnomah/_unincorporated/39.or.txt#L420-L422,or/multnomah/_unincorporated/39.or.txt
00816,unread,unclear+noted,or/multnomah/_unincorporated,OR,min_lot_sqft [planned_development],1.0,,,unclear,True,one acre — the base figure the same sentence states,"(A) Except as provided in MCC 39.3120, 39.4630, and 39.4635, and 39.5300 through 39.5350, the minimum lot size shall be one acre.",The marked lines only cross-reference the planned development sections (39.5300 through 39.5350) as an exception; they print no lot-size figure that applies under a planned development.,or/multnomah/_unincorporated/39.or.txt#L420-L422,or/multnomah/_unincorporated/39.or.txt
00817,agree,,or/multnomah/_unincorporated,OR,max_height_ft,35,35,feet,clear,True,,Maximum Structure Height - 35 feet,,"or/multnomah/_unincorporated/39.or.txt#L423,L427",or/multnomah/_unincorporated/39.or.txt
00818,agree,,or/multnomah/_unincorporated,OR,setback_front_ft,30,30,feet,clear,True,,(B) Minimum Yard Dimensions - Feet / Front Side Street Side Rear / 30 10 30 30,,or/multnomah/_unincorporated/39.or.txt#L424-L425,or/multnomah/_unincorporated/39.or.txt
00819,agree,,or/multnomah/_unincorporated,OR,setback_side_ft,10,10,feet,clear,True,,(B) Minimum Yard Dimensions - Feet / Front Side Street Side Rear / 30 10 30 30,,or/multnomah/_unincorporated/39.or.txt#L424-L425,or/multnomah/_unincorporated/39.or.txt
00820,agree,,or/multnomah/_unincorporated,OR,setback_street_side_ft,30,30,feet,clear,True,,(B) Minimum Yard Dimensions - Feet / Front Side Street Side Rear / 30 10 30 30,,or/multnomah/_unincorporated/39.or.txt#L424-L425,or/multnomah/_unincorporated/39.or.txt
00821,agree,,or/multnomah/_unincorporated,OR,setback_rear_ft,30,30,feet,clear,True,,(B) Minimum Yard Dimensions - Feet / Front Side Street Side Rear / 30 10 30 30,,or/multnomah/_unincorporated/39.or.txt#L424-L425,or/multnomah/_unincorporated/39.or.txt
00822,agree,noted,or/multnomah/_unincorporated,OR,min_frontage_ft,50,50,feet,clear,True,,Minimum Front Lot Line Length - 50 feet.,"The code names this 'Minimum Front Lot Line Length', which is front lot line length rather than street frontage as such.","or/multnomah/_unincorporated/39.or.txt#L423,L428",or/multnomah/_unincorporated/39.or.txt
00823,agree,noted,or/multnomah/_unincorporated,MR4,min_lot_sqft,4000.0,4000,sq ft per dwelling unit,clear,True,"4,500 sq ft — single family detached dwelling | 8,000 sq ft — two-unit dwelling","(C) The minimum lot size for a multiplex dwelling structure shall be 4,000 square feet for each dwelling unit.","Stated per dwelling unit, so a four-unit structure needs 16,000 sq ft, and it comes from the 'multiplex dwelling structure' row — the section names no townhouse or attached row.",or/multnomah/_unincorporated/39.mr-4.txt#L155-L157,or/multnomah/_unincorporated/39.mr-4.txt
00824,agree,,or/multnomah/_unincorporated,MR4,max_height_ft,35,35,feet,clear,True,,Maximum Structure Height - 35 feet.,,"or/multnomah/_unincorporated/39.mr-4.txt#L173,L179",or/multnomah/_unincorporated/39.mr-4.txt
00825,agree,,or/multnomah/_unincorporated,MR4,setback_front_ft,20,20,feet,clear,True,,(J) Minimum Yard Dimensions – Feet / Front Side Street Side Rear / Interior Lot 20 5 N/A 15 / Corner Lot 20 5 10 15,,or/multnomah/_unincorporated/39.mr-4.txt#L173-L178,or/multnomah/_unincorporated/39.mr-4.txt
00826,agree,,or/multnomah/_unincorporated,MR4,setback_side_ft,5,5,feet,clear,True,,(J) Minimum Yard Dimensions – Feet / Front Side Street Side Rear / Interior Lot 20 5 N/A 15 / Corner Lot 20 5 10 15,,or/multnomah/_unincorporated/39.mr-4.txt#L173-L178,or/multnomah/_unincorporated/39.mr-4.txt
00827,agree,noted,or/multnomah/_unincorporated,MR4,setback_street_side_ft,10,10,feet,inferred,True,N/A on an interior lot,(J) Minimum Yard Dimensions – Feet / Front Side Street Side Rear / Interior Lot 20 5 N/A 15 / Corner Lot 20 5 10 15,Only the Corner Lot row prints a street-side figure; the Interior Lot row prints N/A.,or/multnomah/_unincorporated/39.mr-4.txt#L173-L178,or/multnomah/_unincorporated/39.mr-4.txt
00828,agree,,or/multnomah/_unincorporated,MR4,setback_rear_ft,15,15,feet,clear,True,,(J) Minimum Yard Dimensions – Feet / Front Side Street Side Rear / Interior Lot 20 5 N/A 15 / Corner Lot 20 5 10 15,,or/multnomah/_unincorporated/39.mr-4.txt#L173-L178,or/multnomah/_unincorporated/39.mr-4.txt
00829,agree,,or/multnomah/_unincorporated,MR4,max_coverage_pct,40,40,percent,clear,True,,(I) The maximum lot coverage shall be 40 percent.,,or/multnomah/_unincorporated/39.mr-4.txt#L171-L172,or/multnomah/_unincorporated/39.mr-4.txt
00830,agree,noted,or/multnomah/_unincorporated,MR4,min_lot_width_ft,45,45,feet,inferred,True,50 ft for a corner lot,(H) The minimum lot width at the building line shall be 45 feet for an interior lot and 50 feet for a corner lot.,"Measured at the building line, and 45 ft is the interior-lot figure of a two-figure sentence.",or/multnomah/_unincorporated/39.mr-4.txt#L168-L170,or/multnomah/_unincorporated/39.mr-4.txt
00831,agree,noted,or/multnomah/_unincorporated,MR4,min_lot_width_ft [corner_lot],50,50,feet,clear,True,45 ft for an interior lot,(H) The minimum lot width at the building line shall be 45 feet for an interior lot and 50 feet for a corner lot.,Measured at the building line.,or/multnomah/_unincorporated/39.mr-4.txt#L168-L170,or/multnomah/_unincorporated/39.mr-4.txt
00832,agree,noted,or/multnomah/_unincorporated,MR4,min_frontage_ft,20,20,feet,clear,True,,(G) The minimum front lot line length shall be 20 feet.,"The code names this 'minimum front lot line length', which is front lot line length rather than street frontage as such.",or/multnomah/_unincorporated/39.mr-4.txt#L166-L167,or/multnomah/_unincorporated/39.mr-4.txt
00833,agree,noted,or/multnomah/_unincorporated,LR5,min_lot_sqft,4500.0,4500,sq ft per dwelling unit,clear,True,"5,000 sq ft — single family detached dwelling | 9,000 sq ft — two-unit dwelling","(C) The minimum lot size for a multiplex dwelling structure shall be 4,500 square feet for each dwelling unit.","Stated per dwelling unit, so a four-unit structure needs 18,000 sq ft, and it comes from the 'multiplex dwelling structure' row — the section names no townhouse or attached row.",or/multnomah/_unincorporated/39.lr-5.txt#L312-L314,or/multnomah/_unincorporated/39.lr-5.txt
00834,agree,,or/multnomah/_unincorporated,LR5,max_height_ft,35,35,feet,clear,True,,Maximum Structure Height ¬ 35 feet.,,"or/multnomah/_unincorporated/39.lr-5.txt#L325,L329",or/multnomah/_unincorporated/39.lr-5.txt
00835,agree,noted,or/multnomah/_unincorporated,LR5,max_height_ft [flag_lot],25,25,feet,clear,True,35 ft where the provisos in (a) and following are met,"(4) The maximum height for a single family, duplex or multiplex dwelling on a flag lot or a lot having sole access from an accessway, private drive or easement shall be 25 feet, except that","The same paragraph continues 'except that the maximum height may be 35 feet, provided', so 25 ft holds only where those provisos fail.",or/multnomah/_unincorporated/39.lr-5.txt#L348-L352,or/multnomah/_unincorporated/39.lr-5.txt
00836,agree,,or/multnomah/_unincorporated,LR5,setback_front_ft,20,20,feet,clear,True,,(H) Minimum Yard Dimensions – Feet / Front Side Street Side Rear / 20 5 10 15,,or/multnomah/_unincorporated/39.lr-5.txt#L325-L327,or/multnomah/_unincorporated/39.lr-5.txt
00837,agree,,or/multnomah/_unincorporated,LR5,setback_side_ft,5,5,feet,clear,True,,(H) Minimum Yard Dimensions – Feet / Front Side Street Side Rear / 20 5 10 15,,or/multnomah/_unincorporated/39.lr-5.txt#L325-L327,or/multnomah/_unincorporated/39.lr-5.txt
00838,agree,,or/multnomah/_unincorporated,LR5,setback_street_side_ft,10,10,feet,clear,True,,(H) Minimum Yard Dimensions – Feet / Front Side Street Side Rear / 20 5 10 15,,or/multnomah/_unincorporated/39.lr-5.txt#L325-L327,or/multnomah/_unincorporated/39.lr-5.txt
00839,agree,,or/multnomah/_unincorporated,LR5,setback_rear_ft,15,15,feet,clear,True,,(H) Minimum Yard Dimensions – Feet / Front Side Street Side Rear / 20 5 10 15,,or/multnomah/_unincorporated/39.lr-5.txt#L325-L327,or/multnomah/_unincorporated/39.lr-5.txt
00840,agree,,or/multnomah/_unincorporated,LR5,max_coverage_pct,50,50,percent,clear,True,,(G) The maximum coverage shall be 50 percent.,,or/multnomah/_unincorporated/39.lr-5.txt#L323-L324,or/multnomah/_unincorporated/39.lr-5.txt
00841,agree,noted,or/multnomah/_unincorporated,LR5,min_lot_width_ft,45,45,feet,clear,True,50 ft for a corner lot,"(F) The minimum lot width at the building line shall be 45 feet for an interior lot, and 50 feet for a corner lot.","Width is measured at the building line, not at the front lot line; corner lots take 50 ft.",or/multnomah/_unincorporated/39.lr-5.txt#L320-L322,or/multnomah/_unincorporated/39.lr-5.txt
00842,agree,noted,or/multnomah/_unincorporated,LR5,min_lot_width_ft [corner_lot],50,50,feet,clear,True,45 ft for an interior lot (base figure),"(F) The minimum lot width at the building line shall be 45 feet for an interior lot, and 50 feet for a corner lot.",Width is measured at the building line.,or/multnomah/_unincorporated/39.lr-5.txt#L320-L322,or/multnomah/_unincorporated/39.lr-5.txt
00843,agree,noted,or/multnomah/_unincorporated,LR5,min_frontage_ft,20,20,feet,clear,True,,(E) The minimum front lot line length shall be 20 feet.,Phrased as 'front lot line length' rather than 'frontage'.,or/multnomah/_unincorporated/39.lr-5.txt#L318-L319,or/multnomah/_unincorporated/39.lr-5.txt
00844,agree,,or/multnomah/_unincorporated,EFU,max_height_ft,35,35,feet,clear,True,,Maximum Structure Height – 35 feet,,"or/multnomah/_unincorporated/39.efu.txt#L1352,L1356",or/multnomah/_unincorporated/39.efu.txt
00845,agree,,or/multnomah/_unincorporated,EFU,setback_front_ft,30,30,feet,clear,True,,(C) Minimum Yard Dimensions – Feet / Front Side Street Side Rear / 30 10 30 30 (Front column),,or/multnomah/_unincorporated/39.efu.txt#L1352-L1354,or/multnomah/_unincorporated/39.efu.txt
00846,agree,,or/multnomah/_unincorporated,EFU,setback_side_ft,10,10,feet,clear,True,,(C) Minimum Yard Dimensions – Feet / Front Side Street Side Rear / 30 10 30 30 (Side column),,or/multnomah/_unincorporated/39.efu.txt#L1352-L1354,or/multnomah/_unincorporated/39.efu.txt
00847,agree,,or/multnomah/_unincorporated,EFU,setback_street_side_ft,30,30,feet,clear,True,,(C) Minimum Yard Dimensions – Feet / Front Side Street Side Rear / 30 10 30 30 (Street Side column),,or/multnomah/_unincorporated/39.efu.txt#L1352-L1354,or/multnomah/_unincorporated/39.efu.txt
00848,agree,,or/multnomah/_unincorporated,EFU,setback_rear_ft,30,30,feet,clear,True,,(C) Minimum Yard Dimensions – Feet / Front Side Street Side Rear / 30 10 30 30 (Rear column),,or/multnomah/_unincorporated/39.efu.txt#L1352-L1354,or/multnomah/_unincorporated/39.efu.txt
00849,agree,noted,or/multnomah/_unincorporated,EFU,min_frontage_ft,50,50,feet,clear,True,,Minimum Front Lot Line Length – 50 feet.,Phrased as 'front lot line length' rather than 'frontage'.,"or/multnomah/_unincorporated/39.efu.txt#L1352,L1358",or/multnomah/_unincorporated/39.efu.txt
00850,agree,noted,or/multnomah/_unincorporated,EFU,min_lot_sqft,80.0,80,acres,clear,True,,"(A) Except as provided in MCC 39.3070, the minimum lot size for new parcels shall be 80 acres in the EFU base zone.","Unit is acres, not square feet; the figure is the minimum size for NEW PARCELS (a land-division standard) subject to the MCC 39.3070 exception, not a per-fourplex lot area.",or/multnomah/_unincorporated/39.efu.txt#L1339-L1345,or/multnomah/_unincorporated/39.efu.txt
00851,agree,noted,or/multnomah/_unincorporated,R10,max_height_ft,30,30,feet,inferred,True,,"Maximum Height ... 30 ft. [3] (third value, R10 column under header RF / R20 / R10 / R7 / R5 / R2.5)",Footnote [3] is attached to the R10 cell and its text is not in the passage.,"or/multnomah/_unincorporated/33.110.txt#L435,L454",or/multnomah/_unincorporated/33.110.txt
00852,agree,noted,or/multnomah/_unincorporated,R10,setback_front_ft,20,20,feet,inferred,True,,"- Front building setback ... 20 ft. (third value, R10 column)","Column read from the Table 110-4 header row (L435: RF, R20, R10, R7, R5, R2.5), which lies outside this passage.",or/multnomah/_unincorporated/33.110.txt#L458,or/multnomah/_unincorporated/33.110.txt
00853,agree,noted,or/multnomah/_unincorporated,R10,setback_side_ft,10,10,feet,inferred,True,,"- Side building setback ... 10 ft. (third value, R10 column)","Column read from the Table 110-4 header row (L435: RF, R20, R10, R7, R5, R2.5), which lies outside this passage.",or/multnomah/_unincorporated/33.110.txt#L460,or/multnomah/_unincorporated/33.110.txt
00854,agree,noted,or/multnomah/_unincorporated,R10,setback_rear_ft,10,10,feet,inferred,True,,"- Rear building setback ... 10 ft. (third value, R10 column)","Column read from the Table 110-4 header row (L435: RF, R20, R10, R7, R5, R2.5), which lies outside this passage.",or/multnomah/_unincorporated/33.110.txt#L462,or/multnomah/_unincorporated/33.110.txt
00855,agree,,or/multnomah/_unincorporated,R10,min_lot_sqft,6000,6000,square feet,clear,True,"reduced by up to 10 percent by adjustment, requestable only before January 1, 2032 (L1545-1546)","Triplex and Fourplex Minimum Lot Area Standard / Zone Minimum Lot Area / R10 6,000 sq. ft.",,or/multnomah/_unincorporated/33.110.txt#L1551,or/multnomah/_unincorporated/33.110.txt
00856,unscored,noted,or/multnomah/_unincorporated,R10,coverage_curve,"[[0, 0, 50], [3000, 1500, 37.5], [5000, 2250, 15], [20000, 4500, 7.5]]",,curve (4 lot-size tiers: base sq ft + percent of lot area over the tier floor),inferred,True,"lot < 3,000 sq ft: 50% of lot area -> [0, 0, 50] | 3,000 to <5,000 sq ft: 1,500 sq. ft. + 37.5% of lot area over 3,000 -> [3000, 1500, 37.5] | 5,000 to <20,000 sq ft: 2,250 sq ft + 15% of lot area over 5,000 -> [5000, 2250, 15] | 20,000 sq ft or more: 4,500 sq. ft. + 7.5% of lot area over 20,000 -> [20000, 4500, 7.5]","Maximum Building Coverage Allowed in the RF through R2.5 Zones / Lot Size / Maximum Building Coverage / Less than 3,000 sq. ft. 50% of lot area","The table IS present; null because a four-tier curve has no single printed figure -- the tiers are listed in alternatives; R10 is covered by the heading's 'RF through R2.5' range, not named.",or/multnomah/_unincorporated/33.110.txt#L781-L786,or/multnomah/_unincorporated/33.110.txt
00857,agree,noted,or/multnomah/_unincorporated,R10,setback_garage_entrance_ft,18,18,feet,inferred,True,,"- Garage entrance setback ... 18 ft. (third value, R10 column)","Header row is outside this passage, but every one of the six columns reads 18 ft.",or/multnomah/_unincorporated/33.110.txt#L464,or/multnomah/_unincorporated/33.110.txt
00858,agree,noted,or/multnomah/_unincorporated,R20,max_height_ft,30,30,feet,inferred,True,,"Maximum Height ... 30 ft. [3] (second value, R20 column under header RF / R20 / R10 / R7 / R5 / R2.5)",Footnote [3] is attached to the R20 cell and its text is not in the passage.,"or/multnomah/_unincorporated/33.110.txt#L435,L454",or/multnomah/_unincorporated/33.110.txt
00859,agree,noted,or/multnomah/_unincorporated,R20,setback_front_ft,20,20,feet,inferred,True,,"- Front building setback ... 20 ft. (second value, R20 column)","Column read from the Table 110-4 header row (L435: RF, R20, R10, R7, R5, R2.5), which lies outside this passage.",or/multnomah/_unincorporated/33.110.txt#L458,or/multnomah/_unincorporated/33.110.txt
00860,agree,noted,or/multnomah/_unincorporated,R20,setback_side_ft,10,10,feet,inferred,True,,"- Side building setback ... 10 ft. (second value, R20 column)","Column read from the Table 110-4 header row (L435: RF, R20, R10, R7, R5, R2.5), which lies outside this passage.",or/multnomah/_unincorporated/33.110.txt#L460,or/multnomah/_unincorporated/33.110.txt
00861,agree,noted,or/multnomah/_unincorporated,R20,setback_rear_ft,10,10,feet,inferred,True,,"- Rear building setback ... 10 ft. (second value, R20 column)","Column read from the Table 110-4 header row (L435: RF, R20, R10, R7, R5, R2.5), which lies outside this passage.",or/multnomah/_unincorporated/33.110.txt#L462,or/multnomah/_unincorporated/33.110.txt
00862,agree,,or/multnomah/_unincorporated,R20,min_lot_sqft,12000,12000,square feet,clear,True,"reduced by up to 10 percent by adjustment, requestable only before January 1, 2032 (L1544-1546)","Triplex and Fourplex Minimum Lot Area Standard / Zone Minimum Lot Area / R20 12,000 sq. ft.",,or/multnomah/_unincorporated/33.110.txt#L1550,or/multnomah/_unincorporated/33.110.txt
00863,unscored,noted,or/multnomah/_unincorporated,R20,coverage_curve,"[[0, 0, 50], [3000, 1500, 37.5], [5000, 2250, 15], [20000, 4500, 7.5]]",,curve (4 lot-size tiers: base sq ft + percent of lot area over the tier floor),inferred,True,"lot < 3,000 sq ft: 50% of lot area -> [0, 0, 50] | 3,000 to <5,000 sq ft: 1,500 sq. ft. + 37.5% of lot area over 3,000 -> [3000, 1500, 37.5] | 5,000 to <20,000 sq ft: 2,250 sq ft + 15% of lot area over 5,000 -> [5000, 2250, 15] | 20,000 sq ft or more: 4,500 sq. ft. + 7.5% of lot area over 20,000 -> [20000, 4500, 7.5]","Maximum Building Coverage Allowed in the RF through R2.5 Zones / Lot Size / Maximum Building Coverage / Less than 3,000 sq. ft. 50% of lot area","The table IS present; null because a four-tier curve has no single printed figure -- the tiers are listed in alternatives; R20 is covered by the heading's 'RF through R2.5' range, not named.",or/multnomah/_unincorporated/33.110.txt#L781-L786,or/multnomah/_unincorporated/33.110.txt
00864,agree,noted,or/multnomah/_unincorporated,R20,setback_garage_entrance_ft,18,18,feet,inferred,True,,"- Garage entrance setback ... 18 ft. (second value, R20 column)","Header row is outside this passage, but every one of the six columns reads 18 ft.",or/multnomah/_unincorporated/33.110.txt#L464,or/multnomah/_unincorporated/33.110.txt
00865,agree,noted,or/multnomah/_unincorporated,RF,max_height_ft,30,30,feet,inferred,True,,"Maximum Height ... 30 ft. (first value, RF column under header RF / R20 / R10 / R7 / R5 / R2.5)","The RF cell carries no footnote marker, unlike the R20-R5 cells.","or/multnomah/_unincorporated/33.110.txt#L435,L454",or/multnomah/_unincorporated/33.110.txt
00866,agree,noted,or/multnomah/_unincorporated,RF,setback_front_ft,20,20,feet,inferred,True,,"- Front building setback ... 20 ft. (first value, RF column)","Column read from the Table 110-4 header row (L435: RF, R20, R10, R7, R5, R2.5), which lies outside this passage.",or/multnomah/_unincorporated/33.110.txt#L458,or/multnomah/_unincorporated/33.110.txt
00867,agree,noted,or/multnomah/_unincorporated,RF,setback_garage_entrance_ft,18,18,feet,inferred,True,,"- Garage entrance setback ... 18 ft. (first value, RF column)","Header row is outside this passage, but every one of the six columns reads 18 ft.",or/multnomah/_unincorporated/33.110.txt#L464,or/multnomah/_unincorporated/33.110.txt
00868,agree,noted,or/multnomah/_unincorporated,RF,setback_rear_ft,10,10,feet,inferred,True,,"- Rear building setback ... 10 ft. (first value, RF column)","Column read from the Table 110-4 header row (L435: RF, R20, R10, R7, R5, R2.5), which lies outside this passage.",or/multnomah/_unincorporated/33.110.txt#L462,or/multnomah/_unincorporated/33.110.txt
00869,agree,noted,or/multnomah/_unincorporated,RF,setback_side_ft,10,10,feet,inferred,True,,"- Side building setback ... 10 ft. (first value, RF column)","Column read from the Table 110-4 header row (L435: RF, R20, R10, R7, R5, R2.5), which lies outside this passage.",or/multnomah/_unincorporated/33.110.txt#L460,or/multnomah/_unincorporated/33.110.txt
00870,agree,noted,or/multnomah/_unincorporated,R5,max_height_ft,30,30,feet,inferred,True,,"Maximum Height ... 30 ft. [3] (fifth value, R5 column under header RF / R20 / R10 / R7 / R5 / R2.5)",Footnote [3] is attached to the R5 cell and its text is not in the passage.,"or/multnomah/_unincorporated/33.110.txt#L435,L454",or/multnomah/_unincorporated/33.110.txt
00871,agree,noted,or/multnomah/_unincorporated,R5,setback_front_ft,10,10,feet,inferred,True,,"- Front building setback ... 10 ft. (fifth value, R5 column)","Column read from the Table 110-4 header row (L435: RF, R20, R10, R7, R5, R2.5), which lies outside this passage.",or/multnomah/_unincorporated/33.110.txt#L458,or/multnomah/_unincorporated/33.110.txt
00872,agree,noted,or/multnomah/_unincorporated,R5,setback_side_ft,5,5,feet,inferred,True,,"- Side building setback ... 5 ft. (fifth value, R5 column)","Column read from the Table 110-4 header row (L435: RF, R20, R10, R7, R5, R2.5), which lies outside this passage.",or/multnomah/_unincorporated/33.110.txt#L460,or/multnomah/_unincorporated/33.110.txt
00873,agree,noted,or/multnomah/_unincorporated,R5,setback_rear_ft,5,5,feet,inferred,True,,"- Rear building setback ... 5 ft. (fifth value, R5 column)","Column read from the Table 110-4 header row (L435: RF, R20, R10, R7, R5, R2.5), which lies outside this passage.",or/multnomah/_unincorporated/33.110.txt#L462,or/multnomah/_unincorporated/33.110.txt
00874,agree,noted,or/multnomah/_unincorporated,R5,setback_garage_entrance_ft,18,18,feet,inferred,True,,"- Garage entrance setback ... 18 ft. (fifth value, R5 column)","Header row is outside this passage, but every one of the six columns reads 18 ft.",or/multnomah/_unincorporated/33.110.txt#L464,or/multnomah/_unincorporated/33.110.txt
00875,agree,noted,or/multnomah/_unincorporated,R5,min_lot_sqft,3000,3000,square feet,clear,True,,"Triplex and Fourplex Minimum Lot Area Standard / Zone Minimum Lot Area / R5 3,000 sq. ft.","The lines just above this table (L1544-1546, outside this passage) allow an adjustment reducing the minimum by up to 10 percent before January 1, 2032.",or/multnomah/_unincorporated/33.110.txt#L1553,or/multnomah/_unincorporated/33.110.txt
00876,agree,noted,or/multnomah/_unincorporated,R5,min_density_trigger_lot_sqft,10000,10000,square feet (total site area),clear,True,,"R5. In the R5 zone, a minimum of two dwelling units are required on sites that are 10,000 square feet or larger in total site area.",Sites in the Constrained Sites overlay zone are exempt from this standard (L418-419).,"or/multnomah/_unincorporated/33.110.txt#L423,L424",or/multnomah/_unincorporated/33.110.txt
00877,agree,noted,or/multnomah/_unincorporated,R5,min_units_at_trigger,2,2,dwelling units (count),clear,True,,"R5. In the R5 zone, a minimum of two dwelling units are required on sites that are 10,000 square feet or larger in total site area.",Sites in the Constrained Sites overlay zone are exempt from this standard (L418-419).,"or/multnomah/_unincorporated/33.110.txt#L423,L424",or/multnomah/_unincorporated/33.110.txt
00878,unscored,noted,or/multnomah/_unincorporated,R5,coverage_curve,"[[0, 0, 50], [3000, 1500, 37.5], [5000, 2250, 15], [20000, 4500, 7.5]]",,curve (4 lot-size tiers: base sq ft + percent of lot area over the tier floor),inferred,True,"lot < 3,000 sq ft: 50% of lot area -> [0, 0, 50] | 3,000 to <5,000 sq ft: 1,500 sq. ft. + 37.5% of lot area over 3,000 -> [3000, 1500, 37.5] | 5,000 to <20,000 sq ft: 2,250 sq ft + 15% of lot area over 5,000 -> [5000, 2250, 15] | 20,000 sq ft or more: 4,500 sq. ft. + 7.5% of lot area over 20,000 -> [20000, 4500, 7.5]","Maximum Building Coverage Allowed in the RF through R2.5 Zones / Lot Size / Maximum Building Coverage / Less than 3,000 sq. ft. 50% of lot area","The table IS present; null because a four-tier curve has no single printed figure -- the tiers are listed in alternatives; R5 is covered by the heading's 'RF through R2.5' range, not named.",or/multnomah/_unincorporated/33.110.txt#L781-L786,or/multnomah/_unincorporated/33.110.txt
00879,agree,noted,or/multnomah/_unincorporated,R7,max_height_ft,30,30,feet,inferred,True,,"Maximum Height ... 30 ft. [3] (fourth value, R7 column under header RF / R20 / R10 / R7 / R5 / R2.5)",Footnote [3] is attached to the R7 cell and its text is not in the passage.,"or/multnomah/_unincorporated/33.110.txt#L435,L454",or/multnomah/_unincorporated/33.110.txt
00880,agree,noted,or/multnomah/_unincorporated,R7,min_density_trigger_lot_sqft,14000,14000,square feet (site area trigger),clear,True,,"R7. In the R7 zone, a minimum of two dwelling units are required on sites that are 14,000 square feet or larger in total site area.",Sites in the Constrained Sites overlay zone are exempt from this standard (B).,"or/multnomah/_unincorporated/33.110.txt#L421,L422",or/multnomah/_unincorporated/33.110.txt
00881,agree,noted,or/multnomah/_unincorporated,R7,min_units_at_trigger,2,2,dwelling units (count),clear,True,,"R7. In the R7 zone, a minimum of two dwelling units are required on sites that are 14,000 square feet or larger in total site area.",Sites in the Constrained Sites overlay zone are exempt from this standard (B).,"or/multnomah/_unincorporated/33.110.txt#L421,L422",or/multnomah/_unincorporated/33.110.txt
00882,agree,unclear+noted,or/multnomah/_unincorporated,R7,setback_front_ft,15,15,feet,unclear,unknown,20 ft (columns 1-3) | 10 ft (columns 5-6),- Front building setback  20 ft.  20 ft.  20 ft.  15 ft.  10 ft.  10 ft.,"The Table 110-4 header row with the zone codes is not in the passage; 15 ft is the 4th of six columns, which is R7 only if the columns run RF, R20, R10, R7, R5, R2.5 (the order Table 110-7 in the same document uses), so the column cannot be confirmed from these lines.",or/multnomah/_unincorporated/33.110.txt#L458,or/multnomah/_unincorporated/33.110.txt
00883,agree,unclear+noted,or/multnomah/_unincorporated,R7,setback_side_ft,5,5,feet,unclear,unknown,10 ft (columns 1-3),- Side building setback  10 ft.  10 ft.  10 ft.  5 ft.  5 ft.  5 ft.,"The Table 110-4 header row with the zone codes is not in the passage; 5 ft is the 4th of six columns, which is R7 only if the columns run RF, R20, R10, R7, R5, R2.5, so the column cannot be confirmed from these lines.",or/multnomah/_unincorporated/33.110.txt#L460,or/multnomah/_unincorporated/33.110.txt
00884,agree,unclear+noted,or/multnomah/_unincorporated,R7,setback_rear_ft,5,5,feet,unclear,unknown,10 ft (columns 1-3),- Rear building setback  10 ft.  10 ft.  10 ft.  5 ft.  5 ft.  5 ft.,"The Table 110-4 header row with the zone codes is not in the passage; 5 ft is the 4th of six columns, which is R7 only if the columns run RF, R20, R10, R7, R5, R2.5, so the column cannot be confirmed from these lines.",or/multnomah/_unincorporated/33.110.txt#L462,or/multnomah/_unincorporated/33.110.txt
00885,agree,,or/multnomah/_unincorporated,R7,min_lot_sqft,4200,4200,square feet,clear,True,,"Table 110-7 Triplex and Fourplex Minimum Lot Area Standard | R7  4,200 sq. ft.",,or/multnomah/_unincorporated/33.110.txt#L1552,or/multnomah/_unincorporated/33.110.txt
00886,unscored,noted,or/multnomah/_unincorporated,R7,coverage_curve,"[[0, 0, 50], [3000, 1500, 37.5], [5000, 2250, 15], [20000, 4500, 7.5]]",,curve (4 lot-size tiers: base sq ft + percent of lot area over the tier floor),inferred,True,"under 3,000 sq ft: 50% of lot area | 3,000 to under 5,000 sq ft: 1,500 sq ft + 37.5% of lot area over 3,000 | 5,000 to under 20,000 sq ft: 2,250 sq ft + 15% of lot area over 5,000 | 20,000 sq ft or more: 4,500 sq ft + 7.5% of lot area over 20,000","Less than 3,000 sq. ft.  50% of lot area | 3,000 sq. ft or more but less than 5,000 sq. ft.  1,500 sq. ft. + 37.5% of lot area over 3,000 sq. ft.","The standard is a tiered table, not a single number, so figure is null and the four tiers are listed in alternatives; the table is titled for the RF through R2.5 zones, which includes R7 without naming it.",or/multnomah/_unincorporated/33.110.txt#L781-L786,or/multnomah/_unincorporated/33.110.txt
00887,agree,noted,or/multnomah/_unincorporated,R7,setback_garage_entrance_ft,18,18,feet,clear,unknown,,- Garage entrance setback  18 ft.  18 ft.  18 ft.  18 ft.  18 ft.  18 ft.,"The zone header row is not in the passage, but all six columns print 18 ft, so the column question does not change the figure; row cross-references 33.110.220.",or/multnomah/_unincorporated/33.110.txt#L464,or/multnomah/_unincorporated/33.110.txt
00888,agree,noted,or/multnomah/_unincorporated,LR7,max_height_ft,35,35,feet,clear,True,"25 ft for a dwelling on a flag lot or a lot with sole access from an accessway, private drive or easement (39.4862(H)(4), outside these lines)",Maximum Structure Height ¬ 35 feet.,The whole document is the LR-7 chapter; subsection (H)(4) of the same section lowers the height to 25 ft on flag lots and sole-access lots unless further conditions are met.,or/multnomah/_unincorporated/39.lr-7.txt#L412,or/multnomah/_unincorporated/39.lr-7.txt
00889,agree,noted,or/multnomah/_unincorporated,LR7,max_height_ft [flag_lot],25,25,feet,clear,True,"35 ft if the provisos in (a) onward are met (""except that the maximum height may be 35 feet, provided:"") | 35 ft base height (L412)","The maximum height for a single family, duplex or multiplex dwelling on a flag lot or a lot having sole access from an accessway, private drive or easement shall be 25 feet","Applies to a single family, duplex or multiplex dwelling (a 4-unit attached building is presumably a multiplex), and the 25 ft can rise to 35 ft under provisos (a) onward that are cut off after L440.",or/multnomah/_unincorporated/39.lr-7.txt#L429-L434,or/multnomah/_unincorporated/39.lr-7.txt
00890,agree,noted,or/multnomah/_unincorporated,LR7,setback_front_ft,20,20,feet,clear,True,may be reduced to the average of the established or required adjoining front yards on an interior lot where an adjacent lot has a legally established shorter front yard ((H)(1)),(H) Minimum Yard Dimensions – Feet / Front Side Street Side Rear / 20 5 10 15,"The passage prints 20 for Front; the zone_notes describe a different encoded figure taken from a model code, which is not what these lines state.",or/multnomah/_unincorporated/39.lr-7.txt#L409-L411,or/multnomah/_unincorporated/39.lr-7.txt
00891,agree,unclear+noted,or/multnomah/_unincorporated,LR7,open_space_min_sqft,300.0,300,"sq ft per unit (shared outdoor recreation space, 3+ bedroom units)",unclear,unknown,"200 sq ft per unit for one- or two-bedroom units ((A)(2)(a), L255-256, not marked) | private outdoor area per ground-level unit ((A)(1)); its figure, if any, is on the elided line L243",(2) Shared Areas - Usable outdoor recreation space shall be provided for the shared use of residents and their guests in any apartment residential development ... (b) Three or more bed-room units: 300 square feet per unit.,"The marked lines state the SHARED recreation-space standard for an apartment residential development subject to design review, conditioned on bedroom count (300 for 3+ bedrooms, 200 for 1-2), not the private open space area the field is defined as; the private-area clause (A)(1) is the closer match and its number is not visible.","or/multnomah/_unincorporated/39.design-review.txt#L235-L236,L250-L254,L257-L258",or/multnomah/_unincorporated/39.design-review.txt
00892,agree,,or/multnomah/_unincorporated,LR7,setback_side_ft,5,5,feet,clear,True,,(H) Minimum Yard Dimensions – Feet / Front Side Street Side Rear / 20 5 10 15,,or/multnomah/_unincorporated/39.lr-7.txt#L409-L411,or/multnomah/_unincorporated/39.lr-7.txt
00893,agree,noted,or/multnomah/_unincorporated,LR7,setback_rear_ft,15,15,feet,clear,True,"5 ft rear yard on a corner lot provided front and side yards are at least 20 ft ((H)(3), L425-428, outside these lines)",(H) Minimum Yard Dimensions – Feet / Front Side Street Side Rear / 20 5 10 15,"The passage prints 15 for Rear; the zone_notes describe a different encoded figure taken from a model code, which is not what these lines state.",or/multnomah/_unincorporated/39.lr-7.txt#L409-L411,or/multnomah/_unincorporated/39.lr-7.txt
00894,agree,,or/multnomah/_unincorporated,LR7,setback_street_side_ft,10,10,feet,clear,True,,(H) Minimum Yard Dimensions – Feet / Front Side Street Side Rear / 20 5 10 15,,or/multnomah/_unincorporated/39.lr-7.txt#L409-L411,or/multnomah/_unincorporated/39.lr-7.txt
00895,agree,,or/multnomah/_unincorporated,LR7,max_coverage_pct,40,40,percent,clear,True,,(G) The maximum coverage shall be 40 percent.,,or/multnomah/_unincorporated/39.lr-7.txt#L407-L408,or/multnomah/_unincorporated/39.lr-7.txt
00896,agree,noted,or/multnomah/_unincorporated,LR7,min_lot_width_ft,60,60,feet,clear,True,,(F) The minimum lot width at the building line shall be 60 feet.,"Width is measured at the building line, not at the street.",or/multnomah/_unincorporated/39.lr-7.txt#L405-L406,or/multnomah/_unincorporated/39.lr-7.txt
00897,agree,noted,or/multnomah/_unincorporated,LR7,min_frontage_ft,30,30,feet,clear,True,,(E) The minimum front lot line length shall be 30 feet.,"Stated as minimum front lot line length, which is the frontage measure.",or/multnomah/_unincorporated/39.lr-7.txt#L403-L404,or/multnomah/_unincorporated/39.lr-7.txt
00898,agree,noted,or/multnomah/_unincorporated,LR7,min_lot_sqft,5000.0,5000,sq ft per dwelling unit,clear,True,"7,000 sq ft single family detached ((A), subject to MCC 39.3140(B) and 39.4782(A)-(B)) | 10,000 sq ft two-unit dwelling ((B))","(C) The minimum lot size for a multiplex dwelling structure shall be 5,000 square feet for each dwelling unit.","The figure is per dwelling unit under the multiplex row (a fourplex would need four times it), not a flat lot minimum; the passage does not use the word fourplex.",or/multnomah/_unincorporated/39.lr-7.txt#L397-L399,or/multnomah/_unincorporated/39.lr-7.txt
00899,agree,,or/multnomah/_unincorporated,RR,max_height_ft,35,35,feet,clear,True,,Maximum Structure Height – 35 feet,,"or/multnomah/_unincorporated/39.rural-residential.txt#L450,L454",or/multnomah/_unincorporated/39.rural-residential.txt
00900,agree,unclear+noted,or/multnomah/_unincorporated,RR,min_lot_sqft,20.0,20,acres,unclear,True,"5 acres, the general minimum where the property is not within one mile of the UGB (L440) | whatever OAR 660 Division 004 currently requires (the 20 acres is a parenthetical as of October 4, 2000)","For properties within one mile of the Urban Growth Boundary, the minimum lot size shall be as currently required in the Oregon Administrative Rules Chapter 660, Division 004 (20 acre minimum as of October 4, 2000).","The marked lines state two figures (5 acres generally, 20 acres within one mile of the UGB), the operative within-a-mile rule is a deferral to OAR 660-004 with 20 given only as of 2000, the unit is acres not square feet, and the standard is a minimum for new parcels or lots, not a per-fourplex lot area.",or/multnomah/_unincorporated/39.rural-residential.txt#L440-L445,or/multnomah/_unincorporated/39.rural-residential.txt
00901,agree,noted,or/multnomah/_unincorporated,RR,min_lot_sqft [beyond_ugb_mile],5.0,5,acres,clear,True,"20 acres (per OAR 660-004 as of October 4, 2000) within one mile of the UGB (L440-445)",the minimum lot size for new parcels or lots shall be five acres.,"Five acres is stated as the general rule (the one-mile UGB case is the exception, not the other way round), the unit is acres, it is subject to exceptions in MCC 39.3090, 39.4380, 39.4385 and 39.5300-39.5350, and it is a minimum for new parcels or lots rather than a per-fourplex lot area.",or/multnomah/_unincorporated/39.rural-residential.txt#L437-L440,or/multnomah/_unincorporated/39.rural-residential.txt
00902,unread,unclear+noted,or/multnomah/_unincorporated,RR,min_lot_sqft [planned_development],20.0,,acres (no planned-development figure stated),unclear,True,"20 acres (per OAR 660-004 as of October 4, 2000) within one mile of the UGB, the base figure on the marked lines | 5 acres, the general minimum (L440)","Except as provided in MCC 39.3090, 39.4380, 39.4385 and 39.5300 through 39.5350, the minimum lot size for new parcels or lots shall be five acres. For properties within one mile of the Urban Growth Boundary","The passage says nothing about planned development; it only lists the sections (MCC 39.3090, 39.4380, 39.4385, 39.5300-39.5350) whose provisions override the 5-acre / 20-acre minimums, so the figure that applies under this condition is not on these lines.",or/multnomah/_unincorporated/39.rural-residential.txt#L440-L445,or/multnomah/_unincorporated/39.rural-residential.txt
00903,unread,unclear+noted,or/multnomah/_unincorporated,RR,min_lot_sqft [beyond_ugb_mile+planned_development],5.0,,acres (no planned-development figure stated),unclear,True,"5 acres, the general minimum beyond one mile of the UGB (the base figure on the marked lines) | 20 acres (per OAR 660-004 as of October 4, 2000) within one mile of the UGB (L440-445)","Except as provided in MCC 39.3090, 39.4380, 39.4385 and 39.5300 through 39.5350, the minimum lot size for new parcels or lots shall be five acres.","The passage says nothing about planned development; the 5 acres is the general minimum and the only reference to any override is the list of sections (MCC 39.3090, 39.4380, 39.4385, 39.5300-39.5350) whose provisions take precedence, so the figure that applies under this condition is not on these lines.",or/multnomah/_unincorporated/39.rural-residential.txt#L437-L440,or/multnomah/_unincorporated/39.rural-residential.txt
00904,agree,,or/multnomah/_unincorporated,RR,setback_front_ft,30,30,feet,clear,True,,(C) Minimum Yard Dimensions – Feet / Front Side Street Side Rear / 30 10 30 30,,or/multnomah/_unincorporated/39.rural-residential.txt#L450-L452,or/multnomah/_unincorporated/39.rural-residential.txt
00905,agree,,or/multnomah/_unincorporated,RR,setback_side_ft,10,10,feet,clear,True,,(C) Minimum Yard Dimensions – Feet / Front Side Street Side Rear / 30 10 30 30,,or/multnomah/_unincorporated/39.rural-residential.txt#L450-L452,or/multnomah/_unincorporated/39.rural-residential.txt
00906,agree,,or/multnomah/_unincorporated,RR,setback_street_side_ft,30,30,feet,clear,True,,(C) Minimum Yard Dimensions – Feet / Front Side Street Side Rear / 30 10 30 30,,or/multnomah/_unincorporated/39.rural-residential.txt#L450-L452,or/multnomah/_unincorporated/39.rural-residential.txt
00907,agree,,or/multnomah/_unincorporated,RR,setback_rear_ft,30,30,feet,clear,True,,(C) Minimum Yard Dimensions – Feet / Front Side Street Side Rear / 30 10 30 30,,or/multnomah/_unincorporated/39.rural-residential.txt#L450-L452,or/multnomah/_unincorporated/39.rural-residential.txt
00908,agree,noted,or/multnomah/_unincorporated,RR,min_frontage_ft,50,50,feet,clear,True,,Minimum Front Lot Line Length – 50 feet.,"Stated as minimum front lot line length, which is the frontage measure.","or/multnomah/_unincorporated/39.rural-residential.txt#L450,L455",or/multnomah/_unincorporated/39.rural-residential.txt
00909,agree,noted,or/multnomah/fairview,defaults,parking_min_per_unit,0,0,spaces per unit (no minimum required),clear,True,,A. There is no minimum off-street parking requirements for new developments.,"The passage prints no numeral; it states there is no minimum off-street parking requirement for new developments, which is reported here as 0, and the table that follows sets maximums only.",or/multnomah/fairview/19.164.txt#L25,or/multnomah/fairview/19.164.txt
00910,agree,noted,or/multnomah/fairview,defaults,parking_stall_width_ft,9,9,feet (standard stall width at 90 degrees),clear,True,7 ft 6 in for a compact stall (up to 40% of stalls) | 8 ft standard at 0 degrees (parallel),90°  Standard Compact Disabled  9 ft. 7 ft. 6 in.  [Width (B)],"Each cell holds two values (standard, compact) although the Type column names three types; 9 ft is the standard stall and no separate disabled-stall width is printed.","or/multnomah/fairview/19.164.txt#L161-L162,L167",or/multnomah/fairview/19.164.txt
00911,agree,noted,or/multnomah/fairview,defaults,parking_stall_depth_ft,19,19,feet (standard stall depth at 90 degrees),clear,True,15 ft for a compact stall,90° ... Stall Depth  19 ft. 15 ft.,No bumper-overhang allowance is printed in this table.,"or/multnomah/fairview/19.164.txt#L161-L162,L167",or/multnomah/fairview/19.164.txt
00912,agree,noted,or/multnomah/fairview,defaults,parking_aisle_one_way_ft,24,24,"feet (one-way aisle at 90 degrees, standard stalls)",clear,True,22 ft one-way aisle where the stalls are compact,90° ... 1-Way Aisle Width (D)  24 ft. 22 ft.,At 90 degrees the one-way aisle for standard stalls equals the two-way aisle at 24 ft; the smaller 22 ft is the compact-stall column.,"or/multnomah/fairview/19.164.txt#L161-L162,L167",or/multnomah/fairview/19.164.txt
00913,agree,,or/multnomah/fairview,defaults,parking_aisle_two_way_ft,24,24,feet (two-way aisle at 90 degrees),clear,True,,90° ... 2-Way Aisle Width (D)  24 ft. 24 ft.,,"or/multnomah/fairview/19.164.txt#L161-L162,L167",or/multnomah/fairview/19.164.txt
00914,agree,noted,or/multnomah/fairview,defaults,driveway_approach_min_width_ft,10,10,feet,inferred,True,20 ft minimum if the building is classed as a multiple-unit use with four to seven dwelling units (item 2) | 10 ft for each travel lane (general rule in L103),"1. Single-unit dwelling, duplex, triplex, quadplex, and townhouse uses shall have a minimum driveway width of 10 feet, and a maximum width of 24 feet","Item 1 names quadplex and townhouse uses explicitly, but item 2 (multiple-unit uses with between four and seven units) overlaps a 4-unit building and would give 20 ft, and the width is measured where the front property line meets the sidewalk or right-of-way.",or/multnomah/fairview/19.162.txt#L103-L107,or/multnomah/fairview/19.162.txt
00915,agree,noted,or/multnomah/fairview,defaults,driveway_approach_max_width_ft,24,24,feet,clear,True,"24 ft also under item 2 (multiple-unit uses with four to seven units), so the row choice does not change the maximum | one additional recreational vehicle pad driveway allowed on lots over 10,000 sq ft","1. Single-unit dwelling, duplex, triplex, quadplex, and townhouse uses shall have a minimum driveway width of 10 feet, and a maximum width of 24 feet","The figure is per driveway opening, measured at the front property line; the RV-pad exception adds a second driveway on lots over 10,000 sq ft rather than widening this one.",or/multnomah/fairview/19.162.txt#L103-L107,or/multnomah/fairview/19.162.txt
00916,agree,noted,or/multnomah/fairview,defaults,parking_area_max_frontage_pct,50,50,percent of property street frontage,clear,True,"50 percent of the front facade for garages alone (same sentence, a different measure)",the total garage and outdoor on-site parking and maneuvering areas do not exceed 50 percent of the property street frontage (see Figure 7),"This is in 19.30.040, the design standards for single-unit dwellings, duplexes, triplexes and quadplexes (townhouses are governed by 19.30.050), and it is one of the (E)(1)-(3) conditions under which parking may sit between the building and the street.",or/multnomah/fairview/19.30.txt#L567-L571,or/multnomah/fairview/19.30.txt
00917,agree,noted,or/multnomah/fairview,defaults,parking_maneuvering_max_width_ft [unit_lots],12,12,feet,clear,True,"12 ft garage width measured inside the door frame (d), a different measure",c. Outdoor on-site parking and maneuvering areas do not exceed 12 feet wide on any lot.,"This is the 19.30.050(D)(1) option for townhouses with frontage on a public street that put parking in front; each townhouse lot must also have at least 15 ft of frontage on a local street, and projects not meeting all of (D)(1) must put parking at the rear under (D)(2).",or/multnomah/fairview/19.30.txt#L655-L665,or/multnomah/fairview/19.30.txt
00918,agree,noted,or/multnomah/fairview,defaults,parking_building_buffer_ft,4,4,feet,clear,True,,"the area shall be separated from the building by a raised pathway, plaza, or landscaped buffer no less than four feet in width",Where the parking area is adjacent to residential ground-floor living space the buffer must be a landscape buffer.,or/multnomah/fairview/19.163.txt#L175,or/multnomah/fairview/19.163.txt
00919,agree,unclear+noted,or/multnomah/fairview,R-6,min_density_du_per_acre,5.8,5.8,units per acre (net),unclear,unknown,"4.6 (column 2) | 3.5 (column 3) | NA (column 4) | 14 for triplexes and quadplexes (column 5) | 5.8 also in row c. Townhouse, column 1","3. Minimum Net Density (units/acre) [1] ... b. Duplex, Triplex, Quadplex, Cottage Cluster / 5.8","The zone header row is not in the passage; 5.8 is the first of five columns, which is R-6 only if the columns run from the 6,000 sq ft district upward (5.8 is what 6,000 sq ft lots yield at 80% net), and footnote [1] on the row heading is not visible.","or/multnomah/fairview/19.30.txt#L292,L299,L300",or/multnomah/fairview/19.30.txt
00920,agree,noted,or/multnomah/fairview,R-6,min_density_du_per_acre [unit_lots],5.8,5.8,units per acre,inferred,unknown,"5.8 (b. Duplex, Triplex, Quadplex, Cottage Cluster row, same figure in this column)",3. Minimum Net Density (units/acre) [1] / c. Townhouse / 5.8,"Header row not in passage; column taken by position (1st of 5), which the 6,000/7,500/10,000 quadplex lot-area row ties to R-6/R-7.5/R-10; footnote [1] applies the minimum only when new primary units are added or new lots created, and exempts 2-lot partitions.","or/multnomah/fairview/19.30.txt#L292,L305,L306",or/multnomah/fairview/19.30.txt
00921,agree,noted,or/multnomah/fairview,R-6,max_density_du_per_acre [unit_lots],25,25,units per acre,inferred,unknown,"None (b. Duplex, Triplex, Quadplex, Cottage Cluster row - no maximum in this column)",4. Maximum Net Density (units/acre) / c. Townhouse / 25,"Header row not in passage; column taken by position (1st of 5) per the 6,000/7,500/10,000 lot-area row; the townhouse row is used for the unit_lots condition, while the quadplex row says None.","or/multnomah/fairview/19.30.txt#L317,L330,L331",or/multnomah/fairview/19.30.txt
00922,agree,noted,or/multnomah/fairview,R-6,min_building_separation_ft,10,10,feet,inferred,unknown,,12. Special Yards (distance between primary buildings on the same lot) / 10 feet,"Header row not in passage, but all five columns read 10 feet so column identity does not change the figure; the row ends with a cross-reference to 19.30.030(E) that is not shown.",or/multnomah/fairview/19.30.txt#L405,or/multnomah/fairview/19.30.txt
00923,agree,noted,or/multnomah/fairview,R-6,max_height_ft,35,35,feet,inferred,unknown,2.5 stories (a second cap in the same cell),"17. Maximum Building Height / 2.5 stories, but not more than 35 ft.","Header row not in passage; column taken by position (1st of 5), and the first four columns are identical; the cell carries a dual cap of 2.5 stories AND 35 ft, whichever binds first.","or/multnomah/fairview/19.30.txt#L439,L440",or/multnomah/fairview/19.30.txt
00924,agree,noted,or/multnomah/fairview,R-6,max_far,0.7,0.7,"ratio (FAR, 0.7 to 1)",inferred,unknown,none for cottage clusters,14. Maximum Floor Area Ratio (FAR) / 0.7 to 1 / Cottage clusters none,Header row not in passage; column taken by position (1st of 5) per the lot-area row; every residential column shown reads 0.7 to 1.,"or/multnomah/fairview/19.30.txt#L417,L418,L419",or/multnomah/fairview/19.30.txt
00925,agree,noted,or/multnomah/fairview,R-6,max_lot_depth_ratio,3,3,ratio (times the lot width),inferred,unknown,none for townhomes and cottage clusters,6. Maximum Lot Depth / 3 times the lot width / Townhomes and cottage clusters none,"Header row not in passage; column taken by position (1st of 5) per the lot-area row; the cap does not apply to townhomes, so under a unit_lots reading the row says none.",or/multnomah/fairview/19.30.txt#L353,or/multnomah/fairview/19.30.txt
00926,unscored,noted,or/multnomah/fairview,R-6,orientation_constraint,entrance_only,,enum (reads as entrance_only),inferred,unknown,8 ft (entrance within eight feet of the longest street-facing wall) | 45 degrees (maximum entrance angle from the street) | 25 sq ft (minimum porch area alternative),B. Entry Orientation. At least one main entrance ... must be within eight feet of the longest street-facing wall of the dwelling unit; and ... a. Face the street ... b. Be at an angle of up to 45 degrees,"The standard is an enum, not a number: the passage binds the main entrance (within 8 ft of the longest street-facing wall, facing the street or within 45 degrees, or a common open space, or a porch) and does not fix the building's long axis, so it reads as entrance_only; the section title covers single-unit, duplex, triplex and quadplex structures, not townhouses, and it applies citywide rather than naming R-6.","or/multnomah/fairview/19.30.txt#L515,L517,L519-L531",or/multnomah/fairview/19.30.txt
00927,agree,noted,or/multnomah/fairview,R-6,setback_front_ft,10,10,feet,inferred,unknown,none for residential commercial buildings,7. Front Yard Setback Minimum / 10 feet,"Header row not in passage, but all five columns read 10 feet so column identity does not change the figure.",or/multnomah/fairview/19.30.txt#L362,or/multnomah/fairview/19.30.txt
00928,agree,noted,or/multnomah/fairview,R-6,setback_side_ft,5,5,feet,inferred,unknown,0 on attached side(s) for townhomes,10. Interior Side Yard Setback / 5 feet / Townhomes No setback on attached side(s),"Header row not in passage, but every column reads 5 feet; for an attached townhouse the common-wall sides carry no setback, so 5 ft applies only to the end walls, and the row ends with a cross-reference to 19.30.030(C) that is not shown.",or/multnomah/fairview/19.30.txt#L387,or/multnomah/fairview/19.30.txt
00929,agree,noted,or/multnomah/fairview,R-6,setback_rear_ft,15,15,feet,inferred,unknown,10 feet for cottage clusters,9. Rear Yard Setback / 15 feet / Cottage clusters: 10 feet,"Header row not in passage, but every column reads 15 feet; the row ends with a cross-reference to 19.30.030(B)(1)(b) that is not shown.",or/multnomah/fairview/19.30.txt#L377,or/multnomah/fairview/19.30.txt
00930,agree,noted,or/multnomah/fairview,R-6,setback_street_side_ft,10,10,feet,inferred,unknown,,11. Street Side Yard (corner) Setback Minimum / 10 feet,"Header row not in passage, but all five columns read 10 feet so column identity does not change the figure.",or/multnomah/fairview/19.30.txt#L399,or/multnomah/fairview/19.30.txt
00931,agree,noted,or/multnomah/fairview,R-6,min_lot_sqft,6000,6000,square feet,inferred,unknown,"2,000 (e. Townhouse row, first column, per unit lot)","d. Quadplex / 6,000","Header row not in passage; column taken by position (1st of 5), and the 6,000/7,500/10,000 sequence across the first three columns matches the R-6/R-7.5/R-10 zone names; the quadplex row is used, the townhouse row reads 2,000.",or/multnomah/fairview/19.30.txt#L257,or/multnomah/fairview/19.30.txt
00932,agree,noted,or/multnomah/fairview,R-6,min_lot_width_ft,30,30,feet,inferred,unknown,20 feet for townhouses,5. Minimum Lot Width at Front Property Line / 30 feet / 20 feet for townhouses,"Header row not in passage; column taken by position (1st of 5) per the lot-area row; the row measures width AT THE FRONT PROPERTY LINE (a frontage-style measurement), not a general lot width, and townhouses get 20 feet.",or/multnomah/fairview/19.30.txt#L343,or/multnomah/fairview/19.30.txt
00933,agree,noted,or/multnomah/fairview,R-6,max_coverage_pct,50,50,percent,inferred,unknown,,15. Maximum Building Coverage / 50%,"Header row not in passage; column taken by position (1st of 5) per the lot-area row, and the first four columns all read 50%.",or/multnomah/fairview/19.30.txt#L428,or/multnomah/fairview/19.30.txt
00934,agree,noted,or/multnomah/fairview,R-6,min_landscaped_pct,20,20,percent of the site,inferred,True,,C. Landscape Area Standards. The minimum percentage of required landscaping equals: 1. Residential districts: 20 percent of the site.,"Stated for all residential districts as a class rather than naming R-6, and 19.163.030(A) limits the section to developments requiring site design review or otherwise having required landscaping.","or/multnomah/fairview/19.163.txt#L73,L75",or/multnomah/fairview/19.163.txt
00935,agree,noted,or/multnomah/fairview,R-6,setback_front_max_ft,30,30,feet,inferred,unknown,10 feet for residential commercial buildings,8. Front Yard Setback Maximum / 30 feet,"Header row not in passage, but all five columns read 30 feet; the row ends with a cross-reference to 19.30.030(B)(1)(b) that is not shown.",or/multnomah/fairview/19.30.txt#L369,or/multnomah/fairview/19.30.txt
00936,agree,noted,or/multnomah/fairview,R-7.5,min_density_du_per_acre,4.6,4.6,units per acre,inferred,unknown,"4.6 (c. Townhouse row, same figure in this column)","3. Minimum Net Density (units/acre) [1] / b. Duplex, Triplex, Quadplex, Cottage Cluster / 4.6","Header row not in passage; column taken by position (2nd of 5), which the 6,000/7,500/10,000 quadplex lot-area row ties to R-7.5; footnote [1] applies the minimum only when new primary units are added or new lots created, and exempts 2-lot partitions.","or/multnomah/fairview/19.30.txt#L292,L299,L301",or/multnomah/fairview/19.30.txt
00937,agree,noted,or/multnomah/fairview,R-7.5,min_density_du_per_acre [unit_lots],4.6,4.6,units per acre,inferred,unknown,"4.6 (b. Duplex, Triplex, Quadplex, Cottage Cluster row, same figure in this column)",3. Minimum Net Density (units/acre) [1] / c. Townhouse / 4.6,"Header row not in passage; column taken by position (2nd of 5) per the lot-area row; footnote [1] applies the minimum only when new primary units are added or new lots created, and exempts 2-lot partitions.","or/multnomah/fairview/19.30.txt#L292,L305,L307",or/multnomah/fairview/19.30.txt
00938,agree,noted,or/multnomah/fairview,R-7.5,max_density_du_per_acre [unit_lots],23.2,23.2,units per acre,inferred,unknown,"None (b. Duplex, Triplex, Quadplex, Cottage Cluster row - no maximum in this column)",4. Maximum Net Density (units/acre) / c. Townhouse / 23.2,"Header row not in passage; column taken by position (2nd of 5) per the lot-area row; the townhouse row is used for the unit_lots condition, while the quadplex row says None.","or/multnomah/fairview/19.30.txt#L317,L330,L332",or/multnomah/fairview/19.30.txt
00939,agree,noted,or/multnomah/fairview,R-7.5,min_building_separation_ft,10,10,feet,inferred,unknown,,12. Special Yards (distance between primary buildings on the same lot) / 10 feet,"Header row not in passage, but all five columns read 10 feet so column identity does not change the figure; the row ends with a cross-reference to 19.30.030(E) that is not shown.",or/multnomah/fairview/19.30.txt#L406,or/multnomah/fairview/19.30.txt
00940,agree,noted,or/multnomah/fairview,R-7.5,max_height_ft,35,35,feet,inferred,unknown,2.5 stories (a second cap in the same cell),"17. Maximum Building Height / 2.5 stories, but not more than 35 ft.","Header row not in passage; column taken by position (2nd of 5), and the first four columns are identical; the cell carries a dual cap of 2.5 stories AND 35 ft, and the 19.30.030(E) height-transition rule the zone note mentions is not in this passage.","or/multnomah/fairview/19.30.txt#L439,L441",or/multnomah/fairview/19.30.txt
00941,agree,noted,or/multnomah/fairview,R-7.5,max_far,0.7,0.7,"ratio (FAR, 0.7 to 1)",inferred,unknown,none for cottage clusters,14. Maximum Floor Area Ratio (FAR) / 0.7 to 1 / Cottage clusters none,Header row not in passage; column taken by position (2nd of 5) per the lot-area row; every residential column shown reads 0.7 to 1.,"or/multnomah/fairview/19.30.txt#L417,L420,L421",or/multnomah/fairview/19.30.txt
00942,agree,noted,or/multnomah/fairview,R-7.5,max_lot_depth_ratio,3,3,ratio (times the lot width),inferred,unknown,none for townhomes and cottage clusters,6. Maximum Lot Depth / 3 times the lot width / Townhomes and cottage clusters none,"Header row not in passage; column taken by position (2nd of 5) per the lot-area row; the cap does not apply to townhomes, so under a unit_lots reading the row says none.",or/multnomah/fairview/19.30.txt#L355,or/multnomah/fairview/19.30.txt
00943,unscored,noted,or/multnomah/fairview,R-7.5,orientation_constraint,entrance_only,,enum (reads as entrance_only),inferred,unknown,8 ft (entrance within eight feet of the longest street-facing wall) | 45 degrees (maximum entrance angle from the street) | 25 sq ft (minimum porch area alternative),B. Entry Orientation. At least one main entrance ... must be within eight feet of the longest street-facing wall of the dwelling unit; and ... a. Face the street ... b. Be at an angle of up to 45 degrees,"The standard is an enum, not a number: the passage binds the main entrance (within 8 ft of the longest street-facing wall, facing the street or within 45 degrees, or a common open space, or a porch) and does not fix the building's long axis, so it reads as entrance_only; the section title covers single-unit, duplex, triplex and quadplex structures, not townhouses, and it applies citywide rather than naming R-7.5.","or/multnomah/fairview/19.30.txt#L515,L517,L519-L531",or/multnomah/fairview/19.30.txt
00944,agree,noted,or/multnomah/fairview,R-7.5,setback_front_ft,10,10,feet,inferred,unknown,none for residential commercial buildings,7. Front Yard Setback Minimum / 10 feet,"Header row not in passage, but all five columns read 10 feet so column identity does not change the figure.",or/multnomah/fairview/19.30.txt#L363,or/multnomah/fairview/19.30.txt
00945,agree,noted,or/multnomah/fairview,R-7.5,setback_side_ft,5,5,feet,inferred,unknown,0 on attached side(s) for townhomes,10. Interior Side Yard Setback / 5 feet / Townhomes No setback on attached side(s),"Header row not in passage, but every column reads 5 feet; for an attached townhouse the common-wall sides carry no setback, so 5 ft applies only to the end walls, and the row ends with a cross-reference to 19.30.030(C) that is not shown.",or/multnomah/fairview/19.30.txt#L389,or/multnomah/fairview/19.30.txt
00946,agree,noted,or/multnomah/fairview,R-7.5,setback_rear_ft,15,15,feet,inferred,unknown,10 feet for cottage clusters,9. Rear Yard Setback / 15 feet / Cottage clusters: 10 feet,"Header row not in passage, but every column reads 15 feet; the row ends with a cross-reference to 19.30.030(B)(1)(b) that is not shown.",or/multnomah/fairview/19.30.txt#L379,or/multnomah/fairview/19.30.txt
00947,agree,noted,or/multnomah/fairview,R-7.5,setback_street_side_ft,10,10,feet,inferred,unknown,,11. Street Side Yard (corner) Setback Minimum / 10 feet,"Header row not in passage, but all five columns read 10 feet so column identity does not change the figure.",or/multnomah/fairview/19.30.txt#L400,or/multnomah/fairview/19.30.txt
00948,agree,noted,or/multnomah/fairview,R-7.5,min_lot_sqft,7500,7500,square feet,inferred,unknown,"2,000 (e. Townhouse row, per unit lot)","d. Quadplex / 7,500","Header row not in passage; column taken by position (2nd of 5), and the 6,000/7,500/10,000 sequence across the first three columns matches the R-6/R-7.5/R-10 zone names; the quadplex row is used, the townhouse row reads 2,000.",or/multnomah/fairview/19.30.txt#L258,or/multnomah/fairview/19.30.txt
00949,agree,noted,or/multnomah/fairview,R-7.5,min_lot_width_ft,30,30,feet,inferred,unknown,20 feet for townhouses,5. Minimum Lot Width at Front Property Line / 30 feet / 20 feet for townhouses,"Header row not in passage; column taken by position (2nd of 5) per the lot-area row; the row measures width AT THE FRONT PROPERTY LINE (a frontage-style measurement), not a general lot width, and townhouses get 20 feet.",or/multnomah/fairview/19.30.txt#L345,or/multnomah/fairview/19.30.txt
00950,agree,noted,or/multnomah/fairview,R-7.5,max_coverage_pct,50,50,percent,inferred,unknown,,15. Maximum Building Coverage / 50%,"Header row not in passage; column taken by position (2nd of 5) per the lot-area row, and the first four columns all read 50%.",or/multnomah/fairview/19.30.txt#L429,or/multnomah/fairview/19.30.txt
00951,agree,noted,or/multnomah/fairview,R-7.5,min_landscaped_pct,20,20,percent of the site,inferred,True,,C. Landscape Area Standards. The minimum percentage of required landscaping equals: 1. Residential districts: 20 percent of the site.,"Stated for all residential districts as a class rather than naming R-7.5, and 19.163.030(A) limits the section to developments requiring site design review or otherwise having required landscaping.","or/multnomah/fairview/19.163.txt#L73,L75",or/multnomah/fairview/19.163.txt
00952,agree,noted,or/multnomah/fairview,R-7.5,setback_front_max_ft,30,30,feet,inferred,unknown,10 feet for residential commercial buildings,8. Front Yard Setback Maximum / 30 feet,"Header row not in passage, but all five columns read 30 feet; the row ends with a cross-reference to 19.30.030(B)(1)(b) that is not shown.",or/multnomah/fairview/19.30.txt#L370,or/multnomah/fairview/19.30.txt
00953,agree,noted,or/multnomah/fairview,R-10,min_density_du_per_acre,3.5,3.5,units per acre,inferred,unknown,"3.5 (c. Townhouse row, same figure in this column)","3. Minimum Net Density (units/acre) [1] / b. Duplex, Triplex, Quadplex, Cottage Cluster / 3.5","Header row not in passage; column taken by position (3rd of 5), which the 6,000/7,500/10,000 quadplex lot-area row ties to R-10; footnote [1] applies the minimum only when new primary units are added or new lots created, and exempts 2-lot partitions.","or/multnomah/fairview/19.30.txt#L292,L299,L302",or/multnomah/fairview/19.30.txt
00954,agree,noted,or/multnomah/fairview,R-10,min_density_du_per_acre [unit_lots],3.5,3.5,units per acre,inferred,unknown,"3.5 (b. Duplex, Triplex, Quadplex, Cottage Cluster row, same figure in this column)",3. Minimum Net Density (units/acre) [1] / c. Townhouse / 3.5,"Header row not in passage; column taken by position (3rd of 5) per the lot-area row; footnote [1] applies the minimum only when new primary units are added or new lots created, and exempts 2-lot partitions.","or/multnomah/fairview/19.30.txt#L292,L305,L308",or/multnomah/fairview/19.30.txt
00955,agree,noted,or/multnomah/fairview,R-10,max_density_du_per_acre [unit_lots],17.6,17.6,units per acre,inferred,unknown,"None (b. Duplex, Triplex, Quadplex, Cottage Cluster row - no maximum in this column)",4. Maximum Net Density (units/acre) / c. Townhouse / 17.6,"Header row not in passage; column taken by position (3rd of 5) per the lot-area row; the townhouse row is used for the unit_lots condition, while the quadplex row says None.","or/multnomah/fairview/19.30.txt#L317,L330,L333",or/multnomah/fairview/19.30.txt
00956,agree,noted,or/multnomah/fairview,R-10,min_building_separation_ft,10,10,feet,inferred,unknown,,12. Special Yards (distance between primary buildings on the same lot) / 10 feet,"Header row not in passage, but all five columns read 10 feet so column identity does not change the figure; the row ends with a cross-reference to 19.30.030(E) that is not shown.",or/multnomah/fairview/19.30.txt#L407,or/multnomah/fairview/19.30.txt
00957,agree,noted,or/multnomah/fairview,R-10,max_height_ft,35,35,feet,inferred,unknown,2.5 stories (a second cap in the same cell),"17. Maximum Building Height / 2.5 stories, but not more than 35 ft.","Header row not in passage; column taken by position (3rd of 5), and the first four columns are identical; the cell carries a dual cap of 2.5 stories AND 35 ft, and the 19.30.030(E) height-transition rule the zone note mentions is not in this passage.","or/multnomah/fairview/19.30.txt#L439,L442",or/multnomah/fairview/19.30.txt
00958,agree,noted,or/multnomah/fairview,R-10,max_far,0.7,0.7,"ratio (FAR, 0.7 to 1)",inferred,unknown,none for cottage clusters,14. Maximum Floor Area Ratio (FAR) / 0.7 to 1 / Cottage clusters none,Header row not in passage; column taken by position (3rd of 5) per the lot-area row; every residential column shown reads 0.7 to 1.,"or/multnomah/fairview/19.30.txt#L417,L422,L423",or/multnomah/fairview/19.30.txt
00959,agree,noted,or/multnomah/fairview,R-10,max_lot_depth_ratio,3,3,ratio (times the lot width),inferred,unknown,none for townhomes and cottage clusters,6. Maximum Lot Depth / 3 times the lot width / Townhomes and cottage clusters none,"Header row not in passage; column taken by position (3rd of 5) per the lot-area row; the cap does not apply to townhomes, so under a unit_lots reading the row says none.",or/multnomah/fairview/19.30.txt#L357,or/multnomah/fairview/19.30.txt
00960,unscored,noted,or/multnomah/fairview,R-10,orientation_constraint,entrance_only,,enum (entrance rule),clear,unknown,,B. Entry Orientation. At least one main entrance ... 1. The entrance must be within eight feet of the longest street-facing wall ... 2. The entrance must either: a. Face the street,"No numeric figure: the passage binds the main entrance (within 8 ft of the longest street-facing wall; facing the street, up to 45 degrees off it, a common open space, or a porch) and does not fix the building's long axis, which reads as entrance_only; it applies by housing type (single-unit through quadplex) and does not name R-10.","or/multnomah/fairview/19.30.txt#L515,L517,L519-L531",or/multnomah/fairview/19.30.txt
00961,agree,noted,or/multnomah/fairview,R-10,setback_front_ft,10,10,feet,inferred,True,,7. Front Yard Setback Minimum / 10 feet,"No header row is visible; L364 is the third of five district cells, which I take as R-10 (the quadplex lot-area row reads 6,000 / 7,500 / 10,000 / NA / 2,500 per unit, and 10,000 matches the R-10 name) — all five cells read 10 feet anyway.",or/multnomah/fairview/19.30.txt#L364,or/multnomah/fairview/19.30.txt
00962,agree,noted,or/multnomah/fairview,R-10,setback_side_ft,5,5,feet,inferred,True,0 ft on the attached side(s) for townhomes,10. Interior Side Yard Setback / 5 feet / Townhomes No setback on attached side(s),"Column identified by position (third of five cells, each cell a 5 feet + townhome-note pair); the qualifier 'Townhomes No setback on attached side(s)' means the 5 ft binds only the unattached end walls of an attached building.",or/multnomah/fairview/19.30.txt#L391,or/multnomah/fairview/19.30.txt
00963,agree,noted,or/multnomah/fairview,R-10,setback_rear_ft,15,15,feet,inferred,True,10 ft for cottage clusters,9. Rear Yard Setback / 15 feet / Cottage clusters: 10 feet,"Column identified by position (L381-L382 is the third cell of five; the first three cells carry a cottage-cluster sub-note, the last two do not); cottage-cluster figure does not apply to a quadplex.",or/multnomah/fairview/19.30.txt#L381,or/multnomah/fairview/19.30.txt
00964,agree,noted,or/multnomah/fairview,R-10,setback_street_side_ft,10,10,feet,inferred,True,,11. Street Side Yard (corner) Setback Minimum / 10 feet,No header row visible; L401 is the third of five district cells and all five read 10 feet.,or/multnomah/fairview/19.30.txt#L401,or/multnomah/fairview/19.30.txt
00965,agree,noted,or/multnomah/fairview,R-10,min_lot_sqft,10000,10000,square feet,inferred,True,,"d. Quadplex / 6,000 / 7,500 / 10,000 / NA / 2,500 per unit","Row d. Quadplex used; L259 is the third of five cells and the 10,000 figure matches the R-10 district name, though no header row is visible in the passage.",or/multnomah/fairview/19.30.txt#L259,or/multnomah/fairview/19.30.txt
00966,agree,noted,or/multnomah/fairview,R-10,min_lot_width_ft,30,30,feet,inferred,True,20 ft for townhouses (per townhouse lot),5. Minimum Lot Width at Front Property Line / 30 feet / 20 feet for townhouses,"The row is width measured AT THE FRONT PROPERTY LINE (a frontage-style measure, not a mid-lot width); L347-L348 is the third cell of five by position; the 20 ft townhouse figure applies to individual townhouse lots, so a quadplex on one lot takes 30 ft.",or/multnomah/fairview/19.30.txt#L347,or/multnomah/fairview/19.30.txt
00967,agree,noted,or/multnomah/fairview,R-10,max_coverage_pct,50,50,percent,inferred,True,60% in the fifth (multi-family) column,15. Maximum Building Coverage / 50%,Column identified by position (third of five cells: 50 / 50 / 50 / 50 / 60); no header row visible.,or/multnomah/fairview/19.30.txt#L430,or/multnomah/fairview/19.30.txt
00968,agree,noted,or/multnomah/fairview,R-10,min_landscaped_pct,20,20,percent of the site,inferred,True,,C. Landscape Area Standards. The minimum percentage of required landscaping equals: 1. Residential districts: 20 percent of the site.,Tied to 'Residential districts' as a class rather than to R-10 by name; applicability (19.163.030(A)) is limited to developments requiring site design review or otherwise required to landscape.,"or/multnomah/fairview/19.163.txt#L73,L75",or/multnomah/fairview/19.163.txt
00969,agree,noted,or/multnomah/fairview,R-10,setback_front_max_ft,30,30,feet,inferred,True,,8. Front Yard Setback Maximum / 30 feet,"L371 is the third of five cells, all reading 30 feet; the 'Residential commercial buildings 10 feet' sub-note at L374 belongs to the fifth (RM) cell, not this column.",or/multnomah/fairview/19.30.txt#L371,or/multnomah/fairview/19.30.txt
00970,agree,noted,or/multnomah/fairview,RM,min_density_du_per_acre,14,14,units per acre,inferred,True,14 in the townhouse row (L310) | 14 in the multi-unit row (L316),"b. Duplex, Triplex, Quadplex, Cottage Cluster / 5.8 / 4.6 / 3.5 / NA / 14 (Triplexes and Quadplexes)","Fifth cell of the row taken as RM by position (no header visible); the cell qualifies the 14 as applying to triplexes and quadplexes, and footnote [1] applies minimum density only when new primary units are added or new lots created, exempting 2-lot partitions and residential care.","or/multnomah/fairview/19.30.txt#L292,L299,L304",or/multnomah/fairview/19.30.txt
00971,agree,noted,or/multnomah/fairview,RM,max_density_du_per_acre,21.8,21.8,units per acre,inferred,True,21.8 in the townhouse row (L335),"b. Duplex, Triplex, Quadplex, Cottage Cluster / None / None / None / NA / 21.8",Fifth cell of the quadplex row taken as RM by position; no header row visible.,"or/multnomah/fairview/19.30.txt#L317,L324,L329",or/multnomah/fairview/19.30.txt
00972,agree,noted,or/multnomah/fairview,RM,min_building_separation_ft,10,10,feet,inferred,True,,12. Special Yards (distance between primary buildings on the same lot) / 10 feet,"L409 is the fifth of five cells and all five read 10 feet; the trailing '19.30.030(E)' at L410 is a cross-reference, not a figure.",or/multnomah/fairview/19.30.txt#L409,or/multnomah/fairview/19.30.txt
00973,agree,noted,or/multnomah/fairview,RM,max_height_ft,45,45,feet,inferred,True,4 stories (the paired storey cap),"17. Maximum Building Height / 4 stories, but not more than 45 ft.","L444 is the fifth of five cells (the other four read 2.5 stories / 35 ft), taken as RM by position since no header row is visible; the cell also caps storeys at 4.","or/multnomah/fairview/19.30.txt#L439,L444",or/multnomah/fairview/19.30.txt
00974,agree,noted,or/multnomah/fairview,RM,max_far,0.7,0.7,"ratio (FAR, x to 1)",inferred,True,none (no FAR cap) for multi-unit buildings,14. Maximum Floor Area Ratio (FAR) / 0.7 to 1 / Multi-unit none,"L425-L426 is the fifth cell by position; the 'Multi-unit none' sub-note lifts the cap for multi-unit buildings, which per the zone notes Fairview defines as five or more units, so a quadplex keeps the 0.7.","or/multnomah/fairview/19.30.txt#L417,L425,L426",or/multnomah/fairview/19.30.txt
00975,unscored,noted,or/multnomah/fairview,RM,orientation_constraint,entrance_only,,enum (entrance rule),clear,unknown,,B. Entry Orientation. At least one main entrance ... 1. The entrance must be within eight feet of the longest street-facing wall ... 2. The entrance must either: a. Face the street,"No numeric figure: the passage binds the main entrance (within 8 ft of the longest street-facing wall; facing the street, up to 45 degrees off it, a common open space, or a porch) and does not fix the building's long axis, which reads as entrance_only; it applies by housing type (single-unit through quadplex) and does not name RM.","or/multnomah/fairview/19.30.txt#L515,L517,L519-L531",or/multnomah/fairview/19.30.txt
00976,agree,noted,or/multnomah/fairview,RM,setback_front_ft,10,10,feet,inferred,True,none for residential commercial buildings,7. Front Yard Setback Minimum / 10 feet / Residential commercial buildings none,"L366-L367 is the fifth cell by position (no header visible); the sub-note removes the minimum for residential commercial buildings, which a plain quadplex is not.",or/multnomah/fairview/19.30.txt#L366,or/multnomah/fairview/19.30.txt
00977,agree,noted,or/multnomah/fairview,RM,setback_side_ft,5,5,feet,inferred,True,0 ft on the attached side(s) for townhomes,10. Interior Side Yard Setback / 5 feet / Townhomes No setback on attached side(s),L395-L396 is the fifth cell by position; the qualifier means the 5 ft binds only the unattached end walls of an attached building.,or/multnomah/fairview/19.30.txt#L395,or/multnomah/fairview/19.30.txt
00978,agree,noted,or/multnomah/fairview,RM,setback_rear_ft,15,15,feet,inferred,True,,9. Rear Yard Setback / 15 feet,"L384 is the fifth cell by position (cells 1-3 pair 15 feet with a cottage-cluster note, cells 4 and 5 are bare 15 feet); no header row visible.",or/multnomah/fairview/19.30.txt#L384,or/multnomah/fairview/19.30.txt
00979,agree,noted,or/multnomah/fairview,RM,setback_street_side_ft,10,10,feet,inferred,True,,11. Street Side Yard (corner) Setback Minimum / 10 feet,L403 is the fifth of five cells and all five read 10 feet.,or/multnomah/fairview/19.30.txt#L403,or/multnomah/fairview/19.30.txt
00980,agree,noted,or/multnomah/fairview,RM,min_lot_sqft,2500.0,2500,sq ft per dwelling unit,inferred,True,,"d. Quadplex / 6,000 / 7,500 / 10,000 / NA / 2,500 per unit","Fifth cell of the quadplex row taken as RM by position (no header visible); the figure is per unit, so four units imply 10,000 sq ft, but 2,500 is the printed operand.",or/multnomah/fairview/19.30.txt#L256-L261,or/multnomah/fairview/19.30.txt
00981,agree,noted,or/multnomah/fairview,RM,min_lot_width_ft,60,60,feet,inferred,True,20 ft for townhouses (per townhouse lot),5. Minimum Lot Width at Front Property Line / 60 feet / 20 feet for townhouses,"Width measured AT THE FRONT PROPERTY LINE (a frontage-style measure); L350-L351 is the fifth cell by position; the 20 ft townhouse figure is for individual townhouse lots, so a quadplex on one lot takes 60 ft.",or/multnomah/fairview/19.30.txt#L350,or/multnomah/fairview/19.30.txt
00982,agree,noted,or/multnomah/fairview,RM,max_coverage_pct,60,60,percent,inferred,True,50% in the other four columns,15. Maximum Building Coverage / 50% / 50% / 50% / 50% / 60%,L432 is the fifth cell by position (the only one reading 60%); no header row visible.,or/multnomah/fairview/19.30.txt#L432,or/multnomah/fairview/19.30.txt
00983,agree,noted,or/multnomah/fairview,RM,min_landscaped_pct,20,20,percent of the site,inferred,True,,C. Landscape Area Standards. The minimum percentage of required landscaping equals: 1. Residential districts: 20 percent of the site.,Tied to 'Residential districts' as a class rather than to RM by name; applicability (19.163.030(A)) is limited to developments requiring site design review or otherwise required to landscape.,"or/multnomah/fairview/19.163.txt#L73,L75",or/multnomah/fairview/19.163.txt
00984,agree,noted,or/multnomah/fairview,RM,setback_front_max_ft,30,30,feet,inferred,True,10 ft for residential commercial buildings,8. Front Yard Setback Maximum / 30 feet / Residential commercial buildings 10 feet,"L373-L374 is the fifth cell by position; the 10 ft sub-note applies to residential commercial buildings, not a plain quadplex.",or/multnomah/fairview/19.30.txt#L373,or/multnomah/fairview/19.30.txt
00985,agree,noted,or/multnomah/fairview,RM/TOZ,max_height_ft,35,35,feet,inferred,True,2.5 stories (the paired storey cap) | 45 ft / 4 stories if the RM base column (L444) governs instead of the overlay column,"17. Maximum Building Height / 2.5 stories, but not more than 35 ft.","L443 is the fourth of five cells, taken as the Townhouse Overlay column by position (its quadplex lot-area cell is NA and its lot width is a bare 20 feet); no header row is visible, and the adjacent RM base cell reads 4 stories / 45 ft, so which column governs an RM lot under the overlay is not settled by this passage.","or/multnomah/fairview/19.30.txt#L439,L443",or/multnomah/fairview/19.30.txt
00986,agree,noted,or/multnomah/fairview,RM/TOZ,max_far,0.7,0.7,"ratio (FAR, x to 1)",inferred,True,,14. Maximum Floor Area Ratio (FAR) / 0.7 to 1,"L424 is the fourth of five cells (a bare 0.7 to 1 with no cottage-cluster or multi-unit sub-note), taken as the Townhouse Overlay column by position; no header row visible, but the RM base cell also reads 0.7 to 1.","or/multnomah/fairview/19.30.txt#L417,L424",or/multnomah/fairview/19.30.txt
00987,agree,noted,or/multnomah/fairview,RM/TOZ,min_landscaped_pct,20,20,percent of the site,inferred,True,,C. Landscape Area Standards. The minimum percentage of required landscaping equals: 1. Residential districts: 20 percent of the site.,"Tied to 'Residential districts' as a class, not to the RM base or the townhouse overlay by name; applicability (19.163.030(A)) is limited to developments requiring site design review or otherwise required to landscape.","or/multnomah/fairview/19.163.txt#L73,L75",or/multnomah/fairview/19.163.txt
00988,agree,noted,or/multnomah/fairview,TCC,max_height_ft,45,45,feet,clear,True,"35 ft on the portion of the site within 25 ft of a site zoned R, R-7.5, R-10 or VSF | 45 ft step-down within 25 ft of R/MF, VA, VTH, VO, VC, VMU or within 15 ft across a local street/alley | higher via the 19.65.070 height bonus options",A. Base Maximum Height. The base maximum building height in the town center commercial district is 45 feet.,The 45 ft base is conditional: it steps down to 35 ft within 25 ft of the low-density residential zones and can be increased under 19.65.070.,"or/multnomah/fairview/19.65.txt#L241,L245,L247,L249,L251",or/multnomah/fairview/19.65.txt
00989,agree,noted,or/multnomah/fairview,TCC,setback_front_ft,0,0,feet (no minimum),clear,True,,A. Front Setbacks. 1. Minimum Setback. There is no minimum front setback required.,Stated as 'no minimum front setback required' rather than as a printed number; reported as 0.,"or/multnomah/fairview/19.65.txt#L155,L161,L163",or/multnomah/fairview/19.65.txt
00990,agree,noted,or/multnomah/fairview,TCC,setback_front_max_ft,10,10,feet,clear,True,,"i. Maximum Setback. Unless otherwise specified, the maximum a building can be set back from a street lot line is 10 feet.","Qualified: only 75 percent (storefront district) or 50 percent (elsewhere) of the ground-level street-facing facade must meet the 10 ft, and on corner or multi-frontage lots it applies to the higher-classification street only.","or/multnomah/fairview/19.65.txt#L155,L165,L177,L179",or/multnomah/fairview/19.65.txt
00991,agree_alt,noted,or/multnomah/fairview,TCC,setback_side_ft,15,0,feet (no minimum),clear,True,15 ft when the building abuts a residential district,"C. Side Setbacks. There is no minimum side setback required, except that buildings shall conform to the vision clearance standards ... When a building abuts a residential district the minimum side setback shall be 15 feet.","The unconditioned figure is no minimum (0), but the same sentence sets 15 ft where the building abuts a residential district, so which governs depends on the neighbour's zoning and the conservative reading is 15.","or/multnomah/fairview/19.65.txt#L155,L207",or/multnomah/fairview/19.65.txt
00992,agree,noted,or/multnomah/fairview,TCC,setback_side_ft [abuts_nonresidential_zone],0,0,feet (no minimum),clear,True,15 ft when the building abuts a residential district,"C. Side Setbacks. There is no minimum side setback required, except that buildings shall conform to the vision clearance standards ... When a building abuts a residential district the minimum side setback shall be 15 feet.","Under the abuts-nonresidential condition the 15 ft residential-abutment clause does not fire and the passage leaves no minimum (0), subject only to vision clearance and fire/building code.","or/multnomah/fairview/19.65.txt#L155,L207",or/multnomah/fairview/19.65.txt
00993,agree_alt,noted,or/multnomah/fairview,TCC,setback_rear_ft,15,0,feet,clear,True,8 ft for alley-access lots | 15 ft when the building abuts a residential district,"B. Rear Setbacks. 1. Minimum Setback. The minimum rear setback for all structures shall be zero feet, except ... for street-access lots, and eight feet for alley-access lots ... When a building abuts a residential district the minimum rear setback shall be 15 feet.","The unconditioned figure is zero feet, but the sentence carries two overriding conditions (alley access 8 ft; abutting a residential district 15 ft), so the conservative reading is 15.","or/multnomah/fairview/19.65.txt#L155,L201,L203",or/multnomah/fairview/19.65.txt
00994,agree,noted,or/multnomah/fairview,TCC,setback_rear_ft [abuts_nonresidential_zone],0,0,feet,clear,True,8 ft for alley-access lots | 15 ft when the building abuts a residential district,"The minimum rear setback for all structures shall be zero feet, except for doorways which will be recessed to assure safe exiting, for street-access lots, and eight feet for alley-access lots",Under the abuts-nonresidential condition the 15 ft clause does not fire; zero feet applies to street-access lots and 8 ft to alley-access lots.,"or/multnomah/fairview/19.65.txt#L155,L201,L203",or/multnomah/fairview/19.65.txt
00995,agree,noted,or/multnomah/fairview,TCC,setback_rear_ft [abuts_alley+abuts_nonresidential_zone],8,8,feet,clear,True,0 ft for street-access lots | 15 ft when the building abuts a residential district,and eight feet for alley-access lots (distance from building to rear property line or alley easement) in order to provide space for parallel parking,"The passage's trigger is an alley-ACCESS lot, which is narrower than merely abutting an alley; the 8 ft is stated as the distance to the rear property line or alley easement.","or/multnomah/fairview/19.65.txt#L155,L201,L203",or/multnomah/fairview/19.65.txt
00996,agree,noted,or/multnomah/fairview,TCC,min_landscaped_pct,5,5,percent of the site,clear,True,,2. Town center commercial district: five percent of the site.,Applicability (19.163.030(A)) is limited to developments requiring site design review or otherwise required to landscape.,"or/multnomah/fairview/19.163.txt#L73,L77",or/multnomah/fairview/19.163.txt
00997,agree,noted,or/multnomah/fairview,VMU,max_height_ft,45,45,feet,clear,True,60 ft for tower elements with a footprint of no more than 400 sq ft,D. Height Restrictions. Buildings within the Village commercial or Village mixed use zone shall not exceed 45 feet in height except that tower elements may be 60 feet in height with a footprint of no more than 400 square feet.,"The passage also sets a MINIMUM front facade height of 18 ft (L88, and L80 for the four corners area), which is a floor, not this ceiling.","or/multnomah/fairview/19.135.txt#L48,L86",or/multnomah/fairview/19.135.txt
00998,agree,noted,or/multnomah/fairview,VMU,max_coverage_pct,75,75,percent,inferred,True,,C. Maximum Lot Coverage. Buildings shall cover no more than 75 percent of each lot in the zone.,"The sentence says 'in the zone' without naming VMU; the section governs the VC and VMU zones together (subsection D names both), so I read it as applying to VMU.","or/multnomah/fairview/19.135.txt#L48,L84",or/multnomah/fairview/19.135.txt
00999,agree,noted,or/multnomah/fairview,VMU,max_density_du_per_acre,45,45,units per acre,inferred,True,,B. Density. Residential density shall not exceed 45 units per acre.,"The sentence does not name VMU; the section 19.135.030 governs the VC and VMU zones together (subsection D names both), so I read it as applying to VMU.","or/multnomah/fairview/19.135.txt#L48,L82",or/multnomah/fairview/19.135.txt
01000,agree,noted,or/multnomah/fairview,VMU,setback_side_ft,5,5,feet,inferred,True,,d. All buildings shall be set back at least five feet from property lines abutting residential areas.,"The only VMU setback stated applies to property lines abutting residential areas; no general interior side setback figure is given, so 5 ft governs only on that condition.","or/multnomah/fairview/19.135.txt#L48,L50,L64,L76",or/multnomah/fairview/19.135.txt
01001,agree,noted,or/multnomah/fairview,VMU,setback_rear_ft,5,5,feet,inferred,True,,d. All buildings shall be set back at least five feet from property lines abutting residential areas.,"The only VMU setback stated applies to property lines abutting residential areas; no general rear setback figure is given, so 5 ft governs only on that condition.","or/multnomah/fairview/19.135.txt#L48,L50,L64,L76",or/multnomah/fairview/19.135.txt
01002,agree,,or/multnomah/fairview,VC,max_height_ft,45,45,feet,clear,True,60 ft for tower elements with a footprint of no more than 400 sq ft,Buildings within the Village commercial or Village mixed use zone shall not exceed 45 feet in height except that tower elements may be 60 feet in height,,"or/multnomah/fairview/19.135.txt#L48,L86",or/multnomah/fairview/19.135.txt
01003,agree,noted,or/multnomah/fairview,VC,max_coverage_pct,75,75,percent,inferred,True,,C. Maximum Lot Coverage. Buildings shall cover no more than 75 percent of each lot in the zone.,"The line says 'the zone' without naming it; the section is the VC/VMU chapter (19.135) and subsection D names both zones, so it reads as applying to VC.","or/multnomah/fairview/19.135.txt#L48,L84",or/multnomah/fairview/19.135.txt
01004,agree,noted,or/multnomah/fairview,VC,max_density_du_per_acre,45,45,units per acre,inferred,True,,B. Density. Residential density shall not exceed 45 units per acre.,Stated for the chapter (VC and VMU) without naming the zone.,"or/multnomah/fairview/19.135.txt#L48,L82",or/multnomah/fairview/19.135.txt
01005,agree,noted,or/multnomah/fairview,VC,setback_front_ft,20,20,feet,inferred,True,15 ft from property lines abutting residential zones (L58),"d. All building facades (front, rear, sides of unit) shall be set back from the NE Halsey Street right-of-way a minimum distance of 20 feet.",The 20 ft is a setback from the NE Halsey Street right-of-way only; the passage states no general front setback for VC lots fronting other streets.,"or/multnomah/fairview/19.135.txt#L48,L50,L52,L60",or/multnomah/fairview/19.135.txt
01006,agree,noted,or/multnomah/fairview,VC,setback_side_ft,15,15,feet,inferred,True,20 ft from the NE Halsey Street right-of-way (sides of unit),c. All buildings shall be set back at least 15 feet from property lines abutting residential zones.,Applies only to property lines abutting residential zones; no general interior side setback is stated for VC.,"or/multnomah/fairview/19.135.txt#L48,L50,L52,L58",or/multnomah/fairview/19.135.txt
01007,agree,noted,or/multnomah/fairview,VC,setback_rear_ft,15,15,feet,inferred,True,20 ft from the NE Halsey Street right-of-way (rear),c. All buildings shall be set back at least 15 feet from property lines abutting residential zones.,Applies only to property lines abutting residential zones; no general rear setback is stated for VC.,"or/multnomah/fairview/19.135.txt#L48,L50,L52,L58",or/multnomah/fairview/19.135.txt
01008,agree,noted,or/multnomah/fairview,VC,min_landscaped_pct,15,15,percent,clear,True,,A minimum of 15 percent of the developed VO and VC site areas must be used for landscaping.,Denominator is the developed site area rather than the lot area.,"or/multnomah/fairview/19.150.txt#L63,L65",or/multnomah/fairview/19.150.txt
01009,agree,noted,or/multnomah/fairview,VA,max_height_ft,45,45,feet,inferred,True,60 ft for tower elements,C. Height. Buildings within these zones may not exceed 45 feet in height and tower elements may not exceed 60 feet.,The line says 'these zones' (plural) inside the VA chapter (19.125.040); it does not name VA.,"or/multnomah/fairview/19.125.txt#L47,L53",or/multnomah/fairview/19.125.txt
01010,agree,noted,or/multnomah/fairview,VA,max_coverage_pct,65,65,percent,inferred,True,,B. Lot Coverage. The total of all structures shall cover no more than 65 percent of each lot in the zone.,"Counts all structures, not only buildings; 'the zone' is VA by chapter context only.","or/multnomah/fairview/19.125.txt#L47,L51",or/multnomah/fairview/19.125.txt
01011,agree,noted,or/multnomah/fairview,VA,min_density_du_per_acre,20,20,units per net acre,clear,True,,A. Density. The minimum density shall be no less than 20 units per net acre.,"Stated per NET acre, whereas the maximum in the same sentence is per acre.","or/multnomah/fairview/19.125.txt#L47,L49",or/multnomah/fairview/19.125.txt
01012,agree,,or/multnomah/fairview,VA,max_density_du_per_acre,30,30,units per acre,clear,True,,The maximum density shall be no more than 30 units per acre.,,"or/multnomah/fairview/19.125.txt#L47,L49",or/multnomah/fairview/19.125.txt
01013,agree_alt,unclear+noted,or/multnomah/fairview,VA,setback_front_ft,20,0,"feet (either 0, 10 or 15)",unclear,True,10 ft | 15 ft | 20 ft on the NE Halsey Street frontage for the VA zone adjacent to Halsey,D. Setbacks. Front facades shall be set back from right-of-way a distance of either zero feet or 10 feet or 15 feet.,"The passage prescribes three permitted values rather than a minimum; 0 is the lowest of them, and the Halsey exception is written in the same subsection.","or/multnomah/fairview/19.125.txt#L47,L55",or/multnomah/fairview/19.125.txt
01014,agree,,or/multnomah/fairview,VA,min_landscaped_pct,25,25,percent,clear,True,,"In all VTH and VA zones, a minimum of 25 percent of site area shall be landscaped in conformance with FMC 19.140.070.",,"or/multnomah/fairview/19.145.txt#L55,L57",or/multnomah/fairview/19.145.txt
01015,agree,,or/multnomah/fairview,VSF,max_height_ft,35,35,feet,clear,True,,D. Height. Buildings within this zone may not exceed 35 feet in height.,,or/multnomah/fairview/19.115.txt#L41,or/multnomah/fairview/19.115.txt
01016,agree,,or/multnomah/fairview,VSF,min_lot_depth_ft,70,70,feet,clear,True,70 ft minimum midpoint depth for pie-shaped lots,B. Lot Dimensions. All lots in the VSF zone shall have a minimum width of 35 feet and a minimum depth of 70 feet.,,or/multnomah/fairview/19.115.txt#L37,or/multnomah/fairview/19.115.txt
01017,agree,noted,or/multnomah/fairview,VSF,setback_front_ft,10,10,feet (either 10 or 15),inferred,True,15 ft | 4 ft garage setback with the facade exempt from the 10/15 ft rule on lots abutting Fairview or Clear Creek (L51),a. Front facades shall be set back from the right-of-way for a distance of either 10 or 15 feet.,Two permitted values rather than a single minimum; 10 is the lower.,or/multnomah/fairview/19.115.txt#L47,or/multnomah/fairview/19.115.txt
01018,agree_alt,noted,or/multnomah/fairview,VSF,setback_side_ft,5,4,feet (one side; 5 ft on the opposite side),inferred,True,5 ft on the opposite side | 9 ft combined common-line setback between structures on abutting lots | 10 ft on the street side of corner lots,Sides of units may have a minimum setback of four feet from the property line on one side of the lot and a minimum of five feet on the opposite side of the lot,"The passage states an asymmetric pair (4 ft one side, 5 ft the other) plus a 9 ft combined requirement, not a single interior side figure.",or/multnomah/fairview/19.115.txt#L53,or/multnomah/fairview/19.115.txt
01019,agree,,or/multnomah/fairview,VSF,setback_rear_ft,15,15,feet,clear,True,50 ft from creek centerline on lots abutting Fairview Creek | 37.5 ft from creek centerline on lots abutting Clear Creek,e. The rear facade of the main dwelling unit shall be set back a minimum of 15 feet from the rear property line.,,or/multnomah/fairview/19.115.txt#L55,or/multnomah/fairview/19.115.txt
01020,agree,,or/multnomah/fairview,VSF,setback_street_side_ft,10,10,feet,clear,True,,On corner lots the side setback for any portion of the structure shall be a minimum of 10 feet on the side abutting the street.,,or/multnomah/fairview/19.115.txt#L53,or/multnomah/fairview/19.115.txt
01021,agree,unclear+noted,or/multnomah/fairview,VSF,min_lot_sqft,4000,4000,square feet (per lot),unclear,True,,"All VSF lots shall be no less than 4,000 square feet. The 4,000-square-foot-minimum lot size does not apply to townhomes, which lot size is regulated by FMC 19.30.030.","The 4,000 sq ft minimum is expressly not applicable to townhomes (sent to FMC 19.30.030, not in the passage), and it is a per-lot minimum rather than a figure for a fourplex.",or/multnomah/fairview/19.115.txt#L35,or/multnomah/fairview/19.115.txt
01022,agree,,or/multnomah/fairview,VSF,max_coverage_pct,60,60,percent,clear,True,,C. Lot Coverage. The total of all structures in the VSF zone shall cover no more than 60 percent of any lot.,,or/multnomah/fairview/19.115.txt#L39,or/multnomah/fairview/19.115.txt
01023,agree,,or/multnomah/fairview,VTH,max_height_ft,35,35,feet,clear,True,,D. Height. Buildings within this zone may not exceed 35 feet in height.,,or/multnomah/fairview/19.120.txt#L63,or/multnomah/fairview/19.120.txt
01024,agree,,or/multnomah/fairview,VTH,min_landscaped_pct,25,25,percent,clear,True,,"In all VTH and VA zones, a minimum of 25 percent of site area shall be landscaped in conformance with FMC 19.140.070.",,"or/multnomah/fairview/19.145.txt#L55,L57",or/multnomah/fairview/19.145.txt
01025,agree,noted,or/multnomah/gresham,defaults,parking_min_per_unit,0,0,spaces per unit (no minimum required),clear,True,,"Vehicle parking minimums are not required for any land use type. If vehicle parking is provided, it must meet the standards for this section.","No numeral is printed; the passage states that no vehicle parking minimum is required for any use, which reads as 0, while any parking provided must still meet the section's standards and the maximums of Table 9.0851.",or/multnomah/gresham/9.0800.parking.txt#L53,or/multnomah/gresham/9.0800.parking.txt
01026,agree,noted,or/multnomah/gresham,defaults,parking_stall_width_ft,8.5,8.5,"feet (standard stall width, 90 degrees)",inferred,True,"9.00, 9.50 and 10.00 ft standard stall widths in the other 90 degree rows | 7.50 ft compact stall width (compact stalls may be up to 50 percent of stalls)","L340 (90 degree block, Standard columns W D A1 A2 O): 8.50  18.50  23.00  24.00  3.00",9.0802(F) says the parking lot design standards (9.0822-9.0840) do not apply to quadplexes or townhouses on a unit-by-unit basis (see 7.0400); Table 9.0825A binds only shared separate parking areas such as visitor lots.,"or/multnomah/gresham/9.0800.parking.txt#L66-L70,L302,L319-L327,L340-L343",or/multnomah/gresham/9.0800.parking.txt
01027,agree,noted,or/multnomah/gresham,defaults,parking_stall_depth_ft,18.5,18.5,"feet (standard stall depth, 90 degrees)",inferred,True,16.50 ft compact stall depth | 3.00 ft overhang allowance (O column) that could be read against the depth,"L340 (90 degree block, Standard columns W D A1 A2 O): 8.50  18.50  23.00  24.00  3.00",9.0802(F) says the parking lot design standards (9.0822-9.0840) do not apply to quadplexes or townhouses on a unit-by-unit basis (see 7.0400); Table 9.0825A binds only shared separate parking areas such as visitor lots.,"or/multnomah/gresham/9.0800.parking.txt#L66-L70,L302,L319-L327,L340-L343",or/multnomah/gresham/9.0800.parking.txt
01028,agree,noted,or/multnomah/gresham,defaults,parking_aisle_one_way_ft,23,23,"feet (one-way aisle, 90 degrees)",inferred,True,20 ft one-way minimum for emergency vehicle access per Table 9.0825A Note 1,"L340-L343 (90 degree block, A1 One-Way Aisle Width1 column, both Compact and Standard): 23.00","Table Note 1 prints a different 20 ft one-way figure for emergency vehicle access, and 9.0802(F) says these lot standards do not apply to quadplexes or townhouses on a unit-by-unit basis (see 7.0400), only to shared separate parking areas.","or/multnomah/gresham/9.0800.parking.txt#L66-L70,L302,L319-L327,L340-L343",or/multnomah/gresham/9.0800.parking.txt
01029,agree,noted,or/multnomah/gresham,defaults,parking_aisle_two_way_ft,24,24,"feet (two-way aisle, 90 degrees)",inferred,True,24 ft two-way and emergency vehicle operations minimum per Table 9.0825A Note 1 (same figure),"L340-L343 (90 degree block, A2 Two-Way Aisle Width1 column, both Compact and Standard): 24.00",9.0802(F) says the parking lot design standards (9.0822-9.0840) do not apply to quadplexes or townhouses on a unit-by-unit basis (see 7.0400); Table 9.0825A binds only shared separate parking areas.,"or/multnomah/gresham/9.0800.parking.txt#L66-L70,L302,L319-L327,L340-L343",or/multnomah/gresham/9.0800.parking.txt
01030,agree,,or/multnomah/gresham,defaults,driveway_approach_min_width_ft,9,9,feet,clear,True,,All d riveway approach widths shall be a minimum of 9 feet wide.,,or/multnomah/gresham/pws.6.03-6.04.txt#L52,or/multnomah/gresham/pws.6.03-6.04.txt
01031,agree,noted,or/multnomah/gresham,defaults,driveway_approach_max_width_ft,10,10,"feet per garage parking space, or per building when no garage; lesser of this and 30 ft per parent lot",inferred,True,30 ft per parent lot (the other arm of 'the lesser of'),"A maximum of 10 feet of driveway approach width for each parking space located within a garage ... When the building does not contain a garage, a maximum of 10 feet of driveway approach width for each building","The ceiling is the lesser of 30 ft per parent lot and 10 ft per garage space (or 10 ft per building with no garage), so it scales with garage count and tandem spaces count as one; section 7.0420 covers single detached through quadplex, not the townhouse section.",or/multnomah/gresham/7.0400.middle-housing-design.txt#L198-L206,or/multnomah/gresham/7.0400.middle-housing-design.txt
01032,agree,noted,or/multnomah/gresham,defaults,driveway_approach_max_width_ft [unit_lots],18,18,feet,clear,True,"34 percent of the street frontage, whichever is greater","For each set of attached townhouse units, the total width of all driveway approaches on one street frontage may occupy no more than 18 feet or 34 percent of that frontage, whichever is greater.",'Whichever is greater' means the 34 percent arm can exceed 18 ft on wide frontages; stated per set of attached townhouse units per street frontage.,or/multnomah/gresham/7.0400.middle-housing-design.txt#L461-L466,or/multnomah/gresham/7.0400.middle-housing-design.txt
01033,agree,noted,or/multnomah/gresham,defaults,parking_maneuvering_max_width_ft [unit_lots],12,12,feet,clear,True,,iv. Outdoor off-street parking and maneuvering areas do not exceed 12 feet wide on any lot.,"Applies only to townhouses with public street frontage that put garages, parking or driveways in the front yard under 7.0431(B)(3)(a) (no improved alley, 15 ft frontage, one approach per townhouse, 12 ft garage); projects not meeting (a) follow (b), which requires rear-yard parking instead.",or/multnomah/gresham/7.0400.middle-housing-design.txt#L473-L482,or/multnomah/gresham/7.0400.middle-housing-design.txt
01034,agree,noted,or/multnomah/gresham,defaults,open_space_min_pct,15,15,percent,clear,True,,A minimum of 15 percent of the gross area of the parent lot shall be included as private outdoor open space.,"The townhouse section (7.0431(D), L519) states the same 15 percent of the gross lot area of the townhouse project; in both, no more than 50 percent of the required area may be hardscaped.","or/multnomah/gresham/7.0400.middle-housing-design.txt#L262-L266,L519-L521",or/multnomah/gresham/7.0400.middle-housing-design.txt
01035,agree,noted,or/multnomah/gresham,LDR-5,max_height_ft,35,35,feet,clear,True,,"Townhouse   35 ft.12   (LDR-5 column of Table 4.0130, H. Maximum Building Height11)",The LDR-5 cell carries footnote 12 and the heading footnote 11 (texts not in the passage); the 'All other uses' row also reads 35 ft.12 for LDR-5.,"or/multnomah/gresham/4.0100.residential.txt#L330,L332",or/multnomah/gresham/4.0100.residential.txt
01036,agree,noted,or/multnomah/gresham,LDR-5,setback_front_ft,10,10,feet,clear,True,8 ft front porch,"LDR-54, LDR-74, TLDR4, and TR4   10 ft.5   (Front Facade/Wall column, row 'Single Detached Dwelling, Duplex, Triplex, and Quadplex')",The cell carries footnote 5 and the zone name footnote 4 (texts not in the passage); the Townhouse row for LDR-5 (L406) reads the same 10 ft.5.,or/multnomah/gresham/4.0100.residential.txt#L400,or/multnomah/gresham/4.0100.residential.txt
01037,agree,noted,or/multnomah/gresham,LDR-5,setback_garage_entrance_ft,20,20,feet,clear,True,20 ft street side garage,"LDR-54, LDR-74, TLDR4, and TR4   ... 20 ft.   (Garage column, row 'Single Detached Dwelling, Duplex, Triplex, and Quadplex')",The Townhouse row for LDR-5 (L406) also reads 20 ft in the Garage column.,or/multnomah/gresham/4.0100.residential.txt#L400,or/multnomah/gresham/4.0100.residential.txt
01038,agree,noted,or/multnomah/gresham,LDR-5,setback_side_ft,5,5,feet,clear,True,6 in. on the zero side / 6 ft on the other side under the Zero Lot Line Option (footnote 3),"LDR-54, LDR-74, TLDR4, and TR4   ... 5 ft.   (Interior Side column, row 'Single Detached Dwelling, Duplex, Triplex, and Quadplex')","The Townhouse row for LDR-5 (L406) also reads 5 ft interior side, with NA for the zero lot line option.",or/multnomah/gresham/4.0100.residential.txt#L400,or/multnomah/gresham/4.0100.residential.txt
01039,agree,noted,or/multnomah/gresham,LDR-5,setback_rear_ft,15.0,15,feet,clear,True,8 ft rear with alley access,"LDR-54, LDR-74, TLDR4, and TR4   ... 15 ft.   8 ft.   (Rear No Alley column, row 'Single Detached Dwelling, Duplex, Triplex, and Quadplex')",The Townhouse row for LDR-5 (L406) reads the same 15 ft (no alley) / 8 ft (with alley access).,or/multnomah/gresham/4.0100.residential.txt#L400,or/multnomah/gresham/4.0100.residential.txt
01040,agree,noted,or/multnomah/gresham,LDR-5,setback_rear_ft [step-back],21.0,21,"feet (max roof height at the rear setback line, rising 1 ft per 1 ft of distance)",clear,True,1:1 slope (one foot of height per one foot of distance from the rear property line) up to the district maximum height,"In the VLDR-SW, LDR-SW, LDR-PV, LDR-7, LDR-5, and TR districts ... The maximum roof height at the rear setback line is 21 feet and increases at a rate of one foot in heigh for every one foot","This is a rear roof-height plane, not a setback distance: 21 ft at the rear setback line rising 1:1 to the district max; does not apply if any portion of the lot is in the HGRO or RA; applies to quadplexes per L167.","or/multnomah/gresham/7.0400.middle-housing-design.txt#L167-L169,L358-L362",or/multnomah/gresham/7.0400.middle-housing-design.txt
01041,agree,noted,or/multnomah/gresham,LDR-5,setback_rear_ft [abuts_alley],8.0,8,feet,clear,True,15 ft rear with no alley access,"Single Detached Dwelling, Duplex, Triplex, and Quadplex: LDR-54, LDR-74, ... 15 ft. 8 ft. (columns 'Rear No Alley Access' / 'Rear With Alley')",Row label 'LDR-54' is LDR-5 with footnote marker 4 (footnote text not in passage); the Townhouse row at L406 prints the same 8 ft with alley.,"or/multnomah/gresham/4.0100.residential.txt#L393-L397,L399-L400",or/multnomah/gresham/4.0100.residential.txt
01042,agree,noted,or/multnomah/gresham,LDR-5,setback_street_side_ft,10,10,feet,clear,True,8 ft street side porch | 20 ft street side garage,"LDR-54, LDR-74, ... 10 ft. 8 ft. 20 ft. (columns 'Street Side Wall' / 'Street Side Porch' / 'Street Side Garage')","Row is 'Single Detached Dwelling, Duplex, Triplex, and Quadplex'; the 10 ft is the Street Side Wall column, seventh of eleven cells.",or/multnomah/gresham/4.0100.residential.txt#L400,or/multnomah/gresham/4.0100.residential.txt
01043,agree,noted,or/multnomah/gresham,LDR-5,min_lot_sqft,5000,5000,square feet,inferred,True,"None (Townhouse row) | 5,000 sq ft (Duplex row)","B. Minimum Lot Size2 ... All other uses 5,000 sq. ft. 7,000 sq. ft. 4,000 sq. ft. None 3,600 sq. ft. None 3,600 sq. ft.",Column header is not in this passage; LDR-5 is the first column per the table header at L234 elsewhere in the same table. Row used is 'All other uses' (no quadplex row in section B); heading carries footnote 2.,or/multnomah/gresham/4.0100.residential.txt#L243,or/multnomah/gresham/4.0100.residential.txt
01044,agree,noted,or/multnomah/gresham,LDR-5,min_density_du_per_acre,6.22,6.22,units per acre,clear,True,,C. Minimum Net Density3 ... All uses except Manufactured Dwelling Parks 6.22 units per acre4 (LDR-5 column),Cell carries footnote marker 4 and the heading footnote 3 (net density definition in Article 3); footnote text not in passage.,"or/multnomah/gresham/4.0100.residential.txt#L233-L234,L244-L246",or/multnomah/gresham/4.0100.residential.txt
01045,agree,noted,or/multnomah/gresham,LDR-5,max_density_du_per_acre [unit_lots],25,25,units per acre,clear,True,"None (Duplex, Triplex, Quadplex, Cottage Cluster row)",D. Maximum Net Density6 ... Townhouse 25 units per acre 25 units per acre 25 units per acre 25 units per acre 25 units per acre 24.2 units per acre 25 units per acre,Townhouse row used for the unit_lots condition; the Quadplex row prints 'None' for LDR-5; heading carries footnote 6.,"or/multnomah/gresham/4.0100.residential.txt#L233-L234,L250,L257",or/multnomah/gresham/4.0100.residential.txt
01046,agree,noted,or/multnomah/gresham,LDR-5,min_frontage_ft,35,35,feet,inferred,True,16 ft (Townhouse row) | 40 ft corner lots,G. Minimum Street Frontage9 1. Minimum Street Frontage: Interior lots ... All other uses 35 ft. 40 ft. 35 ft. 35 ft. 45 ft. 45 ft. NA,Column header not in this passage; LDR-5 is the first column per L234. Row used is 'All other uses' (interior lots); heading carries footnote 9.,or/multnomah/gresham/4.0100.residential.txt#L314,or/multnomah/gresham/4.0100.residential.txt
01047,agree,noted,or/multnomah/gresham,LDR-5,min_frontage_ft [unit_lots],16,16,feet,inferred,True,35 ft (All other uses row),1. Minimum Street Frontage: Interior lots Townhouse 16 ft. 16 ft. 16 ft. None None 16 ft. None,Column header not in this passage; LDR-5 is the first column per L234. Townhouse row used for the unit_lots condition.,or/multnomah/gresham/4.0100.residential.txt#L313,or/multnomah/gresham/4.0100.residential.txt
01048,agree,noted,or/multnomah/gresham,LDR-5,min_frontage_ft [corner_lot],40,40,feet,inferred,True,None (Townhouse corner-lot row) | 35 ft interior lots,2. Minimum Street Frontage: Corner lots ... All other uses 40 ft.10 40 ft. 40 ft. as measured from the corner radius end point,Column header not in this passage; LDR-5 is the first column per L234. The LDR-5 cell carries footnote marker 10 (text not in passage).,"or/multnomah/gresham/4.0100.residential.txt#L315,L319",or/multnomah/gresham/4.0100.residential.txt
01049,agree,noted,or/multnomah/gresham,LDR-5,min_lot_width_ft,35,35,feet,inferred,True,16 ft (Townhouse row) | 40 ft corner lot,"1. Width at building line: Interior lot ... Duplex, Triplex, Quadplex, and Cottage Cluster 35 ft. 40 ft. 35 ft. 16 ft. 16 ft. 16 ft.7 60 ft.","Column header not in this passage; LDR-5 is the first column per L234. Row used is 'Duplex, Triplex, Quadplex, and Cottage Cluster'.",or/multnomah/gresham/4.0100.residential.txt#L274,or/multnomah/gresham/4.0100.residential.txt
01050,agree,noted,or/multnomah/gresham,LDR-5,min_lot_width_ft [unit_lots],16,16,feet,inferred,True,"35 ft (Duplex, Triplex, Quadplex, and Cottage Cluster row)",1. Width at building line: Interior lot ... Townhouse 16 ft. 16 ft. 16 ft. 16 ft. 16 ft. 16 ft.7 16 ft.,Column header not in this passage; LDR-5 is the first column per L234. Townhouse row used for the unit_lots condition.,or/multnomah/gresham/4.0100.residential.txt#L277,or/multnomah/gresham/4.0100.residential.txt
01051,agree,noted,or/multnomah/gresham,LDR-5,min_lot_width_ft [corner_lot],40,40,feet,inferred,True,20 ft (Townhouse corner row) | 35 ft interior lot,"2. Width at building line: Corner lot ... Triplex, Quadplex, and Cottage Cluster 40 ft. 40 ft. 40 ft. 20 ft. 70 ft. 70 ft. 70 ft.","Column header not in this passage; LDR-5 is the first column per L234. Row used is 'Triplex, Quadplex, and Cottage Cluster'.","or/multnomah/gresham/4.0100.residential.txt#L279,L283-L285",or/multnomah/gresham/4.0100.residential.txt
01052,agree,noted,or/multnomah/gresham,LDR-5,min_lot_width_ft [corner_lot+unit_lots],20,20,feet,inferred,True,"40 ft (Triplex, Quadplex, and Cottage Cluster corner row) | 16 ft interior townhouse",2. Width at building line: Corner lot ... Townhouse 20 ft. 20 ft. 20 ft. 20 ft. 20 ft. See table note 8 20 ft.,Column header not in this passage; LDR-5 is the first column per L234. Townhouse corner row used for the corner_lot+unit_lots condition.,"or/multnomah/gresham/4.0100.residential.txt#L279,L286",or/multnomah/gresham/4.0100.residential.txt
01053,agree,noted,or/multnomah/gresham,LDR-7,setback_front_ft,10,10,feet,clear,True,8 ft front porch | 20 ft garage,"Single Detached Dwelling, Duplex, Triplex, and Quadplex: LDR-54, LDR-74, 10 ft.5 8 ft. 20 ft. (columns 'Front Facade/Wall' / 'Front Porch' / 'Garage')",The 10 ft cell carries footnote marker 5 (text not in passage); 'LDR-74' is LDR-7 with footnote marker 4.,or/multnomah/gresham/4.0100.residential.txt#L400,or/multnomah/gresham/4.0100.residential.txt
01054,agree,,or/multnomah/gresham,LDR-7,setback_garage_entrance_ft,20,20,feet,clear,True,20 ft street side garage,"LDR-54, LDR-74, 10 ft.5 8 ft. 20 ft. (third column 'Garage' under FRONT)",,or/multnomah/gresham/4.0100.residential.txt#L400,or/multnomah/gresham/4.0100.residential.txt
01055,agree,,or/multnomah/gresham,LDR-7,setback_side_ft,5,5,feet,clear,True,6 in. on zero side / 6 ft other side under the Zero Lot Line Option (footnote 3) | NA common wall,"LDR-54, LDR-74, ... 5 ft. NA 6 in. on zero / 6 ft. other (columns 'Interior Side' / 'Common Wall' / 'Zero Lot Line Option3')",,or/multnomah/gresham/4.0100.residential.txt#L400,or/multnomah/gresham/4.0100.residential.txt
01056,agree,,or/multnomah/gresham,LDR-7,setback_rear_ft,15.0,15,feet,clear,True,8 ft rear with alley,"LDR-54, LDR-74, ... 15 ft. 8 ft. (columns 'Rear No Alley Access' / 'Rear With Alley')",,or/multnomah/gresham/4.0100.residential.txt#L400,or/multnomah/gresham/4.0100.residential.txt
01057,agree,noted,or/multnomah/gresham,LDR-7,setback_rear_ft [step-back],21.0,21,"feet (max roof height at the rear setback line, rising 1 ft per 1 ft of distance)",clear,True,1:1 slope (one foot of height per one foot of distance from the rear property line) up to the district maximum height,"In the VLDR-SW, LDR-SW, LDR-PV, LDR-7, LDR-5, and TR districts ... The maximum roof height at the rear setback line is 21 feet and increases at a rate of one foot in heigh for every one foot","This is a rear roof-height plane, not a setback distance: 21 ft at the rear setback line rising 1:1 to the district max; does not apply if any portion of the lot is in the HGRO or RA; applies to quadplexes per L167.","or/multnomah/gresham/7.0400.middle-housing-design.txt#L167-L169,L358-L362",or/multnomah/gresham/7.0400.middle-housing-design.txt
01058,agree,noted,or/multnomah/gresham,LDR-7,setback_rear_ft [abuts_alley],8.0,8,feet,clear,True,15 ft rear with no alley access,"Single Detached Dwelling, Duplex, Triplex, and Quadplex: LDR-54, LDR-74, ... 15 ft. 8 ft. (columns 'Rear No Alley Access' / 'Rear With Alley')",'LDR-74' is LDR-7 with footnote marker 4 (footnote text not in passage); the Townhouse row at L406 prints the same 8 ft with alley.,"or/multnomah/gresham/4.0100.residential.txt#L393-L397,L399-L400",or/multnomah/gresham/4.0100.residential.txt
01059,agree,,or/multnomah/gresham,LDR-7,setback_street_side_ft,10,10,feet,clear,True,8 ft street side porch | 20 ft street side garage,"LDR-54, LDR-74, ... 10 ft. 8 ft. 20 ft. (columns 'Street Side Wall' / 'Street Side Porch' / 'Street Side Garage')",,or/multnomah/gresham/4.0100.residential.txt#L400,or/multnomah/gresham/4.0100.residential.txt
01060,agree,noted,or/multnomah/gresham,LDR-7,min_lot_sqft,7000,7000,square feet,inferred,True,"None (Townhouse row) | 7,000 sq ft (Duplex row)","B. Minimum Lot Size2 ... All other uses 5,000 sq. ft. 7,000 sq. ft. 4,000 sq. ft. None 3,600 sq. ft. None 3,600 sq. ft.",Column header is not in this passage; LDR-7 is the second column per L234. Row used is 'All other uses' (no quadplex row in section B); heading carries footnote 2.,or/multnomah/gresham/4.0100.residential.txt#L243,or/multnomah/gresham/4.0100.residential.txt
01061,agree,noted,or/multnomah/gresham,LDR-7,min_density_du_per_acre,4.35,4.35,units per acre,clear,True,,C. Minimum Net Density3 ... All uses except Manufactured Dwelling Parks 6.22 units per acre4 4.35 units per acre4 (LDR-7 column),Cell carries footnote marker 4 and the heading footnote 3; footnote text not in passage.,"or/multnomah/gresham/4.0100.residential.txt#L233-L234,L244-L246",or/multnomah/gresham/4.0100.residential.txt
01062,agree,noted,or/multnomah/gresham,LDR-7,max_density_du_per_acre [unit_lots],25,25,units per acre,clear,True,"None (Duplex, Triplex, Quadplex, Cottage Cluster row)",D. Maximum Net Density6 ... Townhouse 25 units per acre 25 units per acre 25 units per acre 25 units per acre 25 units per acre 24.2 units per acre 25 units per acre,Townhouse row used for the unit_lots condition; the Quadplex row prints 'None' for LDR-7; heading carries footnote 6.,"or/multnomah/gresham/4.0100.residential.txt#L233-L234,L250,L257",or/multnomah/gresham/4.0100.residential.txt
01063,agree,noted,or/multnomah/gresham,LDR-7,max_height_ft,35,35,feet,clear,True,35 ft (All other uses row),H. Maximum Building Height11 Townhouse 35 ft.12 35 ft. 35 ft. 35 ft. 35 ft. 35 ft. 35 ft. (LDR-7 column),Cited row is Townhouse; the 'All other uses' row (which would cover a quadplex) prints the same 35 ft for LDR-7; heading carries footnote 11.,or/multnomah/gresham/4.0100.residential.txt#L332,or/multnomah/gresham/4.0100.residential.txt
01064,agree,noted,or/multnomah/gresham,LDR-7,min_frontage_ft,40,40,feet,inferred,True,16 ft (Townhouse row) | 40 ft corner lots,1. Minimum Street Frontage: Interior lots ... All other uses 35 ft. 40 ft. 35 ft. 35 ft. 45 ft. 45 ft. NA,Column header not in this passage; LDR-7 is the second column per L234. Row used is 'All other uses'; heading carries footnote 9.,or/multnomah/gresham/4.0100.residential.txt#L314,or/multnomah/gresham/4.0100.residential.txt
01065,agree,noted,or/multnomah/gresham,LDR-7,min_frontage_ft [unit_lots],16,16,feet,inferred,True,40 ft (All other uses row),1. Minimum Street Frontage: Interior lots Townhouse 16 ft. 16 ft. 16 ft. None None 16 ft. None,Column header not in this passage; LDR-7 is the second column per L234. Townhouse row used for the unit_lots condition.,or/multnomah/gresham/4.0100.residential.txt#L313,or/multnomah/gresham/4.0100.residential.txt
01066,agree,noted,or/multnomah/gresham,LDR-7,min_frontage_ft [corner_lot],40,40,feet,inferred,True,None (Townhouse corner-lot row) | 40 ft interior lots,2. Minimum Street Frontage: Corner lots ... All other uses 40 ft.10 40 ft. 40 ft. as measured from the corner radius end point,"Column header not in this passage; LDR-7 is the second column per L234 (the plain '40 ft.' cell, no footnote marker).","or/multnomah/gresham/4.0100.residential.txt#L315,L319",or/multnomah/gresham/4.0100.residential.txt
01067,agree,noted,or/multnomah/gresham,LDR-7,min_lot_width_ft,40,40,feet,inferred,True,16 ft (Townhouse row) | 40 ft corner lot,"1. Width at building line: Interior lot ... Duplex, Triplex, Quadplex, and Cottage Cluster 35 ft. 40 ft. 35 ft. 16 ft. 16 ft. 16 ft.7 60 ft.","Column header not in this passage; LDR-7 is the second column per L234. Row used is 'Duplex, Triplex, Quadplex, and Cottage Cluster'.",or/multnomah/gresham/4.0100.residential.txt#L274,or/multnomah/gresham/4.0100.residential.txt
01068,agree,noted,or/multnomah/gresham,LDR-7,min_lot_width_ft [unit_lots],16,16,feet,inferred,True,"40 ft (Duplex, Triplex, Quadplex, and Cottage Cluster row)",1. Width at building line: Interior lot ... Townhouse 16 ft. 16 ft. 16 ft. 16 ft. 16 ft. 16 ft.7 16 ft.,Column header not in this passage; LDR-7 is the second column per L234. Townhouse row used for the unit_lots condition.,or/multnomah/gresham/4.0100.residential.txt#L277,or/multnomah/gresham/4.0100.residential.txt
01069,agree,noted,or/multnomah/gresham,LDR-7,min_lot_width_ft [corner_lot],40,40,feet,inferred,True,20 ft (Townhouse corner row) | 40 ft interior lot,"2. Width at building line: Corner lot ... Triplex, Quadplex, and Cottage Cluster 40 ft. 40 ft. 40 ft. 20 ft. 70 ft. 70 ft. 70 ft.","Column header not in this passage; LDR-7 is the second column per L234. Row used is 'Triplex, Quadplex, and Cottage Cluster'.","or/multnomah/gresham/4.0100.residential.txt#L279,L283-L285",or/multnomah/gresham/4.0100.residential.txt
01070,agree,noted,or/multnomah/gresham,LDR-7,min_lot_width_ft [corner_lot+unit_lots],20,20,feet,inferred,True,"40 ft (Triplex, Quadplex, and Cottage Cluster corner row) | 16 ft interior townhouse",2. Width at building line: Corner lot ... Townhouse 20 ft. 20 ft. 20 ft. 20 ft. 20 ft. See table note 8 20 ft.,Column header not in this passage; LDR-7 is the second column per L234. Townhouse corner row used for the corner_lot+unit_lots condition.,"or/multnomah/gresham/4.0100.residential.txt#L279,L286",or/multnomah/gresham/4.0100.residential.txt
01071,agree,noted,or/multnomah/gresham,TLDR,setback_front_ft,10,10,feet,inferred,True,8 ft front porch | 20 ft garage,"LDR-54, LDR-74, 10 ft.5 8 ft. 20 ft. ... / TLDR4, and TR4 (columns 'Front Facade/Wall' / 'Front Porch' / 'Garage')",TLDR is named on the un-marked continuation line L401 of the same row label; the 10 ft cell carries footnote marker 5 and 'TLDR4' carries footnote marker 4 (texts not in passage).,or/multnomah/gresham/4.0100.residential.txt#L400,or/multnomah/gresham/4.0100.residential.txt
01072,agree,noted,or/multnomah/gresham,TLDR,setback_garage_entrance_ft,20,20,feet,inferred,True,20 ft street side garage,"LDR-54, LDR-74, 10 ft.5 8 ft. 20 ft. ... / TLDR4, and TR4 (third column 'Garage' under FRONT)",TLDR is named on the un-marked continuation line L401 of the same row label.,or/multnomah/gresham/4.0100.residential.txt#L400,or/multnomah/gresham/4.0100.residential.txt
01073,agree,noted,or/multnomah/gresham,TLDR,setback_side_ft,5,5,feet,inferred,True,6 in. on zero side / 6 ft other side under the Zero Lot Line Option (footnote 3) | NA common wall,"LDR-54, LDR-74, ... 5 ft. NA 6 in. on zero / 6 ft. other ... / TLDR4, and TR4 (columns 'Interior Side' / 'Common Wall' / 'Zero Lot Line Option3')",TLDR is named on the un-marked continuation line L401 of the same row label.,or/multnomah/gresham/4.0100.residential.txt#L400,or/multnomah/gresham/4.0100.residential.txt
01074,agree,noted,or/multnomah/gresham,TLDR,setback_rear_ft,15,15,feet,inferred,True,8 ft rear with alley,"LDR-54, LDR-74, ... 15 ft. 8 ft. / TLDR4, and TR4 (columns 'Rear No Alley Access' / 'Rear With Alley')",TLDR is named on the un-marked continuation line L401 of the same row label.,or/multnomah/gresham/4.0100.residential.txt#L400,or/multnomah/gresham/4.0100.residential.txt
01075,agree,noted,or/multnomah/gresham,TLDR,setback_rear_ft [abuts_alley],8,8,feet,inferred,True,15 ft rear with no alley access,"Single Detached Dwelling, Duplex, Triplex, and Quadplex: LDR-54, LDR-74, ... 15 ft. 8 ft. / TLDR4, and TR4 (columns 'Rear No Alley Access' / 'Rear With Alley')",TLDR is named on the un-marked continuation line L401 of the same row label; 'TLDR4' carries footnote marker 4 (text not in passage).,"or/multnomah/gresham/4.0100.residential.txt#L393-L397,L399-L400",or/multnomah/gresham/4.0100.residential.txt
01076,agree,noted,or/multnomah/gresham,TLDR,setback_street_side_ft,10,10,feet,inferred,True,8 ft street side porch | 20 ft street side garage,"LDR-54, LDR-74, ... 10 ft. 8 ft. 20 ft. ... / TLDR4, and TR4 (columns 'Street Side Wall' / 'Street Side Porch' / 'Street Side Garage')",TLDR is named on the un-marked continuation line L401 of the same row label.,or/multnomah/gresham/4.0100.residential.txt#L400,or/multnomah/gresham/4.0100.residential.txt
01077,agree,noted,or/multnomah/gresham,TLDR,min_density_du_per_acre,10,10,units per acre,clear,True,,C. Minimum Net Density3 ... All uses except Manufactured Dwelling Parks ... 10 units per acre 4 (TLDR column),Cell carries footnote marker 4 and the heading footnote 3; footnote text not in passage.,"or/multnomah/gresham/4.0100.residential.txt#L233-L234,L244-L246",or/multnomah/gresham/4.0100.residential.txt
01078,agree,noted,or/multnomah/gresham,TLDR,max_density_du_per_acre [unit_lots],25,25,units per acre,clear,True,"None (Duplex, Triplex, Quadplex, Cottage Cluster row)",D. Maximum Net Density6 ... Townhouse 25 units per acre 25 units per acre 25 units per acre 25 units per acre 25 units per acre 24.2 units per acre 25 units per acre,Townhouse row used for the unit_lots condition; the Quadplex row prints 'None' for TLDR; heading carries footnote 6.,"or/multnomah/gresham/4.0100.residential.txt#L233-L234,L250,L257",or/multnomah/gresham/4.0100.residential.txt
01079,agree,noted,or/multnomah/gresham,TLDR,max_height_ft,35,35,feet,clear,True,35 ft (All other uses row),"H. Maximum Building Height11 Townhouse 35 ft.12 35 ft. 35 ft. 35 ft. 35 ft. 35 ft. 35 ft. (TLDR column, fourth)",Cited row is Townhouse; the 'All other uses' row (which would cover a quadplex) prints the same 35 ft for TLDR; heading carries footnote 11.,or/multnomah/gresham/4.0100.residential.txt#L332,or/multnomah/gresham/4.0100.residential.txt
01080,agree,noted,or/multnomah/gresham,TLDR,min_frontage_ft,35,35,feet,inferred,True,"None (Townhouse row L313, TLDR column)",All other uses 35 ft. 40 ft. 35 ft. 35 ft. 45 ft. 45 ft. NA,"Column order (LDR-5, LDR-7, TR, TLDR, MDR-12, MDR-24, OFR) is not in this passage and was taken from the Table 4.0130 header at L263; the 4th cell is TLDR. Section G has no quadplex row so 'All other uses' was used; the Townhouse row prints None for TLDR; footnote 9 attaches to the heading.",or/multnomah/gresham/4.0100.residential.txt#L314,or/multnomah/gresham/4.0100.residential.txt
01081,agree,noted,or/multnomah/gresham,TLDR,min_frontage_ft [corner_lot],40,40,feet,inferred,True,"None (Townhouse row L316, corner lots, TLDR column) | 35 ft (interior lot, All other uses)",All other uses 40 ft.10 40 ft. 40 ft. as measured from the corner radius end point to the property corner. 40 ft. as measured from the corner radius end point to the property corner. 45 ft. 45 ft. NA,"The TLDR cell (4th column, order taken from the L263 header) reads '40 ft. as measured from the corner radius end point to the property corner', a measurement qualifier; the Townhouse corner row prints None; footnote 10 sits on the LDR-5 cell.","or/multnomah/gresham/4.0100.residential.txt#L315,L319",or/multnomah/gresham/4.0100.residential.txt
01082,agree,unclear+noted,or/multnomah/gresham,TLDR,min_lot_sqft,8000,8000,square feet,unclear,unknown,"average lot size at least 8,000 and less than 14,000 sq ft for the subdivision (L591) | None (Table 4.0130 B, All other uses, TLDR column)","The minimum lot size in a large lot subdivision shall be 8,000 square feet.","The 8,000 sq ft figure applies only to lots created under the Large Lot Subdivision Option, not as the district's general minimum; the passage does not name TLDR, and Table 4.0130 row B prints None for TLDR on every row.",or/multnomah/gresham/4.0100.residential.txt#L593,or/multnomah/gresham/4.0100.residential.txt
01083,agree,noted,or/multnomah/gresham,TLDR,min_lot_width_ft,16,16,feet,inferred,True,16 ft (Townhouse row L277),"Duplex, Triplex, Quadplex, and Cottage Cluster 35 ft. 40 ft. 35 ft. 16 ft. 16 ft. 16 ft.7 60 ft.","Column order taken from the L263 header (4th column TLDR); row used is Duplex/Triplex/Quadplex/Cottage Cluster, interior lot, width at building line.",or/multnomah/gresham/4.0100.residential.txt#L274,or/multnomah/gresham/4.0100.residential.txt
01084,agree,noted,or/multnomah/gresham,TLDR,min_lot_width_ft [unit_lots],16,16,feet,inferred,True,"16 ft (Duplex, Triplex, Quadplex row L274)",Townhouse 16 ft. 16 ft. 16 ft. 16 ft. 16 ft. 16 ft.7 16 ft.,"Townhouse interior-lot row, 4th column TLDR; column order taken from the L263 header.",or/multnomah/gresham/4.0100.residential.txt#L277,or/multnomah/gresham/4.0100.residential.txt
01085,agree,noted,or/multnomah/gresham,TLDR,min_lot_width_ft [corner_lot],20,20,feet,inferred,True,"16 ft (interior lot, same row) | 20 ft (Townhouse corner row L286)","2. Width at building line: Corner lot / Triplex, Quadplex, and Cottage Cluster 40 ft. 40 ft. 40 ft. 20 ft. 70 ft. 70 ft. 70 ft.",4th column (TLDR) of the corner-lot Triplex/Quadplex/Cottage Cluster row prints 20 ft; column order taken from the L263 header.,"or/multnomah/gresham/4.0100.residential.txt#L279,L283-L285",or/multnomah/gresham/4.0100.residential.txt
01086,agree,noted,or/multnomah/gresham,TLDR,min_lot_width_ft [corner_lot+unit_lots],20,20,feet,inferred,True,16 ft (Townhouse interior lot L277) | 20 ft (Triplex/Quadplex corner row L283),Townhouse 20 ft. 20 ft. 20 ft. 20 ft. 20 ft. See table note 8 20 ft.,"Townhouse corner-lot row, 4th column TLDR = 20 ft; 'See table note 8' is on the MDR-24 cell only.","or/multnomah/gresham/4.0100.residential.txt#L279,L286",or/multnomah/gresham/4.0100.residential.txt
01087,agree,noted,or/multnomah/gresham,TR,setback_front_ft,10,10,feet,inferred,True,8 ft (Front Porch column),"LDR-54, LDR-74, TLDR4, and TR4 10 ft.5 8 ft. 20 ft. 5 ft. NA 6 in. on zero / 6 ft. other 10 ft. 8 ft. 20 ft. 15 ft. 8 ft.","Row is Single Detached/Duplex/Triplex/Quadplex for LDR-5, LDR-7, TLDR and TR (TR is named on L401, just outside the marked line); footnote 5 attaches to the 10 ft figure and footnote 4 to the district; the Townhouse row L406 prints the same 10 ft.5.",or/multnomah/gresham/4.0100.residential.txt#L400,or/multnomah/gresham/4.0100.residential.txt
01088,agree,noted,or/multnomah/gresham,TR,setback_garage_entrance_ft,20,20,feet,inferred,True,20 ft (Street Side Garage Access column),"LDR-54, LDR-74, TLDR4, and TR4 10 ft.5 8 ft. 20 ft. 5 ft. NA 6 in. on zero / 6 ft. other 10 ft. 8 ft. 20 ft. 15 ft. 8 ft.",Garage column is the 3rd cell of the LDR-5/LDR-7/TLDR/TR row; TR is named on L401.,or/multnomah/gresham/4.0100.residential.txt#L400,or/multnomah/gresham/4.0100.residential.txt
01089,agree,noted,or/multnomah/gresham,TR,setback_side_ft,5,5,feet,inferred,True,"NA (Common Wall column) | 6 in. on zero / 6 ft. other (Zero Lot Line Option, footnote 3)","LDR-54, LDR-74, TLDR4, and TR4 10 ft.5 8 ft. 20 ft. 5 ft. NA 6 in. on zero / 6 ft. other 10 ft. 8 ft. 20 ft. 15 ft. 8 ft.",Interior Side column is the 4th cell; row is Single Detached/Duplex/Triplex/Quadplex; the Townhouse row L406 also prints 5 ft; TR is named on L401.,or/multnomah/gresham/4.0100.residential.txt#L400,or/multnomah/gresham/4.0100.residential.txt
01090,agree,noted,or/multnomah/gresham,TR,setback_rear_ft,15.0,15,feet,inferred,True,8 ft (Rear With Alley column),"LDR-54, LDR-74, TLDR4, and TR4 10 ft.5 8 ft. 20 ft. 5 ft. NA 6 in. on zero / 6 ft. other 10 ft. 8 ft. 20 ft. 15 ft. 8 ft.",Rear No Alley column is the 10th cell of the LDR-5/LDR-7/TLDR/TR row; TR is named on L401.,or/multnomah/gresham/4.0100.residential.txt#L400,or/multnomah/gresham/4.0100.residential.txt
01091,agree,noted,or/multnomah/gresham,TR,setback_rear_ft [step-back],21.0,21,feet (roof height at the rear setback line),clear,True,1 ft of height per 1 ft of distance from the rear property line (the slope of the plane),The maximum roof height at the rear setback line is 21 feet and increases at a rate of one foot in heigh for every one foot of distance further from the rear property line,"This is a rear roof-height plane starting at 21 ft at the rear setback line and rising 1:1 up to the district maximum, not a wall step-back at a storey; it does not apply if any part of the lot is in the HGRO or RA; L167-169 apply it to quadplex developments in TR.","or/multnomah/gresham/7.0400.middle-housing-design.txt#L167-L169,L358-L362",or/multnomah/gresham/7.0400.middle-housing-design.txt
01092,agree,noted,or/multnomah/gresham,TR,setback_rear_ft [abuts_alley],8.0,8,feet,inferred,True,15 ft (Rear No Alley column),"Rear With Alley ... LDR-54, LDR-74, TLDR4, and TR4 ... 15 ft. 8 ft.","Last (11th) cell, Rear With Alley column, of the Single Detached/Duplex/Triplex/Quadplex row; TR is named on L401, just outside the marked lines.","or/multnomah/gresham/4.0100.residential.txt#L393-L397,L399-L400",or/multnomah/gresham/4.0100.residential.txt
01093,agree,noted,or/multnomah/gresham,TR,setback_street_side_ft,10,10,feet,inferred,True,8 ft (Street Side Porch column) | 20 ft (Street Side Garage Access column),"LDR-54, LDR-74, TLDR4, and TR4 10 ft.5 8 ft. 20 ft. 5 ft. NA 6 in. on zero / 6 ft. other 10 ft. 8 ft. 20 ft. 15 ft. 8 ft.",Street Side Wall column is the 7th cell of the LDR-5/LDR-7/TLDR/TR row; TR is named on L401.,or/multnomah/gresham/4.0100.residential.txt#L400,or/multnomah/gresham/4.0100.residential.txt
01094,agree,noted,or/multnomah/gresham,TR,min_lot_sqft,4000,4000,square feet,inferred,True,"4,000 sq. ft. (Duplex row L241, TR) | None (Townhouse row L242)","All other uses 5,000 sq. ft. 7,000 sq. ft. 4,000 sq. ft. None 3,600 sq. ft. None 3,600 sq. ft.","Column order (LDR-5, LDR-7, TR, TLDR, MDR-12, MDR-24, OFR) comes from the L234 header, not in this passage; 3rd cell is TR. Section B has no quadplex row so 'All other uses' was used; footnote 2 on the heading.",or/multnomah/gresham/4.0100.residential.txt#L243,or/multnomah/gresham/4.0100.residential.txt
01095,agree,noted,or/multnomah/gresham,TR,min_density_du_per_acre,6.22,6.22,units per acre,clear,True,,All uses except Manufactured Dwelling Parks 6.22 units per acre4 4.35 units per acre4 6.22 units per acre4 10 units per acre 4 8.71 units per acre 12.1 units per acre5 8.71 units per acre,Footnote 4 attaches to the TR figure; footnote 3 on the heading; net density is per the Article 3 definition.,"or/multnomah/gresham/4.0100.residential.txt#L233-L234,L244-L246",or/multnomah/gresham/4.0100.residential.txt
01096,agree,noted,or/multnomah/gresham,TR,max_density_du_per_acre [unit_lots],25,25,units per acre,clear,True,"None (Duplex, Triplex, Quadplex, Cottage Cluster row L254)",Townhouse 25 units per acre 25 units per acre 25 units per acre 25 units per acre 25 units per acre 24.2 units per acre 25 units per acre,"Townhouse row, 3rd column TR; footnote 6 on the heading D.","or/multnomah/gresham/4.0100.residential.txt#L233-L234,L250,L257",or/multnomah/gresham/4.0100.residential.txt
01097,agree,noted,or/multnomah/gresham,TR,max_height_ft,35,35,feet,clear,True,"35 ft (All other uses row L333, TR column)",Townhouse 35 ft.12 35 ft. 35 ft. 35 ft. 35 ft. 35 ft. 35 ft.,Footnote 11 on heading H; footnote 12 sits on the LDR-5 cell only.,or/multnomah/gresham/4.0100.residential.txt#L332,or/multnomah/gresham/4.0100.residential.txt
01098,agree,noted,or/multnomah/gresham,TR,min_frontage_ft,35,35,feet,inferred,True,"16 ft (Townhouse row L313, TR column)",All other uses 35 ft. 40 ft. 35 ft. 35 ft. 45 ft. 45 ft. NA,"3rd column is TR per the L263 header, which is not in this passage; section G has no quadplex row so 'All other uses' was used; footnote 9 on the heading.",or/multnomah/gresham/4.0100.residential.txt#L314,or/multnomah/gresham/4.0100.residential.txt
01099,agree,noted,or/multnomah/gresham,TR,min_frontage_ft [unit_lots],16,16,feet,inferred,True,"35 ft (All other uses row L314, TR column)",Townhouse 16 ft. 16 ft. 16 ft. None None 16 ft. None,"Townhouse interior-lot row, 3rd column TR; column order taken from the L263 header.",or/multnomah/gresham/4.0100.residential.txt#L313,or/multnomah/gresham/4.0100.residential.txt
01100,agree,noted,or/multnomah/gresham,TR,min_frontage_ft [corner_lot],40,40,feet,inferred,True,"None (Townhouse corner row L316) | 35 ft (interior lot, All other uses)",All other uses 40 ft.10 40 ft. 40 ft. as measured from the corner radius end point to the property corner. 40 ft. as measured from the corner radius end point to the property corner. 45 ft. 45 ft. NA,"The TR cell (3rd column) reads '40 ft. as measured from the corner radius end point to the property corner', a measurement qualifier; footnote 10 sits on the LDR-5 cell; column order taken from the L263 header.","or/multnomah/gresham/4.0100.residential.txt#L315,L319",or/multnomah/gresham/4.0100.residential.txt
01101,agree,noted,or/multnomah/gresham,TR,min_lot_width_ft,35,35,feet,inferred,True,"16 ft (Townhouse row L277, TR column)","Duplex, Triplex, Quadplex, and Cottage Cluster 35 ft. 40 ft. 35 ft. 16 ft. 16 ft. 16 ft.7 60 ft.","3rd column is TR; column order taken from the L263 header, not in this passage; interior lot, width at building line.",or/multnomah/gresham/4.0100.residential.txt#L274,or/multnomah/gresham/4.0100.residential.txt
01102,agree,noted,or/multnomah/gresham,TR,min_lot_width_ft [unit_lots],16,16,feet,inferred,True,"35 ft (Duplex, Triplex, Quadplex row L274, TR column)",Townhouse 16 ft. 16 ft. 16 ft. 16 ft. 16 ft. 16 ft.7 16 ft.,"Townhouse interior-lot row, 3rd column TR; column order taken from the L263 header.",or/multnomah/gresham/4.0100.residential.txt#L277,or/multnomah/gresham/4.0100.residential.txt
01103,agree,noted,or/multnomah/gresham,TR,min_lot_width_ft [corner_lot],40,40,feet,inferred,True,"35 ft (interior lot, same row) | 20 ft (Townhouse corner row L286)","2. Width at building line: Corner lot / Triplex, Quadplex, and Cottage Cluster 40 ft. 40 ft. 40 ft. 20 ft. 70 ft. 70 ft. 70 ft.",3rd column (TR) of the corner-lot Triplex/Quadplex/Cottage Cluster row prints 40 ft; column order taken from the L263 header.,"or/multnomah/gresham/4.0100.residential.txt#L279,L283-L285",or/multnomah/gresham/4.0100.residential.txt
01104,agree,noted,or/multnomah/gresham,TR,min_lot_width_ft [corner_lot+unit_lots],20,20,feet,inferred,True,"16 ft (Townhouse interior lot L277) | 40 ft (Triplex/Quadplex corner row L283, TR)",Townhouse 20 ft. 20 ft. 20 ft. 20 ft. 20 ft. See table note 8 20 ft.,"Townhouse corner-lot row, 3rd column TR = 20 ft; 'See table note 8' is on the MDR-24 cell only.","or/multnomah/gresham/4.0100.residential.txt#L279,L286",or/multnomah/gresham/4.0100.residential.txt
01105,agree,noted,or/multnomah/gresham,LDR-PV,setback_front_ft,10,10,feet,inferred,True,"8 ft (Front Porch, 2nd cell)","LDR-PV, MDR-PV 10 ft. 8 ft. 20 ft. 5 ft. 0 ft. 6 in. on zero / 6 ft. other 10 ft. 6 ft. 20 ft. 10 ft. 8 ft.","The table is flattened and only the last three column headers (Street Side Garage Access, Rear No Alley, Rear With Alley) are in the passage; the 11 cells were matched to the 11-column layout (Front Wall, Front Porch, Garage, Interior Side, Common Wall, Zero Lot Line, Street Side Wall, Street Side Porch, Street Side Garage Access, Rear No Alley, Rear With Alley); the row is shared by LDR-PV and MDR-PV.",or/multnomah/gresham/4.1400.pleasant-valley.txt#L388-L394,or/multnomah/gresham/4.1400.pleasant-valley.txt
01106,agree,noted,or/multnomah/gresham,LDR-PV,setback_side_ft,5,5,feet,inferred,True,"0 ft (Common Wall, 5th cell) | 6 in. on zero / 6 ft. other (Zero Lot Line, 6th cell)","LDR-PV, MDR-PV 10 ft. 8 ft. 20 ft. 5 ft. 0 ft. 6 in. on zero / 6 ft. other 10 ft. 6 ft. 20 ft. 10 ft. 8 ft.",Interior Side read as the 4th cell; column positions reconstructed by counting 11 cells against the table layout because the header is only partly in the passage; row shared by LDR-PV and MDR-PV.,or/multnomah/gresham/4.1400.pleasant-valley.txt#L388-L394,or/multnomah/gresham/4.1400.pleasant-valley.txt
01107,agree,noted,or/multnomah/gresham,LDR-PV,setback_side_ft [attached_wall],0,0,feet,inferred,True,"5 ft (Interior Side, base) | 6 in. on zero / 6 ft. other (Zero Lot Line option)","LDR-PV, MDR-PV 10 ft. 8 ft. 20 ft. 5 ft. 0 ft. 6 in. on zero / 6 ft. other 10 ft. 6 ft. 20 ft. 10 ft. 8 ft.",Condition attached_wall read as the Common Wall column (5th cell) = 0 ft; column position reconstructed by counting cells since the header is only partly in the passage; row shared by LDR-PV and MDR-PV.,or/multnomah/gresham/4.1400.pleasant-valley.txt#L387-L394,or/multnomah/gresham/4.1400.pleasant-valley.txt
01108,agree,noted,or/multnomah/gresham,LDR-PV,setback_rear_ft,10.0,10,feet,inferred,True,"8 ft (Rear With Alley, last cell)","LDR-PV, MDR-PV 10 ft. 8 ft. 20 ft. 5 ft. 0 ft. 6 in. on zero / 6 ft. other 10 ft. 6 ft. 20 ft. 10 ft. 8 ft.",Rear No Alley is the 10th cell (second-to-last on L394); header fragments 'Rear No Alley' / 'Rear With Alley' at L383-385 confirm the last two positions; row shared by LDR-PV and MDR-PV.,or/multnomah/gresham/4.1400.pleasant-valley.txt#L388-L394,or/multnomah/gresham/4.1400.pleasant-valley.txt
01109,agree,noted,or/multnomah/gresham,LDR-PV,setback_rear_ft [step-back],21.0,21,feet (roof height at the rear setback line),clear,True,1 ft of height per 1 ft of distance from the rear property line (the slope of the plane),"In the VLDR-SW, LDR-SW, LDR-PV, LDR-7, LDR-5, and TR districts ... The maximum roof height at the rear setback line is 21 feet and increases at a rate of one foot in heigh for every one foot of distance","This is a rear roof-height plane starting at 21 ft at the rear setback line and rising 1:1 up to the district maximum, not a wall step-back at a storey; it does not apply if any part of the lot is in the HGRO or RA; L167-169 apply it to quadplex developments in LDR-PV.","or/multnomah/gresham/7.0400.middle-housing-design.txt#L167-L169,L358-L362",or/multnomah/gresham/7.0400.middle-housing-design.txt
01110,agree,noted,or/multnomah/gresham,LDR-PV,setback_rear_ft [abuts_alley],8.0,8,feet,inferred,True,10 ft (Rear No Alley),"Rear With Alley ... LDR-PV, MDR-PV ... 10 ft. 6 ft. 20 ft. 10 ft. 8 ft.","Rear With Alley is the last (11th) cell on L394, matching the 'Rear With Alley' header fragment at L384-385; row shared by LDR-PV and MDR-PV.",or/multnomah/gresham/4.1400.pleasant-valley.txt#L387-L394,or/multnomah/gresham/4.1400.pleasant-valley.txt
01111,agree,noted,or/multnomah/gresham,LDR-PV,setback_street_side_ft,10,10,feet,inferred,True,"6 ft (Street Side Porch, 8th cell) | 20 ft (Street Side Garage Access, 9th cell)","LDR-PV, MDR-PV 10 ft. 8 ft. 20 ft. 5 ft. 0 ft. 6 in. on zero / 6 ft. other 10 ft. 6 ft. 20 ft. 10 ft. 8 ft.","Street Side Wall read as the 7th cell (first value on L394); the Street Side Wall/Porch headers are not in the passage, so the position was reconstructed by counting 11 cells against the table layout; row shared by LDR-PV and MDR-PV.",or/multnomah/gresham/4.1400.pleasant-valley.txt#L388-L394,or/multnomah/gresham/4.1400.pleasant-valley.txt
01112,agree,noted,or/multnomah/gresham,LDR-PV,setback_street_side_ft [unit_lots],8,8,feet,inferred,True,"8 ft (Street Side Porch, 8th cell) | 20 ft (Street Side Garage Access, 9th cell) | 10 ft (Single Detached/Duplex/Triplex/Quadplex row, street side wall)",LDR-PV 10 ft. 8 ft. 20 ft. 5 ft. 0 ft. N/A 8ft. 8 ft. 20 ft. 10 ft. 8 ft.,"Townhouse row for LDR-PV; the 7th cell '8ft.' read as Street Side Wall by counting 11 cells against the table layout, headers only partly in the passage.",or/multnomah/gresham/4.1400.pleasant-valley.txt#L397,or/multnomah/gresham/4.1400.pleasant-valley.txt
01113,agree,noted,or/multnomah/gresham,LDR-PV,min_lot_sqft,5000,5000,square feet,inferred,True,"1,500 sq. ft. (Townhouses row L264)","Duplex, Triplex, Quadplex, Cottage Cluster 5,000 sq. ft. 3,000 sq. ft. None","Header L257 gives LDR-PV, MDR-PV, HDR-PV; first cell is LDR-PV; row label is on L260-262 above the marked line.",or/multnomah/gresham/4.1400.pleasant-valley.txt#L263,or/multnomah/gresham/4.1400.pleasant-valley.txt
01114,agree,noted,or/multnomah/gresham,LDR-PV,min_lot_sqft [unit_lots],1500,1500,square feet,inferred,True,"5,000 sq. ft. (Duplex, Triplex, Quadplex, Cottage Cluster row L263)","Townhouses 1,500 sq. ft.  1,500 sq. ft. 1,500 sq. ft.","Column order (LDR-PV, MDR-PV, HDR-PV) comes from the L257 header, which is not in this passage; all three columns print 1,500.",or/multnomah/gresham/4.1400.pleasant-valley.txt#L264,or/multnomah/gresham/4.1400.pleasant-valley.txt
01115,agree,noted,or/multnomah/gresham,LDR-PV,setback_garage_entrance_ft,20,20,feet,inferred,True,"20 ft (Street Side Garage Access, 9th cell)","LDR-PV, MDR-PV 10 ft. 8 ft. 20 ft. 5 ft. 0 ft. 6 in. on zero / 6 ft. other 10 ft. 6 ft. 20 ft. 10 ft. 8 ft.",Garage column read as the 3rd cell; column positions reconstructed by counting 11 cells against the table layout because the header is only partly in the passage; row shared by LDR-PV and MDR-PV.,or/multnomah/gresham/4.1400.pleasant-valley.txt#L387-L394,or/multnomah/gresham/4.1400.pleasant-valley.txt
01116,agree,noted,or/multnomah/gresham,LDR-PV,min_frontage_ft,35,35,feet,inferred,True,18 ft (Townhouse row L296),"Single Detached, Duplex, Triplex, Quadplex, Cottage Cluster 35 ft. 35 ft. None","Column order (LDR-PV, MDR-PV, HDR-PV) comes from the L257 header, not in this passage; first cell is LDR-PV; footnote 3 on heading E; interior lot.",or/multnomah/gresham/4.1400.pleasant-valley.txt#L295,or/multnomah/gresham/4.1400.pleasant-valley.txt
01117,agree,noted,or/multnomah/gresham,LDR-PV,min_frontage_ft [corner_lot],40,40,feet,inferred,True,"35 ft (interior lot, same row L295) | 20 ft (Townhouse corner row L305)","2. Corner lot / Single Detached, Duplex, Triplex, Quadplex, Cottage Cluster 40 ft. 40 ft. 20 ft.","Column order from the L257 header, not in this passage; first cell is LDR-PV.",or/multnomah/gresham/4.1400.pleasant-valley.txt#L304,or/multnomah/gresham/4.1400.pleasant-valley.txt
01118,agree,noted,or/multnomah/gresham,LDR-PV,min_frontage_ft [unit_lots],18,18,feet,inferred,True,35 ft (Single Detached/Duplex/Triplex/Quadplex row L295),Townhouse 18 ft. 18 ft. 18 ft.,"Column order from the L257 header, not in this passage; all three columns print 18 ft; interior lot.",or/multnomah/gresham/4.1400.pleasant-valley.txt#L296,or/multnomah/gresham/4.1400.pleasant-valley.txt
01119,agree,noted,or/multnomah/gresham,LDR-PV,min_frontage_ft [corner_lot+unit_lots],20,20,feet,inferred,True,18 ft (Townhouse interior lot L296) | 40 ft (Single Detached/Duplex/Triplex/Quadplex corner row L304),2. Corner lot / Townhouse 20 ft. 20 ft. 32 ft.,"Column order from the L257 header, not in this passage; first cell is LDR-PV.",or/multnomah/gresham/4.1400.pleasant-valley.txt#L305,or/multnomah/gresham/4.1400.pleasant-valley.txt
01120,agree,noted,or/multnomah/gresham,LDR-PV,min_density_du_per_acre,5.3,5.3,units per acre,clear,True,,LDR-PV MDR-PV HDR-PV | B. Minimum Net Density1 (See definition of Net Density in Article 3) | All Residential Uses 5.3 12 25,"The figure is NET density (footnote 1, definition in Article 3), not gross density, so the denominator is not the whole lot.","or/multnomah/gresham/4.1400.pleasant-valley.txt#L257,L267-L268",or/multnomah/gresham/4.1400.pleasant-valley.txt
01121,agree,noted,or/multnomah/gresham,LDR-PV,max_density_du_per_acre [unit_lots],25,25,units per acre,inferred,True,"None - the Duplex, Triplex, Quadplex row in the LDR-PV column | 8 units per acre - Single Detached row | 8 units per acre - All Other Uses row",C. Maximum Net Density2 (See definition of Net Density in Article 3) | Townhouses 25 units per acre 25 units per acre 40 units per acre,"Read from the Townhouses row for the unit-lot condition; the Duplex/Triplex/Quadplex row states None for LDR-PV, and this is NET density (footnote 2).","or/multnomah/gresham/4.1400.pleasant-valley.txt#L257,L269,L274",or/multnomah/gresham/4.1400.pleasant-valley.txt
01122,agree,noted,or/multnomah/gresham,LDR-PV,max_height_ft,35,35,feet,inferred,unknown,,F. Maximum Building Height4 | All Uses 35 ft. 35 ft. 45 ft.5,"No column header row appears inside this passage, so the LDR-PV column cannot be confirmed here; the first two columns both read 35 ft. so LDR-PV is 35 either way, the row carries footnote 4, and row G says Section 7.000 Rear Roof Height Limit Reductions apply (Yes) in the first column.",or/multnomah/gresham/4.1400.pleasant-valley.txt#L309,or/multnomah/gresham/4.1400.pleasant-valley.txt
01123,agree,noted,or/multnomah/gresham,LDR-PV,max_far,1.0,1.0,ratio,inferred,True,,"H. Maximum Floor Area Ratio | Single Detached, Duplex, Triplex, Quadplex | 1.0 N/A N/A","The column order is taken from the repeated page header ' LDR-PV MDR-PV HDR-PV' printed below the row (L324), not from a header above it.",or/multnomah/gresham/4.1400.pleasant-valley.txt#L315-L319,or/multnomah/gresham/4.1400.pleasant-valley.txt
01124,agree,noted,or/multnomah/gresham,MDR-PV,min_lot_sqft,3000,3000,square feet,clear,True,"1,500 sq. ft. - Townhouses row | 5,000 sq. ft. - All Other Uses row","LDR-PV MDR-PV HDR-PV | Duplex, Triplex, Quadplex, Cottage Cluster | 5,000 sq. ft. 3,000 sq. ft. None","The heading is 'Minimum Buildable Lot Size', i.e. buildable area, not gross lot area.","or/multnomah/gresham/4.1400.pleasant-valley.txt#L257,L260-L263",or/multnomah/gresham/4.1400.pleasant-valley.txt
01125,agree,noted,or/multnomah/gresham,MDR-PV,min_lot_sqft [unit_lots],1500,1500,square feet,clear,True,"3,000 sq. ft. - Duplex, Triplex, Quadplex, Cottage Cluster row","LDR-PV MDR-PV HDR-PV | Townhouses 1,500 sq. ft.  1,500 sq. ft. 1,500 sq. ft.","Row used is Townhouses (the unit-lot condition); the heading is 'Minimum Buildable Lot Size', not gross lot area.","or/multnomah/gresham/4.1400.pleasant-valley.txt#L257,L264",or/multnomah/gresham/4.1400.pleasant-valley.txt
01126,agree,noted,or/multnomah/gresham,MDR-PV,min_density_du_per_acre,12,12,units per acre,clear,True,,LDR-PV MDR-PV HDR-PV | B. Minimum Net Density1 | All Residential Uses 5.3 12 25,"The figure is NET density (footnote 1, definition in Article 3), not gross density.","or/multnomah/gresham/4.1400.pleasant-valley.txt#L257,L267-L268",or/multnomah/gresham/4.1400.pleasant-valley.txt
01127,agree,noted,or/multnomah/gresham,MDR-PV,max_density_du_per_acre [unit_lots],25,25,units per acre,inferred,True,"None - the Duplex, Triplex, Quadplex row in the MDR-PV column | 20 units per acre - Single Detached row | 25 units per acre - All Other Uses row",C. Maximum Net Density2 | Townhouses 25 units per acre 25 units per acre 40 units per acre,"Read from the Townhouses row for the unit-lot condition; the Duplex/Triplex/Quadplex row states None for MDR-PV, and this is NET density (footnote 2).","or/multnomah/gresham/4.1400.pleasant-valley.txt#L257,L269,L274",or/multnomah/gresham/4.1400.pleasant-valley.txt
01128,agree,noted,or/multnomah/gresham,MDR-PV,min_frontage_ft,35,35,feet,clear,True,18 ft. - Townhouse interior lot | 40 ft. - same row on a corner lot,"E. Minimum Street Frontage3 | 1. Interior lot | Single Detached, Duplex, Triplex, Quadplex, Cottage Cluster | 35 ft. 35 ft. None",Interior-lot row; the standard carries footnote 3.,"or/multnomah/gresham/4.1400.pleasant-valley.txt#L257,L289-L295",or/multnomah/gresham/4.1400.pleasant-valley.txt
01129,agree,,or/multnomah/gresham,MDR-PV,min_frontage_ft [corner_lot],40,40,feet,clear,True,35 ft. - same row on an interior lot | 20 ft. - Townhouse corner lot,"2. Corner lot | Single Detached, Duplex, Triplex, Quadplex, Cottage Cluster | 40 ft. 40 ft. 20 ft.",,"or/multnomah/gresham/4.1400.pleasant-valley.txt#L257,L299-L304",or/multnomah/gresham/4.1400.pleasant-valley.txt
01130,agree,noted,or/multnomah/gresham,MDR-PV,min_frontage_ft [unit_lots],18,18,feet,clear,True,35 ft. - Single Detached/Duplex/Triplex/Quadplex interior lot,1. Interior lot | Townhouse 18 ft. 18 ft. 18 ft.,"Row used is Townhouse (unit lots), under the interior-lot heading.","or/multnomah/gresham/4.1400.pleasant-valley.txt#L257,L296",or/multnomah/gresham/4.1400.pleasant-valley.txt
01131,agree,noted,or/multnomah/gresham,MDR-PV,min_frontage_ft [corner_lot+unit_lots],20,20,feet,clear,True,18 ft. - Townhouse interior lot | 40 ft. - Quadplex corner lot,2. Corner lot | Townhouse 20 ft. 20 ft. 32 ft.,"Townhouse row on a corner lot; note the HDR-PV column of the same row is larger (32 ft.), not smaller.","or/multnomah/gresham/4.1400.pleasant-valley.txt#L257,L305",or/multnomah/gresham/4.1400.pleasant-valley.txt
01132,agree,noted,or/multnomah/gresham,MDR-PV,max_height_ft,35,35,feet,clear,True,,LDR-PV MDR-PV HDR-PV | F. Maximum Building Height4 | All Uses 35 ft. 35 ft. 45 ft.5,"The height row carries footnote 4, which is not reproduced in the passage.","or/multnomah/gresham/4.1400.pleasant-valley.txt#L257,L308-L309",or/multnomah/gresham/4.1400.pleasant-valley.txt
01133,agree,noted,or/multnomah/gresham,MDR-PV,setback_front_ft,10,10,feet,inferred,True,,"Single Detached, Duplex, Triplex, Quadplex | LDR-PV, MDR-PV 10 ft. 8 ft. 20 ft. 5 ft. 0 ft. [6 in. on zero / 6 ft. other] 10 ft. 6 ft. 20 ft. 10 ft. 8 ft.","The row prints eleven values in two blocks and only the last four column headings (Street Side, Garage Access, Rear No Alley, Rear With Alley) are inside the passage, so columns are read by position; both blocks open with 10 ft., so the front setback is 10 ft. either way.","or/multnomah/gresham/4.1400.pleasant-valley.txt#L387-L389,L394",or/multnomah/gresham/4.1400.pleasant-valley.txt
01134,disagree,unclear+noted,or/multnomah/gresham,MDR-PV,setback_side_ft,5,8,feet,unclear,True,"6 ft. - second value of the row's second block, the position under the visible 'Street Side' heading | 6 in. on zero / 6 ft. other - the zero-lot-line cell in the same row","Single Detached, Duplex, Triplex, Quadplex | LDR-PV, MDR-PV 10 ft. 8 ft. 20 ft. 5 ft. 0 ft.","Only the last four column headings are visible, so side and street-side cannot be separated from this passage; this is the one row in either table where the two positions disagree (8 ft. vs 6 ft.).","or/multnomah/gresham/4.1400.pleasant-valley.txt#L387-L389,L394",or/multnomah/gresham/4.1400.pleasant-valley.txt
01135,agree,unclear+noted,or/multnomah/gresham,MDR-PV,setback_side_ft [attached_wall],0,0,feet,unclear,True,6 in. on zero / 6 ft. other - the zero-lot-line cell | 8 ft. - the unqualified side value in the same row,"Single Detached, Duplex, Triplex, Quadplex | LDR-PV, MDR-PV 10 ft. 8 ft. 20 ft. 5 ft. 0 ft. [6 in. on zero / 6 ft. other]","0 ft. is the fifth value; it is the only column that reads 0 ft. for the attached-capable rows and N/A for Cottage Cluster and All Other Uses, which is why it is read as the attached/common-wall column, but the passage never labels it.","or/multnomah/gresham/4.1400.pleasant-valley.txt#L387-L389,L394",or/multnomah/gresham/4.1400.pleasant-valley.txt
01136,agree,noted,or/multnomah/gresham,MDR-PV,setback_rear_ft,10,10,feet,inferred,True,5 ft. - fourth value of the row's first block,"Single Detached, Duplex, Triplex, Quadplex | LDR-PV, MDR-PV ... 10 ft. 6 ft. 20 ft. 10 ft. 8 ft.","Read as the tenth of eleven values, the position under the visible 'Rear No Alley' heading; the first block's fourth value is 5 ft. in every row of both Gresham tables, so it cannot be a district-specific rear setback.","or/multnomah/gresham/4.1400.pleasant-valley.txt#L387-L389,L394",or/multnomah/gresham/4.1400.pleasant-valley.txt
01137,agree,noted,or/multnomah/gresham,MDR-PV,setback_rear_ft [abuts_alley],8,8,feet,inferred,True,0 ft. - fifth value of the row's first block,"Single Detached, Duplex, Triplex, Quadplex | LDR-PV, MDR-PV ... 10 ft. 6 ft. 20 ft. 10 ft. 8 ft.","Read as the last of eleven values, the position under the visible 'Rear With Alley' heading.","or/multnomah/gresham/4.1400.pleasant-valley.txt#L387-L389,L394",or/multnomah/gresham/4.1400.pleasant-valley.txt
01138,disagree,unclear+noted,or/multnomah/gresham,MDR-PV,setback_street_side_ft,10,6,feet,unclear,True,8 ft. - second value of the row's first block (the side column),"Single Detached, Duplex, Triplex, Quadplex | LDR-PV, MDR-PV ... 10 ft. 6 ft. 20 ft. 10 ft. 8 ft.","6 ft. sits in the position under the visible 'Street Side' heading, but every other row in both tables prints the same figure there as in the side column, so 8 ft. is equally readable here.","or/multnomah/gresham/4.1400.pleasant-valley.txt#L387-L389,L394",or/multnomah/gresham/4.1400.pleasant-valley.txt
01139,agree,noted,or/multnomah/gresham,MDR-PV,setback_street_side_ft [unit_lots],5,5,feet,inferred,True,,Townhouse | MDR-PV 10 ft. 5 ft. 20 ft. 5 ft. 0 ft. N/A 5 ft. 5 ft. 20 ft. 10 ft. 8 ft.,"Townhouse row (the unit-lot condition); the street-side position and the side position both read 5 ft., so the column ambiguity does not change the figure.","or/multnomah/gresham/4.1400.pleasant-valley.txt#L396,L398",or/multnomah/gresham/4.1400.pleasant-valley.txt
01140,agree,noted,or/multnomah/gresham,MDR-PV,setback_garage_entrance_ft,20,20,feet,inferred,True,,"Single Detached, Duplex, Triplex, Quadplex | LDR-PV, MDR-PV 10 ft. 8 ft. 20 ft. ... 20 ft. 10 ft. 8 ft.","Both blocks of the row print 20 ft. in the garage-access position, so the unlabelled-column ambiguity does not change the figure.","or/multnomah/gresham/4.1400.pleasant-valley.txt#L387-L389,L394",or/multnomah/gresham/4.1400.pleasant-valley.txt
01141,agree,noted,or/multnomah/gresham,HDR-PV,min_density_du_per_acre,25,25,units per acre,clear,True,,LDR-PV MDR-PV HDR-PV | B. Minimum Net Density1 | All Residential Uses 5.3 12 25,"The figure is NET density (footnote 1, definition in Article 3), not gross density.","or/multnomah/gresham/4.1400.pleasant-valley.txt#L257,L267-L268",or/multnomah/gresham/4.1400.pleasant-valley.txt
01142,agree,noted,or/multnomah/gresham,HDR-PV,max_density_du_per_acre,40,40,units per acre,clear,True,"40 units per acre - Townhouses row, same column","C. Maximum Net Density2 | Duplex, Triplex, Quadplex | None None 40 units per acre",The figure is NET density (footnote 2).,"or/multnomah/gresham/4.1400.pleasant-valley.txt#L257,L269,L271-L273",or/multnomah/gresham/4.1400.pleasant-valley.txt
01143,agree,,or/multnomah/gresham,HDR-PV,min_frontage_ft [corner_lot],20,20,feet,clear,True,None - the same row on an interior lot in HDR-PV | 32 ft. - Townhouse corner lot in HDR-PV,"2. Corner lot | Single Detached, Duplex, Triplex, Quadplex, Cottage Cluster | 40 ft. 40 ft. 20 ft.",,"or/multnomah/gresham/4.1400.pleasant-valley.txt#L257,L299-L304",or/multnomah/gresham/4.1400.pleasant-valley.txt
01144,agree,noted,or/multnomah/gresham,HDR-PV,min_frontage_ft [unit_lots],18,18,feet,clear,True,None - Quadplex/Cottage Cluster interior lot in HDR-PV,1. Interior lot | Townhouse 18 ft. 18 ft. 18 ft.,"Row used is Townhouse (unit lots), interior lot.","or/multnomah/gresham/4.1400.pleasant-valley.txt#L257,L296",or/multnomah/gresham/4.1400.pleasant-valley.txt
01145,agree,noted,or/multnomah/gresham,HDR-PV,min_frontage_ft [corner_lot+unit_lots],32,32,feet,clear,True,18 ft. - Townhouse interior lot in HDR-PV | 20 ft. - Quadplex corner lot in HDR-PV,2. Corner lot | Townhouse 20 ft. 20 ft. 32 ft.,"HDR-PV's corner Townhouse frontage (32 ft.) is larger than the LDR/MDR columns (20 ft.) and larger than its own interior-lot figure, so a mis-read column would be easy to miss here.","or/multnomah/gresham/4.1400.pleasant-valley.txt#L257,L305",or/multnomah/gresham/4.1400.pleasant-valley.txt
01146,agree,noted,or/multnomah/gresham,HDR-PV,max_height_ft,45,45,feet,clear,True,,LDR-PV MDR-PV HDR-PV | F. Maximum Building Height4 | All Uses 35 ft. 35 ft. 45 ft.5,"The HDR-PV cell carries footnote 5 on top of the row's footnote 4, and row G marks Section 4.1416 Building Height and Height Transition Standards as applying (Yes) only in this column.","or/multnomah/gresham/4.1400.pleasant-valley.txt#L257,L308-L309",or/multnomah/gresham/4.1400.pleasant-valley.txt
01147,agree,noted,or/multnomah/gresham,HDR-PV,setback_front_ft,5,5,feet,inferred,True,,"Single Detached, Duplex, Triplex, Quadplex | HDR-PV 5 ft. 5 ft. 20 ft. 5 ft. 0 ft. N/A 5 ft. 5 ft. 5 ft.  15 ft.  5 ft.","Eleven values in two blocks with only the last four headings visible, but both blocks open with 5 ft., so the front setback is 5 ft. either way.","or/multnomah/gresham/4.1400.pleasant-valley.txt#L387,L395",or/multnomah/gresham/4.1400.pleasant-valley.txt
01148,agree,noted,or/multnomah/gresham,HDR-PV,setback_side_ft,5,5,feet,inferred,True,,"Single Detached, Duplex, Triplex, Quadplex | HDR-PV 5 ft. 5 ft. 20 ft. 5 ft. 0 ft. N/A 5 ft. 5 ft. 5 ft.  15 ft.  5 ft.","The side position and the street-side position of this row both read 5 ft., so the unlabelled-column ambiguity does not change the figure.","or/multnomah/gresham/4.1400.pleasant-valley.txt#L387,L395",or/multnomah/gresham/4.1400.pleasant-valley.txt
01149,agree,unclear+noted,or/multnomah/gresham,HDR-PV,setback_side_ft [attached_wall],0,0,feet,unclear,True,5 ft. - the unqualified side value in the same row,"Single Detached, Duplex, Triplex, Quadplex | HDR-PV 5 ft. 5 ft. 20 ft. 5 ft. 0 ft. N/A 5 ft. 5 ft. 5 ft.  15 ft.  5 ft.","0 ft. is the fifth value, the only column reading 0 ft. for the attached-capable rows and N/A for Cottage Cluster, so it is read as the attached/common-wall column; the passage never labels it, and the zero-lot-line cell is N/A in HDR-PV.","or/multnomah/gresham/4.1400.pleasant-valley.txt#L387,L395",or/multnomah/gresham/4.1400.pleasant-valley.txt
01150,agree,unclear+noted,or/multnomah/gresham,HDR-PV,setback_rear_ft,15,15,feet,unclear,True,5 ft. - fourth value of the row's first block | 10 ft. - what the HDR-PV Townhouse and Cottage Cluster rows print in the same position,"Single Detached, Duplex, Triplex, Quadplex | HDR-PV 5 ft. 5 ft. 20 ft. 5 ft. 0 ft. N/A 5 ft. 5 ft. 5 ft.  15 ft.  5 ft.","This row reads 15 ft. in the rear position where every other HDR-PV row reads 10 ft., and 5 ft. in the ninth position where every other row reads 20 ft., so the row looks shifted or mis-extracted; a 15 ft. rear in the densest sub-district is also larger than LDR-PV's 10 ft.","or/multnomah/gresham/4.1400.pleasant-valley.txt#L387,L395",or/multnomah/gresham/4.1400.pleasant-valley.txt
01151,agree,unclear+noted,or/multnomah/gresham,HDR-PV,setback_rear_ft [abuts_alley],5,5,feet,unclear,True,0 ft. - fifth value of the row's first block,"Single Detached, Duplex, Triplex, Quadplex | HDR-PV 5 ft. 5 ft. 20 ft. 5 ft. 0 ft. N/A 5 ft. 5 ft. 5 ft.  15 ft.  5 ft.","Read as the last of eleven values ('Rear With Alley'); the same row's fifth value is 0 ft. and the row's other positions look shifted (see the rear-setback item), so the reading is not firm.","or/multnomah/gresham/4.1400.pleasant-valley.txt#L387,L395",or/multnomah/gresham/4.1400.pleasant-valley.txt
01152,agree,noted,or/multnomah/gresham,HDR-PV,setback_rear_ft [unit_lots],10,10,feet,inferred,True,5 ft. - fourth value of the row's first block,Townhouse | HDR-PV 5 f t. 5 ft. 20 ft. 5 ft. 0 ft. N/A 5 ft. 5 ft. 20 ft. 10 ft. 5 ft.,"Townhouse row (the unit-lot condition), tenth of eleven values, the position under the visible 'Rear No Alley' heading.","or/multnomah/gresham/4.1400.pleasant-valley.txt#L396,L399",or/multnomah/gresham/4.1400.pleasant-valley.txt
01153,agree,noted,or/multnomah/gresham,HDR-PV,setback_rear_ft [abuts_alley+unit_lots],5,5,feet,inferred,True,0 ft. - fifth value of the row's first block,Townhouse | HDR-PV 5 f t. 5 ft. 20 ft. 5 ft. 0 ft. N/A 5 ft. 5 ft. 20 ft. 10 ft. 5 ft.,"Townhouse row, last of eleven values, the position under the visible 'Rear With Alley' heading.","or/multnomah/gresham/4.1400.pleasant-valley.txt#L396,L399",or/multnomah/gresham/4.1400.pleasant-valley.txt
01154,agree,noted,or/multnomah/gresham,HDR-PV,setback_street_side_ft,5,5,feet,inferred,True,,"Single Detached, Duplex, Triplex, Quadplex | HDR-PV 5 ft. 5 ft. 20 ft. 5 ft. 0 ft. N/A 5 ft. 5 ft. 5 ft.  15 ft.  5 ft.",The street-side position and the side position of this row both read 5 ft.,"or/multnomah/gresham/4.1400.pleasant-valley.txt#L387,L395",or/multnomah/gresham/4.1400.pleasant-valley.txt
01155,agree,unclear+noted,or/multnomah/gresham,HDR-PV,setback_garage_entrance_ft,20,20,feet,unclear,True,"5 ft. - ninth value, the position that sits under the visible 'Garage Access' heading","Single Detached, Duplex, Triplex, Quadplex | HDR-PV 5 ft. 5 ft. 20 ft. 5 ft. 0 ft. N/A 5 ft. 5 ft. 5 ft.  15 ft.  5 ft.","The row prints 20 ft. in the first block's garage position and 5 ft. in the second block's, where every other row in the table prints 20 ft.; 20 ft. is the figure every other row supports, but the passage cannot settle it.","or/multnomah/gresham/4.1400.pleasant-valley.txt#L387,L395",or/multnomah/gresham/4.1400.pleasant-valley.txt
01156,agree,unclear+noted,or/multnomah/gresham,LDR-SW,setback_front_ft,10,10,feet,unclear,True,,All Other Uses | LDR-SW 10 ft. 8 ft. 20 ft. 5 ft. N/A [6 in. on zero / 6 ft. other] 10 ft. 8 ft. 20 ft. 15 ft. 8 ft.,"WRONG ROW RISK: the cited row is 'All Other Uses', not a quadplex or townhouse row, and the passage starts mid-table so it cannot show whether Table 4.1508 has a Single Detached/Duplex/Triplex/Quadplex or Townhouse row above it; the front position reads 10 ft. in both blocks of the row that was cited.",or/multnomah/gresham/4.1500.springwater.txt#L349-L353,or/multnomah/gresham/4.1500.springwater.txt
01157,disagree,unclear+noted,or/multnomah/gresham,LDR-SW,setback_side_ft,5,8,feet,unclear,True,6 in. on zero / 6 ft. other - the zero-lot-line cell in the same row,All Other Uses | LDR-SW 10 ft. 8 ft. 20 ft. 5 ft. N/A [6 in. on zero / 6 ft. other] 10 ft. 8 ft. 20 ft. 15 ft. 8 ft.,"Same wrong-row risk as the front setback (the cited row is 'All Other Uses'), and this passage shows no column headings at all, so the side column is read by position against the parallel Pleasant Valley table; both blocks read 8 ft. there.",or/multnomah/gresham/4.1500.springwater.txt#L349-L353,or/multnomah/gresham/4.1500.springwater.txt
01158,agree,unclear+noted,or/multnomah/gresham,LDR-SW,setback_rear_ft,15.0,15,feet,unclear,True,5 ft. - fourth value of the row | 8 ft. - last value of the row (rear with an alley) | 10 ft. - what the LDR-SW Cottage Cluster row prints in the same position,All Other Uses | LDR-SW 10 ft. 8 ft. 20 ft. 5 ft. N/A [6 in. on zero / 6 ft. other] 10 ft. 8 ft. 20 ft. 15 ft. 8 ft.,"Same wrong-row risk (the cited row is 'All Other Uses'), and no column headings appear in this passage; 15 ft. is the tenth of eleven values, the position that carries the rear setback in the parallel Pleasant Valley table.",or/multnomah/gresham/4.1500.springwater.txt#L349-L353,or/multnomah/gresham/4.1500.springwater.txt
01159,agree,noted,or/multnomah/gresham,LDR-SW,setback_rear_ft [step-back],21.0,21,feet,clear,True,,"In the VLDR-SW, LDR-SW, LDR-PV, LDR-7, LDR-5, and TR districts ... The maximum roof height at the rear setback line is 21 feet and increases at a rate of one foot in heigh for every one foot of distance","This is a roof-height limit measured at the rear setback line, rising one foot per foot of further distance up to the district height limit, not a setback distance; it does not apply if any portion of the lot is in the Hillside Geological Risk Area (HGRO) or Resource Area (RA).","or/multnomah/gresham/7.0400.middle-housing-design.txt#L167-L169,L358-L362",or/multnomah/gresham/7.0400.middle-housing-design.txt
01160,agree,noted,or/multnomah/gresham,LDR-SW,setback_rear_ft [abuts_alley],8.0,8,feet,inferred,True,15 ft rear with no alley (base) | 8 ft Townhouse row LDR-SW rear with alley (same),All Other Uses / LDR-SW 10 ft. 8 ft. 20 ft. 5 ft. N/A 6 in. on zero / 6 ft. other 10 ft. 8 ft. 20 ft. 15 ft. 8 ft.,"Column headers are only fragments (Porch, Street Side, Garage Access, Rear No Alley, Rear With Alley); the 11-cell row is read as Front bldg/porch/garage, Side interior/attached/zero-lot, Street-side bldg/porch/garage, Rear no alley, Rear with alley, so the last cell 8 ft is Rear With Alley; row used is All Other Uses, not Townhouse.","or/multnomah/gresham/4.1500.springwater.txt#L347,L349-L353",or/multnomah/gresham/4.1500.springwater.txt
01161,agree,noted,or/multnomah/gresham,LDR-SW,setback_street_side_ft,10,10,feet,inferred,True,8 ft street-side porch | 20 ft street-side garage access | 8 ft Townhouse row LDR-SW street side building,All Other Uses / LDR-SW 10 ft. 8 ft. 20 ft. 5 ft. N/A 6 in. on zero / 6 ft. other 10 ft. 8 ft. 20 ft. 15 ft. 8 ft.,"Column order inferred from header fragments; the 7th cell (first cell of L353, 10 ft.) is read as Street Side building; the Townhouse row gives 8 ft.",or/multnomah/gresham/4.1500.springwater.txt#L349-L353,or/multnomah/gresham/4.1500.springwater.txt
01162,agree,noted,or/multnomah/gresham,LDR-SW,setback_street_side_ft [unit_lots],8,8,feet,inferred,True,10 ft All Other Uses row LDR-SW (base) | 8 ft street-side porch | 20 ft street-side garage access,Townhouse / LDR-SW 10 ft. 8 ft. 20 ft. 5 ft. 0 ft. N/A 8 ft. 8 ft. 20 ft. 15 ft. 8 ft.,Column order inferred from header fragments; the 7th cell (8 ft.) is read as Street Side building.,or/multnomah/gresham/4.1500.springwater.txt#L341,or/multnomah/gresham/4.1500.springwater.txt
01163,agree,noted,or/multnomah/gresham,LDR-SW,min_lot_sqft,5000,5000,square feet,inferred,True,"None (Townhouse row, LDR-SW)","A. Minimum Buildable Lot Size (square feet) / All Other Uses 10,000 sq. ft. 5,000 sq. ft. None",Row used is All Other Uses; the Townhouse row reads None for LDR-SW.,or/multnomah/gresham/4.1500.springwater.txt#L246,or/multnomah/gresham/4.1500.springwater.txt
01164,agree,noted,or/multnomah/gresham,LDR-SW,min_density_du_per_acre,5.8,5.8,units per acre,clear,True,5.8 units per acre Cottage Cluster row (same),B. Minimum Net Density1 / All Uses None 5.8 units per acre 12.0 units per acre,The heading carries footnote marker 1 (Minimum Net Density1) whose text is not in the passage.,"or/multnomah/gresham/4.1500.springwater.txt#L243,L247,L249",or/multnomah/gresham/4.1500.springwater.txt
01165,agree,noted,or/multnomah/gresham,LDR-SW,max_density_du_per_acre [unit_lots],25,25,units per acre,clear,True,"None for Duplex, Triplex, Quadplex row (base) | 7.3 units per acre All Other Uses",C. Maximum Net Density2 / Townhouses 14.4 units per acre 25 units per acre 17.4 units per acre,The heading carries footnote marker 2 (Maximum Net Density2) not shown; the Townhouses row is used per the unit_lots condition.,"or/multnomah/gresham/4.1500.springwater.txt#L243,L250,L254",or/multnomah/gresham/4.1500.springwater.txt
01166,agree,noted,or/multnomah/gresham,LDR-SW,setback_garage_entrance_ft,20,20,feet,inferred,True,20 ft street-side garage access (same) | 20 ft Townhouse row LDR-SW front garage access (same),All Other Uses / LDR-SW 10 ft. 8 ft. 20 ft. 5 ft. N/A 6 in. on zero / 6 ft. other 10 ft. 8 ft. 20 ft. 15 ft. 8 ft.,The 3rd cell (20 ft.) is read as Front Garage Access under the inferred column order; row is All Other Uses.,"or/multnomah/gresham/4.1500.springwater.txt#L347,L349-L353",or/multnomah/gresham/4.1500.springwater.txt
01167,agree,noted,or/multnomah/gresham,LDR-SW,max_height_ft,35,35,feet,inferred,True,,G. Maximum Building Height3 / All Uses 40 ft. 35 ft. 45 ft.,"Footnote 3 on the heading is not shown, and row H says a Section 7.0400 rear roof height limit modifies the maximum for single detached, duplex, triplex, and quadplex.",or/multnomah/gresham/4.1500.springwater.txt#L278,or/multnomah/gresham/4.1500.springwater.txt
01168,agree,noted,or/multnomah/gresham,LDR-SW,max_far,1.0,1.0,ratio,inferred,True,N/A for All Other uses row,"I. Maximum Floor Area Ratio / Single Detached, Duplex, Triplex, Quadplex 0.7 1.0 N/A",The column header (VLDR-SW LDR-SW THR-SW at L243/L276) is outside this passage; the second column is taken as LDR-SW; the row is the quadplex row and All Other uses reads N/A.,or/multnomah/gresham/4.1500.springwater.txt#L290-L294,or/multnomah/gresham/4.1500.springwater.txt
01169,agree,noted,or/multnomah/gresham,LDR-SW,min_lot_width_ft,45,45,feet,inferred,True,16 ft Townhouse row interior lot | 45 ft All Other Uses corner lot,1. Width at building line: Interior lot / All Other Uses 75 ft. 45 ft.  20 ft.,"Column header is outside this passage; the second column is taken as LDR-SW; row is All Other Uses, not Townhouse.",or/multnomah/gresham/4.1500.springwater.txt#L260,or/multnomah/gresham/4.1500.springwater.txt
01170,agree,noted,or/multnomah/gresham,LDR-SW,min_lot_width_ft [unit_lots],16,16,feet,inferred,True,45 ft All Other Uses interior lot (base) | 20 ft Townhouse corner lot,1. Width at building line: Interior lot / Townhouse 16 ft. 16 ft. 20 ft.,Column header is outside this passage; the second column is taken as LDR-SW.,or/multnomah/gresham/4.1500.springwater.txt#L259,or/multnomah/gresham/4.1500.springwater.txt
01171,agree,noted,or/multnomah/gresham,LDR-SW,min_lot_width_ft [corner_lot],45,45,feet,inferred,True,"45 ft All Other Uses interior lot (base, same) | 20 ft Townhouse corner lot",2. Width at building line: Corner lot / All Other Uses 100 ft. 45 ft. 25 ft.,"Column header is outside this passage; the second column is taken as LDR-SW; row is All Other Uses, not Townhouse.",or/multnomah/gresham/4.1500.springwater.txt#L263,or/multnomah/gresham/4.1500.springwater.txt
01172,agree,noted,or/multnomah/gresham,LDR-SW,min_lot_width_ft [corner_lot+unit_lots],20,20,feet,inferred,True,16 ft Townhouse interior lot | 45 ft All Other Uses corner lot,2. Width at building line: Corner lot / Townhouse 20 ft. 20 ft. 25 ft.,Column header is outside this passage; the second column is taken as LDR-SW.,or/multnomah/gresham/4.1500.springwater.txt#L262,or/multnomah/gresham/4.1500.springwater.txt
01173,agree,noted,or/multnomah/gresham,LDR-SW,min_frontage_ft,35,35,feet,inferred,True,None Townhouse row interior lot | 40 ft All Other Uses corner lot,F. Minimum Street Frontage 1. Interior lot / All Other Uses 50 ft. 35 ft. 20 ft.,Column header is outside this passage; the second column is taken as LDR-SW; row is All Other Uses and the Townhouse row reads None.,or/multnomah/gresham/4.1500.springwater.txt#L269,or/multnomah/gresham/4.1500.springwater.txt
01174,agree,noted,or/multnomah/gresham,LDR-SW,min_frontage_ft [corner_lot],40,40,feet,inferred,True,35 ft All Other Uses interior lot (base) | None Townhouse corner lot,2. Corner lot / All Other Uses 75 ft. 40 ft. 20 ft.,The header at L276 below confirms column order VLDR-SW LDR-SW THR-SW; the second column is taken as LDR-SW; row is All Other Uses and the Townhouse row reads None.,or/multnomah/gresham/4.1500.springwater.txt#L272,or/multnomah/gresham/4.1500.springwater.txt
01175,agree,noted,or/multnomah/gresham,LDR-SW,min_lot_depth_ft,80,80,feet,inferred,True,,E. Minimum Lot Depth (Interior or Corner Lot) / All Uses 100 ft. 80 ft. 65 ft.,Column header is outside this passage; the second column is taken as LDR-SW.,or/multnomah/gresham/4.1500.springwater.txt#L265,or/multnomah/gresham/4.1500.springwater.txt
01176,agree,noted,or/multnomah/gresham,VLDR-SW,min_lot_sqft,10000,10000,square feet,clear,True,"None (Townhouse row, VLDR-SW)","A. Minimum Buildable Lot Size (square feet) / All Other Uses 10,000 sq. ft. 5,000 sq. ft. None",Row used is All Other Uses; the Townhouse row reads None for VLDR-SW.,"or/multnomah/gresham/4.1500.springwater.txt#L243-L244,L246",or/multnomah/gresham/4.1500.springwater.txt
01177,agree,noted,or/multnomah/gresham,VLDR-SW,max_density_du_per_acre [unit_lots],14.4,14.4,units per acre,clear,True,"None for Duplex, Triplex, Quadplex row (base) | 3.6 units per acre All Other Uses",C. Maximum Net Density2 / Townhouses 14.4 units per acre 25 units per acre 17.4 units per acre,The heading carries footnote marker 2 (Maximum Net Density2) not shown; the Townhouses row is used per the unit_lots condition.,"or/multnomah/gresham/4.1500.springwater.txt#L243,L250,L254",or/multnomah/gresham/4.1500.springwater.txt
01178,agree,noted,or/multnomah/gresham,VLDR-SW,min_lot_width_ft,75,75,feet,clear,True,16 ft Townhouse row interior lot | 100 ft All Other Uses corner lot,1. Width at building line: Interior lot / All Other Uses 75 ft. 45 ft.  20 ft.,"Row is All Other Uses, not Townhouse.","or/multnomah/gresham/4.1500.springwater.txt#L243,L257-L258,L260",or/multnomah/gresham/4.1500.springwater.txt
01179,agree,,or/multnomah/gresham,VLDR-SW,min_lot_width_ft [unit_lots],16,16,feet,clear,True,75 ft All Other Uses interior lot (base) | 20 ft Townhouse corner lot,1. Width at building line: Interior lot / Townhouse 16 ft. 16 ft. 20 ft.,,"or/multnomah/gresham/4.1500.springwater.txt#L243,L259",or/multnomah/gresham/4.1500.springwater.txt
01180,agree,noted,or/multnomah/gresham,VLDR-SW,min_lot_width_ft [corner_lot],100,100,feet,clear,True,75 ft All Other Uses interior lot (base) | 20 ft Townhouse corner lot,2. Width at building line: Corner lot / All Other Uses 100 ft. 45 ft. 25 ft.,"Row is All Other Uses, not Townhouse.","or/multnomah/gresham/4.1500.springwater.txt#L243,L261,L263",or/multnomah/gresham/4.1500.springwater.txt
01181,agree,,or/multnomah/gresham,VLDR-SW,min_lot_width_ft [corner_lot+unit_lots],20,20,feet,clear,True,16 ft Townhouse interior lot | 100 ft All Other Uses corner lot,2. Width at building line: Corner lot / Townhouse 20 ft. 20 ft. 25 ft.,,"or/multnomah/gresham/4.1500.springwater.txt#L243,L262",or/multnomah/gresham/4.1500.springwater.txt
01182,agree,,or/multnomah/gresham,VLDR-SW,min_lot_depth_ft,100,100,feet,clear,True,,E. Minimum Lot Depth (Interior or Corner Lot) / All Uses 100 ft. 80 ft. 65 ft.,,"or/multnomah/gresham/4.1500.springwater.txt#L243,L264-L265",or/multnomah/gresham/4.1500.springwater.txt
01183,agree,noted,or/multnomah/gresham,VLDR-SW,min_frontage_ft,50,50,feet,clear,True,None Townhouse row interior lot | 75 ft All Other Uses corner lot,F. Minimum Street Frontage 1. Interior lot / All Other Uses 50 ft. 35 ft. 20 ft.,Row is All Other Uses; the Townhouse row reads None.,"or/multnomah/gresham/4.1500.springwater.txt#L243,L266-L269",or/multnomah/gresham/4.1500.springwater.txt
01184,agree,noted,or/multnomah/gresham,VLDR-SW,min_frontage_ft [corner_lot],75,75,feet,clear,True,50 ft All Other Uses interior lot (base) | None Townhouse corner lot,2. Corner lot / All Other Uses 75 ft. 40 ft. 20 ft.,Row is All Other Uses; the Townhouse row reads None.,"or/multnomah/gresham/4.1500.springwater.txt#L243,L270,L272",or/multnomah/gresham/4.1500.springwater.txt
01185,agree,noted,or/multnomah/gresham,VLDR-SW,max_height_ft,40,40,feet,clear,True,,G. Maximum Building Height3 / All Uses 40 ft. 35 ft. 45 ft.,"Footnote 3 on the heading is not shown, and row H says a Section 7.0400 rear roof height limit modifies the maximum for single detached, duplex, triplex, and quadplex.",or/multnomah/gresham/4.1500.springwater.txt#L276-L278,or/multnomah/gresham/4.1500.springwater.txt
01186,agree,noted,or/multnomah/gresham,VLDR-SW,max_far,0.7,0.7,ratio,clear,True,N/A for All Other uses row,"I. Maximum Floor Area Ratio / Single Detached, Duplex, Triplex, Quadplex 0.7 1.0 N/A",The row is the quadplex row; All Other uses reads N/A.,"or/multnomah/gresham/4.1500.springwater.txt#L276,L290-L294",or/multnomah/gresham/4.1500.springwater.txt
01187,agree,noted,or/multnomah/gresham,VLDR-SW,setback_front_ft,20,20,feet,inferred,True,8 ft front porch | 25 ft front garage access | 20 ft Townhouse row VLDR-SW front building (same),All Other Uses / VLDR-SW 20 ft. 8 ft. 25 ft. 5 ft. N/A N/A 20 ft. 8 ft. 25 ft. 20 ft. 8 ft.,Column headers are only fragments; the first cell is read as Front building under the inferred order; row is All Other Uses.,or/multnomah/gresham/4.1500.springwater.txt#L347-L348,or/multnomah/gresham/4.1500.springwater.txt
01188,agree,noted,or/multnomah/gresham,VLDR-SW,setback_side_ft,5,5,feet,inferred,True,N/A attached-wall side | 5 ft Townhouse row VLDR-SW interior side (same),All Other Uses / VLDR-SW 20 ft. 8 ft. 25 ft. 5 ft. N/A N/A 20 ft. 8 ft. 25 ft. 20 ft. 8 ft.,The 4th cell (5 ft.) is read as Side interior under the inferred column order; row is All Other Uses.,or/multnomah/gresham/4.1500.springwater.txt#L347-L348,or/multnomah/gresham/4.1500.springwater.txt
01189,agree,noted,or/multnomah/gresham,VLDR-SW,setback_side_ft [attached_wall+unit_lots],0,0,feet,inferred,True,5 ft interior side (base),Townhouse / VLDR-SW 20 ft. 8 ft. 25 ft. 5 ft. 0 ft. N/A 8 ft. 8 ft. 20 ft. 20 ft. 8 ft.,The 5th cell 0 ft is read as the attached/common-wall side column because it is 0 only in Townhouse rows and N/A in every other row; that column's header is not visible in the passage.,or/multnomah/gresham/4.1500.springwater.txt#L339-L340,or/multnomah/gresham/4.1500.springwater.txt
01190,agree,noted,or/multnomah/gresham,VLDR-SW,setback_rear_ft,20.0,20,feet,inferred,True,8 ft rear with alley | 20 ft Townhouse row VLDR-SW rear no alley (same),All Other Uses / VLDR-SW 20 ft. 8 ft. 25 ft. 5 ft. N/A N/A 20 ft. 8 ft. 25 ft. 20 ft. 8 ft.,The 10th cell (20 ft.) is read as Rear No Alley under the inferred column order; row is All Other Uses.,or/multnomah/gresham/4.1500.springwater.txt#L347-L348,or/multnomah/gresham/4.1500.springwater.txt
01191,agree,noted,or/multnomah/gresham,VLDR-SW,setback_rear_ft [step-back],21.0,21,feet (roof height at rear setback line),clear,True,1 ft of height per 1 ft of distance from the rear property line (slope),The maximum roof height at the rear setback line is 21 feet and increases at a rate of one foot in heigh for every one foot of distance further from the rear property line,"Section 7.0420 applies to single detached, duplex, triplex, and quadplex developments (townhouses are not listed), and the rear roof height limit does not apply if any portion of the lot is in the HGRO or RA.","or/multnomah/gresham/7.0400.middle-housing-design.txt#L167-L169,L358-L362",or/multnomah/gresham/7.0400.middle-housing-design.txt
01192,agree,noted,or/multnomah/gresham,VLDR-SW,setback_rear_ft [abuts_alley],8.0,8,feet,inferred,True,20 ft rear no alley (base) | 8 ft Townhouse row VLDR-SW rear with alley (same),All Other Uses / VLDR-SW 20 ft. 8 ft. 25 ft. 5 ft. N/A N/A 20 ft. 8 ft. 25 ft. 20 ft. 8 ft.,The last cell (8 ft.) is read as Rear With Alley under the inferred column order; row is All Other Uses.,or/multnomah/gresham/4.1500.springwater.txt#L347-L348,or/multnomah/gresham/4.1500.springwater.txt
01193,agree,noted,or/multnomah/gresham,VLDR-SW,setback_street_side_ft,20,20,feet,inferred,True,8 ft street-side porch | 25 ft street-side garage access | 8 ft Townhouse row VLDR-SW street side building,All Other Uses / VLDR-SW 20 ft. 8 ft. 25 ft. 5 ft. N/A N/A 20 ft. 8 ft. 25 ft. 20 ft. 8 ft.,The 7th cell (20 ft.) is read as Street Side building under the inferred column order; the Townhouse row gives 8 ft.,or/multnomah/gresham/4.1500.springwater.txt#L347-L348,or/multnomah/gresham/4.1500.springwater.txt
01194,agree,noted,or/multnomah/gresham,VLDR-SW,setback_street_side_ft [unit_lots],8,8,feet,inferred,True,20 ft All Other Uses row VLDR-SW (base) | 8 ft street-side porch | 20 ft street-side garage access,Townhouse / VLDR-SW 20 ft. 8 ft. 25 ft. 5 ft. 0 ft. N/A 8 ft. 8 ft. 20 ft. 20 ft. 8 ft.,The 7th cell (8 ft.) is read as Street Side building under the inferred column order.,or/multnomah/gresham/4.1500.springwater.txt#L339-L340,or/multnomah/gresham/4.1500.springwater.txt
01195,agree,noted,or/multnomah/gresham,VLDR-SW,setback_garage_entrance_ft,25,25,feet,inferred,True,25 ft street-side garage access (same) | 25 ft Townhouse row VLDR-SW front garage access (same),All Other Uses / VLDR-SW 20 ft. 8 ft. 25 ft. 5 ft. N/A N/A 20 ft. 8 ft. 25 ft. 20 ft. 8 ft.,The 3rd cell (25 ft.) is read as Front Garage Access under the inferred column order; row is All Other Uses.,or/multnomah/gresham/4.1500.springwater.txt#L347-L348,or/multnomah/gresham/4.1500.springwater.txt
01196,agree_alt,noted,or/multnomah/gresham,VLDR-SW,setback_garage_entrance_ft [unit_lots],20,25,feet,inferred,True,"20 ft street-side garage access in this row | 25 ft All Other Uses row VLDR-SW (base, same)",Townhouse / VLDR-SW 20 ft. 8 ft. 25 ft. 5 ft. 0 ft. N/A 8 ft. 8 ft. 20 ft. 20 ft. 8 ft.,"The 3rd cell (25 ft.) is read as Front Garage Access; the street-side garage access cell in this Townhouse row is 20 ft, not 25.",or/multnomah/gresham/4.1500.springwater.txt#L339-L340,or/multnomah/gresham/4.1500.springwater.txt
01197,agree,noted,or/multnomah/gresham,MDR-12,setback_front_ft,10,10,feet,inferred,True,10 ft front porch | 20 ft front garage access | 10 ft Townhouse row MDR-12 front building (same),"Duplex, Triplex, and Quadplex: MDR-12, OFR and MDR-24 10 ft. 10 ft. 20 ft. 10 ft. NA NA 20 ft. 20 ft. 20 ft. 15 ft. NA",Only the word 'Access' of the column header is visible; the first cell is read as Front building by analogy with the 11-column Springwater table; the table caption carries footnote marker 1.,or/multnomah/gresham/4.0100.residential.txt#L403,or/multnomah/gresham/4.0100.residential.txt
01198,agree,noted,or/multnomah/gresham,MDR-12,setback_garage_entrance_ft,20,20,feet,inferred,True,20 ft street-side garage access (same) | 20 ft Townhouse row MDR-12 garage access (same),"Duplex, Triplex, and Quadplex: MDR-12, OFR and MDR-24 10 ft. 10 ft. 20 ft. 10 ft. NA NA 20 ft. 20 ft. 20 ft. 15 ft. NA",The 3rd cell (20 ft.) is read as Front Garage Access under an inferred column order; the header is not visible.,or/multnomah/gresham/4.0100.residential.txt#L403,or/multnomah/gresham/4.0100.residential.txt
01199,agree,noted,or/multnomah/gresham,MDR-12,setback_side_ft,10,10,feet,inferred,True,5 ft Townhouse row MDR-12 interior side,"Duplex, Triplex, and Quadplex: MDR-12, OFR and MDR-24 10 ft. 10 ft. 20 ft. 10 ft. NA NA 20 ft. 20 ft. 20 ft. 15 ft. NA",The 4th cell (10 ft.) is read as Side interior under an inferred column order; the Townhouse row for MDR-12 reads 5 ft in that cell.,or/multnomah/gresham/4.0100.residential.txt#L403,or/multnomah/gresham/4.0100.residential.txt
01200,unread,unclear+noted,or/multnomah/gresham,MDR-12,setback_rear_ft,15,,feet,unclear,True,"10 ft (columns 1, 2, 4 of the row) | 20 ft (columns 3, 7, 8, 9) | 15 ft (column 10) | Townhouse row L408 for MDR-12 reads 10/8/20/5/NA/NA/8/8/20/10/8","MDR-12, OFR and MDR-24 | 10 ft. | 10 ft. | 20 ft. | 10 ft. | NA | NA | 20 ft. | 20 ft. | 20 ft. | 15 ft. | NA","The column header row of Table 4.0131 is not in the passage (only the word 'Access' survives at L397), so I cannot tell which of the eleven cells is the rear setback; the cited row is the Duplex/Triplex/Quadplex row, and the Townhouse row L408 differs.",or/multnomah/gresham/4.0100.residential.txt#L403,or/multnomah/gresham/4.0100.residential.txt
01201,unread,unclear+noted,or/multnomah/gresham,MDR-12,setback_street_side_ft,20,,feet,unclear,True,"10 ft (columns 1, 2, 4 of the row) | 20 ft (columns 3, 7, 8, 9) | 15 ft (column 10) | Townhouse row L408 for MDR-12 reads 10/8/20/5/NA/NA/8/8/20/10/8","MDR-12, OFR and MDR-24 | 10 ft. | 10 ft. | 20 ft. | 10 ft. | NA | NA | 20 ft. | 20 ft. | 20 ft. | 15 ft. | NA","No column headers are visible for Table 4.0131, so the street-side column cannot be identified; the cited row is the Duplex/Triplex/Quadplex row and the Townhouse row L408 carries different values.",or/multnomah/gresham/4.0100.residential.txt#L403,or/multnomah/gresham/4.0100.residential.txt
01202,agree,noted,or/multnomah/gresham,MDR-12,min_lot_sqft,3600,3600,square feet,inferred,True,"None (Townhouse row L242, MDR-12 column) | 3,600 sq ft (Duplex row L241) | 7,200 sq ft (Row A Minimum Site Size, Multi-family, L238)","B. Minimum Lot Size2 / All other uses ... 3,600 sq. ft.","Header row (L234: LDR-5, LDR-7, TR, TLDR, MDR-12, MDR-24, OFR) is not in this passage but is the same table; MDR-12 is the 5th column; the row used is 'All other uses' since a quadplex is neither the Duplex nor the Townhouse row, and the heading carries footnote 2.",or/multnomah/gresham/4.0100.residential.txt#L243,or/multnomah/gresham/4.0100.residential.txt
01203,agree,noted,or/multnomah/gresham,MDR-12,min_density_du_per_acre,8.71,8.71,units per acre,clear,True,,C. Minimum Net Density3 / All uses except Manufactured Dwelling Parks ... 8.71 units per acre,Heading carries footnote 3 (minimum density does not apply to affordable housing); the MDR-12 cell itself has no footnote marker.,"or/multnomah/gresham/4.0100.residential.txt#L233-L234,L244-L246",or/multnomah/gresham/4.0100.residential.txt
01204,agree,noted,or/multnomah/gresham,MDR-12,max_density_du_per_acre [unit_lots],25,25,units per acre,clear,True,"None (Duplex, Triplex, Quadplex, Cottage Cluster row L254, MDR-12 column)",D. Maximum Net Density6 / Townhouse ... 25 units per acre,Heading carries footnote 6 (density bonus for affordable housing).,"or/multnomah/gresham/4.0100.residential.txt#L233-L234,L250,L257",or/multnomah/gresham/4.0100.residential.txt
01205,agree,noted,or/multnomah/gresham,MDR-12,max_height_ft,35,35,feet,clear,True,"35 ft (All other uses row L333, MDR-12 column)",H. Maximum Building Height11 / Townhouse ... 35 ft.,Heading carries footnote 11 (height bonus for affordable housing); both the Townhouse and All other uses rows read 35 ft for MDR-12.,or/multnomah/gresham/4.0100.residential.txt#L332,or/multnomah/gresham/4.0100.residential.txt
01206,agree,noted,or/multnomah/gresham,MDR-12,min_frontage_ft,45,45,feet,inferred,True,"None (Townhouse row L313, MDR-12 column)",G. Minimum Street Frontage9 / 1. Minimum Street Frontage: Interior lots / All other uses ... 45 ft.,"Column header not in this passage; MDR-12 taken as the 5th column of Table 4.0130; heading footnote 9 allows a reduction only in LDR-7, LDR-5, TR and TLDR, not MDR-12.",or/multnomah/gresham/4.0100.residential.txt#L314,or/multnomah/gresham/4.0100.residential.txt
01207,agree,noted,or/multnomah/gresham,MDR-12,min_frontage_ft [corner_lot],45,45,feet,inferred,True,"45 ft (interior lot, L314) | None (Townhouse corner row L316, MDR-12 column)",2. Minimum Street Frontage: Corner lots / All other uses ... 45 ft.,Column header not in this passage; MDR-12 taken as the 5th column; the MDR-12 cell has no 'as measured from the corner radius' qualifier (that text sits under the TR and TLDR columns).,"or/multnomah/gresham/4.0100.residential.txt#L315,L319",or/multnomah/gresham/4.0100.residential.txt
01208,agree,noted,or/multnomah/gresham,MDR-12,min_lot_width_ft,16,16,feet,inferred,True,16 ft (Townhouse row L277) | 65 ft (All other uses row L278),"1. Width at building line: Interior lot / Duplex, Triplex, Quadplex, and Cottage Cluster ... 16 ft.","Column header not in this passage; MDR-12 taken as the 5th column; the footnote 7 marker is on the MDR-24 cell, not MDR-12.",or/multnomah/gresham/4.0100.residential.txt#L274,or/multnomah/gresham/4.0100.residential.txt
01209,agree,noted,or/multnomah/gresham,MDR-12,min_lot_width_ft [unit_lots],16,16,feet,inferred,True,"16 ft (Duplex, Triplex, Quadplex row L274, base figure)",1. Width at building line: Interior lot / Townhouse ... 16 ft.,Column header not in this passage; MDR-12 taken as the 5th column.,or/multnomah/gresham/4.0100.residential.txt#L277,or/multnomah/gresham/4.0100.residential.txt
01210,agree,noted,or/multnomah/gresham,MDR-12,min_lot_width_ft [corner_lot],70,70,feet,inferred,True,"16 ft (interior lot, L274, base figure) | 20 ft (Townhouse corner row L286)","2. Width at building line: Corner lot / Triplex, Quadplex, and Cottage Cluster ... 70 ft.",Column header not in this passage; MDR-12 taken as the 5th column.,"or/multnomah/gresham/4.0100.residential.txt#L279,L283-L285",or/multnomah/gresham/4.0100.residential.txt
01211,agree,noted,or/multnomah/gresham,MDR-12,min_lot_width_ft [corner_lot+unit_lots],20,20,feet,inferred,True,"70 ft (Triplex, Quadplex corner row L283) | 16 ft (Townhouse interior row L277)",2. Width at building line: Corner lot / Townhouse ... 20 ft.,"Column header not in this passage; MDR-12 taken as the 5th column; the 'See table note 8' cell is in the MDR-24 column, not MDR-12.","or/multnomah/gresham/4.0100.residential.txt#L279,L286",or/multnomah/gresham/4.0100.residential.txt
01212,unread,unclear+noted,or/multnomah/gresham,MDR-24,setback_front_ft,10,,feet,unclear,True,"10 ft (columns 1, 2, 4 of the row) | 20 ft (columns 3, 7, 8, 9) | 15 ft (column 10) | Townhouse row L408 for MDR-24 reads 10/8/20/5/NA/NA/8/8/20/10/8","MDR-12, OFR and MDR-24 | 10 ft. | 10 ft. | 20 ft. | 10 ft. | NA | NA | 20 ft. | 20 ft. | 20 ft. | 15 ft. | NA","No column headers are visible for Table 4.0131, so the front-setback column cannot be identified; the cited row is the Duplex/Triplex/Quadplex row and the Townhouse row L408 differs.",or/multnomah/gresham/4.0100.residential.txt#L403,or/multnomah/gresham/4.0100.residential.txt
01213,unread,unclear+noted,or/multnomah/gresham,MDR-24,setback_garage_entrance_ft,20,,feet,unclear,True,"20 ft (columns 3, 7, 8, 9 of the row) | 10 ft (columns 1, 2, 4) | 15 ft (column 10) | NA (columns 5, 6, 11; column 11 sits under a header fragment reading 'Access')","MDR-12, OFR and MDR-24 | 10 ft. | 10 ft. | 20 ft. | 10 ft. | NA | NA | 20 ft. | 20 ft. | 20 ft. | 15 ft. | NA","No column headers are visible for Table 4.0131, so the garage-entrance column cannot be identified; only the word 'Access' survives of the header at L397.",or/multnomah/gresham/4.0100.residential.txt#L403,or/multnomah/gresham/4.0100.residential.txt
01214,unread,unclear+noted,or/multnomah/gresham,MDR-24,setback_side_ft,10,,feet,unclear,True,"10 ft (columns 1, 2, 4 of the row) | 20 ft (columns 3, 7, 8, 9) | 15 ft (column 10) | Townhouse row L408 for MDR-24 reads 10/8/20/5/NA/NA/8/8/20/10/8","MDR-12, OFR and MDR-24 | 10 ft. | 10 ft. | 20 ft. | 10 ft. | NA | NA | 20 ft. | 20 ft. | 20 ft. | 15 ft. | NA","No column headers are visible for Table 4.0131, so the interior-side column cannot be identified; the cited row is the Duplex/Triplex/Quadplex row and the Townhouse row L408 differs.",or/multnomah/gresham/4.0100.residential.txt#L403,or/multnomah/gresham/4.0100.residential.txt
01215,unread,unclear+noted,or/multnomah/gresham,MDR-24,setback_rear_ft,15,,feet,unclear,True,"10 ft (columns 1, 2, 4 of the row) | 20 ft (columns 3, 7, 8, 9) | 15 ft (column 10) | Townhouse row L408 for MDR-24 reads 10/8/20/5/NA/NA/8/8/20/10/8","MDR-12, OFR and MDR-24 | 10 ft. | 10 ft. | 20 ft. | 10 ft. | NA | NA | 20 ft. | 20 ft. | 20 ft. | 15 ft. | NA","No column headers are visible for Table 4.0131, so the rear-setback column cannot be identified; the cited row is the Duplex/Triplex/Quadplex row and the Townhouse row L408 differs.",or/multnomah/gresham/4.0100.residential.txt#L403,or/multnomah/gresham/4.0100.residential.txt
01216,unread,unclear+noted,or/multnomah/gresham,MDR-24,setback_street_side_ft,20,,feet,unclear,True,"10 ft (columns 1, 2, 4 of the row) | 20 ft (columns 3, 7, 8, 9) | 15 ft (column 10) | Townhouse row L408 for MDR-24 reads 10/8/20/5/NA/NA/8/8/20/10/8","MDR-12, OFR and MDR-24 | 10 ft. | 10 ft. | 20 ft. | 10 ft. | NA | NA | 20 ft. | 20 ft. | 20 ft. | 15 ft. | NA","No column headers are visible for Table 4.0131, so the street-side column cannot be identified; the cited row is the Duplex/Triplex/Quadplex row and the Townhouse row L408 differs.",or/multnomah/gresham/4.0100.residential.txt#L403,or/multnomah/gresham/4.0100.residential.txt
01217,agree,noted,or/multnomah/gresham,MDR-24,min_lot_sqft,11000,11000,square feet (minimum site size),inferred,True,"11,000 sq ft (Row A Multi-family, L238) | None (Row B Minimum Lot Size, All other uses, L243) | None (Row B Townhouse, L242) | 3,600 sq ft (Row B Duplex, L241)","A. Minimum Site Size / All other uses ... 11,000 sq. ft.","The marked rows are 'A. Minimum Site Size', not 'B. Minimum Lot Size2'; Row B reads None for MDR-24 in the All other uses and Townhouse rows and 3,600 sq ft for a duplex, so 11,000 is a site-size figure being used as a lot-area standard.",or/multnomah/gresham/4.0100.residential.txt#L233-L239,or/multnomah/gresham/4.0100.residential.txt
01218,agree,noted,or/multnomah/gresham,MDR-24,min_density_du_per_acre,12.1,12.1,units per acre,clear,True,,C. Minimum Net Density3 / All uses except Manufactured Dwelling Parks ... 12.1 units per acre5,"The MDR-24 cell carries footnote 5 (this does not apply to lots of record less than 11,000 square feet) and the heading carries footnote 3 (affordable housing).","or/multnomah/gresham/4.0100.residential.txt#L233-L234,L244-L246",or/multnomah/gresham/4.0100.residential.txt
01219,agree,noted,or/multnomah/gresham,MDR-24,max_density_du_per_acre,24.2,24.2,units per acre,clear,True,"24.2 units per acre (Townhouse row L257, same value)","D. Maximum Net Density6 / Duplex, Triplex, Quadplex, Cottage Cluster ... 24.2 units per acre",Heading carries footnote 6 (density bonus for affordable housing).,"or/multnomah/gresham/4.0100.residential.txt#L233-L234,L250,L254",or/multnomah/gresham/4.0100.residential.txt
01220,agree,noted,or/multnomah/gresham,MDR-24,max_density_du_per_acre [unit_lots],24.2,24.2,units per acre,clear,True,"24.2 units per acre (Duplex, Triplex, Quadplex row L254, base figure)",D. Maximum Net Density6 / Townhouse ... 24.2 units per acre,MDR-24 is the only column where the Townhouse row reads 24.2 rather than 25; heading carries footnote 6.,"or/multnomah/gresham/4.0100.residential.txt#L233-L234,L250,L257",or/multnomah/gresham/4.0100.residential.txt
01221,agree,noted,or/multnomah/gresham,MDR-24,max_height_ft,35,35,feet,clear,True,"3 stories or 40 ft. Also see Section 4.0133(A). (All other uses row L333, MDR-24 column)",H. Maximum Building Height11 / Townhouse ... 35 ft.,"The cited row is Townhouse; a quadplex on one lot would fall under 'All other uses', which for MDR-24 reads 3 stories or 40 ft with a cross-reference to 4.0133(A); heading carries footnote 11.",or/multnomah/gresham/4.0100.residential.txt#L332,or/multnomah/gresham/4.0100.residential.txt
01222,agree,noted,or/multnomah/gresham,MDR-24,min_lot_width_ft,16,16,feet,inferred,True,16 ft.7 (Townhouse row L277) | 60 ft (All other uses row L278),"1. Width at building line: Interior lot / Duplex, Triplex, Quadplex, and Cottage Cluster ... 16 ft.7",Column header not in this passage; MDR-24 taken as the 6th column; the cell carries footnote 7 (townhouse lots of less than 22 feet width shall take access from an alley or shared access).,or/multnomah/gresham/4.0100.residential.txt#L274,or/multnomah/gresham/4.0100.residential.txt
01223,agree,noted,or/multnomah/gresham,MDR-24,min_lot_width_ft [corner_lot],70,70,feet,inferred,True,"16 ft.7 (interior lot, L274, base figure) | See table note 8 (Townhouse corner and Duplex corner rows, MDR-24 column)","2. Width at building line: Corner lot / Triplex, Quadplex, and Cottage Cluster ... 70 ft.",Column header not in this passage; MDR-24 taken as the 6th column.,"or/multnomah/gresham/4.0100.residential.txt#L279,L283-L285",or/multnomah/gresham/4.0100.residential.txt
01224,agree,noted,or/multnomah/gresham,MDR-24,min_lot_width_ft [unit_lots],16,16,feet,inferred,True,"16 ft.7 (Duplex, Triplex, Quadplex row L274, base figure)",1. Width at building line: Interior lot / Townhouse ... 16 ft.7,Column header not in this passage; MDR-24 taken as the 6th column; the cell carries footnote 7 (lots under 22 feet wide must take access from an alley or shared access).,or/multnomah/gresham/4.0100.residential.txt#L277,or/multnomah/gresham/4.0100.residential.txt
01225,agree,noted,or/multnomah/gresham,MDR-24,min_lot_width_ft [corner_lot+unit_lots],42,42,feet (no alley or shared access),inferred,True,"16 ft if the lot abuts an alley | 25 ft with shared access | 70 ft (Triplex, Quadplex corner row L283) | 20 ft (Townhouse corner cell in every other district)",Townhouse ... See table note 8 / 8. Abuts an alley: 16 feet; shared access: 25 feet; no alley or shared access: 42 feet,"The MDR-24 Townhouse corner cell is 'See table note 8', which splits three ways by access; with no access condition on the item the unqualified case is 42 ft, but 16 or 25 govern if an alley or shared access exists.","or/multnomah/gresham/4.0100.residential.txt#L279,L286-L287,L382",or/multnomah/gresham/4.0100.residential.txt
01226,agree,noted,or/multnomah/gresham,MDR-24,min_lot_width_ft [abuts_alley+corner_lot+unit_lots],16,16,feet (abuts an alley),inferred,True,"25 ft with shared access | 42 ft with no alley or shared access | 70 ft (Triplex, Quadplex corner row L283)",Townhouse ... See table note 8 / 8. Abuts an alley: 16 feet; shared access: 25 feet; no alley or shared access: 42 feet,"Figure comes from table note 8, reached through the 'See table note 8' cell in the MDR-24 Townhouse corner row.","or/multnomah/gresham/4.0100.residential.txt#L279,L286-L287,L382",or/multnomah/gresham/4.0100.residential.txt
01227,agree,noted,or/multnomah/gresham,MDR-24,min_frontage_ft,45,45,feet,inferred,True,"16 ft (Townhouse row L313, MDR-24 column)",G. Minimum Street Frontage9 / 1. Minimum Street Frontage: Interior lots / All other uses ... 45 ft.,"Column header not in this passage; MDR-24 taken as the 6th column; heading footnote 9 allows a reduction only in LDR-7, LDR-5, TR and TLDR.",or/multnomah/gresham/4.0100.residential.txt#L314,or/multnomah/gresham/4.0100.residential.txt
01228,agree,noted,or/multnomah/gresham,MDR-24,min_frontage_ft [corner_lot],45,45,feet,inferred,True,"45 ft (interior lot, L314) | Varies depending on access10 (Townhouse corner row L316, MDR-24 column)",2. Minimum Street Frontage: Corner lots / All other uses ... 45 ft.,Column header not in this passage; MDR-24 taken as the 6th column.,"or/multnomah/gresham/4.0100.residential.txt#L315,L319",or/multnomah/gresham/4.0100.residential.txt
01229,agree,noted,or/multnomah/gresham,MDR-24,min_frontage_ft [unit_lots],16,16,feet,inferred,True,"45 ft (All other uses row L314, base figure)",1. Minimum Street Frontage: Interior lots / Townhouse ... 16 ft.,Column header not in this passage; MDR-24 taken as the 6th column.,or/multnomah/gresham/4.0100.residential.txt#L313,or/multnomah/gresham/4.0100.residential.txt
01230,agree,noted,or/multnomah/gresham,MDR-24,min_frontage_ft [corner_lot+unit_lots],32,32,feet (no alley or shared access),inferred,True,25 ft if there is an alley or shared access | 45 ft (All other uses corner row L319),Townhouse ... Varies depending on access10 / 10. As measured from the corner radius end point to the property corner 25 feet if there is an alley or shared access and 32 feet if there is no,"The MDR-24 Townhouse corner cell says 'Varies depending on access' and footnote 10 gives two figures by access; with no access condition on the item the unqualified case is 32 ft, measured from the corner radius end point to the property corner.","or/multnomah/gresham/4.0100.residential.txt#L315,L316-L318,L385",or/multnomah/gresham/4.0100.residential.txt
01231,agree,noted,or/multnomah/gresham,MDR-24,min_frontage_ft [abuts_alley+corner_lot+unit_lots],25,25,feet (alley or shared access),inferred,True,32 ft if there is no alley or shared access | 45 ft (All other uses corner row L319),10. As measured from the corner radius end point to the property corner 25 feet if there is an alley or shared access and 32 feet if there is no alley or shared access.,"Figure comes from footnote 10 via the 'Varies depending on access10' cell in the MDR-24 Townhouse corner row; the 25 ft applies equally to shared access, not only an alley, and is measured from the corner radius end point.","or/multnomah/gresham/4.0100.residential.txt#L315,L316-L318,L385",or/multnomah/gresham/4.0100.residential.txt
01232,agree,noted,or/multnomah/gresham,OFR,min_lot_sqft,7200,7200,square feet (minimum site size),inferred,True,"7,200 sq ft (Row A Multi-family, L238) | 3,600 sq ft (Row B Minimum Lot Size, All other uses, L243) | 3,600 sq ft (Row B Duplex, L241) | None (Row B Townhouse, L242)","A. Minimum Site Size / All other uses ... 7,200 sq. ft.","The marked rows are 'A. Minimum Site Size', not 'B. Minimum Lot Size2'; Row B reads 3,600 sq ft for OFR in the All other uses row and None in the Townhouse row, so 7,200 is a site-size figure, not the lot-size row.",or/multnomah/gresham/4.0100.residential.txt#L233-L239,or/multnomah/gresham/4.0100.residential.txt
01233,agree,noted,or/multnomah/gresham,OFR,min_density_du_per_acre,8.71,8.71,units per acre,clear,True,,C. Minimum Net Density3 / All uses except Manufactured Dwelling Parks ... 8.71 units per acre,"OFR is the 7th column; the cell has no footnote marker of its own, the heading carries footnote 3 (affordable housing).","or/multnomah/gresham/4.0100.residential.txt#L233-L234,L244-L246",or/multnomah/gresham/4.0100.residential.txt
01234,agree,noted,or/multnomah/gresham,OFR,max_density_du_per_acre [unit_lots],25,25,units per acre,clear,True,"None (Duplex, Triplex, Quadplex, Cottage Cluster row L254, OFR column)",D. Maximum Net Density6 / Townhouse ... 25 units per acre,Heading carries footnote 6 (density bonus for affordable housing).,"or/multnomah/gresham/4.0100.residential.txt#L233-L234,L250,L257",or/multnomah/gresham/4.0100.residential.txt
01235,agree,noted,or/multnomah/gresham,OFR,min_lot_width_ft,60,60,feet,inferred,True,"16 ft (Townhouse row L277, OFR column) | 60 ft (Single Detached row L273 and All other uses row L278)","1. Width at building line: Interior lot / Duplex, Triplex, Quadplex, and Cottage Cluster ... 60 ft.",Column header not in this passage; OFR taken as the 7th (last) column of Table 4.0130.,or/multnomah/gresham/4.0100.residential.txt#L271-L274,or/multnomah/gresham/4.0100.residential.txt
01236,agree,noted,or/multnomah/gresham,OFR,min_lot_width_ft [unit_lots],16,16,feet,inferred,True,"60 ft (Duplex, Triplex, Quadplex row L274, base figure)",1. Width at building line: Interior lot / Townhouse ... 16 ft.,Column header not in this passage; OFR taken as the 7th (last) column.,"or/multnomah/gresham/4.0100.residential.txt#L271-L272,L277",or/multnomah/gresham/4.0100.residential.txt
01237,agree,noted,or/multnomah/gresham,OFR,min_lot_width_ft [corner_lot],70,70,feet,inferred,True,"60 ft (interior lot, L274, base figure) | 20 ft (Townhouse corner row L286, OFR column)","2. Width at building line: Corner lot / Triplex, Quadplex, and Cottage Cluster ... 70 ft.",Column header not in this passage; OFR taken as the 7th (last) column.,"or/multnomah/gresham/4.0100.residential.txt#L279,L283-L285",or/multnomah/gresham/4.0100.residential.txt
01238,agree,noted,or/multnomah/gresham,OFR,min_lot_width_ft [corner_lot+unit_lots],20,20,feet,inferred,True,"70 ft (Triplex, Quadplex corner row L283) | 16 ft (Townhouse interior row L277)",2. Width at building line: Corner lot / Townhouse ... 20 ft.,"Column header not in this passage; OFR taken as the 7th (last) column; the 'See table note 8' cell belongs to MDR-24, not OFR.","or/multnomah/gresham/4.0100.residential.txt#L279,L286",or/multnomah/gresham/4.0100.residential.txt
01239,agree,,or/multnomah/gresham,OFR,min_lot_depth_ft,100,100,feet,clear,True,100 ft (Townhouse row L301) | 100 ft (corner lot rows L304-L306),"F. Minimum Lot Depth / 1. Depth: Interior lot / Triplex, Quadplex, and Cottage Cluster ... 100 ft.",,"or/multnomah/gresham/4.0100.residential.txt#L289-L290,L298-L300",or/multnomah/gresham/4.0100.residential.txt
01240,agree,noted,or/multnomah/gresham,OFR,min_lot_depth_ft [unit_lots],100,100,feet,inferred,True,,F. Minimum Lot Depth / 1. Depth: Interior lot -- Townhouse 70 ft. | 70 ft. | None | None | None | None | 100 ft.,"OFR is the seventh and last column of the header row (LDR-5, LDR-7, TR, TLDR, MDR-12, MDR-24, OFR); the Triplex/Quadplex/Cottage Cluster row states the same 100 ft.","or/multnomah/gresham/4.0100.residential.txt#L289-L290,L301",or/multnomah/gresham/4.0100.residential.txt
01241,agree,noted,or/multnomah/gresham,OFR,min_lot_depth_ft [corner_lot],100,100,feet,inferred,True,,"2. Depth: Corner lot -- Triplex, Quadplex, and Cottage Cluster 70 ft. | 70 ft. | 70 ft. | None | 0 ft. | 0 ft. | 100 ft.",OFR is the seventh column; the Townhouse corner row (L309) also reads 100 ft.,"or/multnomah/gresham/4.0100.residential.txt#L303,L306-L308",or/multnomah/gresham/4.0100.residential.txt
01242,agree,noted,or/multnomah/gresham,OFR,max_height_ft,35,35,feet,inferred,True,,H. Maximum Building Height11 -- All other uses 35 ft.12 | 35 ft. | 35 ft. | 35 ft. | 35 ft. | 3 stories or 40 ft. | 35 ft.,"The cited row is 'All other uses', not the Townhouse row (L332), though both read 35 ft. in the OFR column; the heading carries footnote 11 and Section 9.0600 height transition may apply.","or/multnomah/gresham/4.0100.residential.txt#L331,L333",or/multnomah/gresham/4.0100.residential.txt
01243,agree,noted,or/multnomah/gresham,OFR,setback_front_ft,10,10,feet,inferred,True,"10 ft. front porch, same row | 10 ft. under the Townhouse row (L408)","Single Detached Dwelling, Duplex, Triplex, and Quadplex: MDR-12, OFR and MDR-24  10 ft. (Front Facade/Wall) | 10 ft. (Front Porch) | 20 ft. (Garage)","The row is the quadplex row and names OFR explicitly; the figure is the first of eleven columns, Front Facade/Wall, and the FRONT heading carries footnote 2.","or/multnomah/gresham/4.0100.residential.txt#L399,L403-L404",or/multnomah/gresham/4.0100.residential.txt
01244,agree,noted,or/multnomah/gresham,OFR,setback_side_ft,10,10,feet,inferred,True,5 ft. Interior Side under the Townhouse row (L408),"MDR-12, OFR and MDR-24  10 ft. | 10 ft. | 20 ft. | 10 ft. (Interior Side) | NA | NA | 20 ft. | 20 ft. | 20 ft. | 15 ft. | NA",Interior Side is the fourth of eleven columns; the Townhouse row for the same three zones gives 5 ft. instead.,"or/multnomah/gresham/4.0100.residential.txt#L399,L403-L404",or/multnomah/gresham/4.0100.residential.txt
01245,agree,,or/multnomah/gresham,OFR,setback_side_ft [unit_lots],5,5,feet,inferred,True,10 ft. under the Single Detached/Duplex/Triplex/Quadplex row (L403),"Townhouse -- MDR-12, OFR, and MDR-24  10 ft.5 | 8 ft. | 20 ft. | 5 ft. (Interior Side) | NA | NA | 8 ft. | 8 ft. | 20 ft. | 10 ft. | 8 ft.",,"or/multnomah/gresham/4.0100.residential.txt#L405,L408-L409",or/multnomah/gresham/4.0100.residential.txt
01246,agree,noted,or/multnomah/gresham,OFR,setback_rear_ft,15,15,feet,inferred,True,,"MDR-12, OFR and MDR-24  ... 20 ft. | 20 ft. | 20 ft. | 15 ft. (Rear No Alley) | NA (Rear With Alley)","The 'Rear With Alley' cell on this row is NA, so an alley states no reduced rear setback for a quadplex in OFR.","or/multnomah/gresham/4.0100.residential.txt#L399,L403-L404",or/multnomah/gresham/4.0100.residential.txt
01247,agree,,or/multnomah/gresham,OFR,setback_rear_ft [unit_lots],10,10,feet,inferred,True,"8 ft. Rear With Alley, same row","Townhouse -- MDR-12, OFR, and MDR-24  ... 20 ft. | 10 ft. (Rear No Alley) | 8 ft. (Rear With Alley)",,"or/multnomah/gresham/4.0100.residential.txt#L405,L408-L409",or/multnomah/gresham/4.0100.residential.txt
01248,agree,,or/multnomah/gresham,OFR,setback_rear_ft [abuts_alley+unit_lots],8,8,feet,inferred,True,"10 ft. Rear No Alley, same row","Townhouse -- MDR-12, OFR, and MDR-24  ... 10 ft. (Rear No Alley) | 8 ft. (Rear With Alley)",,"or/multnomah/gresham/4.0100.residential.txt#L405,L408-L409",or/multnomah/gresham/4.0100.residential.txt
01249,agree,,or/multnomah/gresham,OFR,setback_street_side_ft,20,20,feet,inferred,True,,"MDR-12, OFR and MDR-24  ... NA | NA | 20 ft. (Street Side Wall) | 20 ft. (Street Side Porch) | 20 ft. (Street Side Garage Access)",,"or/multnomah/gresham/4.0100.residential.txt#L399,L403-L404",or/multnomah/gresham/4.0100.residential.txt
01250,agree,,or/multnomah/gresham,OFR,setback_street_side_ft [unit_lots],8,8,feet,inferred,True,"20 ft. Street Side Garage Access, same row | 20 ft. under the quadplex row (L403)","Townhouse -- MDR-12, OFR, and MDR-24  ... 8 ft. (Street Side Wall) | 8 ft. (Street Side Porch) | 20 ft. (Street Side Garage Access)",,"or/multnomah/gresham/4.0100.residential.txt#L405,L408-L409",or/multnomah/gresham/4.0100.residential.txt
01251,agree,,or/multnomah/gresham,OFR,setback_garage_entrance_ft,20,20,feet,inferred,True,"20 ft. Street Side Garage Access, same row","MDR-12, OFR and MDR-24  10 ft. | 10 ft. | 20 ft. (Garage) | 10 ft. | ...",,"or/multnomah/gresham/4.0100.residential.txt#L399,L403-L404",or/multnomah/gresham/4.0100.residential.txt
01252,agree,noted,or/multnomah/gresham,DRL-1,min_density_du_per_acre,8.7,8.7,units per acre,inferred,True,17 if the printed values are read one column to the left,Minimum Residential Net Density for all residential projects (not mixed-use) (units per acre)7  17 | 20 | 20 | 17 | 8.71 | 8.71 | 17,"Only seven values are printed for the table's eight columns; the doubled gap after the first 17 puts the blank in the 'Main Ave' sub-column, making DRL-1 the fifth printed value, 8.7 with a footnote 1 marker glued to it.",or/multnomah/gresham/4.1100.downtown.txt#L435-L437,or/multnomah/gresham/4.1100.downtown.txt
01253,agree,noted,or/multnomah/gresham,DRL-1,max_density_du_per_acre,12.45,12.45,units per acre,inferred,True,25 for Townhouse,Maximum Residential Net Density (units per acre) -- Townhouse 25; All other uses: 12.458,"The DRL-1 cell wraps across L441-L444 and splits by housing type (townhouse 25, all other uses 12.45 with footnote 8); every other district column reads 'No maximum' except DCL at 60.",or/multnomah/gresham/4.1100.downtown.txt#L441-L444,or/multnomah/gresham/4.1100.downtown.txt
01254,agree,noted,or/multnomah/gresham,DRL-1,max_density_du_per_acre [unit_lots],25,25,units per acre,inferred,True,12.45 for all other uses,Maximum Residential Net Density (units per acre) -- Townhouse 25; All other uses: 12.458,The 25 is the townhouse half of a single wrapped cell; the same cell caps everything else at 12.45.,or/multnomah/gresham/4.1100.downtown.txt#L441-L444,or/multnomah/gresham/4.1100.downtown.txt
01255,agree,noted,or/multnomah/gresham,DRL-1,max_height_ft,35,35,feet,inferred,True,,"Maximum Height1,2,3,4 (feet)  85 | 451 | 125 | 85 | 70 | 35 | 50 | 65  (DCC / Main Ave / DMU / DTM / DEM / DRL-1 / DRL-2 / DCL)","Eight printed values against seven named headers: the second column is the 'Main Ave 1' sub-column of DCC, which makes DRL-1 the sixth value; the row label carries footnotes 1-4.",or/multnomah/gresham/4.1100.downtown.txt#L426,or/multnomah/gresham/4.1100.downtown.txt
01256,agree,noted,or/multnomah/gresham,DRL-1,max_far,1.0,1.0,ratio,inferred,True,"2.0 maximum FAR with bonuses, residential (L431)","Maximum Floor Area Ratio6,9  3.0 | 1.51 | 3.5 | 3.0 | 2.5 | 1.0 | 1.0 | 1.0",DRL-1 is the sixth of eight value columns (the second being the DCC 'Main Ave' sub-column).,or/multnomah/gresham/4.1100.downtown.txt#L430,or/multnomah/gresham/4.1100.downtown.txt
01257,agree,noted,or/multnomah/gresham,DRL-1,setback_front_ft,10,10,feet,inferred,True,6 ft. front porch (L496) | 20 ft. front garage (L497) | maximum front setback 20 (L508),"Single-detached, duplex, triplex, and quadplex dwellings in any district; and Townhouse and Cottage Cluster in DRL-1 and DRL-2 / FRONT Facade: 10","Columns in this continued table are street types (Urban Boulevard, Downtown Local, Beech, Main, Stanley, Cleveland), not districts; four columns state Facade: 10 and two are N/A.",or/multnomah/gresham/4.1100.downtown.txt#L495,or/multnomah/gresham/4.1100.downtown.txt
01258,agree,noted,or/multnomah/gresham,DRL-1,setback_side_ft,5,5,feet,inferred,True,0 for the common (Townhouse) wall (L504) | 10 streetside (L500),SIDE / Interior: 5,Street-type columns again; every non-N/A column reads Interior: 5 under the row that names Townhouse and Cottage Cluster in DRL-1 and DRL-2.,or/multnomah/gresham/4.1100.downtown.txt#L499,or/multnomah/gresham/4.1100.downtown.txt
01259,agree,noted,or/multnomah/gresham,DRL-1,setback_side_ft [attached_wall],0,0,feet,inferred,True,5 ft. interior side (L499),Common (Townhouse): 0,The zero is stated only for the common wall and only for townhouses.,or/multnomah/gresham/4.1100.downtown.txt#L504,or/multnomah/gresham/4.1100.downtown.txt
01260,agree,,or/multnomah/gresham,DRL-1,setback_rear_ft,10,10,feet,inferred,True,6 ft. with an alley (L507),REAR / No Alley: 10,,or/multnomah/gresham/4.1100.downtown.txt#L506,or/multnomah/gresham/4.1100.downtown.txt
01261,agree,,or/multnomah/gresham,DRL-1,setback_rear_ft [abuts_alley],6,6,feet,inferred,True,10 ft. with no alley (L506),Alley: 6,,or/multnomah/gresham/4.1100.downtown.txt#L507,or/multnomah/gresham/4.1100.downtown.txt
01262,agree,noted,or/multnomah/gresham,DRL-1,setback_street_side_ft,10,10,feet,inferred,True,6 ft. street porch (L501) | 5 ft. garage (L502),Minimum Building Setbacks10  Streetside: 10,The setback block carries footnote 10.,or/multnomah/gresham/4.1100.downtown.txt#L500,or/multnomah/gresham/4.1100.downtown.txt
01263,agree,noted,or/multnomah/gresham,DRL-1,setback_garage_entrance_ft,20,20,feet,inferred,True,5 ft. side garage (L502) | 20 ft. street side garage,FRONT / Garage: 20,This 20 is the FRONT garage setback; a separate SIDE 'Garage: 5' appears two lines down (L502).,or/multnomah/gresham/4.1100.downtown.txt#L497,or/multnomah/gresham/4.1100.downtown.txt
01264,agree,noted,or/multnomah/gresham,DRL-1,min_lot_sqft,4000,4000,square feet,inferred,True,"5,000 for duplex, triplex, and quadplex in DCC, DTM, DMU, DEM (L512) | None for townhouse (L513)","Minimum Lot Size -- Single detached and middle housing in DRL-1 and DRL-2: 4,000 square feet","The line reaches a quadplex only through the phrase 'middle housing'; the line that names quadplexes explicitly (5,000 sq ft) is limited to DCC, DTM, DMU and DEM, so it does not govern DRL-1.",or/multnomah/gresham/4.1100.downtown.txt#L511,or/multnomah/gresham/4.1100.downtown.txt
01265,agree,noted,or/multnomah/gresham,DRL-1,min_lot_width_ft,35,35,feet,inferred,True,40 feet corner lot (L515) | 16 feet townhouse interior (L517),"Minimum Lot Dimensions -- Width at building line, interior lot: 35 feet single detached, duplex, triplex, and quadplex",Width is stated 'at building line'; the row sits in the block that applies to quadplexes in any district.,or/multnomah/gresham/4.1100.downtown.txt#L514,or/multnomah/gresham/4.1100.downtown.txt
01266,agree,,or/multnomah/gresham,DRL-1,min_lot_width_ft [unit_lots],16,16,feet,inferred,True,20 feet corner | 35 feet for a quadplex on an interior lot (L514),"Townhouse - Width at building line: 16 feet interior, 20 feet corner",,or/multnomah/gresham/4.1100.downtown.txt#L517,or/multnomah/gresham/4.1100.downtown.txt
01267,agree,,or/multnomah/gresham,DRL-1,min_lot_width_ft [corner_lot],40,40,feet,inferred,True,35 feet interior lot (L514),"Width at building line, corner lot: 40 feet single detached, duplex, triplex, and quadplex",,or/multnomah/gresham/4.1100.downtown.txt#L515,or/multnomah/gresham/4.1100.downtown.txt
01268,agree,,or/multnomah/gresham,DRL-1,min_lot_width_ft [corner_lot+unit_lots],20,20,feet,inferred,True,16 feet interior,"Townhouse - Width at building line: 16 feet interior, 20 feet corner",,or/multnomah/gresham/4.1100.downtown.txt#L517,or/multnomah/gresham/4.1100.downtown.txt
01269,agree,noted,or/multnomah/gresham,DRL-1,min_frontage_ft,35,35,feet,inferred,True,40 feet on corner lots | 16 feet townhouse in all districts (L521),"Minimum Street Frontage -- 35 feet, except corner lots shall be 40 feet as measured from the corner radius end point to the property corner.",A reduction in the minimum street frontage may be approved under Section 10.1520 (L519-L520).,or/multnomah/gresham/4.1100.downtown.txt#L518,or/multnomah/gresham/4.1100.downtown.txt
01270,agree,noted,or/multnomah/gresham,DRL-1,min_frontage_ft [corner_lot],40,40,feet,inferred,True,35 feet base,"35 feet, except corner lots shall be 40 feet as measured from the corner radius end point to the property corner.","A reduction may be approved under Section 10.1520, and the 40 feet is measured from the corner radius end point to the property corner rather than along the whole frontage.",or/multnomah/gresham/4.1100.downtown.txt#L518-L520,or/multnomah/gresham/4.1100.downtown.txt
01271,agree,noted,or/multnomah/gresham,DRL-1,min_frontage_ft [unit_lots],16,16,feet,inferred,True,20 feet corner,"Townhouse (in all districts): 16 feet interior, 20 feet corner",Stated for townhouses in all districts rather than for DRL-1 by name.,or/multnomah/gresham/4.1100.downtown.txt#L521,or/multnomah/gresham/4.1100.downtown.txt
01272,agree,noted,or/multnomah/gresham,DRL-1,min_frontage_ft [corner_lot+unit_lots],20,20,feet,inferred,True,16 feet interior,"Townhouse (in all districts): 16 feet interior, 20 feet corner",Stated for townhouses in all districts rather than for DRL-1 by name.,or/multnomah/gresham/4.1100.downtown.txt#L521,or/multnomah/gresham/4.1100.downtown.txt
01273,agree,noted,or/multnomah/gresham,DRL-1,min_lot_depth_ft,70,70,feet,inferred,True,,"Minimum Lot Dimensions -- Depth, interior lot: 70 feet",Only an interior-lot depth is printed; no corner-lot or townhouse depth appears in the block.,or/multnomah/gresham/4.1100.downtown.txt#L516,or/multnomah/gresham/4.1100.downtown.txt
01274,unscored,unclear+noted,or/multnomah/gresham,DRL-1,orientation_constraint,axis_required,,,unclear,unknown,50 percent of site frontage occupied by buildings oriented to the abutting street,A minimum of 50 percent of the site's frontage shall be occupied by buildings oriented to the abutting street.,"The standard is an enum and the passage states no enum value; its only number is a 50-percent building-frontage requirement, and it is tied to single detached dwellings and plexes in the Downtown, Rockwood, Civic and Corridor Design Districts without naming DRL-1.",or/multnomah/gresham/7.0400.middle-housing-design.txt#L410-L418,or/multnomah/gresham/7.0400.middle-housing-design.txt
01275,agree,noted,or/multnomah/gresham,DRL-2,min_density_du_per_acre,8.7,8.7,units per acre,inferred,True,17 if the printed values are read one column to the left,Minimum Residential Net Density for all residential projects (not mixed-use) (units per acre)7  17 | 20 | 20 | 17 | 8.71 | 8.71 | 17,"Seven values for eight columns; reading the blank as the DCC 'Main Ave' sub-column makes DRL-2 the sixth printed value, 8.7 with a footnote 1 marker glued to it -- the same figure as DRL-1.",or/multnomah/gresham/4.1100.downtown.txt#L435-L437,or/multnomah/gresham/4.1100.downtown.txt
01276,agree,noted,or/multnomah/gresham,DRL-2,max_height_ft,50,50,feet,inferred,True,35 if the values are read one column to the right of my mapping,"Maximum Height1,2,3,4 (feet)  85 | 451 | 125 | 85 | 70 | 35 | 50 | 65  (DCC / Main Ave / DMU / DTM / DEM / DRL-1 / DRL-2 / DCL)","Eight printed values against seven named headers: the second is the DCC 'Main Ave 1' sub-column, which makes DRL-2 the seventh value; the row label carries footnotes 1-4.",or/multnomah/gresham/4.1100.downtown.txt#L426,or/multnomah/gresham/4.1100.downtown.txt
01277,agree,noted,or/multnomah/gresham,DRL-2,max_far,1.0,1.0,ratio,inferred,True,"2.0 maximum FAR with bonuses, residential (L431)","Maximum Floor Area Ratio6,9  3.0 | 1.51 | 3.5 | 3.0 | 2.5 | 1.0 | 1.0 | 1.0","DRL-1, DRL-2 and DCL all read 1.0, so the column choice does not change the figure.",or/multnomah/gresham/4.1100.downtown.txt#L430,or/multnomah/gresham/4.1100.downtown.txt
01278,agree,noted,or/multnomah/gresham,DRL-2,setback_front_ft,10,10,feet,inferred,True,6 ft. front porch (L496) | 20 ft. front garage (L497) | maximum front setback 20 (L508),"Single-detached, duplex, triplex, and quadplex dwellings in any district; and Townhouse and Cottage Cluster in DRL-1 and DRL-2 / FRONT Facade: 10","Columns in this continued table are street types, not districts; four columns state Facade: 10 and two are N/A.",or/multnomah/gresham/4.1100.downtown.txt#L495,or/multnomah/gresham/4.1100.downtown.txt
01279,agree,noted,or/multnomah/gresham,DRL-2,setback_side_ft,5,5,feet,inferred,True,0 for the common (Townhouse) wall (L504) | 10 streetside (L500),SIDE / Interior: 5,Street-type columns; every non-N/A column reads Interior: 5 under the row naming Townhouse and Cottage Cluster in DRL-1 and DRL-2.,or/multnomah/gresham/4.1100.downtown.txt#L499,or/multnomah/gresham/4.1100.downtown.txt
01280,agree,noted,or/multnomah/gresham,DRL-2,setback_side_ft [attached_wall],0,0,feet,inferred,True,Interior: 5 (ordinary interior side) | Streetside: 10 | Garage: 5,Common (Townhouse): 0,"The 0 is the common-wall (townhouse) side setback only, printed directly under the ordinary Interior: 5 in the same SIDE block, and the CONTINUED table's column headers are not visible in the passage although every populated column prints the same figure.",or/multnomah/gresham/4.1100.downtown.txt#L504,or/multnomah/gresham/4.1100.downtown.txt
01281,agree,noted,or/multnomah/gresham,DRL-2,setback_rear_ft,10,10,feet,inferred,True,Alley: 6 where the lot abuts an alley,REAR / No Alley: 10,"Column headers for TABLE 4.1130 CONTINUED are not shown in the passage; the figure is taken from the quadplex/townhouse row block at L492, where all four populated columns print the same value.",or/multnomah/gresham/4.1100.downtown.txt#L506,or/multnomah/gresham/4.1100.downtown.txt
01282,agree,,or/multnomah/gresham,DRL-2,setback_rear_ft [abuts_alley],6,6,feet,inferred,True,No Alley: 10 (base rear setback),REAR / Alley: 6,,or/multnomah/gresham/4.1100.downtown.txt#L507,or/multnomah/gresham/4.1100.downtown.txt
01283,agree,,or/multnomah/gresham,DRL-2,setback_street_side_ft,10,10,feet,inferred,True,Street Porch: 6 | Interior: 5 | Common (Townhouse): 0,SIDE / Streetside: 10,,or/multnomah/gresham/4.1100.downtown.txt#L500,or/multnomah/gresham/4.1100.downtown.txt
01284,agree,noted,or/multnomah/gresham,DRL-2,setback_garage_entrance_ft,20,20,feet,inferred,True,Garage: 5 in the SIDE block (L502),FRONT / Garage: 20,The passage prints two garage setbacks — 20 under FRONT and 5 under SIDE — and the cited line is the front one.,or/multnomah/gresham/4.1100.downtown.txt#L497,or/multnomah/gresham/4.1100.downtown.txt
01285,agree,noted,or/multnomah/gresham,DRL-2,min_lot_sqft,4000,4000,square feet,inferred,True,"Duplex, triplex, and quadplex in DCC, DTM, DMU, DEM: 5,000 | Townhouse: None","Minimum Lot Size / Single detached and middle housing in DRL-1 and DRL-2: 4,000 square feet","The DRL-1/DRL-2 line says 'middle housing' rather than naming the quadplex, while the very next line names duplex/triplex/quadplex at 5,000 for the four non-DRL districts, so reading 4,000 for a fourplex in DRL-2 depends on treating a quadplex as middle housing.",or/multnomah/gresham/4.1100.downtown.txt#L511,or/multnomah/gresham/4.1100.downtown.txt
01286,agree,noted,or/multnomah/gresham,DRL-2,min_lot_width_ft,35,35,feet,inferred,unknown,"40 feet at a corner lot | Townhouse: 16 feet interior, 20 feet corner","Width at building line, interior lot: 35 feet single detached, duplex, triplex, and quadplex:","The Minimum Lot Dimensions row spans the table without naming a district, so nothing in the passage ties 35 feet specifically to DRL-2.",or/multnomah/gresham/4.1100.downtown.txt#L514,or/multnomah/gresham/4.1100.downtown.txt
01287,agree,noted,or/multnomah/gresham,DRL-2,min_lot_width_ft [unit_lots],16,16,feet,inferred,unknown,"20 feet corner | 35 feet interior lot for single detached, duplex, triplex and quadplex","Townhouse - Width at building line: 16 feet interior, 20 feet corner",This is the townhouse (unit-lot) row and the line names no district.,or/multnomah/gresham/4.1100.downtown.txt#L517,or/multnomah/gresham/4.1100.downtown.txt
01288,agree,noted,or/multnomah/gresham,DRL-2,min_lot_width_ft [corner_lot],40,40,feet,inferred,unknown,35 feet interior lot | Townhouse: 20 feet corner,"Width at building line, corner lot: 40 feet single detached, duplex, triplex, and quadplex:",The row names no district.,or/multnomah/gresham/4.1100.downtown.txt#L515,or/multnomah/gresham/4.1100.downtown.txt
01289,agree,noted,or/multnomah/gresham,DRL-2,min_lot_width_ft [corner_lot+unit_lots],20,20,feet,inferred,unknown,"16 feet interior | 40 feet corner for single detached, duplex, triplex and quadplex","Townhouse - Width at building line: 16 feet interior, 20 feet corner","Townhouse row, corner half of the cell; the line names no district.",or/multnomah/gresham/4.1100.downtown.txt#L517,or/multnomah/gresham/4.1100.downtown.txt
01290,agree,noted,or/multnomah/gresham,DRL-2,min_frontage_ft,35,35,feet,inferred,unknown,"40 feet on a corner lot | Townhouse (in all districts): 16 feet interior, 20 feet corner","Minimum Street Frontage / 35 feet, except corner lots shall be 40 feet as measured from the corner radius end point to the property corner.","The same row adds that a reduction in the minimum street frontage may be approved under Section 10.1520, and the row names no district.",or/multnomah/gresham/4.1100.downtown.txt#L518,or/multnomah/gresham/4.1100.downtown.txt
01291,agree,noted,or/multnomah/gresham,DRL-2,min_frontage_ft [corner_lot],40,40,feet,inferred,unknown,35 feet base frontage | Townhouse: 20 feet corner,"35 feet, except corner lots shall be 40 feet as measured from the corner radius end point to the property corner.",The marked lines also allow a discretionary reduction of the minimum street frontage under Section 10.1520.,or/multnomah/gresham/4.1100.downtown.txt#L518-L520,or/multnomah/gresham/4.1100.downtown.txt
01292,agree,,or/multnomah/gresham,DRL-2,min_frontage_ft [unit_lots],16,16,feet,clear,True,20 feet corner | 35 feet base frontage,"Townhouse (in all districts): 16 feet interior, 20 feet corner",,or/multnomah/gresham/4.1100.downtown.txt#L521,or/multnomah/gresham/4.1100.downtown.txt
01293,agree,,or/multnomah/gresham,DRL-2,min_frontage_ft [corner_lot+unit_lots],20,20,feet,clear,True,16 feet interior | 40 feet corner for non-townhouse lots,"Townhouse (in all districts): 16 feet interior, 20 feet corner",,or/multnomah/gresham/4.1100.downtown.txt#L521,or/multnomah/gresham/4.1100.downtown.txt
01294,agree,noted,or/multnomah/gresham,DRL-2,min_lot_depth_ft,70,70,feet,inferred,unknown,,"Minimum Lot Dimensions / Depth, interior lot: 70 feet","The row names no district, and the cell is qualified to an interior lot with no corner-lot depth printed.",or/multnomah/gresham/4.1100.downtown.txt#L516,or/multnomah/gresham/4.1100.downtown.txt
01295,unscored,noted,or/multnomah/gresham,DRL-2,orientation_constraint,axis_required,,enum,inferred,True,50 percent of site frontage occupied by buildings oriented to the abutting street,A minimum of 50 percent of the site’s frontage shall be occupied by buildings oriented to the abutting street.,"The standard is an enum and the marked lines state no enum value; what they do state is a whole-building orientation requirement (buildings oriented to the abutting street over at least 50 percent of frontage) applying to plexes in the Downtown Design District, which is stronger than an entrance-only rule.",or/multnomah/gresham/7.0400.middle-housing-design.txt#L410-L418,or/multnomah/gresham/7.0400.middle-housing-design.txt
01296,agree,noted,or/multnomah/gresham,DCC,max_height_ft,85,85,feet,inferred,True,45 in the DCC Main Ave sub-column (footnote 1) | 125 in DMU,"Maximum Height1,2,3,4 (feet) ... DCC 85 ... Main Ave 45(1) ... DMU 125 ... DTM 85","The column had to be counted ordinally because the header row and the value row are on different character scales: the row prints eight values against seven district headers plus the 'Main Ave' sub-column whose values all carry footnote 1 (45(1), 1.5(1), 2.0(1), 3.0(1), 4.0(1)), so the first value is DCC and the second is DCC's Main Avenue frontage; footnotes 1-4 on the row header are unread.","or/multnomah/gresham/4.1100.downtown.txt#L424,L426",or/multnomah/gresham/4.1100.downtown.txt
01297,agree,noted,or/multnomah/gresham,DCC,max_far,3.0,3.0,ratio,inferred,True,1.5 on Main Ave (footnote 1) | 3.5 residential with bonuses (L431) | 4.5 non-residential with bonuses | 5.0 combined with bonuses,"Maximum Floor Area Ratio6,9   3.0   1.51   3.5   3.0   2.5   1.0   1.0   1.0","Column counted ordinally (eight values against DCC, DCC-Main Ave, DMU, DTM, DEM, DRL-1, DRL-2, DCL), and the row carries footnotes 6 and 9 plus a separate bonus-FAR row that raises the ceiling.","or/multnomah/gresham/4.1100.downtown.txt#L424,L430",or/multnomah/gresham/4.1100.downtown.txt
01298,agree,noted,or/multnomah/gresham,DCC,min_density_du_per_acre,17,17,units per acre,inferred,True,20 if the seven printed values are read as starting at the Main Ave sub-column,Minimum Residential Net Density for all residential projects (not mixed-use) (units per acre)7   17   20   20   17   8.71   8.71   17,"This row prints only seven values against eight header cells, so the Main Ave sub-column is assumed empty; the mapping is corroborated by the two 8.7 values falling in the fifth and sixth positions, which are DRL-1 and DRL-2, and the row carries footnote 7 and a Net Density definition in Article 3.",or/multnomah/gresham/4.1100.downtown.txt#L435-L437,or/multnomah/gresham/4.1100.downtown.txt
01299,agree,noted,or/multnomah/gresham,DCC,setback_front_ft,10,10,feet,inferred,True,Porch: 6 | Garage: 20 | Maximum front setback 20 (footnote 12) on L508,"Single-detached, duplex, triplex, and quadplex dwellings in any district ... FRONT / Façade: 10","The 10 is the façade minimum; the same FRONT block prints 6 for a porch and 20 for a garage, and the CONTINUED table's column headers are not visible although every populated column prints the same figure.","or/multnomah/gresham/4.1100.downtown.txt#L492,L495",or/multnomah/gresham/4.1100.downtown.txt
01300,agree,noted,or/multnomah/gresham,DCC,setback_side_ft,5,5,feet,inferred,True,Streetside: 10 | Common (Townhouse): 0 | Garage: 5,SIDE / Interior: 5,"Row read is 'Single-detached, duplex, triplex, and quadplex dwellings in any district', which is what ties the cell to DCC since the column headers are not in the passage.","or/multnomah/gresham/4.1100.downtown.txt#L492,L499",or/multnomah/gresham/4.1100.downtown.txt
01301,agree,wrong_zone+unclear+noted,or/multnomah/gresham,DCC,setback_side_ft [attached_wall],0,0,feet,unclear,False,"Interior: 5 (the ordinary side setback, which the row does extend to quadplexes in any district)",Townhouse and Cottage Cluster in DRL-1 and DRL-2 ... Common (Townhouse): 0,"The row header extends only quadplexes to 'any district' and limits Townhouse and Cottage Cluster to DRL-1 and DRL-2, so the 0 common-wall cell is tied to a different zone than DCC and should not be read as DCC's attached-wall setback from this row.","or/multnomah/gresham/4.1100.downtown.txt#L492,L504",or/multnomah/gresham/4.1100.downtown.txt
01302,agree,noted,or/multnomah/gresham,DCC,setback_rear_ft,10,10,feet,inferred,True,Alley: 6 where the lot abuts an alley,REAR / No Alley: 10,Tied to DCC only through the row header 'quadplex dwellings in any district'; the column headers are not visible in the passage.,"or/multnomah/gresham/4.1100.downtown.txt#L492,L506",or/multnomah/gresham/4.1100.downtown.txt
01303,agree,noted,or/multnomah/gresham,DCC,setback_rear_ft [abuts_alley],6,6,feet,inferred,True,"No Alley: 10 | Alley: 3 in the preceding row block (L488), which is a different housing type",REAR / Alley: 6,"The row block immediately above prints Alley: 3 for its housing types, so reading 6 depends on staying in the quadplex/townhouse block that starts at L492.","or/multnomah/gresham/4.1100.downtown.txt#L492,L507",or/multnomah/gresham/4.1100.downtown.txt
01304,agree,,or/multnomah/gresham,DCC,setback_street_side_ft,10,10,feet,inferred,True,Street Porch: 6 | Interior: 5,SIDE / Streetside: 10,,"or/multnomah/gresham/4.1100.downtown.txt#L492,L500",or/multnomah/gresham/4.1100.downtown.txt
01305,agree,noted,or/multnomah/gresham,DCC,setback_garage_entrance_ft,20,20,feet,inferred,True,Garage: 5 in the SIDE block (L502),FRONT / Garage: 20,Two garage figures appear in the block — 20 under FRONT and 5 under SIDE — and the cited line is the front one.,"or/multnomah/gresham/4.1100.downtown.txt#L492,L497",or/multnomah/gresham/4.1100.downtown.txt
01306,agree,noted,or/multnomah/gresham,DCC,min_lot_sqft,5000,5000,square feet,clear,True,"4,000 square feet for single detached and middle housing in DRL-1 and DRL-2 | Townhouse: None","Minimum Lot Size / Duplex, triplex, and quadplex in DCC, DTM, DMU, DEM: 5,000","The 5,000 cell prints no unit of its own; 'square feet' comes from the line above it.",or/multnomah/gresham/4.1100.downtown.txt#L512,or/multnomah/gresham/4.1100.downtown.txt
01307,agree,noted,or/multnomah/gresham,DCC,min_lot_width_ft,35,35,feet,inferred,unknown,"40 feet corner lot | Townhouse: 16 feet interior, 20 feet corner","Width at building line, interior lot: 35 feet single detached, duplex, triplex, and quadplex:","The Minimum Lot Dimensions row spans the table without naming a district, so nothing in the passage ties 35 feet specifically to DCC.",or/multnomah/gresham/4.1100.downtown.txt#L514,or/multnomah/gresham/4.1100.downtown.txt
01308,agree,noted,or/multnomah/gresham,DCC,min_lot_width_ft [unit_lots],16,16,feet,inferred,unknown,"20 feet corner | 35 feet interior for single detached, duplex, triplex, quadplex","Townhouse - Width at building line: 16 feet interior, 20 feet corner","Townhouse (unit-lot) row naming no district; unlike the frontage row at L521 it does not say 'in all districts', so its reach into DCC is not stated.",or/multnomah/gresham/4.1100.downtown.txt#L517,or/multnomah/gresham/4.1100.downtown.txt
01309,agree,noted,or/multnomah/gresham,DCC,min_lot_width_ft [corner_lot],40,40,feet,inferred,unknown,35 feet interior lot | Townhouse: 20 feet corner,"Width at building line, corner lot: 40 feet single detached, duplex, triplex, and quadplex:",The row names no district.,or/multnomah/gresham/4.1100.downtown.txt#L515,or/multnomah/gresham/4.1100.downtown.txt
01310,agree,noted,or/multnomah/gresham,DCC,min_lot_width_ft [corner_lot+unit_lots],20,20,feet,inferred,unknown,"16 feet interior | 40 feet corner for single detached, duplex, triplex, quadplex","Townhouse - Width at building line: 16 feet interior, 20 feet corner","Townhouse row, corner half of the cell; the line names no district.",or/multnomah/gresham/4.1100.downtown.txt#L517,or/multnomah/gresham/4.1100.downtown.txt
01311,agree,noted,or/multnomah/gresham,DCC,min_frontage_ft,35,35,feet,inferred,unknown,40 feet on a corner lot | Townhouse (in all districts): 16 feet interior,"Minimum Street Frontage / 35 feet, except corner lots shall be 40 feet as measured from the corner radius end point to the property corner.","The same row allows a discretionary reduction of the minimum street frontage under Section 10.1520, and names no district.",or/multnomah/gresham/4.1100.downtown.txt#L518,or/multnomah/gresham/4.1100.downtown.txt
01312,agree,noted,or/multnomah/gresham,DCC,min_frontage_ft [corner_lot],40,40,feet,inferred,unknown,35 feet base frontage | Townhouse: 20 feet corner,"35 feet, except corner lots shall be 40 feet as measured from the corner radius end point to the property corner.",The marked lines also allow a discretionary reduction under Section 10.1520.,or/multnomah/gresham/4.1100.downtown.txt#L518-L520,or/multnomah/gresham/4.1100.downtown.txt
01313,agree,,or/multnomah/gresham,DCC,min_frontage_ft [unit_lots],16,16,feet,clear,True,20 feet corner | 35 feet base frontage,"Townhouse (in all districts): 16 feet interior, 20 feet corner",,or/multnomah/gresham/4.1100.downtown.txt#L521,or/multnomah/gresham/4.1100.downtown.txt
01314,agree,,or/multnomah/gresham,DCC,min_frontage_ft [corner_lot+unit_lots],20,20,feet,clear,True,16 feet interior | 40 feet corner for non-townhouse lots,"Townhouse (in all districts): 16 feet interior, 20 feet corner",,or/multnomah/gresham/4.1100.downtown.txt#L521,or/multnomah/gresham/4.1100.downtown.txt
01315,agree,noted,or/multnomah/gresham,DCC,min_lot_depth_ft,70,70,feet,inferred,unknown,,"Minimum Lot Dimensions / Depth, interior lot: 70 feet","The row names no district, and the cell is qualified to an interior lot with no corner-lot depth printed.",or/multnomah/gresham/4.1100.downtown.txt#L516,or/multnomah/gresham/4.1100.downtown.txt
01316,unscored,noted,or/multnomah/gresham,DCC,orientation_constraint,axis_required,,enum,inferred,True,50 percent of site frontage occupied by buildings oriented to the abutting street,A minimum of 50 percent of the site’s frontage shall be occupied by buildings oriented to the abutting street.,"The standard is an enum and the marked lines print no enum value; they state a whole-building orientation requirement for plexes in the Downtown Design District (buildings oriented to the abutting street across at least 50 percent of frontage), which is more than an entrance-only rule, and lots whose street frontage is only auto access are exempt.",or/multnomah/gresham/7.0400.middle-housing-design.txt#L410-L418,or/multnomah/gresham/7.0400.middle-housing-design.txt
01317,agree,noted,or/multnomah/gresham,DTM,max_height_ft,85,85,feet,inferred,True,"125 in DMU, the column immediately left of DTM | 70 in DEM","Maximum Height1,2,3,4 (feet) ... DCC 85 ... 45(1) ... DMU 125 ... DTM 85","The column had to be counted ordinally because the header row and value row are on different character scales: eight values against seven district headers plus the 'Main Ave' sub-column (whose values all carry footnote 1), placing DTM fourth at 85 feet; footnotes 1-4 on the row header are unread.","or/multnomah/gresham/4.1100.downtown.txt#L424,L426",or/multnomah/gresham/4.1100.downtown.txt
01318,agree,noted,or/multnomah/gresham,DTM,max_far,3.0,3.0,ratio,inferred,True,3.5 in DMU | 5.0 residential with bonuses for DTM (L431) | 6.0 non-residential with bonuses | 7.0 combined with bonuses,"Maximum Floor Area Ratio6,9   3.0   1.51   3.5   3.0   2.5   1.0   1.0   1.0","Column counted ordinally (DCC, DCC-Main Ave, DMU, DTM, DEM, DRL-1, DRL-2, DCL); DTM is fourth at 3.0, and the bonus rows below raise it, with footnotes 6 and 9 on the row unread.","or/multnomah/gresham/4.1100.downtown.txt#L424,L430",or/multnomah/gresham/4.1100.downtown.txt
01319,agree,unclear+noted,or/multnomah/gresham,DTM,min_density_du_per_acre,20,20,units per acre,unclear,True,17 if the seven printed values start at the Main Ave sub-column rather than DCC,Minimum Residential Net Density for all residential projects (not mixed-use) (units per acre)7   17   20   20   17   8.71   8.71   17,"This row prints only seven values against eight header cells, so a column is empty and the mapping is an inference: assuming Main Ave is the empty one puts DTM third at 20, corroborated by the two 8.7 values landing on DRL-1 and DRL-2, but a different assumption would give DTM 17.",or/multnomah/gresham/4.1100.downtown.txt#L435-L437,or/multnomah/gresham/4.1100.downtown.txt
01320,agree,noted,or/multnomah/gresham,DTM,setback_front_ft,10,10,feet,inferred,unknown,Porch: 6 | Garage: 20 | Maximum front setback row L508: Front: 20 / 20 / 15 / N/A / N/A / 20,"Single-detached, duplex, triplex, and quadplex dwellings in any district ... FRONT / Façade: 10 (Minimum Building Setbacks)","No column header naming DTM is visible in the passage; the table prints six columns and columns 1-3 and 6 all read Façade: 10 while columns 4 and 5 read N/A, so 10 holds for DTM only if DTM is one of the populated columns.","or/multnomah/gresham/4.1100.downtown.txt#L492,L495",or/multnomah/gresham/4.1100.downtown.txt
01321,agree,noted,or/multnomah/gresham,DTM,setback_side_ft,5,5,feet,inferred,unknown,Common (Townhouse): 0 | Streetside: 10 | Garage: 5,"SIDE / Interior: 5 (row: Single-detached, duplex, triplex, and quadplex dwellings in any district; Minimum Building Setbacks)","No column header naming DTM is visible; columns 1-3 and 6 all read Interior: 5 and columns 4-5 read N/A, so 5 holds for DTM only if DTM is a populated column.","or/multnomah/gresham/4.1100.downtown.txt#L492,L499",or/multnomah/gresham/4.1100.downtown.txt
01322,agree,noted,or/multnomah/gresham,DTM,setback_side_ft [attached_wall],0,0,feet,inferred,unknown,Interior: 5 (non-common side),SIDE ... Common (Townhouse): 0,"The 0 is labelled Common (Townhouse) while the row header limits Townhouse to DRL-1 and DRL-2 — a 4-unit attached pod in DTM is a 'quadplex' under this row, for which only the Interior: 5 entry is printed; and no column header naming DTM is visible.","or/multnomah/gresham/4.1100.downtown.txt#L492,L504",or/multnomah/gresham/4.1100.downtown.txt
01323,agree,noted,or/multnomah/gresham,DTM,setback_rear_ft,10,10,feet,inferred,unknown,Alley: 6,"REAR / No Alley: 10 (row: Single-detached, duplex, triplex, and quadplex dwellings in any district)",No column header naming DTM is visible; columns 1-3 and 6 all read No Alley: 10 and columns 4-5 are blank/N/A.,"or/multnomah/gresham/4.1100.downtown.txt#L492,L506",or/multnomah/gresham/4.1100.downtown.txt
01324,agree,noted,or/multnomah/gresham,DTM,setback_rear_ft [abuts_alley],6,6,feet,inferred,unknown,No Alley: 10,REAR ... Alley: 6,No column header naming DTM is visible; columns 1-3 and 6 all read Alley: 6.,"or/multnomah/gresham/4.1100.downtown.txt#L492,L507",or/multnomah/gresham/4.1100.downtown.txt
01325,agree,noted,or/multnomah/gresham,DTM,setback_street_side_ft,10,10,feet,inferred,unknown,Street Porch: 6 | Garage: 5 (side block),Minimum Building Setbacks / Streetside: 10,No column header naming DTM is visible; columns 1-3 and 6 all read Streetside: 10.,"or/multnomah/gresham/4.1100.downtown.txt#L492,L500",or/multnomah/gresham/4.1100.downtown.txt
01326,agree,noted,or/multnomah/gresham,DTM,setback_garage_entrance_ft,20,20,feet,inferred,unknown,Garage: 5 in the SIDE block (L502) | Street side garage is not separately stated in this passage,FRONT / Façade: 10 / Porch: 6 / Garage: 20,"The 20 is the FRONT-block garage entry; the same table prints a SIDE-block 'Garage: 5' two rows down, and no column header naming DTM is visible.","or/multnomah/gresham/4.1100.downtown.txt#L492,L497",or/multnomah/gresham/4.1100.downtown.txt
01327,agree,,or/multnomah/gresham,DTM,min_lot_sqft,5000,5000,square feet,clear,True,"Single detached and middle housing in DRL-1 and DRL-2: 4,000 square feet | Townhouse: None","Minimum Lot Size — Duplex, triplex, and quadplex in DCC, DTM, DMU, DEM: 5,000",,or/multnomah/gresham/4.1100.downtown.txt#L512,or/multnomah/gresham/4.1100.downtown.txt
01328,agree,noted,or/multnomah/gresham,DTM,min_lot_width_ft,35,35,feet,inferred,True,"Width at building line, corner lot: 40 feet | Townhouse - Width at building line: 16 feet interior, 20 feet corner","Minimum Lot Dimensions — Width at building line, interior lot: 35 feet single detached, duplex, triplex, and quadplex:","The row is printed full-width for the whole Downtown table rather than in a DTM column, so it is tied to the zone only by the table it sits in.",or/multnomah/gresham/4.1100.downtown.txt#L514,or/multnomah/gresham/4.1100.downtown.txt
01329,agree,noted,or/multnomah/gresham,DTM,min_lot_width_ft [unit_lots],16,16,feet,inferred,True,"20 feet corner | 35 feet interior lot for single detached, duplex, triplex, and quadplex","Townhouse - Width at building line: 16 feet interior, 20 feet corner","Row is full-width for the whole Downtown table; it is a Townhouse row, which is the right row for unit lots but is a different housing type from the quadplex row above it.",or/multnomah/gresham/4.1100.downtown.txt#L517,or/multnomah/gresham/4.1100.downtown.txt
01330,agree,,or/multnomah/gresham,DTM,min_lot_width_ft [corner_lot],40,40,feet,inferred,True,35 feet interior lot | Townhouse: 20 feet corner,"Width at building line, corner lot: 40 feet single detached, duplex, triplex, and quadplex:",,or/multnomah/gresham/4.1100.downtown.txt#L515,or/multnomah/gresham/4.1100.downtown.txt
01331,agree,,or/multnomah/gresham,DTM,min_lot_width_ft [corner_lot+unit_lots],20,20,feet,inferred,True,16 feet interior,"Townhouse - Width at building line: 16 feet interior, 20 feet corner",,or/multnomah/gresham/4.1100.downtown.txt#L517,or/multnomah/gresham/4.1100.downtown.txt
01332,agree,,or/multnomah/gresham,DTM,min_frontage_ft,35,35,feet,inferred,True,"40 feet on corner lots | Townhouse (in all districts): 16 feet interior, 20 feet corner","Minimum Street Frontage — 35 feet, except corner lots shall be 40 feet as measured from the corner radius end point to the property corner.",,or/multnomah/gresham/4.1100.downtown.txt#L518,or/multnomah/gresham/4.1100.downtown.txt
01333,agree,noted,or/multnomah/gresham,DTM,min_frontage_ft [corner_lot],40,40,feet,inferred,True,35 feet non-corner | Townhouse: 20 feet corner,"35 feet, except corner lots shall be 40 feet as measured from the corner radius end point to the property corner. A reduction in the minimum street frontage may be approved ... Section 10.1520","A reduction below the minimum may be approved under Section 10.1520, so 40 is the standard, not an absolute floor.",or/multnomah/gresham/4.1100.downtown.txt#L518-L520,or/multnomah/gresham/4.1100.downtown.txt
01334,agree,,or/multnomah/gresham,DTM,min_frontage_ft [unit_lots],16,16,feet,clear,True,20 feet corner,"Townhouse (in all districts): 16 feet interior, 20 feet corner",,or/multnomah/gresham/4.1100.downtown.txt#L521,or/multnomah/gresham/4.1100.downtown.txt
01335,agree,,or/multnomah/gresham,DTM,min_frontage_ft [corner_lot+unit_lots],20,20,feet,clear,True,16 feet interior,"Townhouse (in all districts): 16 feet interior, 20 feet corner",,or/multnomah/gresham/4.1100.downtown.txt#L521,or/multnomah/gresham/4.1100.downtown.txt
01336,agree,noted,or/multnomah/gresham,DTM,min_lot_depth_ft,70,70,feet,inferred,True,,"Minimum Lot Dimensions — Depth, interior lot: 70 feet","Printed as an interior-lot depth only; the passage states no corner-lot or townhouse depth, and the row is full-width rather than in a DTM column.",or/multnomah/gresham/4.1100.downtown.txt#L516,or/multnomah/gresham/4.1100.downtown.txt
01337,unscored,noted,or/multnomah/gresham,DTM,orientation_constraint,axis_required,,"enum — orientation rule, no numeric standard",inferred,True,50 percent of site frontage must be occupied by buildings so oriented | street facing facades longer than 30 feet trigger façade articulation,A minimum of 50 percent of the site’s frontage shall be occupied by buildings oriented to the abutting street.,"The standard is an enum, and the passage states an orientation requirement (buildings oriented to the abutting street over at least half the frontage) without a figure for the standard itself; it is tied to the Downtown/Rockwood/Civic/Corridor Design Districts, not to DTM by code.",or/multnomah/gresham/7.0400.middle-housing-design.txt#L410-L418,or/multnomah/gresham/7.0400.middle-housing-design.txt
01338,agree,noted,or/multnomah/gresham,CMF,min_density_du_per_acre,12,12,units per acre,inferred,True,,E. Minimum Residential Net Density ... CMF14 column: 12 units per acre,"Read by counting to the fourth of seven columns (RTC, SC, SC-RJ, CMF14, CMU, CC, MC) in a table whose cells wrap across lines; unlike RTC/SC/SC-RJ the CMF cell does not split by housing type, and it is Net Density as defined in Article 3.","or/multnomah/gresham/4.0400.corridor.txt#L295,L316-L321",or/multnomah/gresham/4.0400.corridor.txt
01339,agree,noted,or/multnomah/gresham,CMF,max_density_du_per_acre,24,24,units per acre,inferred,True,,F. Maximum Residential Net Density ... CMF14 column: 24 units per acre,"Fourth of seven columns (RTC, SC, SC-RJ, CMF14, CMU, CC, MC); Net Density as defined in Article 3.",or/multnomah/gresham/4.0400.corridor.txt#L325-L326,or/multnomah/gresham/4.0400.corridor.txt
01340,agree,noted,or/multnomah/gresham,CMF,parking_min_per_unit,0,0,spaces per unit,inferred,True,L. Maximum Off-Street Parking Permitted: As provided in Section 9.0851 for CMF,K. Minimum Off-Street Parking Required — None (all seven columns),"The cell reads the word 'None', not a numeral — zero is read from the word; the adjacent row caps rather than requires parking, so a minimum of 0 does not mean parking is unregulated.",or/multnomah/gresham/4.0400.corridor.txt#L392-L393,or/multnomah/gresham/4.0400.corridor.txt
01341,agree,noted,or/multnomah/gresham,CMF,max_height_ft,45,45,feet,clear,True,"A height bonus applies to affordable housing development, Section 10.1700 (note 17)",I. Maximum Building Height17 ... CMF14 column: 45 feet18 ; note 18 (ii) Maximum Building Height: 45 feet,"Footnote 18 carves out the areas of CMF along NE Glisan Street and NE 162nd Avenue (table note 14) from the townhouse height rule, so 45 feet is the CMF figure outside those corridors.","or/multnomah/gresham/4.0400.corridor.txt#L359,L373,L497",or/multnomah/gresham/4.0400.corridor.txt
01342,agree,wrong_zone+unclear+noted,or/multnomah/gresham,CMF,max_height_ft [civic_corridor],35,35,feet,unclear,False,All other uses: 35 ft. (except MDR-24: 3 stories or 40 ft.),Table 4.0130 ... LDR-5 LDR-7 TR TLDR MDR-12 MDR-24 OFR / H. Maximum Building Height11 / Townhouse 35 ft.12 35 ft. 35 ft. 35 ft. 35 ft. 35 ft. 35 ft.,"Wrong table for this zone: the cited header lists only residential land use districts (LDR-5, LDR-7, TR, TLDR, MDR-12, MDR-24, OFR) and CMF is not a column, so this passage states 35 feet for those districts and says nothing about CMF or a civic corridor.","or/multnomah/gresham/4.0100.residential.txt#L330,L332",or/multnomah/gresham/4.0100.residential.txt
01343,agree,noted,or/multnomah/gresham,CMF,setback_front_ft,5,5,feet,inferred,True,"Footnote 1 townhouse front: façade 5 feet, porch 3 feet, garage 20 feet",G. Minimum Building Setbacks ... CMF14 column: 5 feet front and street-side; 15 feet rear; 0 feet interior side.1,Fourth of seven columns in a table whose cells wrap across five lines; footnote 1 replaces these with townhouse setbacks except in the CMF areas along NE Glisan Street and NE 162nd Avenue.,or/multnomah/gresham/4.0400.corridor.txt#L332-L336,or/multnomah/gresham/4.0400.corridor.txt
01344,agree,noted,or/multnomah/gresham,CMF,setback_side_ft,0,0,feet,inferred,True,Footnote 1: Interior = 5 feet for any side that is not a common wall | Footnote 1: Interior – Common: 0 feet,G. Minimum Building Setbacks ... CMF14 column: 5 feet front and street-side; 15 feet rear; 0 feet interior side.1,"Footnote 1 raises the interior side to 5 feet for townhouses on non-common walls, so the base 0 is not what a townhouse pod on unit lots would get.",or/multnomah/gresham/4.0400.corridor.txt#L332-L336,or/multnomah/gresham/4.0400.corridor.txt
01345,agree,noted,or/multnomah/gresham,CMF,setback_side_ft [unit_lots],5,5,feet,clear,True,Interior – Common: 0 feet,Minimum setbacks for Townhouses ... (b) Side Yard: (i) Interior = 5 feet for any side of a dwelling structure that is not a common wall with another dwelling structure,"The note excepts the areas of CMF along NE Glisan Street and NE 162nd Avenue corridors (table note 14), where this 5 feet does not apply.","or/multnomah/gresham/4.0400.corridor.txt#L416,L422",or/multnomah/gresham/4.0400.corridor.txt
01346,agree,noted,or/multnomah/gresham,CMF,setback_side_ft [attached_wall+unit_lots],0,0,feet,clear,True,Interior = 5 feet for any side that is not a common wall,Minimum setbacks for Townhouses ... (b) Side Yard: ... (ii) Interior – Common: 0 feet,Excepted in the CMF areas along NE Glisan Street and NE 162nd Avenue corridors (table note 14).,"or/multnomah/gresham/4.0400.corridor.txt#L416,L423",or/multnomah/gresham/4.0400.corridor.txt
01347,agree,noted,or/multnomah/gresham,CMF,setback_rear_ft,15,15,feet,inferred,True,"Footnote 1 townhouse rear: 10 feet if no alley, 5 feet if there is an alley",G. Minimum Building Setbacks ... CMF14 column: 5 feet front and street-side; 15 feet rear; 0 feet interior side.1,Fourth of seven wrapped columns; footnote 1 substitutes a 10/5 foot townhouse rear yard outside the excepted CMF corridors.,or/multnomah/gresham/4.0400.corridor.txt#L332-L336,or/multnomah/gresham/4.0400.corridor.txt
01348,agree,noted,or/multnomah/gresham,CMF,setback_rear_ft [unit_lots],10,10,feet,clear,True,5 feet if there is an alley,Minimum setbacks for Townhouses ... (c) Rear Yard = 10 feet if there is no alley; 5 feet if there is an alley.,Excepted in the CMF areas along NE Glisan Street and NE 162nd Avenue corridors (table note 14).,"or/multnomah/gresham/4.0400.corridor.txt#L416,L428",or/multnomah/gresham/4.0400.corridor.txt
01349,agree,noted,or/multnomah/gresham,CMF,setback_rear_ft [abuts_alley+unit_lots],5,5,feet,clear,True,10 feet if there is no alley,(c) Rear Yard = 10 feet if there is no alley; 5 feet if there is an alley.,Excepted in the CMF areas along NE Glisan Street and NE 162nd Avenue corridors (table note 14).,"or/multnomah/gresham/4.0400.corridor.txt#L416,L428",or/multnomah/gresham/4.0400.corridor.txt
01350,agree,noted,or/multnomah/gresham,CMF,setback_street_side_ft,5,5,feet,inferred,True,"Footnote 1 townhouse street side (corner lot): façade 5 feet, porch 5 feet, garage with access from street side 20 feet",G. Minimum Building Setbacks ... CMF14 column: 5 feet front and street-side; 15 feet rear; 0 feet interior side.1,Front and street-side share one 5-foot figure in the CMF cell; footnote 1 gives townhouses the same 5 feet for the street-side façade but 20 feet for a street-side garage.,or/multnomah/gresham/4.0400.corridor.txt#L332-L336,or/multnomah/gresham/4.0400.corridor.txt
01351,agree,noted,or/multnomah/gresham,CMF,setback_front_max_ft,20,20,feet,inferred,True,Footnote 3a qualifies the 20 feet (its text is not in this passage),H. Maximum Building Setbacks ... CMF14 column: 20 feet front and street-side3a; None for rear and interior side.,"Fourth of seven wrapped columns, and the figure carries footnote marker 3a whose text is outside the quoted passage.",or/multnomah/gresham/4.0400.corridor.txt#L351-L356,or/multnomah/gresham/4.0400.corridor.txt
01352,agree,noted,or/multnomah/gresham,CMF,min_lot_sqft,10000,10000,square feet,inferred,True,,"A. Minimum Lot Size (Section 4.0431) ... CMF14 column: 10,000 sq. ft.6, 7","The neighbouring columns read '10,000 sq. ft. for residential, none for commercial…' while the CMF cell prints only '10,000 sq. ft.6, 7' — the residential qualifier and footnotes 6 and 7 are not spelled out in this cell.",or/multnomah/gresham/4.0400.corridor.txt#L296-L297,or/multnomah/gresham/4.0400.corridor.txt
01353,agree,noted,or/multnomah/gresham,CMF,min_frontage_ft,100,100,feet,inferred,True,Footnote 8: 35 feet for a duplex in CMF (40 feet corner) | Footnote 11: 16 feet for townhouses,"B. Minimum Street Frontage (Section 4.0431) ... CMF14 column: 100 ft. for residential8, 11","Footnotes 8 and 11 both cut this figure sharply for the housing types being screened, so 100 feet is the general residential figure and not what a townhouse or plex is held to.",or/multnomah/gresham/4.0400.corridor.txt#L301-L302,or/multnomah/gresham/4.0400.corridor.txt
01354,agree,noted,or/multnomah/gresham,CMF,min_frontage_ft [unit_lots],16,16,feet,clear,True,25 feet corner with alley or shared access | 32 feet corner without alley or shared access,"11. Minimum street frontage for townhouses shall be 16 feet, except corner lots shall be 25 feet ... if there is an alley or shared access, and 32 feet ... if there is no alley or shared access.",A reduction below the minimum may be approved under Section 10.1520.,or/multnomah/gresham/4.0400.corridor.txt#L460-L462,or/multnomah/gresham/4.0400.corridor.txt
01355,agree,noted,or/multnomah/gresham,CMF,min_frontage_ft [corner_lot+unit_lots],32,32,feet,inferred,True,25 feet corner if there is an alley or shared access | 16 feet interior,"corner lots shall be 25 feet ... if there is an alley or shared access, and 32 feet from the corner radius end point to the property corner if there is no alley or shared access","The corner figure splits on alley/shared access; 32 is the no-alley branch, chosen because the condition names only corner_lot and unit_lots.",or/multnomah/gresham/4.0400.corridor.txt#L460-L462,or/multnomah/gresham/4.0400.corridor.txt
01356,agree,noted,or/multnomah/gresham,CMF,min_frontage_ft [abuts_alley+corner_lot+unit_lots],25,25,feet,clear,True,32 feet corner if there is no alley or shared access | 16 feet interior,corner lots shall be 25 feet as measured from the corner radius end point to the property corner if there is an alley or shared access,"The 25 feet also applies with 'shared access' and not only with an alley, so the condition is broader than abuts_alley.",or/multnomah/gresham/4.0400.corridor.txt#L460-L462,or/multnomah/gresham/4.0400.corridor.txt
01357,unscored,noted,or/multnomah/gresham,CMF,orientation_constraint,axis_required,,"enum — orientation rule, no numeric standard",inferred,True,50 percent of site frontage must be occupied by buildings so oriented,A minimum of 50 percent of the site’s frontage shall be occupied by buildings oriented to the abutting street.,"The standard is an enum and the passage states no figure for it; it is also tied to the Downtown, Rockwood, Civic and Corridor Design Districts by name rather than to the CMF land use district.",or/multnomah/gresham/7.0400.middle-housing-design.txt#L410-L418,or/multnomah/gresham/7.0400.middle-housing-design.txt
01358,agree,noted,or/multnomah/gresham,SC,max_height_stories,10,10,stories,inferred,True,Footnote 18: Maximum Building Height for townhouses: 45 feet | Footnote 12: Rockwood Design District Triangle Area limits of six and four stories,"I. Maximum Building Height17 (Section 4.0434) ... SC column: 10 stories12, 18","Footnote 18 caps townhouses at 45 feet, so the 10 stories is the all-development figure and is not what the screened attached townhome would be held to.","or/multnomah/gresham/4.0400.corridor.txt#L359,L373",or/multnomah/gresham/4.0400.corridor.txt
01359,agree,noted,or/multnomah/gresham,SC,min_density_du_per_acre [unit_lots],18,18,units per acre,inferred,True,24 units per acre for multi-family in SC,E. Minimum Residential Net Density ... SC column: 18 units per acre for Townhouses; 24 units per acre for multi-family,"The SC cell splits by housing type; 18 is the Townhouse row, read as the unit-lot case, while multi-family in the same column is 24.","or/multnomah/gresham/4.0400.corridor.txt#L295,L316-L321",or/multnomah/gresham/4.0400.corridor.txt
01360,agree,noted,or/multnomah/gresham,SC,max_density_du_per_acre,60,60,units per acre,clear,True,,"F. Maximum Residential Net Density16 ... SC column: ""60 units per acre"" (header L325: RTC / SC / SC-RJ / CMF14 / CMU / CC / MC)","The row is Maximum Residential NET Density (see definition of Net Density in Article 3), not a gross density, and carries footnote 16 which is not in this passage.",or/multnomah/gresham/4.0400.corridor.txt#L325-L326,or/multnomah/gresham/4.0400.corridor.txt
01361,agree,noted,or/multnomah/gresham,SC,min_lot_sqft,10000,10000,square feet,clear,True,"none for commercial, institutional and mixed-use","A. Minimum Lot Size (Section 4.0431) ... SC column: ""10,000 sq. ft. for residential, none for commercial, institutional and mixed-use6, 7""","The 10,000 applies to residential only and the cell carries footnotes 6 and 7, neither of which is in this passage.",or/multnomah/gresham/4.0400.corridor.txt#L295-L300,or/multnomah/gresham/4.0400.corridor.txt
01362,agree,noted,or/multnomah/gresham,SC,min_frontage_ft,100,100,feet,clear,True,"none for commercial, institutional and mixed-use","B. Minimum Street Frontage (Section 4.0431) ... SC column: ""100 ft. for residential; none for commercial, institutional and mixed-use8, 11""","The cell carries footnotes 8 and 11, which elsewhere cut frontage to 35 ft for duplexes and 16 ft for townhouses; neither note is in this passage.","or/multnomah/gresham/4.0400.corridor.txt#L295,L301-L305",or/multnomah/gresham/4.0400.corridor.txt
01363,agree,noted,or/multnomah/gresham,SC,min_frontage_ft [unit_lots],16,16,feet,inferred,True,25 ft on a corner lot with an alley or shared access | 32 ft on a corner lot with no alley or shared access,"11. Minimum street frontage for townhouses shall be 16 feet, except corner lots shall be 25 feet as measured from the",Table note 11 names no district on its own; it reaches SC only through the footnote marker 11 on the SC minimum-street-frontage cell of Table 4.0430.,or/multnomah/gresham/4.0400.corridor.txt#L460-L462,or/multnomah/gresham/4.0400.corridor.txt
01364,agree,noted,or/multnomah/gresham,SC,min_frontage_ft [corner_lot+unit_lots],32,32,feet,inferred,True,25 ft if there is an alley or shared access | 16 ft base (non-corner) townhouse frontage,and 32 feet from the corner radius end point to the property corner if there is no alley or shared access,"The corner figure splits on alley/shared access, so a corner lot with no alley asserted takes the 32 ft branch, and note 11 names no district (it reaches SC via the footnote marker).",or/multnomah/gresham/4.0400.corridor.txt#L460-L462,or/multnomah/gresham/4.0400.corridor.txt
01365,agree,noted,or/multnomah/gresham,SC,min_frontage_ft [abuts_alley+corner_lot+unit_lots],25,25,feet,inferred,True,32 ft if there is no alley or shared access | 16 ft base (non-corner) townhouse frontage,except corner lots shall be 25 feet as measured from the corner radius end point to the property corner if there is an alley or shared access,Table note 11 names no district; it reaches SC through the footnote marker 11 on the SC frontage cell.,or/multnomah/gresham/4.0400.corridor.txt#L460-L462,or/multnomah/gresham/4.0400.corridor.txt
01366,agree,noted,or/multnomah/gresham,SC,setback_front_ft,5,5,feet,inferred,True,"0 feet front for Commercial, Mixed-Use and Institutional | Setbacks at Street: See Section 7.0512.A.2","G. Minimum Building Setbacks ... SC column: ""Residential: 5 feet front and street-side, 0 feet interior side, 15 feet rear.1, 13""","No header row appears in this passage, though RTC, SC and SC-RJ all print the same residential setbacks so the column choice cannot change the figure; the cell carries footnotes 1 and 13.","or/multnomah/gresham/4.0400.corridor.txt#L332,L343-L347",or/multnomah/gresham/4.0400.corridor.txt
01367,agree,noted,or/multnomah/gresham,SC,setback_side_ft,0,0,feet,inferred,True,5 feet interior side for townhouses under table note 1 where the side is not a common wall,"G. Minimum Building Setbacks ... SC column: ""Residential: 5 feet front and street-side, 0 feet interior side, 15 feet rear.1, 13""","The cell carries footnote 1, which sets 5 feet for any townhouse side that is not a common wall, so 0 ft holds only for a residential building that is not a townhouse.","or/multnomah/gresham/4.0400.corridor.txt#L332,L343-L347",or/multnomah/gresham/4.0400.corridor.txt
01368,agree,noted,or/multnomah/gresham,SC,setback_side_ft [unit_lots],5,5,feet,inferred,True,0 feet where the side is a common wall (Interior - Common) | 0 feet interior side in the SC column of Table 4.0430,(b) Side Yard: (i) Interior = 5 feet for any side of a dwelling structure that is not a common wall with another dwelling structure,"Table note 1 names no district and reaches SC only through the footnote marker 1 on the SC setback cell, and it disagrees with that cell's own 0 ft interior side.","or/multnomah/gresham/4.0400.corridor.txt#L416,L422",or/multnomah/gresham/4.0400.corridor.txt
01369,agree,noted,or/multnomah/gresham,SC,setback_side_ft [attached_wall+unit_lots],0,0,feet,inferred,True,5 feet for any side that is not a common wall,(ii) Interior – Common: 0 feet,Table note 1 names no district; it reaches SC through the footnote marker 1 on the SC setback cell.,"or/multnomah/gresham/4.0400.corridor.txt#L416,L423",or/multnomah/gresham/4.0400.corridor.txt
01370,agree,noted,or/multnomah/gresham,SC,setback_rear_ft,15,15,feet,inferred,True,"10 feet rear for townhouses with no alley, 5 feet with an alley, under table note 1","G. Minimum Building Setbacks ... SC column: ""Residential: 5 feet front and street-side, 0 feet interior side, 15 feet rear.1, 13""","No header row appears in this passage (RTC, SC and SC-RJ all print the same residential setbacks) and the cell carries footnotes 1 and 13, note 1 setting a different rear yard for townhouses.","or/multnomah/gresham/4.0400.corridor.txt#L332,L343-L347",or/multnomah/gresham/4.0400.corridor.txt
01371,agree,noted,or/multnomah/gresham,SC,setback_rear_ft [unit_lots],10,10,feet,inferred,True,5 feet if there is an alley | 15 feet rear in the SC column of Table 4.0430,(c) Rear Yard = 10 feet if there is no alley; 5 feet if there is an alley.,"10 ft is the no-alley branch, and table note 1 names no district (it reaches SC via the footnote marker 1 on the SC setback cell).","or/multnomah/gresham/4.0400.corridor.txt#L416,L428",or/multnomah/gresham/4.0400.corridor.txt
01372,agree,noted,or/multnomah/gresham,SC,setback_rear_ft [abuts_alley+unit_lots],5,5,feet,inferred,True,10 feet if there is no alley | 15 feet rear in the SC column of Table 4.0430,(c) Rear Yard = 10 feet if there is no alley; 5 feet if there is an alley.,Table note 1 names no district; it reaches SC through the footnote marker 1 on the SC setback cell.,"or/multnomah/gresham/4.0400.corridor.txt#L416,L428",or/multnomah/gresham/4.0400.corridor.txt
01373,agree,noted,or/multnomah/gresham,SC,setback_street_side_ft,5,5,feet,inferred,True,5 feet street-side facade for townhouses under table note 1 | 20 feet for a street-side garage under table note 1,"G. Minimum Building Setbacks ... SC column: ""Residential: 5 feet front and street-side, 0 feet interior side, 15 feet rear.1, 13""","Front and street-side share one printed figure here, and no header row appears in this passage, though RTC, SC and SC-RJ all print the same residential setbacks.","or/multnomah/gresham/4.0400.corridor.txt#L332,L343-L347",or/multnomah/gresham/4.0400.corridor.txt
01374,agree,noted,or/multnomah/gresham,SC,setback_front_max_ft,20,20,feet,clear,True,"10 feet front for RTC Commercial, Mixed-Use and Institutional (different column)","H. Maximum Building Setbacks ... SC column: ""All Development: 20 feet front and street-side3a; None for rear and interior side.""","The cell carries footnote 3a, which is not in this passage.","or/multnomah/gresham/4.0400.corridor.txt#L351,L359-L366",or/multnomah/gresham/4.0400.corridor.txt
01375,agree,noted,or/multnomah/gresham,SC,parking_min_per_unit,0,0,spaces per unit,clear,True,"1.5 spaces/unit for residential, which is row L, the MAXIMUM off-street parking permitted","K. Minimum Off-Street Parking Required ... SC column: ""None"" (header L392: RTC / SC / SC-RJ / CMF14 / CMU / CC / MC)","The cell prints the word ""None"" rather than a numeral, so 0 is a reading of that word, and the 1.5 spaces/unit on the next row is a maximum, not this minimum.",or/multnomah/gresham/4.0400.corridor.txt#L392-L393,or/multnomah/gresham/4.0400.corridor.txt
01376,unscored,unclear+noted,or/multnomah/gresham,SC,orientation_constraint,axis_required,,enum — no numeric figure for this standard,unclear,unknown,50 percent of site frontage occupied by buildings oriented to the abutting street,a. A minimum of 50 percent of the site’s frontage shall be occupied by buildings oriented to the abutting street.,"The passage states a frontage-occupancy percentage for plexes in the Downtown, Rockwood, Civic and Corridor Design Districts and names no zoning district, so it supports an orientation-to-street requirement but prints no figure for an enum standard.",or/multnomah/gresham/7.0400.middle-housing-design.txt#L410-L418,or/multnomah/gresham/7.0400.middle-housing-design.txt
01377,agree,noted,or/multnomah/gresham,SC-RJ,max_height_stories,10,10,stories,clear,True,,"I. Maximum Building Height17 (Section 4.0434) ... SC-RJ column: ""10 stories12, 18"" (header L359: RTC / SC / SC-RJ / CMF14 / CMU / CC / MC)","The cell carries footnotes 12, 17 and 18, none of which is in this passage, and no figure in feet is printed for SC-RJ.","or/multnomah/gresham/4.0400.corridor.txt#L359,L373",or/multnomah/gresham/4.0400.corridor.txt
01378,agree,noted,or/multnomah/gresham,SC-RJ,min_density_du_per_acre [unit_lots],18,18,units per acre,inferred,True,24 units per acre for multi-family,"E. Minimum Residential Net Density15 ... SC-RJ column: ""18 units per acre for Townhouses; 24 units per acre for multi-family""",The cell splits by housing type and the townhouse branch was used for the unit-lot condition; it is a NET density (see definition of Net Density in Article 3) and carries footnote 15.,"or/multnomah/gresham/4.0400.corridor.txt#L295,L316-L321",or/multnomah/gresham/4.0400.corridor.txt
01379,agree,noted,or/multnomah/gresham,SC-RJ,max_density_du_per_acre,60,60,units per acre,clear,True,,"F. Maximum Residential Net Density16 ... SC-RJ column: ""60 units per acre"" (header L325: RTC / SC / SC-RJ / CMF14 / CMU / CC / MC)","The row is Maximum Residential NET Density (see definition of Net Density in Article 3), not a gross density, and carries footnote 16 which is not in this passage.",or/multnomah/gresham/4.0400.corridor.txt#L325-L326,or/multnomah/gresham/4.0400.corridor.txt
01380,agree,noted,or/multnomah/gresham,SC-RJ,min_lot_sqft,10000,10000,square feet,clear,True,"none for commercial, institutional, mixed-use and industrial","A. Minimum Lot Size (Section 4.0431) ... SC-RJ column: ""10,000 sq. ft. for residential, none for commercial, institutional, mixed-use, & industrial6, 7""","The 10,000 applies to residential only and the cell carries footnotes 6 and 7, neither of which is in this passage.",or/multnomah/gresham/4.0400.corridor.txt#L295-L300,or/multnomah/gresham/4.0400.corridor.txt
01381,agree,noted,or/multnomah/gresham,SC-RJ,min_frontage_ft,100,100,feet,clear,True,"none for commercial, institutional, mixed-use and industrial","B. Minimum Street Frontage (Section 4.0431) ... SC-RJ column: ""100 ft. for residential; none for commercial, institutional, mixed-use & industrial8, 11""","The cell carries footnotes 8 and 11, which elsewhere cut frontage for duplexes and townhouses; neither note is in this passage.","or/multnomah/gresham/4.0400.corridor.txt#L295,L301-L305",or/multnomah/gresham/4.0400.corridor.txt
01382,agree,noted,or/multnomah/gresham,SC-RJ,min_frontage_ft [unit_lots],16,16,feet,inferred,True,25 ft on a corner lot with an alley or shared access | 32 ft on a corner lot with no alley or shared access,"11. Minimum street frontage for townhouses shall be 16 feet, except corner lots shall be 25 feet as measured from the",Table note 11 names no district on its own; it reaches SC-RJ only through the footnote marker 11 on the SC-RJ minimum-street-frontage cell of Table 4.0430.,or/multnomah/gresham/4.0400.corridor.txt#L460-L462,or/multnomah/gresham/4.0400.corridor.txt
01383,agree,noted,or/multnomah/gresham,SC-RJ,min_frontage_ft [corner_lot+unit_lots],32,32,feet,inferred,True,25 ft if there is an alley or shared access | 16 ft base (non-corner) townhouse frontage,and 32 feet from the corner radius end point to the property corner if there is no alley or shared access,"The corner figure splits on alley/shared access, so a corner lot with no alley asserted takes the 32 ft branch, and note 11 names no district (it reaches SC-RJ via the footnote marker).",or/multnomah/gresham/4.0400.corridor.txt#L460-L462,or/multnomah/gresham/4.0400.corridor.txt
01384,agree,noted,or/multnomah/gresham,SC-RJ,min_frontage_ft [abuts_alley+corner_lot+unit_lots],25,25,feet,inferred,True,32 ft if there is no alley or shared access | 16 ft base (non-corner) townhouse frontage,except corner lots shall be 25 feet as measured from the corner radius end point to the property corner if there is an alley or shared access,Table note 11 names no district; it reaches SC-RJ through the footnote marker 11 on the SC-RJ frontage cell.,or/multnomah/gresham/4.0400.corridor.txt#L460-L462,or/multnomah/gresham/4.0400.corridor.txt
01385,agree,noted,or/multnomah/gresham,SC-RJ,setback_front_ft,5,5,feet,inferred,True,"0 feet front for Commercial, Mixed-Use and Institutional | Setbacks at Street (Not including industrial): See Section 7.0512.A.2","G. Minimum Building Setbacks ... SC-RJ column: ""Residential: 5 feet front and street-side, 0 feet interior side, 15 feet rear1, 13""","No header row appears in this passage, though RTC, SC and SC-RJ all print the same residential setbacks so the column choice cannot change the figure; the cell carries footnotes 1 and 13.","or/multnomah/gresham/4.0400.corridor.txt#L332,L343-L347",or/multnomah/gresham/4.0400.corridor.txt
01386,agree,noted,or/multnomah/gresham,SC-RJ,setback_side_ft,0,0,feet,inferred,True,5 feet interior side for townhouses under table note 1 where the side is not a common wall,"G. Minimum Building Setbacks ... SC-RJ column: ""Residential: 5 feet front and street-side, 0 feet interior side, 15 feet rear1, 13""","The cell carries footnote 1, which sets 5 feet for any townhouse side that is not a common wall, so 0 ft holds only for a residential building that is not a townhouse.","or/multnomah/gresham/4.0400.corridor.txt#L332,L343-L347",or/multnomah/gresham/4.0400.corridor.txt
01387,agree,noted,or/multnomah/gresham,SC-RJ,setback_side_ft [unit_lots],5,5,feet,inferred,True,0 feet where the side is a common wall (Interior - Common) | 0 feet interior side in the SC-RJ column of Table 4.0430,(b) Side Yard: (i) Interior = 5 feet for any side of a dwelling structure that is not a common wall with another dwelling structure,"Table note 1 names no district and reaches SC-RJ only through the footnote marker 1 on the SC-RJ setback cell, and it disagrees with that cell's own 0 ft interior side.","or/multnomah/gresham/4.0400.corridor.txt#L416,L422",or/multnomah/gresham/4.0400.corridor.txt
01388,agree,noted,or/multnomah/gresham,SC-RJ,setback_side_ft [attached_wall+unit_lots],0,0,feet,inferred,True,5 feet for any side that is not a common wall,(ii) Interior – Common: 0 feet,Table note 1 names no district; it reaches SC-RJ through the footnote marker 1 on the SC-RJ setback cell.,"or/multnomah/gresham/4.0400.corridor.txt#L416,L423",or/multnomah/gresham/4.0400.corridor.txt
01389,agree,noted,or/multnomah/gresham,SC-RJ,setback_rear_ft,15,15,feet,inferred,True,"10 feet rear for townhouses with no alley, 5 feet with an alley, under table note 1","G. Minimum Building Setbacks ... SC-RJ column: ""Residential: 5 feet front and street-side, 0 feet interior side, 15 feet rear1, 13""","No header row appears in this passage (RTC, SC and SC-RJ all print the same residential setbacks) and the cell carries footnotes 1 and 13, note 1 setting a different rear yard for townhouses.","or/multnomah/gresham/4.0400.corridor.txt#L332,L343-L347",or/multnomah/gresham/4.0400.corridor.txt
01390,agree,noted,or/multnomah/gresham,SC-RJ,setback_rear_ft [unit_lots],10,10,feet,inferred,True,5 feet if there is an alley | 15 feet rear in the SC-RJ column of Table 4.0430,(c) Rear Yard = 10 feet if there is no alley; 5 feet if there is an alley.,"10 ft is the no-alley branch, and table note 1 names no district (it reaches SC-RJ via the footnote marker 1 on the SC-RJ setback cell).","or/multnomah/gresham/4.0400.corridor.txt#L416,L428",or/multnomah/gresham/4.0400.corridor.txt
01391,agree,noted,or/multnomah/gresham,SC-RJ,setback_rear_ft [abuts_alley+unit_lots],5,5,feet,inferred,True,10 feet if there is no alley | 15 feet rear in the SC-RJ column of Table 4.0430,(c) Rear Yard = 10 feet if there is no alley; 5 feet if there is an alley.,Table note 1 names no district; it reaches SC-RJ through the footnote marker 1 on the SC-RJ setback cell.,"or/multnomah/gresham/4.0400.corridor.txt#L416,L428",or/multnomah/gresham/4.0400.corridor.txt
01392,agree,noted,or/multnomah/gresham,SC-RJ,setback_street_side_ft,5,5,feet,inferred,True,5 feet street-side facade for townhouses under table note 1 | 20 feet for a street-side garage under table note 1,"G. Minimum Building Setbacks ... SC-RJ column: ""Residential: 5 feet front and street-side, 0 feet interior side, 15 feet rear1, 13""","Front and street-side share one printed figure here, and no header row appears in this passage, though RTC, SC and SC-RJ all print the same residential setbacks.","or/multnomah/gresham/4.0400.corridor.txt#L332,L343-L347",or/multnomah/gresham/4.0400.corridor.txt
01393,agree,noted,or/multnomah/gresham,SC-RJ,setback_front_max_ft,20,20,feet,clear,True,Industrial: No maximum,"H. Maximum Building Setbacks ... SC-RJ column: ""Residential, Commercial, Mixed-Use, and Institutional: 20 feet front and street-side3a; none for read and interior side.""","The cell carries footnote 3a, which is not in this passage.","or/multnomah/gresham/4.0400.corridor.txt#L351,L359-L366",or/multnomah/gresham/4.0400.corridor.txt
01394,agree,noted,or/multnomah/gresham,SC-RJ,parking_min_per_unit,0,0,spaces per unit,clear,True,"1.5 spaces/unit for residential, which is row L, the MAXIMUM off-street parking permitted","K. Minimum Off-Street Parking Required ... SC-RJ column: ""None"" (header L392: RTC / SC / SC-RJ / CMF14 / CMU / CC / MC)","The cell prints the word ""None"" rather than a numeral, so 0 is a reading of that word, and the 1.5 spaces/unit on the next row is a maximum, not this minimum.",or/multnomah/gresham/4.0400.corridor.txt#L392-L393,or/multnomah/gresham/4.0400.corridor.txt
01395,unscored,unclear+noted,or/multnomah/gresham,SC-RJ,orientation_constraint,axis_required,,enum — no numeric figure for this standard,unclear,unknown,50 percent of site frontage occupied by buildings oriented to the abutting street,a. A minimum of 50 percent of the site’s frontage shall be occupied by buildings oriented to the abutting street.,"The passage states a frontage-occupancy percentage for plexes in the Downtown, Rockwood, Civic and Corridor Design Districts and names no zoning district, so it supports an orientation-to-street requirement but prints no figure for an enum standard.",or/multnomah/gresham/7.0400.middle-housing-design.txt#L410-L418,or/multnomah/gresham/7.0400.middle-housing-design.txt
01396,agree,noted,or/multnomah/gresham,CMU,max_height_ft,45,45,feet,clear,True,,"I. Maximum Building Height17 ... CMU column: ""45 feet18""; note 18 (ii) Maximum Building Height: 45 feet","The same note 18 also sets a MINIMUM building height of 1 story for townhouses in CMU and CMF, which is a different standard.","or/multnomah/gresham/4.0400.corridor.txt#L359,L373,L497",or/multnomah/gresham/4.0400.corridor.txt
01397,agree,noted,or/multnomah/gresham,CMU,min_density_du_per_acre,12,12,units per acre,clear,True,,"E. Minimum Residential Net Density15 ... CMU column: ""12 units per acre"" (header L295: RTC / SC / SC-RJ / CMF14 / CMU / CC / MC)","The CMU cell states one figure with no housing-type split, unlike the RTC, SC and SC-RJ columns, and it is a NET density (see definition of Net Density in Article 3).","or/multnomah/gresham/4.0400.corridor.txt#L295,L316-L321",or/multnomah/gresham/4.0400.corridor.txt
01398,agree,noted,or/multnomah/gresham,CMU,max_density_du_per_acre,24,24,units per acre,clear,True,,"F. Maximum Residential Net Density16 ... CMU column: ""24 units per acre"" (header L325: RTC / SC / SC-RJ / CMF14 / CMU / CC / MC)","The row is Maximum Residential NET Density (see definition of Net Density in Article 3), not a gross density, and the CMF14 column one cell to the left prints the same 24 units per acre.",or/multnomah/gresham/4.0400.corridor.txt#L325-L326,or/multnomah/gresham/4.0400.corridor.txt
01399,agree,noted,or/multnomah/gresham,CMU,min_lot_sqft,10000,10000,square feet,clear,True,"none for commercial, institutional and mixed-use","A. Minimum Lot Size (Section 4.0431) ... CMU column: ""10,000 sq. ft. for residential; none for commercial, institutional and mixed-use6, 7""","The 10,000 applies to residential only and the cell carries footnotes 6 and 7, neither of which is in this passage.",or/multnomah/gresham/4.0400.corridor.txt#L295-L300,or/multnomah/gresham/4.0400.corridor.txt
01400,agree,noted,or/multnomah/gresham,CMU,min_frontage_ft,100,100,feet,inferred,True,"none for commercial, institutional and mixed-use","B. Minimum Street Frontage (Section 4.0431) — CMU column: ""100 ft. for residential; none for commercial, institutional and mixed-use8,11""","Column taken as the 5th of the L295 header (RTC/SC/SC-RJ/CMF14/CMU/CC/MC); the 100 ft is stated for residential only and carries footnote markers 8 and 11, which state smaller duplex and townhouse frontages elsewhere in the notes.","or/multnomah/gresham/4.0400.corridor.txt#L295,L301-L305",or/multnomah/gresham/4.0400.corridor.txt
01401,agree,noted,or/multnomah/gresham,CMU,min_frontage_ft [unit_lots],16,16,feet,inferred,unknown,25 ft on a corner lot with an alley or shared access | 32 ft on a corner lot with no alley or shared access,11. Minimum street frontage for townhouses shall be 16 feet,Table note 11 names no district; it reaches CMU only through the footnote marker 11 printed in the CMU street-frontage cell of Table 4.0430.,or/multnomah/gresham/4.0400.corridor.txt#L460-L462,or/multnomah/gresham/4.0400.corridor.txt
01402,agree,noted,or/multnomah/gresham,CMU,min_frontage_ft [corner_lot+unit_lots],32,32,feet,clear,unknown,"25 ft on a corner lot with an alley or shared access | 16 ft base, not a corner lot",and 32 feet from the corner radius end point to the property corner if there is no alley or shared access,32 ft is the corner-lot figure only where there is NO alley or shared access; with one it is 25 ft. Table note 11 names no district.,or/multnomah/gresham/4.0400.corridor.txt#L460-L462,or/multnomah/gresham/4.0400.corridor.txt
01403,agree,noted,or/multnomah/gresham,CMU,min_frontage_ft [abuts_alley+corner_lot+unit_lots],25,25,feet,clear,unknown,"32 ft on a corner lot with no alley or shared access | 16 ft base, not a corner lot",except corner lots shall be 25 feet as measured from the corner radius end point to the property corner if there is an alley or shared access,Table note 11 names no district; it reaches this zone through the footnote marker in the frontage cell.,or/multnomah/gresham/4.0400.corridor.txt#L460-L462,or/multnomah/gresham/4.0400.corridor.txt
01404,agree,noted,or/multnomah/gresham,CMU,setback_front_ft,5,5,feet,inferred,True,,"G. Minimum Building Setbacks — CMU column: ""5 feet front and street-side; 15 feet rear; 0 feet interior side.1""","Column read off the L295/L325 header; the cell carries footnote marker 1, which states a separate set of townhouse setbacks.",or/multnomah/gresham/4.0400.corridor.txt#L332-L336,or/multnomah/gresham/4.0400.corridor.txt
01405,agree,noted,or/multnomah/gresham,CMU,setback_side_ft,0,0,feet,inferred,True,,"G. Minimum Building Setbacks — CMU column: ""5 feet front and street-side; 15 feet rear; 0 feet interior side.1""","Column read off the header; the 0 ft interior side carries footnote marker 1, which states townhouse-specific side yards.",or/multnomah/gresham/4.0400.corridor.txt#L332-L336,or/multnomah/gresham/4.0400.corridor.txt
01406,agree,noted,or/multnomah/gresham,CMU,setback_side_ft [unit_lots],5,5,feet,clear,unknown,0 feet where the interior side is a common wall (note 1(b)(ii)),(i) Interior = 5 feet for any side of a dwelling structure that is not a common wall with another dwelling structure;,Table note 1 states townhouse setbacks generally and names no district except an exclusion for parts of CMF; it reaches CMU only through the footnote marker 1 in the setback cell.,"or/multnomah/gresham/4.0400.corridor.txt#L416,L422",or/multnomah/gresham/4.0400.corridor.txt
01407,agree,noted,or/multnomah/gresham,CMU,setback_side_ft [attached_wall+unit_lots],0,0,feet,clear,unknown,5 feet for any side of a dwelling structure that is not a common wall,(ii) Interior – Common: 0 feet,Table note 1 names no district; it reaches CMU through the footnote marker 1 in the Table 4.0430 setback cell.,"or/multnomah/gresham/4.0400.corridor.txt#L416,L423",or/multnomah/gresham/4.0400.corridor.txt
01408,agree,noted,or/multnomah/gresham,CMU,setback_rear_ft,15,15,feet,inferred,True,,"G. Minimum Building Setbacks — CMU column: ""5 feet front and street-side; 15 feet rear; 0 feet interior side.1""","Column read off the header; the cell carries footnote marker 1, which states a different townhouse rear yard.",or/multnomah/gresham/4.0400.corridor.txt#L332-L336,or/multnomah/gresham/4.0400.corridor.txt
01409,agree,noted,or/multnomah/gresham,CMU,setback_rear_ft [unit_lots],10,10,feet,clear,unknown,5 feet if there is an alley,(c) Rear Yard = 10 feet if there is no alley; 5 feet if there is an alley.,Table note 1 names no district; it reaches CMU through the footnote marker 1 in the setback cell.,"or/multnomah/gresham/4.0400.corridor.txt#L416,L428",or/multnomah/gresham/4.0400.corridor.txt
01410,agree,noted,or/multnomah/gresham,CMU,setback_rear_ft [abuts_alley+unit_lots],5,5,feet,clear,unknown,10 feet if there is no alley,(c) Rear Yard = 10 feet if there is no alley; 5 feet if there is an alley.,Table note 1 names no district; it reaches CMU through the footnote marker 1 in the setback cell.,"or/multnomah/gresham/4.0400.corridor.txt#L416,L428",or/multnomah/gresham/4.0400.corridor.txt
01411,agree,noted,or/multnomah/gresham,CMU,setback_street_side_ft,5,5,feet,inferred,True,,"G. Minimum Building Setbacks — CMU column: ""5 feet front and street-side; 15 feet rear; 0 feet interior side.1""","The cell states front and street-side together as one figure; it carries footnote marker 1, which gives a separate townhouse street-side rule.",or/multnomah/gresham/4.0400.corridor.txt#L332-L336,or/multnomah/gresham/4.0400.corridor.txt
01412,agree,noted,or/multnomah/gresham,CMU,setback_front_max_ft,20,20,feet,inferred,True,None for rear and interior side,"H. Maximum Building Setbacks — CMU column: ""20 feet front and street-side3a; None for rear and interior side.""","Column read off the L359 header; the 20 ft carries footnote marker 3a, a condition whose text is not in this passage.",or/multnomah/gresham/4.0400.corridor.txt#L351-L356,or/multnomah/gresham/4.0400.corridor.txt
01413,agree,noted,or/multnomah/gresham,CMU,parking_min_per_unit,0,0,spaces per unit,inferred,True,,"K. Minimum Off-Street Parking Required — CMU column: ""None""","The cell prints ""None"", not a numeral; read as no minimum (zero). Every column in the row reads None, so the column choice does not change the answer.",or/multnomah/gresham/4.0400.corridor.txt#L392-L393,or/multnomah/gresham/4.0400.corridor.txt
01414,unscored,unclear+noted,or/multnomah/gresham,CMU,orientation_constraint,axis_required,,enum,unclear,unknown,50 percent of site frontage occupied by buildings,A minimum of 50 percent of the site’s frontage shall be occupied by buildings oriented to the abutting street.,"No numeric figure exists for this enum standard; the passage requires buildings oriented to the abutting street across at least 50% of frontage, and it is scoped to the Downtown, Rockwood, Civic and Corridor Design Districts, not to the CMU base zone by name.",or/multnomah/gresham/7.0400.middle-housing-design.txt#L410-L418,or/multnomah/gresham/7.0400.middle-housing-design.txt
01415,agree_alt,unclear+noted,or/multnomah/gresham,RTC,max_height_stories,4,10,stories,unclear,True,6 stories inside the Triangle Area for exclusively commercial and institutional buildings | 4 stories inside the Triangle Area for buildings that include other uses,"Outside the Triangle: 10 stories for all uses12, 18","The RTC cell states three different storey caps depending on whether the site sits inside the Stark/Burnside/181st Triangle Area and what uses the building holds; 10 is the outside-the-Triangle figure, and inside the Triangle a residential building is capped at 4.","or/multnomah/gresham/4.0400.corridor.txt#L359,L373-L384",or/multnomah/gresham/4.0400.corridor.txt
01416,agree,noted,or/multnomah/gresham,RTC,min_lot_sqft,10000,10000,square feet,inferred,True,"none for commercial, institutional and mixed-use","A. Minimum Lot Size (Section 4.0431) — RTC column: ""10,000 sq. ft. for residential, none for commercial, institutional and mixed-use6""","The figure is a residential lot-size minimum for the whole district, not stated per housing type or per fourplex, and it carries footnote marker 6.",or/multnomah/gresham/4.0400.corridor.txt#L295-L300,or/multnomah/gresham/4.0400.corridor.txt
01417,agree,noted,or/multnomah/gresham,RTC,min_frontage_ft,100,100,feet,inferred,True,"none for commercial, institutional and mixed-use","B. Minimum Street Frontage (Section 4.0431) — RTC column: ""100 ft. for residential; none for commercial, institutional and mixed-use11""","Column read off the L295 header; the 100 ft is for residential only and carries footnote marker 11, which states a much smaller townhouse frontage.","or/multnomah/gresham/4.0400.corridor.txt#L295,L301-L305",or/multnomah/gresham/4.0400.corridor.txt
01418,agree,noted,or/multnomah/gresham,RTC,min_frontage_ft [unit_lots],16,16,feet,inferred,unknown,25 ft on a corner lot with an alley or shared access | 32 ft on a corner lot with no alley or shared access,11. Minimum street frontage for townhouses shall be 16 feet,Table note 11 names no district; it reaches RTC through the footnote marker 11 printed in the RTC street-frontage cell.,or/multnomah/gresham/4.0400.corridor.txt#L460-L462,or/multnomah/gresham/4.0400.corridor.txt
01419,agree,noted,or/multnomah/gresham,RTC,min_frontage_ft [corner_lot+unit_lots],32,32,feet,clear,unknown,"25 ft on a corner lot with an alley or shared access | 16 ft base, not a corner lot",and 32 feet from the corner radius end point to the property corner if there is no alley or shared access,32 ft is the corner-lot figure only where there is NO alley or shared access. Table note 11 names no district.,or/multnomah/gresham/4.0400.corridor.txt#L460-L462,or/multnomah/gresham/4.0400.corridor.txt
01420,agree,noted,or/multnomah/gresham,RTC,min_frontage_ft [abuts_alley+corner_lot+unit_lots],25,25,feet,clear,unknown,"32 ft on a corner lot with no alley or shared access | 16 ft base, not a corner lot",except corner lots shall be 25 feet as measured from the corner radius end point to the property corner if there is an alley or shared access,Table note 11 names no district; it reaches RTC through the footnote marker in the frontage cell.,or/multnomah/gresham/4.0400.corridor.txt#L460-L462,or/multnomah/gresham/4.0400.corridor.txt
01421,agree,noted,or/multnomah/gresham,RTC,min_density_du_per_acre [unit_lots],18,18,units per acre,inferred,True,20 units per acre for multi-family,"E. Minimum Residential Net Density15 — RTC column: ""18 units per acre for Townhouses; 20 units per acre for multi-family""","Townhouse half of a two-part cell, chosen for the attached-townhouse condition; the multi-family half of the same cell reads 20.","or/multnomah/gresham/4.0400.corridor.txt#L295,L316-L321",or/multnomah/gresham/4.0400.corridor.txt
01422,agree,noted,or/multnomah/gresham,RTC,max_density_du_per_acre,40,40,units per acre,inferred,True,Unlimited inside the Stark/Burnside/181st Ave. Triangle,"F. Maximum Residential Net Density16 — RTC column: ""Unlimited inside Stark/Burnside/181st Ave. Triangle; 40 units per net acre elsewhere""",The 40 applies only outside the Triangle; inside it the cell states no maximum at all.,or/multnomah/gresham/4.0400.corridor.txt#L325-L331,or/multnomah/gresham/4.0400.corridor.txt
01423,agree,noted,or/multnomah/gresham,RTC,setback_front_ft,5,5,feet,inferred,True,"0 feet front for Commercial, Mixed-Use, and Institutional in the same column","Residential: 5 feet front and street-side, 0 feet interior side, 15 feet rear.1, 13","Residential sub-row of the RTC cell; the commercial/mixed-use/institutional sub-row of the same column reads 0 feet, and the residential figures carry footnote markers 1 and 13.","or/multnomah/gresham/4.0400.corridor.txt#L332,L343-L347",or/multnomah/gresham/4.0400.corridor.txt
01424,agree,noted,or/multnomah/gresham,RTC,setback_side_ft,0,0,feet,inferred,True,"0 feet side for Commercial, Mixed-Use, and Institutional in the same column","Residential: 5 feet front and street-side, 0 feet interior side, 15 feet rear.1, 13","Residential sub-row of the RTC cell; carries footnote markers 1 and 13, and note 1 states a 5 ft interior side for townhouse walls that are not common walls.","or/multnomah/gresham/4.0400.corridor.txt#L332,L343-L347",or/multnomah/gresham/4.0400.corridor.txt
01425,agree,noted,or/multnomah/gresham,RTC,setback_side_ft [unit_lots],5,5,feet,clear,unknown,0 feet where the interior side is a common wall (note 1(b)(ii)),(i) Interior = 5 feet for any side of a dwelling structure that is not a common wall with another dwelling structure;,Table note 1 states townhouse setbacks generally and names no district except an exclusion for parts of CMF; it reaches RTC through the footnote marker 1 in the setback cell.,"or/multnomah/gresham/4.0400.corridor.txt#L416,L422",or/multnomah/gresham/4.0400.corridor.txt
01426,agree,noted,or/multnomah/gresham,RTC,setback_side_ft [attached_wall+unit_lots],0,0,feet,clear,unknown,5 feet for any side of a dwelling structure that is not a common wall,(ii) Interior – Common: 0 feet,Table note 1 names no district; it reaches RTC through the footnote marker 1 in the setback cell.,"or/multnomah/gresham/4.0400.corridor.txt#L416,L423",or/multnomah/gresham/4.0400.corridor.txt
01427,agree,noted,or/multnomah/gresham,RTC,setback_rear_ft,15,15,feet,inferred,True,"0 feet rear for Commercial, Mixed-Use, and Institutional in the same column","Residential: 5 feet front and street-side, 0 feet interior side, 15 feet rear.1, 13","Residential sub-row of the RTC cell; the commercial/mixed-use/institutional sub-row reads 0 feet rear, and the residential figures carry footnote markers 1 and 13.","or/multnomah/gresham/4.0400.corridor.txt#L332,L343-L347",or/multnomah/gresham/4.0400.corridor.txt
01428,agree,noted,or/multnomah/gresham,RTC,setback_rear_ft [unit_lots],10,10,feet,clear,unknown,5 feet if there is an alley,(c) Rear Yard = 10 feet if there is no alley; 5 feet if there is an alley.,Table note 1 names no district; it reaches RTC through the footnote marker 1 in the setback cell.,"or/multnomah/gresham/4.0400.corridor.txt#L416,L428",or/multnomah/gresham/4.0400.corridor.txt
01429,agree,noted,or/multnomah/gresham,RTC,setback_rear_ft [abuts_alley+unit_lots],5,5,feet,clear,unknown,10 feet if there is no alley,(c) Rear Yard = 10 feet if there is no alley; 5 feet if there is an alley.,Table note 1 names no district; it reaches RTC through the footnote marker 1 in the setback cell.,"or/multnomah/gresham/4.0400.corridor.txt#L416,L428",or/multnomah/gresham/4.0400.corridor.txt
01430,agree,noted,or/multnomah/gresham,RTC,setback_street_side_ft,5,5,feet,inferred,True,"0 feet street-side for Commercial, Mixed-Use, and Institutional in the same column","Residential: 5 feet front and street-side, 0 feet interior side, 15 feet rear.1, 13","The cell states front and street-side together as one figure; residential sub-row, carrying footnote markers 1 and 13.","or/multnomah/gresham/4.0400.corridor.txt#L332,L343-L347",or/multnomah/gresham/4.0400.corridor.txt
01431,agree,noted,or/multnomah/gresham,RTC,setback_front_max_ft,20,20,feet,inferred,True,"10 feet front and street-side for Commercial, Mixed-Use, and Institutional in the same column | None for interior side and rear",Residential: 20 feet front and street-side3a; None for interior side and rear.,"Residential sub-row of the RTC maximum-setback cell; the commercial/mixed-use/institutional sub-row reads 10 feet, and the 20 carries footnote marker 3a whose text is not in this passage.","or/multnomah/gresham/4.0400.corridor.txt#L351,L368-L372",or/multnomah/gresham/4.0400.corridor.txt
01432,agree,noted,or/multnomah/gresham,RTC,parking_min_per_unit,0,0,spaces per unit,inferred,True,,"K. Minimum Off-Street Parking Required — RTC column: ""None""","The cell prints ""None"", not a numeral; read as no minimum (zero). Every column in the row reads None, so the column choice does not change the answer.",or/multnomah/gresham/4.0400.corridor.txt#L392-L393,or/multnomah/gresham/4.0400.corridor.txt
01433,agree,,or/multnomah/gresham,CC,max_height_ft,45,45,feet,inferred,True,,"I. Maximum Building Height17 (Section 4.0434) — CC column: ""45 feet""",,"or/multnomah/gresham/4.0400.corridor.txt#L359,L373",or/multnomah/gresham/4.0400.corridor.txt
01434,agree,noted,or/multnomah/gresham,CC,min_density_du_per_acre,12,12,units per acre,inferred,True,,"E. Minimum Residential Net Density15 — CC column: ""12 units per acre""","The CC cell states one figure with no housing-type split, unlike the RTC/SC/SC-RJ cells which separate townhouses from multi-family.","or/multnomah/gresham/4.0400.corridor.txt#L295,L316-L321",or/multnomah/gresham/4.0400.corridor.txt
01435,agree,,or/multnomah/gresham,CC,max_density_du_per_acre,40,40,units per acre,inferred,True,,"F. Maximum Residential Net Density16 — CC column: ""40 units per acre""",,or/multnomah/gresham/4.0400.corridor.txt#L325-L327,or/multnomah/gresham/4.0400.corridor.txt
01436,agree,noted,or/multnomah/gresham,CC,setback_front_ft,0,0,feet,inferred,True,,"G. Minimum Building Setbacks — CC column: ""0 feet front and street-side, interior side, and rear.""","The CC cell states one set of setbacks for all uses and carries no footnote marker, unlike the CMF/CMU cells.",or/multnomah/gresham/4.0400.corridor.txt#L332-L337,or/multnomah/gresham/4.0400.corridor.txt
01437,agree,,or/multnomah/gresham,CC,setback_side_ft,0,0,feet,inferred,True,,"G. Minimum Building Setbacks — CC column: ""0 feet front and street-side, interior side, and rear.""",,or/multnomah/gresham/4.0400.corridor.txt#L332-L337,or/multnomah/gresham/4.0400.corridor.txt
01438,agree,,or/multnomah/gresham,CC,setback_rear_ft,0,0,feet,inferred,True,,"G. Minimum Building Setbacks — CC column: ""0 feet front and street-side, interior side, and rear.""",,or/multnomah/gresham/4.0400.corridor.txt#L332-L337,or/multnomah/gresham/4.0400.corridor.txt
01439,agree,noted,or/multnomah/gresham,CC,setback_street_side_ft,0,0,feet,inferred,True,,"G. Minimum Building Setbacks — CC column: ""0 feet front and street-side, interior side, and rear.""",Front and street-side are stated together as one figure in this cell.,or/multnomah/gresham/4.0400.corridor.txt#L332-L337,or/multnomah/gresham/4.0400.corridor.txt
01440,agree_alt,unclear+noted,or/multnomah/gresham,CC,setback_front_max_ft,5,10,feet,unclear,True,"5 ft when abutting a Collector, Community or Local street (note 3.c, L439) | 10 ft when abutting a Major/Minor Arterial or Boulevard for a building containing commercial uses (note 3.b) | 30 ft when abutting a Major/Minor Arterial or Boulevard for a building containing dwelling units (note 3.a) | up to 20 ft may be permitted with enhanced pedestrian spaces (L429)","H. Maximum Building Setbacks ... CC column: ""10 feet front and street-side3b, 3c; None for rear and interior side.""","The CC cell prints 10 feet but carries footnote markers 3b and 3c, and note 3 then restates the maximum by street class -- 10 ft on arterials for commercial buildings, 5 ft on Collector/Community/Local streets -- so the operative ceiling on a local street is 5 ft, not 10.","or/multnomah/gresham/4.0400.corridor.txt#L351-L356,L431,L439-L441",or/multnomah/gresham/4.0400.corridor.txt
01441,agree,noted,or/multnomah/gresham,CC,parking_min_per_unit,0,0,spaces per unit,clear,True,,K. Minimum Off-Street Parking Required   None   None   None   None   None   None   None,"The cell prints the word ""None"" rather than a numeral; every column in row K reads None, so the CC column cannot be misread.",or/multnomah/gresham/4.0400.corridor.txt#L392-L393,or/multnomah/gresham/4.0400.corridor.txt
01442,agree,noted,or/multnomah/gresham,MC,max_height_ft,45,45,feet,inferred,True,10 stories in SC and SC-RJ | 6 or 4 stories inside the Triangle Area in RTC,"I. Maximum Building Height17 ... 45 feet18   45 feet18   45 feet   45 feet (last column, MC)","Read off the L359 header row (RTC, SC, SC-RJ, CMF14, CMU, CC, MC); MC is the seventh and last column and reads 45 feet with no footnote marker (CMF14/CMU carry 18).","or/multnomah/gresham/4.0400.corridor.txt#L359,L373",or/multnomah/gresham/4.0400.corridor.txt
01443,agree,noted,or/multnomah/gresham,MC,min_density_du_per_acre,12,12,units per acre,inferred,True,18 units per acre for Townhouses in RTC/SC/SC-RJ | 20 or 24 units per acre for multi-family in RTC/SC/SC-RJ,"E. Minimum Residential Net Density15 ... 12 units per acre   12 units per acre   12 units per acre   12 units per acre (last column, MC)","Column read off the L295 header. Unlike the RTC/SC/SC-RJ cells the MC cell states one figure for all housing types, so no townhouse/multi-family row split applies.","or/multnomah/gresham/4.0400.corridor.txt#L295,L316-L321",or/multnomah/gresham/4.0400.corridor.txt
01444,agree,,or/multnomah/gresham,MC,max_density_du_per_acre,40,40,units per acre,inferred,True,60 units per acre in SC and SC-RJ | unlimited inside the Stark/Burnside/181st Ave. Triangle in RTC,"F. Maximum Residential Net Density16 ... 24 units per acre   24 units per acre   40 units per acre   40 units per acre (last column, MC)",,or/multnomah/gresham/4.0400.corridor.txt#L325-L327,or/multnomah/gresham/4.0400.corridor.txt
01445,agree,noted,or/multnomah/gresham,MC,setback_front_ft,0,0,feet,inferred,True,5 feet front in CMF14 and CMU | Residential in RTC/SC/SC-RJ: see the separate Residential block at L343-L347,"G. Minimum Building Setbacks ... MC column: ""0 feet front and street-side, interior side, and rear.""","Column read off the L325 header; the MC cell gives one figure for front, street-side, interior side and rear, and carries no footnote marker (CMF14/CMU carry note 1).",or/multnomah/gresham/4.0400.corridor.txt#L332-L337,or/multnomah/gresham/4.0400.corridor.txt
01446,agree,,or/multnomah/gresham,MC,setback_side_ft,0,0,feet,inferred,True,0 feet interior side in CMF14 and CMU (note 1) | 15 feet interior side in the Residential block for RTC/SC/SC-RJ,"G. Minimum Building Setbacks ... MC column: ""0 feet front and street-side, interior side, and rear.""",,or/multnomah/gresham/4.0400.corridor.txt#L332-L337,or/multnomah/gresham/4.0400.corridor.txt
01447,agree,,or/multnomah/gresham,MC,setback_rear_ft,0,0,feet,inferred,True,"15 feet rear in CMF14 and CMU | 15 feet rear in the Residential block for RTC/SC/SC-RJ (notes 1, 13)","G. Minimum Building Setbacks ... MC column: ""0 feet front and street-side, interior side, and rear.""",,or/multnomah/gresham/4.0400.corridor.txt#L332-L337,or/multnomah/gresham/4.0400.corridor.txt
01448,agree,,or/multnomah/gresham,MC,setback_street_side_ft,0,0,feet,inferred,True,5 feet street-side in CMF14 and CMU,"G. Minimum Building Setbacks ... MC column: ""0 feet front and street-side, interior side, and rear.""",,or/multnomah/gresham/4.0400.corridor.txt#L332-L337,or/multnomah/gresham/4.0400.corridor.txt
01449,agree_alt,unclear+noted,or/multnomah/gresham,MC,setback_front_max_ft,5,10,feet,unclear,True,"5 ft when abutting a Collector, Community or Local street (note 3.c, L439) | 10 ft when abutting a Major/Minor Arterial or Boulevard for a building containing commercial uses (note 3.b) | 30 ft when abutting a Major/Minor Arterial or Boulevard for a building containing dwelling units (note 3.a) | up to 20 ft may be permitted with enhanced pedestrian spaces (L429)","H. Maximum Building Setbacks ... MC column: ""10 feet front and street-side3b, 3c; None for rear and interior side.""","Same shape as the CC cell: the MC cell prints 10 feet but the 3b/3c markers hand the number to note 3, which sets 10 ft on arterials (commercial) and 5 ft on Collector/Community/Local streets, so 5 ft is the binding ceiling on a local street.","or/multnomah/gresham/4.0400.corridor.txt#L351-L356,L360-L361,L431,L439-L441",or/multnomah/gresham/4.0400.corridor.txt
01450,agree,noted,or/multnomah/gresham,MC,parking_min_per_unit,0,0,spaces per unit,clear,True,,K. Minimum Off-Street Parking Required   None   None   None   None   None   None   None,"The cell prints the word ""None"" rather than a numeral; every column in row K reads None.",or/multnomah/gresham/4.0400.corridor.txt#L392-L393,or/multnomah/gresham/4.0400.corridor.txt
01451,agree,noted,or/multnomah/gresham,LDR/GB,setback_side_ft,10,10,feet,clear,True,,B. Setbacks. The LDR-5 setback requirements are required except that the side yard setback shall be a minimum of 10 feet to encourage side yard planting.,"This is an override of the base LDR-5 side yard only; the rest of the LDR-5 setbacks still apply, so front/rear are not stated here.",or/multnomah/gresham/4.1300.gresham-butte.txt#L68-L69,or/multnomah/gresham/4.1300.gresham-butte.txt
01452,agree,noted,or/multnomah/gresham,THR-SW,max_height_ft,45,45,feet,inferred,True,40 ft. in VLDR-SW | 35 ft. in LDR-SW,"G. Maximum Building Height3 / All Uses 40 ft. 35 ft. 45 ft. (columns VLDR-SW, LDR-SW, THR-SW)","Column read off the L276 header (VLDR-SW, LDR-SW, THR-SW); the row heading carries footnote 3 and the next row (H, Modifications) sends Quadplexes to Section 7.0400 rear height limits, neither of which is in the passage.",or/multnomah/gresham/4.1500.springwater.txt#L278,or/multnomah/gresham/4.1500.springwater.txt
01453,agree,noted,or/multnomah/gresham,THR-SW,min_lot_width_ft,20,20,feet,inferred,True,Townhouse interior lot row: 20 ft. in THR-SW (same figure) | 25 ft. for a corner lot,D. Minimum Lot Width / 1. Width at building line: Interior lot / All Other Uses 75 ft. 45 ft.  20 ft.,"The cited row is ""All Other Uses"", not the Townhouse row; in THR-SW both rows read 20 ft., so the row choice does not change the number here.",or/multnomah/gresham/4.1500.springwater.txt#L260,or/multnomah/gresham/4.1500.springwater.txt
01454,agree,noted,or/multnomah/gresham,THR-SW,min_lot_width_ft [corner_lot],25,25,feet,inferred,True,Townhouse corner lot row: 25 ft. in THR-SW (same figure) | 20 ft. for an interior lot,2. Width at building line: Corner lot / All Other Uses 100 ft. 45 ft. 25 ft.,"Cited row is ""All Other Uses""; the Townhouse corner row also reads 25 ft. in THR-SW.",or/multnomah/gresham/4.1500.springwater.txt#L263,or/multnomah/gresham/4.1500.springwater.txt
01455,agree,noted,or/multnomah/gresham,THR-SW,min_frontage_ft,20,20,feet,inferred,True,"Townhouse rows read ""None None 20 ft."" for both interior and corner lots",F. Minimum Street Frontage / 1. Interior lot / All Other Uses 50 ft. 35 ft. 20 ft.  ...  2. Corner lot / All Other Uses 75 ft. 40 ft. 20 ft.,"In THR-SW interior and corner frontage are both 20 ft., and the Townhouse row matches, so neither the row nor the corner condition moves the figure.","or/multnomah/gresham/4.1500.springwater.txt#L269,L272",or/multnomah/gresham/4.1500.springwater.txt
01456,agree,,or/multnomah/gresham,THR-SW,min_lot_depth_ft,65,65,feet,inferred,True,100 ft. in VLDR-SW | 80 ft. in LDR-SW,E. Minimum Lot Depth (Interior or Corner Lot) / All Uses 100 ft. 80 ft. 65 ft.,,or/multnomah/gresham/4.1500.springwater.txt#L265,or/multnomah/gresham/4.1500.springwater.txt
01457,agree,noted,or/multnomah/portland,defaults,parking_stall_width_ft,9,9,feet,clear,True,,D. Parking space sizes. 1. A parking space must be at least 9 feet by 18 feet.,"33.266.120.B names fourplexes and attached houses explicitly, so this is the section that governs the product; 9 is the width of the 9 x 18 pair.","or/multnomah/portland/33.266.txt#L268,L271-L275,L317-L318",or/multnomah/portland/33.266.txt
01458,agree,noted,or/multnomah/portland,defaults,parking_stall_width_ft [unit_lots],8.5,8.5,feet,inferred,True,8 ft. width at 0 deg. (parallel) | 9 ft. under 33.266.120.D.1 where the parking is not in a parking tract,Table 266-4 Minimum Parking Space and Aisle Dimensions / 90 deg.  Width (B) 8 ft. 6 in.,"Under the unit-lots condition the marked exception (parking in a parking tract) sends the stall to Section 33.266.130 and Table 266-4, whose width is 8 ft 6 in for every angle except parallel; that is half a foot narrower than the 9 ft in 33.266.120.D.1.","or/multnomah/portland/33.266.txt#L275-L278,L516-L525",or/multnomah/portland/33.266.txt
01459,agree,noted,or/multnomah/portland,defaults,parking_stall_depth_ft,18,18,feet,clear,True,,D. Parking space sizes. 1. A parking space must be at least 9 feet by 18 feet.,18 is the depth half of the 9 x 18 pair; the section applies to fourplexes and attached houses by 33.266.120.B.,"or/multnomah/portland/33.266.txt#L268,L271-L275,L317-L318",or/multnomah/portland/33.266.txt
01460,agree,noted,or/multnomah/portland,defaults,parking_stall_depth_ft [unit_lots],16,16,feet,inferred,True,8 ft. stall depth at 0 deg. (parallel) | 15 ft. at 30 deg. | 17 ft. at 45 deg. | 17 ft. 6 in. at 60 deg. | 18 ft. under 33.266.120.D.1 where the parking is not in a parking tract,Table 266-4 ... 90 deg.  8 ft. 6 in.  8 ft. 6 in.  20 ft.  20 ft.  Stall Depth (E) 16 ft.,"Under the unit-lots condition the parking tract exception routes to Table 266-4; the depth depends on the parking angle, and 16 ft. is the 90-degree row, the layout a rear court would normally use.","or/multnomah/portland/33.266.txt#L275-L278,L516-L525",or/multnomah/portland/33.266.txt
01461,agree,noted,or/multnomah/portland,defaults,driveway_min_width_one_way_ft,9,9,feet,clear,True,9 ft. for a shared driveway crossing a property line (D.3.a),2. The minimum driveway width on private property is 9 feet.,The code states one driveway width and does not distinguish one-way from two-way.,"or/multnomah/portland/33.266.txt#L268,L271-L274,L317-L319",or/multnomah/portland/33.266.txt
01462,agree,noted,or/multnomah/portland,defaults,driveway_min_width_two_way_ft,9,9,feet,inferred,True,9 ft. for a shared driveway crossing a property line (D.3.a),2. The minimum driveway width on private property is 9 feet.,"The passage states a single minimum driveway width with no one-way/two-way split, so the two-way figure is the same 9 ft. rather than a separately stated number.","or/multnomah/portland/33.266.txt#L268,L271-L274,L317-L319",or/multnomah/portland/33.266.txt
01463,agree,noted,or/multnomah/portland,defaults,parking_front_yard_max_pct,40,40,percent,clear,True,20 percent between the side street lot line and the side street building line on corner lots | a flag lot with a vehicle-access pole is allowed at least a 12-foot wide vehicle area,b. No more than 40 percent of the land area between the front lot line and the front building line may be paved or used for vehicle areas.,"For attached houses the same sentence says the standard applies to the combined lot lines of the attached house lots, which changes the denominator on unit lots.",or/multnomah/portland/33.266.txt#L294-L301,or/multnomah/portland/33.266.txt
01464,agree,noted,or/multnomah/portland,defaults,parking_street_setback_ft,10,10,feet,clear,True,"on corner lots the side street setback governs instead, with no figure printed | a space is allowed inside the first 10 ft. when it is in a driveway behind a space outside the first 10 ft. (C.2.b.(1))","a. Generally, parking spaces are not allowed within the first 10 feet from a front lot line, and on corner lots, parking spaces are not allowed within the side street setback.","The corner-lot half of the same sentence borrows the side street setback rather than printing a number, so the 10 ft. is the front-lot-line figure only.",or/multnomah/portland/33.266.txt#L302-L305,or/multnomah/portland/33.266.txt
01465,agree,noted,or/multnomah/portland,RF,open_space_min_sqft,250,250,square feet,inferred,True,200 sq. ft. in R2.5,Required Outdoor Area / - Minimum area   250 sq. ft. (RF column),"Column read off the L435 header (RF, R20, R10, R7, R5, R2.5); a minimum dimension of 12 ft. x 12 ft. is required alongside the area, which is a shape test the area figure does not carry.","or/multnomah/portland/33.110.txt#L432-L435,L470-L474,L895-L916",or/multnomah/portland/33.110.txt
01466,agree,noted,or/multnomah/portland,RF,max_height_ft,30,30,feet,inferred,True,35 ft. in R2.5,Maximum Height   30 ft.   30 ft. [3]   30 ft. [3]   30 ft. [3]   30 ft. [3]   35 ft. (RF is the first column),"The RF cell alone carries no [3] marker, so the ""additional FAR and height may be allowed"" allowance of 33.110.265.F is not attached to RF.","or/multnomah/portland/33.110.txt#L435,L454",or/multnomah/portland/33.110.txt
01467,agree,,or/multnomah/portland,RF,setback_front_ft,20,20,feet,inferred,True,15 ft. in R7 | 10 ft. in R5 and R2.5,Minimum Setbacks / - Front building setback   20 ft. (RF column),,or/multnomah/portland/33.110.txt#L458,or/multnomah/portland/33.110.txt
01468,agree,noted,or/multnomah/portland,RF,setback_garage_entrance_ft,18,18,feet,clear,True,,- Garage entrance setback   18 ft.   18 ft.   18 ft.   18 ft.   18 ft.   18 ft.,"All six columns read 18 ft., so the RF column cannot be misread.",or/multnomah/portland/33.110.txt#L464,or/multnomah/portland/33.110.txt
01469,agree,,or/multnomah/portland,RF,setback_rear_ft,10,10,feet,inferred,True,"5 ft. in R7, R5 and R2.5",- Rear building setback   10 ft.   10 ft.   10 ft.   5 ft.   5 ft.   5 ft. (RF is the first column),,or/multnomah/portland/33.110.txt#L462,or/multnomah/portland/33.110.txt
01470,agree,,or/multnomah/portland,RF,setback_side_ft,10,10,feet,inferred,True,"5 ft. in R7, R5 and R2.5",- Side building setback   10 ft.   10 ft.   10 ft.   5 ft.   5 ft.   5 ft. (RF is the first column),,or/multnomah/portland/33.110.txt#L460,or/multnomah/portland/33.110.txt
01471,agree,noted,or/multnomah/portland,R20,open_space_min_sqft,250,250,square feet,inferred,True,200 sq. ft. in R2.5,Required Outdoor Area / - Minimum area   250 sq. ft. (R20 is the second column),"Column read off the L435 header; a 12 ft. x 12 ft. minimum dimension applies alongside the area, and 33.110.240.C.2 forbids counting vehicle area toward it.","or/multnomah/portland/33.110.txt#L432-L435,L470-L474,L895-L916",or/multnomah/portland/33.110.txt
01472,agree,noted,or/multnomah/portland,R20,max_height_ft,30,30,feet,inferred,True,35 ft. in R2.5 | additional height may be allowed under 33.110.265.F per footnote [3],Maximum Height   30 ft.   30 ft. [3]   (R20 is the second column),"The R20 cell carries footnote [3]: ""Additional FAR and height may be allowed. See 33.110.265.F"" -- so 30 ft. is the base ceiling, not an absolute one.","or/multnomah/portland/33.110.txt#L435,L454",or/multnomah/portland/33.110.txt
01473,agree,,or/multnomah/portland,R20,setback_front_ft,20,20,feet,inferred,True,15 ft. in R7 | 10 ft. in R5 and R2.5,Minimum Setbacks / - Front building setback   20 ft.   20 ft.   20 ft.   15 ft.   10 ft.   10 ft. (R20 is the second column),,or/multnomah/portland/33.110.txt#L458,or/multnomah/portland/33.110.txt
01474,agree,,or/multnomah/portland,R20,setback_side_ft,10,10,feet,inferred,True,"5 ft. in R7, R5 and R2.5",- Side building setback   10 ft.   10 ft.   10 ft.   5 ft.   5 ft.   5 ft. (R20 is the second column),,or/multnomah/portland/33.110.txt#L460,or/multnomah/portland/33.110.txt
01475,agree,,or/multnomah/portland,R20,setback_rear_ft,10,10,feet,inferred,True,"5 ft. in R7, R5 and R2.5",- Rear building setback   10 ft.   10 ft.   10 ft.   5 ft.   5 ft.   5 ft. (R20 is the second column),,or/multnomah/portland/33.110.txt#L462,or/multnomah/portland/33.110.txt
01476,agree,noted,or/multnomah/portland,R20,min_lot_sqft,12000,12000,square feet,clear,True,"6,000 sq. ft. in R10 | 4,200 sq. ft. in R7 | 3,000 sq. ft. in R5 | 1,500 sq. ft. in R2.5","Table 110-7 Triplex and Fourplex Minimum Lot Area Standard / Zone R20   Minimum Lot Area 12,000 sq. ft.","This table is specifically the triplex/fourplex standard, which is the right row for the product, and a 10 percent reducing adjustment is available until 1 Jan 2032 (L1544-L1546).",or/multnomah/portland/33.110.txt#L1550,or/multnomah/portland/33.110.txt
01477,agree,noted,or/multnomah/portland,R20,min_lot_sqft [adjustment],10.0,10,reduce percent,inferred,unknown,"the unadjusted R20 figure of 12,000 sq. ft. from Table 110-7","Adjustments to reduce the required minimum lot area by up to 10 percent may be requested prior to January 1, 2032. Beginning January 2, 2032, adjustments are prohibited.","The sentence names no zone -- it applies to every zone in Table 110-7, R20 included -- and it is discretionary and time-limited (""may be requested"", prohibited from 2 Jan 2032), so it is not a standard a screen can assume.",or/multnomah/portland/33.110.txt#L1544-L1546,or/multnomah/portland/33.110.txt
01478,unscored,unclear+noted,or/multnomah/portland,R20,coverage_curve,"[[0, 0, 50], [3000, 1500, 37.5], [5000, 2250, 15], [20000, 4500, 7.5]]",2250,"sq ft base + 15% of lot area over 5,000 sq ft (one tier of a four-tier curve)",unclear,True,"Less than 3,000 sq. ft.: 50% of lot area | 3,000 to under 5,000 sq. ft.: 1,500 sq. ft. + 37.5% of lot area over 3,000 sq. ft. | 5,000 to under 20,000 sq. ft.: 2,250 sq. ft + 15% of lot area over 5,000 sq. ft. | 20,000 sq. ft. or more: 4,500 sq. ft. + 7.5% of lot area over 20,000 sq. ft.","Table 110-5 ... 5,000 sq. ft. or more but less than 20,000 sq. ft.   2,250 sq. ft + 15% of lot area over 5,000 sq. ft.","This standard is a four-tier curve, not one number -- the table is captioned for the RF through R2.5 zones as a whole and prints no R20 column, so the tiers are the answer; the figure reported is the base of the tier a 12,000 sq. ft. R20 fourplex lot falls in.",or/multnomah/portland/33.110.txt#L780-L786,or/multnomah/portland/33.110.txt
01479,agree,noted,or/multnomah/portland,R20,setback_garage_entrance_ft,18,18,feet,clear,True,,- Garage entrance setback   18 ft.   18 ft.   18 ft.   18 ft.   18 ft.   18 ft.,"All six columns read 18 ft., so the R20 column cannot be misread.",or/multnomah/portland/33.110.txt#L464,or/multnomah/portland/33.110.txt
01480,agree,noted,or/multnomah/portland,R10,open_space_min_sqft,250,250,square feet,inferred,True,200 sq. ft. in the R2.5 column | 12 ft. x 12 ft. minimum dimension for R10,- Minimum area   250 sq. ft.   250 sq. ft.   250 sq. ft.   250 sq. ft.   250 sq. ft.   200 sq. ft.  (header: Standard | RF | R20 | R10 | R7 | R5 | R2.5),The 250 sq. ft. is paired with a 12 ft. x 12 ft. minimum-dimension shape test (L473-L474) that this area field does not hold.,"or/multnomah/portland/33.110.txt#L432-L435,L470-L474,L895-L916",or/multnomah/portland/33.110.txt
01481,agree,noted,or/multnomah/portland,R10,max_height_ft,30,30,feet,inferred,True,35 ft. in the R2.5 column,Maximum Height   30 ft.   30 ft. [3]   30 ft. [3]   30 ft. [3]   30 ft. [3]   35 ft.  (header: Standard | RF | R20 | R10 | R7 | R5 | R2.5),"The R10 cell carries footnote [3], 'Additional FAR and height may be allowed. See 33.110.265.F.', so 30 ft. is not an absolute ceiling.","or/multnomah/portland/33.110.txt#L435,L454",or/multnomah/portland/33.110.txt
01482,agree,noted,or/multnomah/portland,R10,setback_front_ft,20,20,feet,inferred,unknown,"15 ft. at the 4th column (R7) | 10 ft. at the 5th and 6th columns (R5, R2.5)",- Front building / setback   20 ft.   20 ft.   20 ft.   15 ft.   10 ft.   10 ft.,"The zone header row (L435) is not inside this passage, so the R10 column was identified only by ordinal position (3rd of six values, order RF/R20/R10/R7/R5/R2.5).",or/multnomah/portland/33.110.txt#L458,or/multnomah/portland/33.110.txt
01483,agree,noted,or/multnomah/portland,R10,setback_side_ft,10,10,feet,inferred,unknown,"5 ft. at the 4th, 5th and 6th columns (R7, R5, R2.5)",- Side building / setback   10 ft.   10 ft.   10 ft.   5 ft.   5 ft.   5 ft.,"The zone header row (L435) is not inside this passage, so the R10 column was identified only by ordinal position (3rd of six values).",or/multnomah/portland/33.110.txt#L460,or/multnomah/portland/33.110.txt
01484,agree,noted,or/multnomah/portland,R10,setback_rear_ft,10,10,feet,inferred,unknown,"5 ft. at the 4th, 5th and 6th columns (R7, R5, R2.5)",- Rear building / setback   10 ft.   10 ft.   10 ft.   5 ft.   5 ft.   5 ft.,"The zone header row (L435) is not inside this passage, so the R10 column was identified only by ordinal position (3rd of six values).",or/multnomah/portland/33.110.txt#L462,or/multnomah/portland/33.110.txt
01485,agree,,or/multnomah/portland,R10,min_lot_sqft,6000,6000,square feet,clear,True,,"Table 110-7 Triplex and Fourplex Minimum Lot Area Standard | Zone / Minimum Lot Area | R10   6,000 sq. ft.",,or/multnomah/portland/33.110.txt#L1551,or/multnomah/portland/33.110.txt
01486,agree,noted,or/multnomah/portland,R10,min_lot_sqft [adjustment],10.0,10,reduce percent,inferred,True,,"Adjustments to reduce the required minimum lot area by up to 10 percent may be requested prior to January 1, 2032. Beginning January 2, 2032, adjustments are prohibited.","The 10 percent adjustment is stated for all zones in Table 110-7 rather than for R10 specifically, and it expires on January 1, 2032.",or/multnomah/portland/33.110.txt#L1544-L1546,or/multnomah/portland/33.110.txt
01487,unscored,noted,or/multnomah/portland,R10,coverage_curve,"[[0, 0, 50], [3000, 1500, 37.5], [5000, 2250, 15], [20000, 4500, 7.5]]",50,percent of lot area (first tier only),inferred,True,"1,500 sq. ft. + 37.5% of lot area over 3,000 sq. ft. (3,000-5,000) | 2,250 sq ft + 15% of lot area over 5,000 sq. ft. (5,000-20,000) | 4,500 sq. ft. + 7.5% of lot area over 20,000 sq. ft. (20,000+)","Table 110-5 Maximum Building Coverage Allowed in the RF through R2.5 Zones | Lot Size / Maximum Building Coverage | Less than 3,000 sq. ft.   50% of lot area","Table 110-5 is a four-tier curve with no single governing figure; 50% is only the first tier (lots under 3,000 sq. ft.), and the table is stated once for all RF through R2.5 zones.",or/multnomah/portland/33.110.txt#L780-L786,or/multnomah/portland/33.110.txt
01488,agree,noted,or/multnomah/portland,R10,setback_garage_entrance_ft,18,18,feet,inferred,unknown,,- Garage entrance / setback   18 ft.   18 ft.   18 ft.   18 ft.   18 ft.   18 ft.,"The zone header row (L435) is not inside this passage, but all six columns read 18 ft. so the column choice cannot change the figure.",or/multnomah/portland/33.110.txt#L464,or/multnomah/portland/33.110.txt
01489,agree,noted,or/multnomah/portland,R7,open_space_min_sqft,250,250,square feet,inferred,True,200 sq. ft. in the R2.5 column | 12 ft. x 12 ft. minimum dimension for R7,- Minimum area   250 sq. ft.   250 sq. ft.   250 sq. ft.   250 sq. ft.   250 sq. ft.   200 sq. ft.  (header: Standard | RF | R20 | R10 | R7 | R5 | R2.5),The 250 sq. ft. is paired with a 12 ft. x 12 ft. minimum-dimension shape test (L473-L474) that this area field does not hold.,"or/multnomah/portland/33.110.txt#L432-L435,L470-L474,L895-L916",or/multnomah/portland/33.110.txt
01490,agree,noted,or/multnomah/portland,R7,max_height_ft,30,30,feet,inferred,True,35 ft. in the R2.5 column,Maximum Height   30 ft.   30 ft. [3]   30 ft. [3]   30 ft. [3]   30 ft. [3]   35 ft.  (header: Standard | RF | R20 | R10 | R7 | R5 | R2.5),"The R7 cell carries footnote [3], 'Additional FAR and height may be allowed. See 33.110.265.F.', so 30 ft. is not an absolute ceiling.","or/multnomah/portland/33.110.txt#L435,L454",or/multnomah/portland/33.110.txt
01491,agree,noted,or/multnomah/portland,R7,min_density_trigger_lot_sqft,14000,14000,square feet,clear,True,"10,000 square feet in the R5 sentence | 5,000 square feet in the R2.5 sentence","R7. In the R7 zone, a minimum of two dwelling units are required on sites that are 14,000 square feet or larger in total site area.","The trigger is stated as total SITE area, not lot area, and it comes from the prose of 33.110.205.C rather than from Table 110-3 named in the headings.","or/multnomah/portland/33.110.txt#L421,L422",or/multnomah/portland/33.110.txt
01492,agree,noted,or/multnomah/portland,R7,min_units_at_trigger,2,2,dwelling units (count),clear,True,,"R7. In the R7 zone, a minimum of two dwelling units are required on sites that are 14,000 square feet or larger in total site area.",Sites in the Constrained Sites overlay zone are exempt from this standard (L418-L419).,"or/multnomah/portland/33.110.txt#L421,L422",or/multnomah/portland/33.110.txt
01493,agree,noted,or/multnomah/portland,R7,setback_front_ft,15,15,feet,inferred,unknown,"20 ft. at the 1st-3rd columns (RF, R20, R10) | 10 ft. at the 5th and 6th columns (R5, R2.5)",- Front building / setback   20 ft.   20 ft.   20 ft.   15 ft.   10 ft.   10 ft.,"The zone header row (L435) is not inside this passage, so the R7 column was identified only by ordinal position (4th of six values, order RF/R20/R10/R7/R5/R2.5).",or/multnomah/portland/33.110.txt#L458,or/multnomah/portland/33.110.txt
01494,agree,noted,or/multnomah/portland,R7,setback_side_ft,5,5,feet,inferred,unknown,"10 ft. at the 1st-3rd columns (RF, R20, R10)",- Side building / setback   10 ft.   10 ft.   10 ft.   5 ft.   5 ft.   5 ft.,"The zone header row (L435) is not inside this passage, so the R7 column was identified only by ordinal position (4th of six values).",or/multnomah/portland/33.110.txt#L460,or/multnomah/portland/33.110.txt
01495,agree,noted,or/multnomah/portland,R7,setback_rear_ft,5,5,feet,inferred,unknown,"10 ft. at the 1st-3rd columns (RF, R20, R10)",- Rear building / setback   10 ft.   10 ft.   10 ft.   5 ft.   5 ft.   5 ft.,"The zone header row (L435) is not inside this passage, so the R7 column was identified only by ordinal position (4th of six values).",or/multnomah/portland/33.110.txt#L462,or/multnomah/portland/33.110.txt
01496,agree,,or/multnomah/portland,R7,min_lot_sqft,4200,4200,square feet,clear,True,,"Table 110-7 Triplex and Fourplex Minimum Lot Area Standard | Zone / Minimum Lot Area | R7   4,200 sq. ft.",,or/multnomah/portland/33.110.txt#L1552,or/multnomah/portland/33.110.txt
01497,agree,noted,or/multnomah/portland,R7,min_lot_sqft [adjustment],10.0,10,reduce percent,inferred,True,,"Adjustments to reduce the required minimum lot area by up to 10 percent may be requested prior to January 1, 2032. Beginning January 2, 2032, adjustments are prohibited.","The 10 percent adjustment is stated for all zones in Table 110-7 rather than for R7 specifically, and it expires on January 1, 2032.",or/multnomah/portland/33.110.txt#L1544-L1546,or/multnomah/portland/33.110.txt
01498,unscored,noted,or/multnomah/portland,R7,coverage_curve,"[[0, 0, 50], [3000, 1500, 37.5], [5000, 2250, 15], [20000, 4500, 7.5]]",50,percent of lot area (first tier only),inferred,True,"1,500 sq. ft. + 37.5% of lot area over 3,000 sq. ft. (3,000-5,000) | 2,250 sq ft + 15% of lot area over 5,000 sq. ft. (5,000-20,000) | 4,500 sq. ft. + 7.5% of lot area over 20,000 sq. ft. (20,000+)","Table 110-5 Maximum Building Coverage Allowed in the RF through R2.5 Zones | Lot Size / Maximum Building Coverage | Less than 3,000 sq. ft.   50% of lot area","Table 110-5 is a four-tier curve with no single governing figure; 50% is only the first tier (lots under 3,000 sq. ft.), and the table is stated once for all RF through R2.5 zones.",or/multnomah/portland/33.110.txt#L780-L786,or/multnomah/portland/33.110.txt
01499,agree,noted,or/multnomah/portland,R7,setback_garage_entrance_ft,18,18,feet,inferred,unknown,,- Garage entrance / setback   18 ft.   18 ft.   18 ft.   18 ft.   18 ft.   18 ft.,"The zone header row (L435) is not inside this passage, but all six columns read 18 ft. so the column choice cannot change the figure.",or/multnomah/portland/33.110.txt#L464,or/multnomah/portland/33.110.txt
01500,agree,noted,or/multnomah/portland,R5,open_space_min_sqft,250,250,square feet,inferred,True,200 sq. ft. in the R2.5 column | 12 ft. x 12 ft. minimum dimension for R5,- Minimum area   250 sq. ft.   250 sq. ft.   250 sq. ft.   250 sq. ft.   250 sq. ft.   200 sq. ft.  (header: Standard | RF | R20 | R10 | R7 | R5 | R2.5),The 250 sq. ft. is paired with a 12 ft. x 12 ft. minimum-dimension shape test (L473-L474) that this area field does not hold.,"or/multnomah/portland/33.110.txt#L432-L435,L470-L474,L895-L916",or/multnomah/portland/33.110.txt
01501,agree,noted,or/multnomah/portland,R5,max_height_ft,30,30,feet,inferred,True,35 ft. in the R2.5 column,Maximum Height   30 ft.   30 ft. [3]   30 ft. [3]   30 ft. [3]   30 ft. [3]   35 ft.  (header: Standard | RF | R20 | R10 | R7 | R5 | R2.5),"The R5 cell carries footnote [3], 'Additional FAR and height may be allowed. See 33.110.265.F.', so 30 ft. is not an absolute ceiling.","or/multnomah/portland/33.110.txt#L435,L454",or/multnomah/portland/33.110.txt
01502,agree,noted,or/multnomah/portland,R5,min_density_trigger_lot_sqft,10000,10000,square feet,clear,True,"14,000 square feet in the R7 sentence | 5,000 square feet in the R2.5 sentence","R5. In the R5 zone, a minimum of two dwelling units are required on sites that are 10,000 square feet or larger in total site area.","The trigger is stated as total SITE area, not lot area, and it comes from the prose of 33.110.205.C rather than from Table 110-3 named in the headings.","or/multnomah/portland/33.110.txt#L423,L424",or/multnomah/portland/33.110.txt
01503,agree,noted,or/multnomah/portland,R5,min_units_at_trigger,2,2,dwelling units (count),clear,True,,"R5. In the R5 zone, a minimum of two dwelling units are required on sites that are 10,000 square feet or larger in total site area.",Sites in the Constrained Sites overlay zone are exempt from this standard (L418-L419).,"or/multnomah/portland/33.110.txt#L423,L424",or/multnomah/portland/33.110.txt
01504,agree,noted,or/multnomah/portland,R5,setback_front_ft,10,10,feet,inferred,unknown,"20 ft. at the 1st-3rd columns (RF, R20, R10) | 15 ft. at the 4th column (R7)",- Front building / setback   20 ft.   20 ft.   20 ft.   15 ft.   10 ft.   10 ft.,"The zone header row (L435) is not inside this passage, so the R5 column was identified only by ordinal position (5th of six values, order RF/R20/R10/R7/R5/R2.5).",or/multnomah/portland/33.110.txt#L458,or/multnomah/portland/33.110.txt
01505,agree,noted,or/multnomah/portland,R5,setback_side_ft,5,5,feet,inferred,unknown,"10 ft. at the 1st-3rd columns (RF, R20, R10)",- Side building / setback   10 ft.   10 ft.   10 ft.   5 ft.   5 ft.   5 ft.,"The zone header row (L435) is not inside this passage, so the R5 column was identified only by ordinal position (5th of six values).",or/multnomah/portland/33.110.txt#L460,or/multnomah/portland/33.110.txt
01506,agree,noted,or/multnomah/portland,R5,setback_rear_ft,5,5,feet,inferred,unknown,"10 ft. at the 1st-3rd columns (RF, R20, R10)",- Rear building / setback   10 ft.   10 ft.   10 ft.   5 ft.   5 ft.   5 ft.,"The zone header row (L435) is not inside this passage, so the R5 column was identified only by ordinal position (5th of six values).",or/multnomah/portland/33.110.txt#L462,or/multnomah/portland/33.110.txt
01507,agree,,or/multnomah/portland,R5,min_lot_sqft,3000,3000,square feet,clear,True,,"Table 110-7 Triplex and Fourplex Minimum Lot Area Standard | Zone / Minimum Lot Area | R5   3,000 sq. ft.",,or/multnomah/portland/33.110.txt#L1553,or/multnomah/portland/33.110.txt
01508,agree,noted,or/multnomah/portland,R5,min_lot_sqft [adjustment],10.0,10,reduce percent,inferred,True,,"Adjustments to reduce the required minimum lot area by up to 10 percent may be requested prior to January 1, 2032. Beginning January 2, 2032, adjustments are prohibited.","The 10 percent adjustment is stated for all zones in Table 110-7 rather than for R5 specifically, and it expires on January 1, 2032.",or/multnomah/portland/33.110.txt#L1544-L1546,or/multnomah/portland/33.110.txt
01509,unscored,noted,or/multnomah/portland,R5,coverage_curve,"[[0, 0, 50], [3000, 1500, 37.5], [5000, 2250, 15], [20000, 4500, 7.5]]",50,percent of lot area (first tier only),inferred,True,"1,500 sq. ft. + 37.5% of lot area over 3,000 sq. ft. (3,000-5,000) | 2,250 sq ft + 15% of lot area over 5,000 sq. ft. (5,000-20,000) | 4,500 sq. ft. + 7.5% of lot area over 20,000 sq. ft. (20,000+)","Table 110-5 Maximum Building Coverage Allowed in the RF through R2.5 Zones | Lot Size / Maximum Building Coverage | Less than 3,000 sq. ft.   50% of lot area","Table 110-5 is a four-tier curve with no single governing figure; 50% is only the first tier (lots under 3,000 sq. ft.), and the table is stated once for all RF through R2.5 zones.",or/multnomah/portland/33.110.txt#L780-L786,or/multnomah/portland/33.110.txt
01510,agree,noted,or/multnomah/portland,R5,setback_garage_entrance_ft,18,18,feet,inferred,unknown,,- Garage entrance / setback   18 ft.   18 ft.   18 ft.   18 ft.   18 ft.   18 ft.,"The zone header row (L435) is not inside this passage, but all six columns read 18 ft. so the column choice cannot change the figure.",or/multnomah/portland/33.110.txt#L464,or/multnomah/portland/33.110.txt
01511,agree,noted,or/multnomah/portland,R2.5,open_space_min_sqft,200,200,square feet,inferred,True,"250 sq. ft. in the RF, R20, R10, R7 and R5 columns",- Minimum area   250 sq. ft.   250 sq. ft.   250 sq. ft.   250 sq. ft.   250 sq. ft.   200 sq. ft.  (header: Standard | RF | R20 | R10 | R7 | R5 | R2.5),"R2.5 is the one column that differs -- 200 sq. ft. with a 10 ft. x 10 ft. minimum dimension, not the 250 sq. ft. / 12 ft. x 12 ft. that the other five zones read.","or/multnomah/portland/33.110.txt#L432-L435,L470-L474,L895-L916",or/multnomah/portland/33.110.txt
01512,agree,noted,or/multnomah/portland,R2.5,min_density_trigger_lot_sqft,5000,5000,square feet,clear,True,"14,000 square feet in the R7 sentence | 10,000 square feet in the R5 sentence","R2.5. In the R2.5 zone, a minimum of two dwelling units are required on sites that are 5,000 square feet or larger in total site area.","The trigger is stated as total SITE area, not lot area, and it comes from the prose of 33.110.205.C rather than from Table 110-3 named in the headings.","or/multnomah/portland/33.110.txt#L425,L426",or/multnomah/portland/33.110.txt
01513,agree,noted,or/multnomah/portland,R2.5,min_units_at_trigger,2,2,dwelling units (count),clear,True,,"R2.5. In the R2.5 zone, a minimum of two dwelling units are required on sites that are 5,000 square feet or larger in total site area.",Sites in the Constrained Sites overlay zone are exempt from this standard (L419).,"or/multnomah/portland/33.110.txt#L425,L426",or/multnomah/portland/33.110.txt
01514,agree,noted,or/multnomah/portland,R2.5,setback_front_ft,10,10,feet,inferred,unknown,"20 ft. at the 1st-3rd columns (RF, R20, R10) | 15 ft. at the 4th column (R7)",- Front building / setback   20 ft.   20 ft.   20 ft.   15 ft.   10 ft.   10 ft.,"The zone header row (L435) is not inside this passage, so the R2.5 column was identified only by ordinal position (6th of six values, order RF/R20/R10/R7/R5/R2.5).",or/multnomah/portland/33.110.txt#L458,or/multnomah/portland/33.110.txt
01515,agree,noted,or/multnomah/portland,R2.5,setback_side_ft,5,5,feet,inferred,unknown,"10 ft. at the 1st-3rd columns (RF, R20, R10)",- Side building / setback   10 ft.   10 ft.   10 ft.   5 ft.   5 ft.   5 ft.,"The zone header row (L435) is not inside this passage, so the R2.5 column was identified only by ordinal position (6th of six values).",or/multnomah/portland/33.110.txt#L460,or/multnomah/portland/33.110.txt
01516,agree,noted,or/multnomah/portland,R2.5,setback_rear_ft,5,5,feet,inferred,unknown,"10 ft. at the 1st-3rd columns (RF, R20, R10)",- Rear building / setback   10 ft.   10 ft.   10 ft.   5 ft.   5 ft.   5 ft.,"The zone header row (L435) is not inside this passage, so the R2.5 column was identified only by ordinal position (6th of six values).",or/multnomah/portland/33.110.txt#L462,or/multnomah/portland/33.110.txt
01517,agree,,or/multnomah/portland,R2.5,min_lot_sqft,1500,1500,square feet,clear,True,,"Table 110-7 Triplex and Fourplex Minimum Lot Area Standard | Zone / Minimum Lot Area | R2.5   1,500 sq. ft.",,or/multnomah/portland/33.110.txt#L1554,or/multnomah/portland/33.110.txt
01518,agree,noted,or/multnomah/portland,R2.5,min_lot_sqft [adjustment],10.0,10,reduce percent,inferred,True,,"Adjustments to reduce the required minimum lot area by up to 10 percent may be requested prior to January 1, 2032. Beginning January 2, 2032, adjustments are prohibited.","The 10 percent adjustment is stated for all zones in Table 110-7 rather than for R2.5 specifically, and it expires on January 1, 2032.",or/multnomah/portland/33.110.txt#L1544-L1546,or/multnomah/portland/33.110.txt
01519,unscored,noted,or/multnomah/portland,R2.5,coverage_curve,"[[0, 0, 50], [3000, 1500, 37.5], [5000, 2250, 15], [20000, 4500, 7.5]]",50,percent of lot area (first tier only),inferred,True,"1,500 sq. ft. + 37.5% of lot area over 3,000 sq. ft. (3,000-5,000) | 2,250 sq ft + 15% of lot area over 5,000 sq. ft. (5,000-20,000) | 4,500 sq. ft. + 7.5% of lot area over 20,000 sq. ft. (20,000+)","Table 110-5 Maximum Building Coverage Allowed in the RF through R2.5 Zones | Lot Size / Maximum Building Coverage | Less than 3,000 sq. ft.   50% of lot area","Table 110-5 is a four-tier curve with no single governing figure; 50% is only the first tier (lots under 3,000 sq. ft.), and the table is stated once for all RF through R2.5 zones.",or/multnomah/portland/33.110.txt#L780-L786,or/multnomah/portland/33.110.txt
01520,agree,noted,or/multnomah/portland,R2.5,max_height_ft,35,35,feet,clear,True,"30 ft. in RF | 30 ft. [3] in R20, R10, R7 and R5",Maximum Height … 35 ft. (sixth and last column under header 'Standard RF R20 R10 R7 R5 R2.5'),"The R2.5 cell alone carries no footnote marker, while the R20-R5 cells are qualified by [3].","or/multnomah/portland/33.110.txt#L435,L454",or/multnomah/portland/33.110.txt
01521,agree,noted,or/multnomah/portland,R2.5,setback_garage_entrance_ft,18,18,feet,inferred,True,,- Garage entrance setback … 18 ft. (every district column on the row reads 18 ft.),"The column header row is not inside this passage window, but all six district columns on the row print 18 ft., so the column choice cannot change the figure.",or/multnomah/portland/33.110.txt#L464,or/multnomah/portland/33.110.txt
01522,agree,noted,or/multnomah/portland,RM1,parking_max_per_unit,1.35,1.35,spaces per unit,inferred,True,1 per 2 units under Standard A (EX zones) | No maximum under Standard B outside a commercial/mixed use or multi-dwelling zone,"Household Living … Standard B: 'No maximum, except 1.35 per unit on sites that are in a commercial/mixed use or multi-dwelling zone.'","Reached by chaining Table 266-1 ('OS, R, C, CI, EG, I, IR — Maximum is Standard B') to the Standard B cell; the unmarked next lines add 'Houses, attached houses and duplexes are exempt', which is a qualifier a 4-unit attached building may or may not fall under.","or/multnomah/portland/33.266.txt#L139,L153-L155,L157,L159-L162",or/multnomah/portland/33.266.txt
01523,agree,noted,or/multnomah/portland,RM1,open_space_min_sqft,48.0,48,sq ft per dwelling unit,clear,True,"36 sq ft per dwelling unit in RM3/RM4 on sites 20,000 sq ft or less | 48 sq ft per dwelling unit in RM3/RM4 on sites over 20,000 sq ft","a. RM1 and RM2 zones. In the RM1 and RM2 zones, at least 48 square feet of outdoor area is required per dwelling unit.","Stated per dwelling unit, not as a flat per-site area, so a four-unit pod owes 4 x 48.","or/multnomah/portland/33.120.txt#L1487-L1491,L1497-L1508",or/multnomah/portland/33.120.txt
01524,agree,noted,or/multnomah/portland,RM1,min_lot_sqft,4000,4000,square feet,inferred,True,10 foot front lot line in the RX zone,"RM1 through RM4 Zones / Lot / Adjusted Lot … 33 feet wide and 4,000 sq. ft.","The cell states width and area together ('33 feet wide and 4,000 sq. ft.') and it is the Lot / Adjusted Lot row of a minimum-lot-size table, not a per-fourplex minimum; the Lot Remnant and Lot of Record rows show no value in this window.",or/multnomah/portland/33.120.txt#L458-L460,or/multnomah/portland/33.120.txt
01525,agree,noted,or/multnomah/portland,RM1,min_lot_width_ft,33,33,feet,inferred,True,10 foot front lot line in the RX zone,"RM1 through RM4 Zones / Lot / Adjusted Lot … 33 feet wide and 4,000 sq. ft.","One cell carries both the width and the area; the table is headed 'Minimum Lot Size Requirements', so this is a land-division width rather than a stated 'lot width' standard.",or/multnomah/portland/33.120.txt#L458-L460,or/multnomah/portland/33.120.txt
01526,agree,noted,or/multnomah/portland,RM1,setback_front_ft,10,10,feet,inferred,True,"10 ft. in RM2, RM3 and RMP | 5 ft. in RM4 | 0 ft. in RX",- Front building setback … 10 ft. (first of six district columns),"The Table 120-4 header row is above this passage window; RM1 read as the first of the six value columns, confirmed by the other rows in the window carrying six values in the same order.",or/multnomah/portland/33.120.txt#L541-L542,or/multnomah/portland/33.120.txt
01527,agree,noted,or/multnomah/portland,RM1,setback_side_ft,5,5,feet,inferred,True,5/10 ft. [1] in RM3 and RM4 | 0 ft. in RX | 10 ft. in RMP,- Side and rear building setback. … 5 ft. [1] (first of six district columns),"The cell carries footnote [1] (Eastern Pattern Area special rear building setback, per the notes line below the table) and the row combines side and rear into one value.",or/multnomah/portland/33.120.txt#L543-L544,or/multnomah/portland/33.120.txt
01528,agree,noted,or/multnomah/portland,RM1,setback_rear_ft,5,5,feet,inferred,True,5/10 ft. [1] in RM3 and RM4 | 0 ft. in RX | 10 ft. in RMP,- Side and rear building setback. … 5 ft. [1] (first of six district columns),"Footnote [1] points to a special Eastern Pattern Area rear setback, which is exactly the standard being encoded here, so the flat 5 ft. is not the whole rule.",or/multnomah/portland/33.120.txt#L543-L544,or/multnomah/portland/33.120.txt
01529,agree,noted,or/multnomah/portland,RM1,setback_garage_entrance_ft,18,18,feet,inferred,True,"5/18 ft. in RM2, RM3, RM4 and RX | 18 ft. in RMP",- Garage entrance setback … 18 ft. (first of six district columns),RM1 prints a single 18 ft. while the four middle columns print a two-band '5/18 ft.'; the cross-reference (See 33.120.220) is not in this passage.,or/multnomah/portland/33.120.txt#L545-L546,or/multnomah/portland/33.120.txt
01530,agree,noted,or/multnomah/portland,RM1,max_height_ft,35,35,feet,inferred,True,45 ft. RM2 | 65 ft. RM3 | 75/100 ft. RM4 | 100 ft. RX | 35 ft. step-down within 25 ft. of a lot line abutting RF-R2.5 zones,Base Height (See 33.120.215) … 35 ft. (first of six district columns),"The row is labelled 'Base Height'; the step-down rows below it can lower the ceiling near RF-R2.5 zones, though in RM1 both read 35 ft.",or/multnomah/portland/33.120.txt#L529,or/multnomah/portland/33.120.txt
01531,agree,,or/multnomah/portland,RM1,max_far,1.0,1,ratio (FAR x to 1),inferred,True,FAR of 1.5 to 1 RM2 | FAR of 2 to 1 RM3 | FAR of 4 to 1 or 3 to 1 RM4 | FAR of 4 to 1 RX,Maximum FAR (See 33.120.210) … FAR of 1 to 1 (RM1 column of header 'Standard RM1 RM2 RM3 RM4 RX RMP'),,or/multnomah/portland/33.120.txt#L517-L518,or/multnomah/portland/33.120.txt
01532,agree,,or/multnomah/portland,RM1,max_coverage_pct,50,50,percent,inferred,True,60/70% of site area RM2 | 85% RM3 and RM4 | 100% RX | 50% RMP,Max. Building Coverage (See 33.120.225) … 50% of site area (first of six district columns),,or/multnomah/portland/33.120.txt#L553-L554,or/multnomah/portland/33.120.txt
01533,agree,,or/multnomah/portland,RM1,min_landscaped_pct,30,30,percent,inferred,True,20% of site area RM2 | 15% RM3 and RM4 | none in RX | 30% RMP,Min. Landscaped Area (See 33.120.235) … 30% of site area (first of six district columns),,or/multnomah/portland/33.120.txt#L558-L559,or/multnomah/portland/33.120.txt
01534,agree,noted,or/multnomah/portland,RM1,min_density_du_per_acre,2500.0,2500,sq ft of site area per dwelling unit,inferred,True,"1 unit per 1,450 sq. ft. RM2 | 1 unit per 1,000 sq. ft. RM3 and RM4 | 1 unit per 500 sq. ft. RX | 1 unit per 1,875 sq. ft. RMP","Minimum Density (See 33.120.213) … 1 unit per 2,500 sq. ft. of site area (RM1 column)","The code states the density floor as site area per unit, not as units per acre, so the printed operand 2,500 is not in the field's unit (it works out near 17.4 units/acre).","or/multnomah/portland/33.120.txt#L513-L515,L526-L528",or/multnomah/portland/33.120.txt
01535,agree,noted,or/multnomah/portland,RM2,parking_max_per_unit,1.35,1.35,spaces per unit,inferred,True,1 per 2 units under Standard A (EX zones) | No maximum under Standard B outside a commercial/mixed use or multi-dwelling zone,"Household Living … Standard B: 'No maximum, except 1.35 per unit on sites that are in a commercial/mixed use or multi-dwelling zone.'","Reached by chaining Table 266-1 ('OS, R, C, CI, EG, I, IR — Maximum is Standard B') to the Standard B cell; the unmarked lines below add that houses, attached houses and duplexes are exempt.","or/multnomah/portland/33.266.txt#L139,L153-L155,L157,L159-L162",or/multnomah/portland/33.266.txt
01536,agree,noted,or/multnomah/portland,RM2,open_space_min_sqft,48.0,48,sq ft per dwelling unit,clear,True,"36 sq ft per dwelling unit in RM3/RM4 on sites 20,000 sq ft or less | 48 sq ft per dwelling unit in RM3/RM4 on sites over 20,000 sq ft","a. RM1 and RM2 zones. In the RM1 and RM2 zones, at least 48 square feet of outdoor area is required per dwelling unit.","Stated per dwelling unit, not as a flat per-site area.","or/multnomah/portland/33.120.txt#L1487-L1491,L1497-L1508",or/multnomah/portland/33.120.txt
01537,agree,noted,or/multnomah/portland,RM2,min_lot_sqft,4000,4000,square feet,inferred,True,10 foot front lot line in the RX zone,"RM1 through RM4 Zones / Lot / Adjusted Lot … 33 feet wide and 4,000 sq. ft.","The cell states width and area together and governs RM1 through RM4 as a block; it is a minimum lot size for a lot, not a per-fourplex minimum.",or/multnomah/portland/33.120.txt#L458-L460,or/multnomah/portland/33.120.txt
01538,agree,noted,or/multnomah/portland,RM2,min_lot_width_ft,33,33,feet,inferred,True,10 foot front lot line in the RX zone,"RM1 through RM4 Zones / Lot / Adjusted Lot … 33 feet wide and 4,000 sq. ft.","One cell carries both the width and the area, under a table headed 'Minimum Lot Size Requirements'.",or/multnomah/portland/33.120.txt#L458-L460,or/multnomah/portland/33.120.txt
01539,agree,noted,or/multnomah/portland,RM2,setback_front_ft,10,10,feet,inferred,True,"10 ft. in RM1, RM3 and RMP | 5 ft. in RM4 | 0 ft. in RX",- Front building setback … 10 ft. (second of six district columns),The Table 120-4 header row is above this passage window; RM2 read as the second of six value columns.,or/multnomah/portland/33.120.txt#L541-L542,or/multnomah/portland/33.120.txt
01540,agree,noted,or/multnomah/portland,RM2,setback_side_ft,5,5,feet,inferred,True,5/10 ft. [1] in RM3 and RM4 | 0 ft. in RX | 10 ft. in RMP,- Side and rear building setback. … 5 ft. [1] (second of six district columns),The cell carries footnote [1] and the row combines side and rear into a single value.,or/multnomah/portland/33.120.txt#L543-L544,or/multnomah/portland/33.120.txt
01541,agree,noted,or/multnomah/portland,RM2,setback_rear_ft,5,5,feet,inferred,True,5/10 ft. [1] in RM3 and RM4 | 0 ft. in RX | 10 ft. in RMP,- Side and rear building setback. … 5 ft. [1] (second of six district columns),"Footnote [1] points to a special Eastern Pattern Area rear setback, which is the standard being encoded here, so the flat 5 ft. is not the whole rule.",or/multnomah/portland/33.120.txt#L543-L544,or/multnomah/portland/33.120.txt
01542,agree,unclear+noted,or/multnomah/portland,RM2,setback_garage_entrance_ft,18,18,feet,unclear,True,5 ft. — the other band of the same '5/18 ft.' cell,- Garage entrance setback … 5/18 ft. (second of six district columns),"The cell prints two bands, '5/18 ft.', and nothing in this passage says which band applies; I report the deeper one because the standard is a minimum, but 5 is equally stated.",or/multnomah/portland/33.120.txt#L545-L546,or/multnomah/portland/33.120.txt
01543,agree,noted,or/multnomah/portland,RM2,max_height_ft,45,45,feet,inferred,True,35 ft. RM1 and RMP | 65 ft. RM3 | 75/100 ft. RM4 | 100 ft. RX | 35 ft. step-down within 25 ft. of a lot line abutting RF-R2.5 zones,Base Height (See 33.120.215) … 45 ft. (second of six district columns),The row is 'Base Height'; the step-down rows below cut RM2 to 35 ft. within 25 ft. of a lot line abutting an RF-R2.5 zone.,or/multnomah/portland/33.120.txt#L529,or/multnomah/portland/33.120.txt
01544,agree,,or/multnomah/portland,RM2,max_far,1.5,1.5,ratio (FAR x to 1),inferred,True,FAR of 1 to 1 RM1 | FAR of 2 to 1 RM3 | FAR of 4 to 1 or 3 to 1 RM4 | FAR of 4 to 1 RX,Maximum FAR (See 33.120.210) … FAR of 1.5 to 1 (RM2 column of header 'Standard RM1 RM2 RM3 RM4 RX RMP'),,or/multnomah/portland/33.120.txt#L517-L518,or/multnomah/portland/33.120.txt
01545,agree,unclear+noted,or/multnomah/portland,RM2,max_coverage_pct,60,60,percent,unclear,True,70% of site area — the other band of the same cell | 50% RM1 and RMP | 85% RM3 and RM4 | 100% RX,Max. Building Coverage (See 33.120.225) … 60/70% of site area (second of six district columns),"The RM2 cell prints two bands, '60/70% of site area', and this passage does not say which applies; the split is made in 33.120.225, which is not in the window.",or/multnomah/portland/33.120.txt#L553-L554,or/multnomah/portland/33.120.txt
01546,agree,noted,or/multnomah/portland,RM2,max_coverage_pct [civic_corridor],70,70,percent,clear,True,60 percent of site area on all other RM2 sites,"In the RM2 zone, maximum building coverage on sites that abut a Civic Corridor or Neighborhood Corridor shown on Map 120-1 is 70 percent of site area.","The 70 percent band depends on abutting a corridor shown on Map 120-1, a map fact rather than a lot dimension.",or/multnomah/portland/33.120.txt#L1240-L1243,or/multnomah/portland/33.120.txt
01547,agree,,or/multnomah/portland,RM2,min_landscaped_pct,20,20,percent,inferred,True,30% of site area RM1 and RMP | 15% RM3 and RM4 | none in RX,Min. Landscaped Area (See 33.120.235) … 20% of site area (second of six district columns),,or/multnomah/portland/33.120.txt#L558-L559,or/multnomah/portland/33.120.txt
01548,agree,noted,or/multnomah/portland,RM2,min_density_du_per_acre,1450.0,1450,sq ft of site area per dwelling unit,inferred,True,"1 unit per 2,500 sq. ft. RM1 | 1 unit per 1,000 sq. ft. RM3 and RM4 | 1 unit per 500 sq. ft. RX | 1 unit per 1,875 sq. ft. RMP","Minimum Density (See 33.120.213) … 1 unit per 1,450 sq. ft. of site area (RM2 column)","The code states the density floor as site area per unit, not as units per acre, so the printed operand 1,450 is not in the field's unit (near 30 units/acre).","or/multnomah/portland/33.120.txt#L513-L515,L526-L528",or/multnomah/portland/33.120.txt
01549,agree,noted,or/multnomah/portland,RM3,parking_max_per_unit,1.35,1.35,spaces per unit,inferred,True,1 per 2 units under Standard A (EX zones) | No maximum under Standard B outside a commercial/mixed use or multi-dwelling zone,"Household Living … Standard B: 'No maximum, except 1.35 per unit on sites that are in a commercial/mixed use or multi-dwelling zone.'","Reached by chaining Table 266-1 ('OS, R, C, CI, EG, I, IR — Maximum is Standard B') to the Standard B cell; the unmarked lines below add that houses, attached houses and duplexes are exempt.","or/multnomah/portland/33.266.txt#L139,L153-L155,L157,L159-L162",or/multnomah/portland/33.266.txt
01550,agree_alt,unclear+noted,or/multnomah/portland,RM3,open_space_min_sqft,48.0,36,sq ft per dwelling unit,unclear,True,"48 sq ft per dwelling unit on RM3/RM4 sites more than 20,000 sq ft in total area | 48 sq ft per dwelling unit in RM1 and RM2","b. RM3 and RM4 zones. In the RM3 and RM4 zones, on sites that are 20,000 square feet or less in total area, at least 36 square feet of outdoor area is required per dwelling unit.","RM3 is banded on total site area and the item carries no condition: 36 applies at 20,000 sq ft or less, 48 above it, and the figure is also per dwelling unit rather than a flat site area.","or/multnomah/portland/33.120.txt#L1487-L1491,L1497-L1508",or/multnomah/portland/33.120.txt
01551,agree,noted,or/multnomah/portland,RM3,min_lot_sqft,4000,4000,square feet,inferred,True,10 foot front lot line in the RX zone,"RM1 through RM4 Zones / Lot / Adjusted Lot … 33 feet wide and 4,000 sq. ft.","The cell states width and area together and governs RM1 through RM4 as a block; it is a minimum lot size for a lot, not a per-fourplex minimum.",or/multnomah/portland/33.120.txt#L458-L460,or/multnomah/portland/33.120.txt
01552,agree,noted,or/multnomah/portland,RM3,min_lot_width_ft,33,33,feet,inferred,True,10 foot front lot line in the RX zone,"RM1 through RM4 Zones / Lot / Adjusted Lot … 33 feet wide and 4,000 sq. ft.","One cell carries both the width and the area, under a table headed 'Minimum Lot Size Requirements'.",or/multnomah/portland/33.120.txt#L458-L460,or/multnomah/portland/33.120.txt
01553,agree,noted,or/multnomah/portland,RM3,setback_front_ft,10,10,feet,inferred,True,"5 ft. in RM4 | 10 ft. in RM1, RM2 and RMP | 0 ft. in RX","- Front building setback … 10 [gap] ft. (third of six district columns), followed by 5 ft. in RM4","The extraction splits the RM3 cell ('10' and 'ft.' land far apart, with RM4's '5 ft.' printed immediately after the stray 'ft.'), so the row is easy to misread as RM3 = 5 ft.",or/multnomah/portland/33.120.txt#L541-L542,or/multnomah/portland/33.120.txt
01554,agree,unclear+noted,or/multnomah/portland,RM3,setback_side_ft,10,10,feet,unclear,True,"5 feet for buildings that are up to 55 feet tall | 5 feet from a side lot line that is a street lot line, for buildings over 55 ft",b. Buildings more than 55 feet tall. The required minimum side and rear building setback for buildings that are more than 55 feet tall is 10 feet from a side or rear lot line that is not a street lot line,"The passage states no single unconditioned figure for RM3: it is 5 ft up to 55 feet tall and 10 ft above that, so 10 is the base only in the sense that it is what applies when the height is not established.",or/multnomah/portland/33.120.txt#L990-L997,or/multnomah/portland/33.120.txt
01555,agree,noted,or/multnomah/portland,RM3,setback_side_ft [low_rise],5,5,feet,clear,True,"10 feet for buildings more than 55 feet tall, from a lot line that is not a street lot line",a. Buildings that are up to 55 feet tall. The required minimum side and rear building setback for buildings that are up to 55 feet tall is 5 feet.,Minor projections allowed by 33.120.215.C do not count toward the 55-foot height measurement.,or/multnomah/portland/33.120.txt#L990-L997,or/multnomah/portland/33.120.txt
01556,agree,unclear+noted,or/multnomah/portland,RM3,setback_rear_ft,10,10,feet,unclear,True,"5 feet for buildings that are up to 55 feet tall | 5 feet from a rear lot line that is a street lot line, for buildings over 55 ft | 25 percent of total site depth in the Eastern Pattern Area",b. Buildings more than 55 feet tall. The required minimum side and rear building setback for buildings that are more than 55 feet tall is 10 feet from a side or rear lot line that is not a street lot line,"No single unconditioned figure is stated (5 ft up to 55 feet tall, 10 ft above), and the immediately following unmarked paragraph replaces the rear setback entirely in the Eastern Pattern Area with 25 percent of site depth.",or/multnomah/portland/33.120.txt#L990-L997,or/multnomah/portland/33.120.txt
01557,agree,noted,or/multnomah/portland,RM3,setback_rear_ft [low_rise],5,5,feet,clear,True,"10 feet for buildings more than 55 feet tall, from a lot line that is not a street lot line | 25 percent of total site depth in the Eastern Pattern Area",a. Buildings that are up to 55 feet tall. The required minimum side and rear building setback for buildings that are up to 55 feet tall is 5 feet.,The unmarked paragraph immediately below replaces the rear setback in the Eastern Pattern Area with 25 percent of the total depth of the site.,or/multnomah/portland/33.120.txt#L990-L997,or/multnomah/portland/33.120.txt
01558,agree,noted,or/multnomah/portland,RM3,setback_street_side_ft,5,5,feet,inferred,True,"10 feet from a side or rear lot line that is not a street lot line, for buildings over 55 ft",…and 5 feet from a side or rear lot line that is a street lot line.,"The 5 ft street-lot-line figure is printed only inside the 'buildings more than 55 feet tall' subparagraph; for a building up to 55 feet tall the preceding unmarked subparagraph gives 5 feet for all side and rear lot lines, so 5 holds either way but the marked lines alone do not cover a low building.",or/multnomah/portland/33.120.txt#L994-L997,or/multnomah/portland/33.120.txt
01559,agree,unclear+noted,or/multnomah/portland,RM3,setback_garage_entrance_ft,18,18,feet,unclear,True,5 ft. — the other band of the same '5/18 ft.' cell,- Garage entrance setback … 5/18 ft. (third of six district columns),"The cell prints two bands, '5/18 ft.', and nothing in this passage says which band applies; I report the deeper one because the standard is a minimum, but 5 is equally stated.",or/multnomah/portland/33.120.txt#L545-L546,or/multnomah/portland/33.120.txt
01560,agree,noted,or/multnomah/portland,RM3,max_height_ft,65,65,feet,inferred,True,35 ft. Step-down Height within 25 ft. of a lot line abutting RF-R2.5 zones (L534),Base Height (See 33.120.215)   35 ft.   45 ft.   65 ft.   75/100 ft.   100 ft.   35 ft. -- third value column,The Table 120-4 header row (RM1 | RM2 | RM3 | RM4 | RX | RMP) is not inside this passage; RM3 is read as the third of the six value columns.,or/multnomah/portland/33.120.txt#L529,or/multnomah/portland/33.120.txt
01561,agree,,or/multnomah/portland,RM3,max_far,2.0,2,ratio (FAR x to 1),clear,True,,Maximum FAR (See 33.120.210)   FAR of 1 to 1   FAR of 1.5 to 1   FAR of 2 to 1   FAR of 4 to 1 or 3 to 1   FAR of 4 to 1   NA,,or/multnomah/portland/33.120.txt#L517-L518,or/multnomah/portland/33.120.txt
01562,agree,noted,or/multnomah/portland,RM3,max_coverage_pct,85,85,percent,inferred,True,,Max. Building Coverage   50% of site area   60/70% of site area   85% of site area   85% of site area   100% of site area   50% of site area,"Header row is not in this passage; RM3 read as the third of six value columns -- the RM4 column beside it also reads 85%, so a one-column slip would not change the answer.",or/multnomah/portland/33.120.txt#L553-L554,or/multnomah/portland/33.120.txt
01563,agree,noted,or/multnomah/portland,RM3,min_landscaped_pct,15,15,percent,inferred,True,,Min. Landscaped Area (See 33.120.235)   30% of site area   20% of site area   15% of site area   15% of site area   none   30% of site area,Header row is not in this passage; RM3 read as the third of six value columns (the RM4 column also reads 15%).,or/multnomah/portland/33.120.txt#L558-L559,or/multnomah/portland/33.120.txt
01564,agree,noted,or/multnomah/portland,RM3,min_density_du_per_acre,1000.0,1000,sq ft per dwelling unit,clear,True,,"Minimum Density (See 33.120.213)   1 unit per 2,500 sq. ft. of site area   1 unit per 1,450 sq. ft. of site area   1 unit per 1,000 sq. ft. of site area","The field asks units per acre; the code states the density floor as site area per unit (1 unit per 1,000 sq. ft. of site area), so the printed operand is 1000 square feet, not a units-per-acre figure.","or/multnomah/portland/33.120.txt#L513-L515,L526-L528",or/multnomah/portland/33.120.txt
01565,agree,noted,or/multnomah/portland,RM4,parking_max_per_unit,1.35,1.35,spaces per unit,inferred,True,"1 per 2 units -- Standard A, which Table 266-1 applies to the EX zone | No maximum where the site is not in a commercial/mixed use or multi-dwelling zone","Household Living   1 per 2 units   No maximum, except 1.35 per unit on sites that are in a commercial/mixed use or multi-dwelling zone.","RM4 is never named: Table 266-1 routes the 'R' zone group to Standard B, and 1.35 binds because RM4 is a multi-dwelling zone; the uncited L163-164 exempts 'Houses, attached houses and duplexes', which could reach a 4-unit attached townhouse on unit lots.","or/multnomah/portland/33.266.txt#L139,L153-L155,L157,L159-L162",or/multnomah/portland/33.266.txt
01566,agree_alt,unclear+noted,or/multnomah/portland,RM4,open_space_min_sqft,48.0,36,sq ft per dwelling unit,unclear,True,"48 sq. ft. per dwelling unit on sites more than 20,000 sq. ft. in total area | 48 sq. ft. per dwelling unit is the RM1 and RM2 figure","RM3 and RM4 zones. In the RM3 and RM4 zones, on sites that are 20,000 square feet or less in total area, at least 36 square feet of outdoor area is required per dwelling unit.","Two figures govern by site size -- 36 per unit at 20,000 sq. ft. or less and 48 per unit above that -- and the passage cannot settle which without the lot area; the uncited L1510-1512 adds a separate 10 percent common-area requirement above 20,000 sq. ft.","or/multnomah/portland/33.120.txt#L1487-L1491,L1497-L1508",or/multnomah/portland/33.120.txt
01567,agree,,or/multnomah/portland,RM4,min_lot_sqft,4000,4000,square feet,clear,True,,"RM1 through RM4 Zones / Lot / Adjusted Lot / Lot Remnant / Lot of Record   33 feet wide and 4,000 sq. ft.",,or/multnomah/portland/33.120.txt#L458-L460,or/multnomah/portland/33.120.txt
01568,agree,,or/multnomah/portland,RM4,min_lot_width_ft,33,33,feet,clear,True,,"RM1 through RM4 Zones / Lot / Adjusted Lot / Lot Remnant / Lot of Record   33 feet wide and 4,000 sq. ft.",,or/multnomah/portland/33.120.txt#L458-L460,or/multnomah/portland/33.120.txt
01569,agree,noted,or/multnomah/portland,RM4,setback_front_ft,5,5,feet,inferred,True,"10 ft. -- the value in the three columns to the left (RM1, RM2, RM3)",- Front building setback   10 ft.   10 ft.   10 ft.   5 ft.   0 ft.   10 ft. -- fourth value column,The header row is not in this passage and the extractor runs the RM3 and RM4 cells together ('10        ft.   5 ft.'); read as six columns the RM4 value is 5 ft.,or/multnomah/portland/33.120.txt#L541-L542,or/multnomah/portland/33.120.txt
01570,agree,noted,or/multnomah/portland,RM4,setback_side_ft,10,10,feet,inferred,True,5 ft. for buildings that are up to 55 feet tall | 5 ft. from a side or rear lot line that is a street lot line,Buildings more than 55 feet tall. The required minimum side and rear building setback for buildings that are more than 55 feet tall is 10 feet from a side or rear lot line that is not a street lot line,"The passage splits this standard by building height (5 ft up to 55 ft tall, 10 ft above it); with no height stated, 10 ft is the deeper of the two and applies only from a lot line that is not a street lot line.",or/multnomah/portland/33.120.txt#L990-L997,or/multnomah/portland/33.120.txt
01571,agree,,or/multnomah/portland,RM4,setback_side_ft [low_rise],5,5,feet,clear,True,"10 ft. for buildings more than 55 feet tall, from a lot line that is not a street lot line",Buildings that are up to 55 feet tall. The required minimum side and rear building setback for buildings that are up to 55 feet tall is 5 feet.,,or/multnomah/portland/33.120.txt#L990-L997,or/multnomah/portland/33.120.txt
01572,agree,noted,or/multnomah/portland,RM4,setback_rear_ft,10,10,feet,inferred,True,5 ft. for buildings that are up to 55 feet tall | 25 percent of the total depth of the site in the Eastern Pattern Area (L999-L1001),Buildings more than 55 feet tall. The required minimum side and rear building setback for buildings that are more than 55 feet tall is 10 feet from a side or rear lot line that is not a street lot line,One sentence governs side and rear together; the Eastern Pattern Area rule immediately below replaces the rear figure with 25 percent of site depth on the sites Map 120-3 covers.,or/multnomah/portland/33.120.txt#L990-L997,or/multnomah/portland/33.120.txt
01573,agree,noted,or/multnomah/portland,RM4,setback_rear_ft [low_rise],5,5,feet,clear,True,"10 ft. for buildings more than 55 feet tall, from a lot line that is not a street lot line | 25 percent of the total depth of the site in the Eastern Pattern Area (L999-L1001)",Buildings that are up to 55 feet tall. The required minimum side and rear building setback for buildings that are up to 55 feet tall is 5 feet.,The Eastern Pattern Area rear setback (25 percent of total site depth) overrides this figure where it applies.,or/multnomah/portland/33.120.txt#L990-L997,or/multnomah/portland/33.120.txt
01574,agree,noted,or/multnomah/portland,RM4,setback_street_side_ft,5,5,feet,inferred,True,10 ft. from a side or rear lot line that is not a street lot line,and 5 feet from a side or rear lot line that is a street lot line.,"The cited lines state the street-lot-line figure only inside the 'more than 55 feet tall' paragraph; for buildings up to 55 feet subsection a gives 5 feet generally, so the street-side figure is 5 ft either way.",or/multnomah/portland/33.120.txt#L994-L997,or/multnomah/portland/33.120.txt
01575,agree,unclear+noted,or/multnomah/portland,RM4,setback_garage_entrance_ft,18,18,feet,unclear,True,5 ft. -- the other half of the '5/18 ft.' cell,- Garage entrance setback   18 ft.   5/18 ft.   5/18 ft.   5/18 ft.   5/18 ft.   18 ft. -- fourth value column reads '5/18 ft.',"The RM4 cell prints two figures and this passage states no condition selecting between them (the table only points to 33.120.220); 18 ft is the binding, deeper half.",or/multnomah/portland/33.120.txt#L545-L546,or/multnomah/portland/33.120.txt
01576,agree,unclear+noted,or/multnomah/portland,RM4,max_height_ft,75,75,feet,unclear,True,100 ft. -- the other half of the '75/100 ft.' cell | 35 ft. Step-down Height within 25 ft. of a lot line abutting RF-R2.5 zones (L534),Base Height (See 33.120.215)   35 ft.   45 ft.   65 ft.   75/100 ft.   100 ft.   35 ft. -- fourth value column,The RM4 cell prints '75/100 ft.' and the passage gives no condition selecting between them; 75 is the lower and therefore the binding ceiling. The header row is also outside this passage.,or/multnomah/portland/33.120.txt#L529,or/multnomah/portland/33.120.txt
01577,agree_alt,noted,or/multnomah/portland,RM4,max_far,3.0,4,ratio (FAR x to 1),clear,True,3 to 1 in Historic Districts and Conservation Districts,"In the RM4 zone the maximum FAR is 4 to 1, except in Historic Districts and Conservation Districts, where the maximum FAR is 3 to 1.","The 3-to-1 exception turns on an overlay district, a site condition rather than a zone condition; bonus floor area under 33.120.211 and transfers under Subsection D can also raise it.",or/multnomah/portland/33.120.txt#L574-L576,or/multnomah/portland/33.120.txt
01578,agree,noted,or/multnomah/portland,RM4,max_coverage_pct,85,85,percent,inferred,True,,Max. Building Coverage   50% of site area   60/70% of site area   85% of site area   85% of site area   100% of site area   50% of site area -- fourth value column,Header row is not in this passage; RM4 read as the fourth of six value columns (the RM3 column also reads 85%).,or/multnomah/portland/33.120.txt#L553-L554,or/multnomah/portland/33.120.txt
01579,agree,noted,or/multnomah/portland,RM4,min_landscaped_pct,15,15,percent,inferred,True,,Min. Landscaped Area (See 33.120.235)   30% of site area   20% of site area   15% of site area   15% of site area   none   30% of site area -- fourth value column,Header row is not in this passage; RM4 read as the fourth of six value columns (the RM3 column also reads 15%).,or/multnomah/portland/33.120.txt#L558-L559,or/multnomah/portland/33.120.txt
01580,agree,noted,or/multnomah/portland,RM4,min_density_du_per_acre,1000.0,1000,sq ft per dwelling unit,clear,True,,"Standard | RM1 | RM2 | RM3 | RM4 | RX | RMP ... Minimum Density (See 33.120.213)   ...   1 unit per 1,000 sq. ft. of site area -- RM4 column","The field asks units per acre; the code states the floor as square feet of site area per unit, so the printed operand is 1000 square feet. RM3 and RM4 print the same 1,000 figure.","or/multnomah/portland/33.120.txt#L513-L515,L526-L528",or/multnomah/portland/33.120.txt
01581,agree,noted,or/multnomah/portland,RX,parking_max_per_unit,1.35,1.35,spaces per unit,inferred,True,"1 per 2 units -- Standard A, which Table 266-1 applies to the EX zone | No maximum where the site is not in a commercial/mixed use or multi-dwelling zone","Household Living   1 per 2 units   No maximum, except 1.35 per unit on sites that are in a commercial/mixed use or multi-dwelling zone.","RX is never named: Table 266-1 routes the 'R' zone group to Standard B, and 1.35 binds because RX sits in Chapter 33.120, Multi-Dwelling Zones; the uncited L163-164 exempts houses, attached houses and duplexes.","or/multnomah/portland/33.266.txt#L139,L153-L155,L157,L159-L162",or/multnomah/portland/33.266.txt
01582,agree,noted,or/multnomah/portland,RX,min_frontage_ft,10,10,feet,inferred,True,,RX Zone / Lot / Adjusted Lot / Lot Remnant / Lot of Record   10 foot front lot line,"The RX row states a minimum front lot line rather than using the word 'frontage', and states no minimum lot area or width at all -- the 33 feet / 4,000 sq. ft. above it belongs to the RM1 through RM4 rows.",or/multnomah/portland/33.120.txt#L463-L467,or/multnomah/portland/33.120.txt
01583,agree,noted,or/multnomah/portland,RX,setback_front_ft,0,0,feet,inferred,True,,- Front building setback   10 ft.   10 ft.   10 ft.   5 ft.   0 ft.   10 ft. -- fifth value column,Header row is not in this passage; RX read as the fifth of six value columns.,or/multnomah/portland/33.120.txt#L541-L542,or/multnomah/portland/33.120.txt
01584,agree,noted,or/multnomah/portland,RX,setback_side_ft,0,0,feet,inferred,True,,- Side and rear building setback.   5 ft. [1]   5 ft. [1]   5/10 ft. [1]   5/10 ft. [1]   0 ft.   10 ft. -- fifth value column,"Header row is not in this passage; RX read as the fifth of six value columns, and it is one of only two cells in the row carrying no [1] footnote marker.",or/multnomah/portland/33.120.txt#L543-L544,or/multnomah/portland/33.120.txt
01585,agree,noted,or/multnomah/portland,RX,setback_rear_ft,0,0,feet,inferred,True,,- Side and rear building setback.   5 ft. [1]   5 ft. [1]   5/10 ft. [1]   5/10 ft. [1]   0 ft.   10 ft. -- fifth value column,"One row states side and rear together; header row is not in this passage, so RX is read as the fifth of six value columns.",or/multnomah/portland/33.120.txt#L543-L544,or/multnomah/portland/33.120.txt
01586,agree,unclear+noted,or/multnomah/portland,RX,setback_garage_entrance_ft,18,18,feet,unclear,True,5 ft. -- the other half of the '5/18 ft.' cell,- Garage entrance setback   18 ft.   5/18 ft.   5/18 ft.   5/18 ft.   5/18 ft.   18 ft. -- fifth value column reads '5/18 ft.',"The RX cell prints two figures with no condition in this passage selecting between them; 18 ft is the deeper half. The header row is also outside the passage, and this is the one RX cell in Table 120-4 that is not zero.",or/multnomah/portland/33.120.txt#L545-L546,or/multnomah/portland/33.120.txt
01587,agree,noted,or/multnomah/portland,RX,max_height_ft,100,100,feet,inferred,True,35 ft. Step-down Height within 25 ft. of a lot line abutting RF-R2.5 zones (L534),Base Height (See 33.120.215)   35 ft.   45 ft.   65 ft.   75/100 ft.   100 ft.   35 ft. -- fifth value column,Header row is not in this passage; RX read as the fifth of six value columns.,or/multnomah/portland/33.120.txt#L529,or/multnomah/portland/33.120.txt
01588,agree,noted,or/multnomah/portland,RX,max_far,4.0,4,ratio (FAR x to 1),inferred,True,,"Maximum FAR ... FAR of 4 to 1 -- RX column, the cell split by the extractor across L517 ('FAR of') and L518 ('4 to 1')","The RX cell is broken across two lines, so 'FAR of' on L517 and '4 to 1' on L518 must be joined; the L515 header row in the passage confirms the column. The RM4 cell immediately left of it reads '4 to 1 or 3 to 1', which is the easy misread here.",or/multnomah/portland/33.120.txt#L517-L518,or/multnomah/portland/33.120.txt
01589,agree,noted,or/multnomah/portland,RX,max_coverage_pct,100,100,percent,inferred,True,,Max. Building Coverage   50% of site area   60/70% of site area   85% of site area   85% of site area   100% of site area   50% of site area -- fifth value column,Header row is not in this passage; RX read as the fifth of six value columns.,or/multnomah/portland/33.120.txt#L553-L554,or/multnomah/portland/33.120.txt
01590,agree,noted,or/multnomah/portland,RX,min_landscaped_pct,0,0,percent,inferred,True,,Min. Landscaped Area (See 33.120.235)   30% of site area   20% of site area   15% of site area   15% of site area   none   30% of site area -- fifth value column reads 'none',"The RX cell prints the word 'none', not a numeral, so no figure is literally stated; read as zero required landscaped area. The header row is also outside this passage.",or/multnomah/portland/33.120.txt#L558-L559,or/multnomah/portland/33.120.txt
01591,agree,noted,or/multnomah/portland,RX,min_density_du_per_acre,500.0,500,sq ft per dwelling unit,clear,True,,Standard | RM1 | RM2 | RM3 | RM4 | RX | RMP ... Minimum Density (See 33.120.213)   ...   1 unit per 500 sq. ft. of site area -- RX column,"The field asks units per acre; the code states the floor as square feet of site area per unit, so the printed operand is 500 square feet.","or/multnomah/portland/33.120.txt#L513-L515,L526-L528",or/multnomah/portland/33.120.txt
01592,agree,noted,or/multnomah/portland,RMP,parking_max_per_unit,1.35,1.35,spaces per unit,inferred,True,"No maximum, if RMP is not read as a multi-dwelling zone | 1 per 2 units -- Standard A, which Table 266-1 applies to the EX zone","Household Living   1 per 2 units   No maximum, except 1.35 per unit on sites that are in a commercial/mixed use or multi-dwelling zone.","RMP is never named. Table 266-1 routes the 'R' group to Standard B, but 1.35 binds only if RMP counts as a 'multi-dwelling zone' -- it sits in Chapter 33.120, Multi-Dwelling Zones, yet neither table says so, and if it does not the answer is 'no maximum'.","or/multnomah/portland/33.266.txt#L139,L153-L155,L157,L159-L162",or/multnomah/portland/33.266.txt
01593,agree,,or/multnomah/portland,RMP,min_lot_sqft,10000,10000,square feet,clear,True,,"RMP Zone / Lot / Adjusted Lot / Lot Remnant / Lot of Record   70 feet wide and 10,000 sq. ft.",,or/multnomah/portland/33.120.txt#L468-L470,or/multnomah/portland/33.120.txt
01594,agree,,or/multnomah/portland,RMP,min_lot_width_ft,70,70,feet,clear,True,,"RMP Zone / Lot / Adjusted Lot / Lot Remnant / Lot of Record   70 feet wide and 10,000 sq. ft.",,or/multnomah/portland/33.120.txt#L468-L470,or/multnomah/portland/33.120.txt
01595,agree,noted,or/multnomah/portland,RMP,setback_front_ft,10,10,feet,inferred,True,,- Front building setback   10 ft.   10 ft.   10 ft.   5 ft.   0 ft.   10 ft. -- sixth value column,Header row is not in this passage; RMP read as the sixth of six value columns.,or/multnomah/portland/33.120.txt#L541-L542,or/multnomah/portland/33.120.txt
01596,agree,noted,or/multnomah/portland,RMP,setback_side_ft,10,10,feet,inferred,True,,- Side and rear building setback.   5 ft. [1]   5 ft. [1]   5/10 ft. [1]   5/10 ft. [1]   0 ft.   10 ft. -- sixth value column,"Header row is not in this passage; RMP read as the sixth of six value columns, and it carries no [1] footnote.",or/multnomah/portland/33.120.txt#L543-L544,or/multnomah/portland/33.120.txt
01597,agree,noted,or/multnomah/portland,RMP,setback_rear_ft,10,10,feet,inferred,True,,- Side and rear building setback.   5 ft. [1]   5 ft. [1]   5/10 ft. [1]   5/10 ft. [1]   0 ft.   10 ft. -- sixth value column,"One row states side and rear together; header row is not in this passage, so RMP is read as the sixth of six value columns.",or/multnomah/portland/33.120.txt#L543-L544,or/multnomah/portland/33.120.txt
01598,agree,noted,or/multnomah/portland,RMP,setback_garage_entrance_ft,18,18,feet,inferred,True,,- Garage entrance setback   18 ft.   5/18 ft.   5/18 ft.   5/18 ft.   5/18 ft.   18 ft. -- sixth value column,"Header row is not in this passage; RMP read as the sixth of six value columns, where a single figure is printed rather than the '5/18 ft.' of the four columns to its left.",or/multnomah/portland/33.120.txt#L545-L546,or/multnomah/portland/33.120.txt
01599,agree,noted,or/multnomah/portland,RMP,max_height_ft,35,35,feet,inferred,True,35 ft. Step-down Height within 25 ft. of a lot line abutting RF-R2.5 zones (L534) -- the same figure,Base Height (See 33.120.215)   35 ft.   45 ft.   65 ft.   75/100 ft.   100 ft.   35 ft. -- sixth value column,"Header row is not in this passage; RMP read as the sixth of six value columns, where the printed value happens to equal RM1's, so a column slip to the far left would not be visible.",or/multnomah/portland/33.120.txt#L529,or/multnomah/portland/33.120.txt
01600,agree,noted,or/multnomah/portland,RMP,max_coverage_pct,50,50,percent,inferred,True,,Max. Building Coverage ... 50% of site area | 60/70% of site area | 85% of site area | 85% of site area | 100% of site area | 50% of site area,"The cited lines do not include the table's column header; I took the sixth (last) of the six cells because the Table 120-4 header elsewhere in this same document reads RM1, RM2, RM3, RM4, RX, RMP.",or/multnomah/portland/33.120.txt#L553-L554,or/multnomah/portland/33.120.txt
01601,agree,noted,or/multnomah/portland,RMP,min_landscaped_pct,30,30,percent,inferred,True,,Min. Landscaped Area (See 33.120.235) ... 30% of site area | 20% of site area | 15% of site area | 15% of site area | none | 30% of site area,"The cited lines do not include the column header; RMP is read as the sixth and last cell, per the Table 120-4 header row found elsewhere in this document.",or/multnomah/portland/33.120.txt#L558-L559,or/multnomah/portland/33.120.txt
01602,agree,noted,or/multnomah/portland,RMP,min_density_du_per_acre,1875.0,1875,sq ft of site area per dwelling unit,clear,True,,"Minimum Density (See 33.120.213) ... 1 unit per 1,875 sq. ft. of site area","The header row RM1/RM2/RM3/RM4/RX/RMP is in the marked lines and 1,875 is the RMP cell, but the code states the floor as site area per unit, not as units per acre.","or/multnomah/portland/33.120.txt#L513-L515,L526-L528",or/multnomah/portland/33.120.txt
01603,agree,noted,or/multnomah/portland,RMP,max_density_du_per_acre,1500.0,1500,sq ft of site area per dwelling unit,clear,True,"1 unit per 1,000 sq. ft. of site area with the Affordable Housing Bonus (33.120.212.C)","Maximum Density (See 33.120.212) ... 1 unit per 1,500 sq. ft. of site area","RMP is the only column with a density cap (every other column reads 'none'), and the code states it as site area per unit rather than units per acre.","or/multnomah/portland/33.120.txt#L513-L515,L519-L521",or/multnomah/portland/33.120.txt
01604,agree,noted,or/multnomah/portland,CR,parking_max_per_unit,1.35,1.35,spaces per unit,inferred,True,"No maximum under Standard B where the site is not in a commercial/mixed use or multi-dwelling zone | 1 per 2 units under Standard A, which Table 266-1 applies only in EX","Household Living ... Standard B: No maximum, except 1.35 per unit on sites that are in a commercial/mixed use or multi-dwelling zone. Houses, attached houses and duplexes are exempt.","Two hops are needed (Table 266-1 sends C zones to Standard B, Table 266-2 gives the figure), and Standard B exempts 'houses, attached houses and duplexes' — a four-unit attached townhouse on unit lots may fall in that exemption.","or/multnomah/portland/33.266.txt#L139,L153-L155,L157,L159-L162",or/multnomah/portland/33.266.txt
01605,agree_alt,noted,or/multnomah/portland,CR,open_space_min_sqft,48.0,36,sq ft per dwelling unit,inferred,True,"48 sq ft per dwelling unit on sites more than 20,000 sq ft | 10 percent of total site area as common area on a site with a congregate housing facility","On sites that are up to 20,000 square feet in total area, at least 36 square feet of outdoor area is required for each dwelling unit on the site","The table cell for CR only says 'Yes'; the figure comes from 33.130.228.B.1 and is banded by site size, so 36 holds only up to 20,000 sq ft.","or/multnomah/portland/33.130.txt#L618,L663-L664,L1263-L1269",or/multnomah/portland/33.130.txt
01606,agree,noted,or/multnomah/portland,CR,setback_front_ft,0,0,feet,clear,True,10 ft. where the street lot line abuts a selected Civic Corridor,Min. Building Setbacks (see 33.130.215.B) - Street Lot Line   none   none   none   none   none   none,"The CR cell prints 'none', not a number — I read that as a zero-foot minimum rather than as an unstated standard.","or/multnomah/portland/33.130.txt#L618,L640",or/multnomah/portland/33.130.txt
01607,agree,,or/multnomah/portland,CR,setback_front_ft [civic_corridor],10,10,feet,clear,True,none for an ordinary street lot line,- Street Lot Line abutting selected Civic Corridors   10 ft.   10 ft.   10 ft.   10 ft.   10 ft.   10 ft.,,"or/multnomah/portland/33.130.txt#L618,L641",or/multnomah/portland/33.130.txt
01608,agree,,or/multnomah/portland,CR,setback_front_max_ft,10,10,feet,clear,True,20 ft. where the street lot line abuts a Selected Civic Corridor,Max. Building Setbacks (see 33.130.215.C) - Street Lot Line   10 ft.   10 ft.   10 ft.   10 ft.   10 ft.   10 ft.,,"or/multnomah/portland/33.130.txt#L618,L651-L652",or/multnomah/portland/33.130.txt
01609,agree,noted,or/multnomah/portland,CR,setback_side_ft,10,10,feet,inferred,True,"none where the lot line abuts an OS, RX, C, E, or I zoned lot","- Lot Line Abutting RF – RM4, RMP, or IR zoned Lot   10 ft.   10 ft.   10 ft.   10 ft.   10 ft.   10 ft.","Table 130-2 states no unconditional side setback — this row is keyed to the neighbour's zoning and does not distinguish side from rear, so 10 ft binds only against an RF–RM4, RMP or IR lot.","or/multnomah/portland/33.130.txt#L618,L649",or/multnomah/portland/33.130.txt
01610,agree,noted,or/multnomah/portland,CR,setback_side_ft [abuts_nonresidential_zone],0,0,feet,clear,True,"10 ft. where the lot line abuts an RF – RM4, RMP, or IR zoned lot","- Lot Line Abutting OS, RX, C, E, or I Zoned Lot   none   none   none   none   none   none",The cell prints 'none' rather than a figure; I read it as zero feet.,"or/multnomah/portland/33.130.txt#L618,L647",or/multnomah/portland/33.130.txt
01611,agree,noted,or/multnomah/portland,CR,setback_rear_ft,10,10,feet,inferred,True,"none where the lot line abuts an OS, RX, C, E, or I zoned lot","- Lot Line Abutting RF – RM4, RMP, or IR zoned Lot   10 ft.   10 ft.   10 ft.   10 ft.   10 ft.   10 ft.","The same row is being read for both side and rear — the table keys setbacks to the abutting zone, not to which lot line it is.","or/multnomah/portland/33.130.txt#L618,L649",or/multnomah/portland/33.130.txt
01612,agree,noted,or/multnomah/portland,CR,setback_rear_ft [abuts_nonresidential_zone],0,0,feet,clear,True,"10 ft. where the lot line abuts an RF – RM4, RMP, or IR zoned lot","- Lot Line Abutting OS, RX, C, E, or I Zoned Lot   none   none   none   none   none   none",The cell prints 'none' rather than a figure; I read it as zero feet.,"or/multnomah/portland/33.130.txt#L618,L647",or/multnomah/portland/33.130.txt
01613,agree,,or/multnomah/portland,CR,max_height_ft,30,30,feet,clear,True,,Base Height (see 33.130.210.B.1)   30 ft.   35 ft.   45 ft.   65 ft.   45 ft.   75 ft.,,"or/multnomah/portland/33.130.txt#L618,L627",or/multnomah/portland/33.130.txt
01614,agree,noted,or/multnomah/portland,CR,max_far,1.0,1,"ratio (FAR, x to 1)",clear,True,,Maximum FAR (see 33.130.205 and 33.130.212)   1 to 1 [1]   1.5 to 1   2.5 to 1   3 to 1   2.5 to 1   4 to 1,"The CR cell carries footnote [1], which does not change the FAR but adds a density cap of 1 unit per 2,500 sq ft on sites without a Retail Sales And Service or Office use; bonus FAR is NA in CR.","or/multnomah/portland/33.130.txt#L618,L619",or/multnomah/portland/33.130.txt
01615,agree,unclear+noted,or/multnomah/portland,CR,max_coverage_pct,75,75,percent,unclear,True,85% in the Inner Pattern Area,"Max. Building Coverage (% of site area) - Inner Pattern Area 85% ... - Eastern, Western, and River Pattern Areas 75% (CR column)","CR has two coverage caps depending on which pattern area the site is in and the passage does not say which — I report the lower (binding) 75 percent, but 85 percent is equally printed for this zone.","or/multnomah/portland/33.130.txt#L618,L656-L657",or/multnomah/portland/33.130.txt
01616,agree,,or/multnomah/portland,CR,min_landscaped_pct,15,15,percent,clear,True,,Min. Landscaped Area (% of site area) (see 33.130.225)   15%   15%   15%   15%   15%   None,,"or/multnomah/portland/33.130.txt#L618,L659",or/multnomah/portland/33.130.txt
01617,unscored,noted,or/multnomah/portland,CR,orientation_constraint,entrance_only,,"enum (entrance rule, no figure)",inferred,True,,Location. At least one main entrance for each structure must: a. Be within 8 feet of the longest street-facing wall of the structure; and b. Either: (1) Face the street ... (2) Be at an angle of up to 45 degrees,"No figure exists for this standard — it is an enum; the passage constrains only the main entrance (within 8 ft of the longest street-facing wall, facing the street, angled up to 45 degrees, or opening onto a porch) and never fixes the building's long axis, and it sits in 33.130.250 General Requirements for Small Housing Types rather than in a zone column.",or/multnomah/portland/33.130.txt#L1713-L1719,or/multnomah/portland/33.130.txt
01618,agree,noted,or/multnomah/portland,CR,max_density_du_per_acre,2500.0,2500,sq ft of site area per dwelling unit,inferred,True,no maximum density stated for CR on sites that do have a Retail Sales And Service or Office use,"[1] On sites that do not have a Retail Sales And Service or Office use, maximum density for Household Living is 1 unit per 2,500 square feet of site area.","This is footnote [1], which in the visible table is attached only to CR's Maximum FAR cell, and it binds only on sites without a Retail Sales And Service or Office use; the code states it as site area per unit, not units per acre.",or/multnomah/portland/33.130.txt#L668-L669,or/multnomah/portland/33.130.txt
01619,agree,noted,or/multnomah/portland,CM1,parking_max_per_unit,1.35,1.35,spaces per unit,inferred,True,"No maximum under Standard B off a commercial/mixed use or multi-dwelling site | 1 per 2 units under Standard A, which Table 266-1 applies only in EX","Household Living ... Standard B: No maximum, except 1.35 per unit on sites that are in a commercial/mixed use or multi-dwelling zone. Houses, attached houses and duplexes are exempt.","CM1 is reached only through Table 266-1's 'C' row, and Standard B exempts 'houses, attached houses and duplexes' — a four-unit attached townhouse on unit lots may fall in that exemption.","or/multnomah/portland/33.266.txt#L139,L153-L155,L157,L159-L162",or/multnomah/portland/33.266.txt
01620,agree_alt,noted,or/multnomah/portland,CM1,open_space_min_sqft,48.0,36,sq ft per dwelling unit,inferred,True,"48 sq ft per dwelling unit on sites more than 20,000 sq ft | 10 percent of total site area as common area on a site with a congregate housing facility","On sites that are up to 20,000 square feet in total area, at least 36 square feet of outdoor area is required for each dwelling unit on the site","The CM1 table cell only says 'Yes'; the figure comes from 33.130.228.B.1 and is banded by site size, so 36 holds only up to 20,000 sq ft.","or/multnomah/portland/33.130.txt#L618,L663-L664,L1263-L1269",or/multnomah/portland/33.130.txt
01621,agree,noted,or/multnomah/portland,CM1,setback_front_ft,0,0,feet,clear,True,10 ft. where the street lot line abuts a selected Civic Corridor,Min. Building Setbacks (see 33.130.215.B) - Street Lot Line   none   none   none   none   none   none,"The CM1 cell prints 'none', not a number — read as a zero-foot minimum.","or/multnomah/portland/33.130.txt#L618,L640",or/multnomah/portland/33.130.txt
01622,agree,,or/multnomah/portland,CM1,setback_front_ft [civic_corridor],10,10,feet,clear,True,none for an ordinary street lot line,- Street Lot Line abutting selected Civic Corridors   10 ft.   10 ft.   10 ft.   10 ft.   10 ft.   10 ft.,,"or/multnomah/portland/33.130.txt#L618,L641",or/multnomah/portland/33.130.txt
01623,agree,,or/multnomah/portland,CM1,setback_front_max_ft,10,10,feet,clear,True,20 ft. where the street lot line abuts a Selected Civic Corridor,Max. Building Setbacks (see 33.130.215.C) - Street Lot Line   10 ft.   10 ft.   10 ft.   10 ft.   10 ft.   10 ft.,,"or/multnomah/portland/33.130.txt#L618,L651-L652",or/multnomah/portland/33.130.txt
01624,agree,noted,or/multnomah/portland,CM1,setback_side_ft,10,10,feet,inferred,True,"none where the lot line abuts an OS, RX, C, E, or I zoned lot","- Lot Line Abutting RF – RM4, RMP, or IR zoned Lot   10 ft.   10 ft.   10 ft.   10 ft.   10 ft.   10 ft.",Table 130-2 states no unconditional side setback — the row is keyed to the neighbour's zoning and does not distinguish side from rear.,"or/multnomah/portland/33.130.txt#L618,L649",or/multnomah/portland/33.130.txt
01625,agree,noted,or/multnomah/portland,CM1,setback_side_ft [abuts_nonresidential_zone],0,0,feet,clear,True,"10 ft. where the lot line abuts an RF – RM4, RMP, or IR zoned lot","- Lot Line Abutting OS, RX, C, E, or I Zoned Lot   none   none   none   none   none   none",The cell prints 'none' rather than a figure; I read it as zero feet.,"or/multnomah/portland/33.130.txt#L618,L647",or/multnomah/portland/33.130.txt
01626,agree,noted,or/multnomah/portland,CM1,setback_rear_ft,10,10,feet,inferred,True,"none where the lot line abuts an OS, RX, C, E, or I zoned lot","- Lot Line Abutting RF – RM4, RMP, or IR zoned Lot   10 ft.   10 ft.   10 ft.   10 ft.   10 ft.   10 ft.","The same row serves side and rear — the table keys setbacks to the abutting zone, not to which lot line it is.","or/multnomah/portland/33.130.txt#L618,L649",or/multnomah/portland/33.130.txt
01627,agree,noted,or/multnomah/portland,CM1,setback_rear_ft [abuts_nonresidential_zone],0,0,feet,clear,True,"10 ft. where the lot line abuts an RF – RM4, RMP, or IR zoned lot","- Lot Line Abutting OS, RX, C, E, or I Zoned Lot   none   none   none   none   none   none",The cell prints 'none' rather than a figure; I read it as zero feet.,"or/multnomah/portland/33.130.txt#L618,L647",or/multnomah/portland/33.130.txt
01628,agree,,or/multnomah/portland,CM1,max_height_ft,35,35,feet,clear,True,,Base Height (see 33.130.210.B.1)   30 ft.   35 ft.   45 ft.   65 ft.   45 ft.   75 ft.,,"or/multnomah/portland/33.130.txt#L618,L627",or/multnomah/portland/33.130.txt
01629,agree,noted,or/multnomah/portland,CM1,max_far,1.5,1.5,"ratio (FAR, x to 1)",clear,True,"Bonus FAR per Table 130-3 (33.130.212), which CM1 is eligible for",Maximum FAR (see 33.130.205 and 33.130.212)   1 to 1 [1]   1.5 to 1   2.5 to 1   3 to 1   2.5 to 1   4 to 1,"Footnote [1] sits on the CR cell, not CM1, so it does not qualify this figure.","or/multnomah/portland/33.130.txt#L618,L619",or/multnomah/portland/33.130.txt
01630,agree,unclear+noted,or/multnomah/portland,CM1,max_coverage_pct,75,75,percent,unclear,True,85% in the Inner Pattern Area,"Max. Building Coverage (% of site area) - Inner Pattern Area 85% ... - Eastern, Western, and River Pattern Areas 75% (CM1 column)","CM1 has two coverage caps depending on the site's pattern area and the passage does not say which applies — I report the lower (binding) 75 percent, but 85 percent is equally printed for this zone.","or/multnomah/portland/33.130.txt#L618,L656-L657",or/multnomah/portland/33.130.txt
01631,agree,,or/multnomah/portland,CM1,min_landscaped_pct,15,15,percent,clear,True,,Min. Landscaped Area (% of site area) (see 33.130.225)   15%   15%   15%   15%   15%   None,,"or/multnomah/portland/33.130.txt#L618,L659",or/multnomah/portland/33.130.txt
01632,unscored,noted,or/multnomah/portland,CM1,orientation_constraint,entrance_only,,"enum (entrance rule, no figure)",inferred,True,,Location. At least one main entrance for each structure must: a. Be within 8 feet of the longest street-facing wall of the structure; and b. Either: (1) Face the street ... (2) Be at an angle of up to 45 degrees,"No figure exists for this standard — it is an enum; the passage binds only the main entrance and never fixes the building's long axis, and it sits in 33.130.250 General Requirements for Small Housing Types rather than in a zone column.",or/multnomah/portland/33.130.txt#L1713-L1719,or/multnomah/portland/33.130.txt
01633,agree,noted,or/multnomah/portland,CM2,parking_max_per_unit,1.35,1.35,spaces per unit,inferred,True,"No maximum under Standard B off a commercial/mixed use or multi-dwelling site | 1 per 2 units under Standard A, which Table 266-1 applies only in EX","Household Living ... Standard B: No maximum, except 1.35 per unit on sites that are in a commercial/mixed use or multi-dwelling zone. Houses, attached houses and duplexes are exempt.","CM2 is reached only through Table 266-1's 'C' row, and Standard B exempts 'houses, attached houses and duplexes' — a four-unit attached townhouse on unit lots may fall in that exemption.","or/multnomah/portland/33.266.txt#L139,L153-L155,L157,L159-L162",or/multnomah/portland/33.266.txt
01634,agree_alt,noted,or/multnomah/portland,CM2,open_space_min_sqft,48.0,36,sq ft per dwelling unit,inferred,True,"48 sq ft per dwelling unit on sites more than 20,000 sq ft | 10 percent of total site area as common area on a site with a congregate housing facility","On sites that are up to 20,000 square feet in total area, at least 36 square feet of outdoor area is required for each dwelling unit on the site","The CM2 table cell only says 'Yes'; the figure comes from 33.130.228.B.1 and is banded by site size, so 36 holds only up to 20,000 sq ft.","or/multnomah/portland/33.130.txt#L618,L663-L664,L1263-L1269",or/multnomah/portland/33.130.txt
01635,agree,noted,or/multnomah/portland,CM2,setback_front_ft,0,0,feet,clear,True,10 ft. where the street lot line abuts a selected Civic Corridor | 5 or 10 ft. where the street lot line is across a local street from an RF – RM2 or RMP zone (CM2 column),Min. Building Setbacks (see 33.130.215.B) - Street Lot Line   none   none   none   none   none   none,"The CM2 cell prints 'none', not a number — read as a zero-foot minimum; unlike CR and CM1, CM2 does pick up 5 or 10 ft across a local street from an RF–RM2 or RMP zone.","or/multnomah/portland/33.130.txt#L618,L640",or/multnomah/portland/33.130.txt
01636,agree,,or/multnomah/portland,CM2,setback_front_ft [civic_corridor],10,10,feet,clear,True,none for an ordinary street lot line | 5 or 10 ft. across a local street from an RF – RM2 or RMP zone,- Street Lot Line abutting selected Civic Corridors   10 ft.   10 ft.   10 ft.   10 ft.   10 ft.   10 ft.,,"or/multnomah/portland/33.130.txt#L618,L641",or/multnomah/portland/33.130.txt
01637,agree,,or/multnomah/portland,CM2,setback_front_max_ft,10,10,feet,clear,True,20 ft. where the street lot line abuts a Selected Civic Corridor,Max. Building Setbacks (see 33.130.215.C) - Street Lot Line   10 ft.   10 ft.   10 ft.   10 ft.   10 ft.   10 ft.,,"or/multnomah/portland/33.130.txt#L618,L651-L652",or/multnomah/portland/33.130.txt
01638,agree,noted,or/multnomah/portland,CM2,setback_side_ft,10,10,feet,inferred,True,"none where the lot line abuts an OS, RX, C, E, or I zoned lot","- Lot Line Abutting RF – RM4, RMP, or IR zoned Lot   10 ft.   10 ft.   10 ft.   10 ft.   10 ft.   10 ft.",Table 130-2 states no unconditional side setback — the row is keyed to the neighbour's zoning and does not distinguish side from rear.,"or/multnomah/portland/33.130.txt#L618,L649",or/multnomah/portland/33.130.txt
01639,agree,noted,or/multnomah/portland,CM2,setback_side_ft [abuts_nonresidential_zone],0,0,feet,clear,True,"10 ft. where the lot line abuts an RF – RM4, RMP, or IR zoned lot","- Lot Line Abutting OS, RX, C, E, or I Zoned Lot   none   none   none   none   none   none",The cell prints 'none' rather than a figure; I read it as zero feet.,"or/multnomah/portland/33.130.txt#L618,L647",or/multnomah/portland/33.130.txt
01640,agree,noted,or/multnomah/portland,CM2,setback_rear_ft,10,10,feet,inferred,True,"none where the lot line abuts an OS, RX, C, E, or I zoned lot (L647)","- Lot Line Abutting RF – RM4, RMP, or IR zoned Lot ... CM2 column: 10 ft.","Table 130-2 has no rear-setback row; it keys the interior setback on what the abutting lot is ZONED, so 10 ft applies only when the rear lot line abuts an RF-RM4, RMP or IR zoned lot.","or/multnomah/portland/33.130.txt#L618,L649",or/multnomah/portland/33.130.txt
01641,agree,noted,or/multnomah/portland,CM2,setback_rear_ft [abuts_nonresidential_zone],0,0,feet,inferred,True,"10 ft. where the lot line abuts an RF – RM4, RMP, or IR zoned Lot (L649)","- Lot Line Abutting OS, RX, C, E, or I Zoned Lot ... CM2 column: none","The cell prints the word ""none"", not a numeral; I read it as a zero-foot minimum. Row is keyed on the abutting zone, not on which lot line is the rear.","or/multnomah/portland/33.130.txt#L618,L647",or/multnomah/portland/33.130.txt
01642,agree,noted,or/multnomah/portland,CM2,max_height_ft,45,45,feet,clear,True,35 ft. within 25 ft. of a lot line abutting RF-R2.5 zones | 45 ft. within 25 ft. of a lot line abutting RM1 and RMP Zones | Bonus Height – See Table 130-3,Base Height (see 33.130.210.B.1) ... CM2 column: 45 ft.,"This is the BASE height; the table also carries step-down heights near residential zones and a bonus height in Table 130-3, so 45 ft is neither a floor nor an absolute ceiling on every site.","or/multnomah/portland/33.130.txt#L618,L627",or/multnomah/portland/33.130.txt
01643,agree,,or/multnomah/portland,CM2,max_far,2.5,2.5,ratio (2.5 to 1),clear,True,Bonus FAR – See Table 130-3,Maximum FAR (see 33.130.205 and 33.130.212) ... CM2 column: 2.5 to 1,,"or/multnomah/portland/33.130.txt#L618,L619",or/multnomah/portland/33.130.txt
01644,agree,unclear+noted,or/multnomah/portland,CM2,max_coverage_pct,85,85,percent,unclear,True,100% in the Inner Pattern Area,"Max. Building Coverage (% of site area) - Inner Pattern Area ... CM2: 100%; - Eastern, Western, and River Pattern Areas ... CM2: 85%","The cited lines state TWO coverage caps for CM2 and which one governs depends on the site's pattern area (100% Inner, 85% Eastern/Western/River); I report the lower one but cannot tell from the passage which was intended.","or/multnomah/portland/33.130.txt#L618,L656-L657",or/multnomah/portland/33.130.txt
01645,agree,,or/multnomah/portland,CM2,min_landscaped_pct,15,15,percent,clear,True,,Min. Landscaped Area (% of site area) (see 33.130.225) ... CM2 column: 15%,,"or/multnomah/portland/33.130.txt#L618,L659",or/multnomah/portland/33.130.txt
01646,unscored,noted,or/multnomah/portland,CM2,orientation_constraint,entrance_only,,enum (no figure stated),inferred,True,8 feet from the longest street-facing wall | 45 degrees of angle allowed,Location. At least one main entrance for each structure must: a. Be within 8 feet of the longest street-facing wall of the structure; and b. Either: (1) Face the street ... (2) Be at an angle of up to 45 degrees,"No figure exists for this enum; the marked lines bind the MAIN ENTRANCE only (it may face the street, sit up to 45 degrees off it, or open onto a porch) and never fix the building's long axis — and they sit under ""General Requirements for Small Housing Types"", whose reach over a 4-unit attached building the passage does not settle.",or/multnomah/portland/33.130.txt#L1713-L1719,or/multnomah/portland/33.130.txt
01647,agree,noted,or/multnomah/portland,CM2,min_density_du_per_acre,1450.0,1450,sq ft of site area per dwelling unit,clear,True,"1 unit per 1,000 sq. ft. of site area (CM3 column)","Minimum Density (see 33.130.207) ... CM2 column: 1 unit per 1,450 sq. ft. of site area","The standard is written as units per ACRE but the code states site area per unit — the inverse shape; 1,450 sq ft/unit is roughly 30 units per acre.","or/multnomah/portland/33.130.txt#L618,L624-L626",or/multnomah/portland/33.130.txt
01648,agree,noted,or/multnomah/portland,CM3,parking_max_per_unit,1.35,1.35,spaces per unit,inferred,True,"1 per 2 units under Standard A (EX zones) | No maximum for houses, attached houses and duplexes (exempt)","Household Living ... Standard B: No maximum, except 1.35 per unit on sites that are in a commercial/mixed use or multi-dwelling zone.","Reached in two hops — Table 266-1 sends C zones to Standard B, and Standard B's 1.35 applies because CM3 is a commercial/mixed use zone; the next line exempts ""houses, attached houses and duplexes"", which a 4-unit attached townhouse on unit lots could arguably be.","or/multnomah/portland/33.266.txt#L139,L153-L155,L157,L159-L162",or/multnomah/portland/33.266.txt
01649,agree_alt,noted,or/multnomah/portland,CM3,open_space_min_sqft,48.0,36,sq ft per dwelling unit,inferred,True,"48 square feet per dwelling unit on sites more than 20,000 square feet | 10 percent of total site area for a site with a congregate housing facility","On sites that are up to 20,000 square feet in total area, at least 36 square feet of outdoor area is required for each dwelling unit on the site","Banded on site size (36 sq ft/unit up to 20,000 sq ft, 48 above it); the table cell itself says only ""Yes"" for CM3 and the number comes from 33.130.228.","or/multnomah/portland/33.130.txt#L618,L663-L664,L1263-L1269",or/multnomah/portland/33.130.txt
01650,agree,noted,or/multnomah/portland,CM3,setback_front_ft,0,0,feet,inferred,True,10 ft. for a Street Lot Line abutting selected Civic Corridors | 5 or 10 ft. for a Street Lot Line across a local street from an RF – RM2 or RMP Zone,Min. Building Setbacks (see 33.130.215.B) - Street Lot Line ... CM3 column: none,"The cell prints the word ""none"", not a numeral; I read it as a zero-foot minimum.","or/multnomah/portland/33.130.txt#L618,L640",or/multnomah/portland/33.130.txt
01651,agree,,or/multnomah/portland,CM3,setback_front_ft [civic_corridor],10,10,feet,clear,True,none for an ordinary Street Lot Line | 5 or 10 ft. across a local street from an RF – RM2 or RMP Zone,- Street Lot Line abutting selected Civic Corridors ... CM3 column: 10 ft.,,"or/multnomah/portland/33.130.txt#L618,L641",or/multnomah/portland/33.130.txt
01652,agree,,or/multnomah/portland,CM3,setback_front_max_ft,10,10,feet,clear,True,20 ft. for a Street Lot Line Abutting Selected Civic Corridors,Max. Building Setbacks (see 33.130.215.C) - Street Lot Line ... CM3 column: 10 ft.,,"or/multnomah/portland/33.130.txt#L618,L651-L652",or/multnomah/portland/33.130.txt
01653,agree,noted,or/multnomah/portland,CM3,setback_side_ft,10,10,feet,inferred,True,"none where the lot line abuts an OS, RX, C, E, or I zoned lot (L647)","- Lot Line Abutting RF – RM4, RMP, or IR zoned Lot ... CM3 column: 10 ft.","Table 130-2 has no side-setback row; the interior setback is keyed on what the abutting lot is ZONED, so 10 ft holds only against an RF-RM4, RMP or IR zoned neighbour.","or/multnomah/portland/33.130.txt#L618,L649",or/multnomah/portland/33.130.txt
01654,agree,noted,or/multnomah/portland,CM3,setback_side_ft [abuts_nonresidential_zone],0,0,feet,inferred,True,"10 ft. where the lot line abuts an RF – RM4, RMP, or IR zoned Lot (L649)","- Lot Line Abutting OS, RX, C, E, or I Zoned Lot ... CM3 column: none","The cell prints the word ""none"", not a numeral; I read it as a zero-foot minimum.","or/multnomah/portland/33.130.txt#L618,L647",or/multnomah/portland/33.130.txt
01655,agree,noted,or/multnomah/portland,CM3,setback_rear_ft,10,10,feet,inferred,True,"none where the lot line abuts an OS, RX, C, E, or I zoned lot (L647)","- Lot Line Abutting RF – RM4, RMP, or IR zoned Lot ... CM3 column: 10 ft.",Same cell as the side setback — Table 130-2 does not separate side from rear; it separates lot lines by the abutting zone.,"or/multnomah/portland/33.130.txt#L618,L649",or/multnomah/portland/33.130.txt
01656,agree,noted,or/multnomah/portland,CM3,setback_rear_ft [abuts_nonresidential_zone],0,0,feet,inferred,True,"10 ft. where the lot line abuts an RF – RM4, RMP, or IR zoned Lot (L649)","- Lot Line Abutting OS, RX, C, E, or I Zoned Lot ... CM3 column: none","The cell prints the word ""none"", not a numeral; I read it as a zero-foot minimum.","or/multnomah/portland/33.130.txt#L618,L647",or/multnomah/portland/33.130.txt
01657,agree,noted,or/multnomah/portland,CM3,max_height_ft,65,65,feet,clear,True,35 ft. within 25 ft. of a lot line abutting RF-R2.5 zones | 45 ft. within 25 ft. of a lot line abutting RM1 and RMP Zones | Bonus Height – See Table 130-3,Base Height (see 33.130.210.B.1) ... CM3 column: 65 ft.,This is the BASE height; step-down heights near residential zones and a Table 130-3 bonus both move it.,"or/multnomah/portland/33.130.txt#L618,L627",or/multnomah/portland/33.130.txt
01658,agree,,or/multnomah/portland,CM3,max_far,3.0,3,ratio (3 to 1),clear,True,Bonus FAR – See Table 130-3,Maximum FAR (see 33.130.205 and 33.130.212) ... CM3 column: 3 to 1,,"or/multnomah/portland/33.130.txt#L618,L619",or/multnomah/portland/33.130.txt
01659,agree,unclear+noted,or/multnomah/portland,CM3,max_coverage_pct,85,85,percent,unclear,True,100% in the Inner Pattern Area,"Max. Building Coverage (% of site area) - Inner Pattern Area ... CM3: 100%; - Eastern, Western, and River Pattern Areas ... CM3: 85%",Two coverage caps are stated for CM3 and which governs depends on the site's pattern area; I report the lower one but the passage does not settle which was meant.,"or/multnomah/portland/33.130.txt#L618,L656-L657",or/multnomah/portland/33.130.txt
01660,agree,,or/multnomah/portland,CM3,min_landscaped_pct,15,15,percent,clear,True,,Min. Landscaped Area (% of site area) (see 33.130.225) ... CM3 column: 15%,,"or/multnomah/portland/33.130.txt#L618,L659",or/multnomah/portland/33.130.txt
01661,unscored,noted,or/multnomah/portland,CM3,orientation_constraint,entrance_only,,enum (no figure stated),inferred,True,8 feet from the longest street-facing wall | 45 degrees of angle allowed,Location. At least one main entrance for each structure must: a. Be within 8 feet of the longest street-facing wall of the structure; and b. Either: (1) Face the street ... (2) Be at an angle of up to 45 degrees,"No figure exists for this enum; the marked lines bind the MAIN ENTRANCE only and never fix the building's long axis, and they sit under ""General Requirements for Small Housing Types"", whose reach over a 4-unit attached building the passage does not settle.",or/multnomah/portland/33.130.txt#L1713-L1719,or/multnomah/portland/33.130.txt
01662,agree,noted,or/multnomah/portland,CM3,min_density_du_per_acre,1000.0,1000,sq ft of site area per dwelling unit,clear,True,"1 unit per 1,450 sq. ft. of site area (CM2 column)","Minimum Density (see 33.130.207) ... CM3 column: 1 unit per 1,000 sq. ft. of site area","The standard is written as units per ACRE but the code states site area per unit — the inverse shape; 1,000 sq ft/unit is roughly 43 units per acre.","or/multnomah/portland/33.130.txt#L618,L624-L626",or/multnomah/portland/33.130.txt
01663,agree,noted,or/multnomah/portland,CE,parking_max_per_unit,1.35,1.35,spaces per unit,inferred,True,"1 per 2 units under Standard A (EX zones) | No maximum for houses, attached houses and duplexes (exempt)","Household Living ... Standard B: No maximum, except 1.35 per unit on sites that are in a commercial/mixed use or multi-dwelling zone.","Reached in two hops — Table 266-1 sends C zones to Standard B, and Standard B's 1.35 applies because CE is a commercial/mixed use zone; the next line exempts ""houses, attached houses and duplexes"".","or/multnomah/portland/33.266.txt#L139,L153-L155,L157,L159-L162",or/multnomah/portland/33.266.txt
01664,agree_alt,noted,or/multnomah/portland,CE,open_space_min_sqft,48.0,36,sq ft per dwelling unit,inferred,True,"48 square feet per dwelling unit on sites more than 20,000 square feet | 10 percent of total site area for a site with a congregate housing facility","On sites that are up to 20,000 square feet in total area, at least 36 square feet of outdoor area is required for each dwelling unit on the site","Banded on site size (36 sq ft/unit up to 20,000 sq ft, 48 above it); the CE table cell says only ""Yes"" and the number comes from 33.130.228.","or/multnomah/portland/33.130.txt#L618,L663-L664,L1263-L1269",or/multnomah/portland/33.130.txt
01665,agree,noted,or/multnomah/portland,CE,setback_front_ft,0,0,feet,inferred,True,10 ft. for a Street Lot Line abutting selected Civic Corridors | 5 or 10 ft. for a Street Lot Line across a local street from an RF – RM2 or RMP Zone,Min. Building Setbacks (see 33.130.215.B) - Street Lot Line ... CE column: none,"The cell prints the word ""none"", not a numeral; I read it as a zero-foot minimum.","or/multnomah/portland/33.130.txt#L618,L640",or/multnomah/portland/33.130.txt
01666,agree,,or/multnomah/portland,CE,setback_front_ft [civic_corridor],10,10,feet,clear,True,none for an ordinary Street Lot Line | 5 or 10 ft. across a local street from an RF – RM2 or RMP Zone,- Street Lot Line abutting selected Civic Corridors ... CE column: 10 ft.,,"or/multnomah/portland/33.130.txt#L618,L641",or/multnomah/portland/33.130.txt
01667,agree,,or/multnomah/portland,CE,setback_front_max_ft,10,10,feet,clear,True,20 ft. for a Street Lot Line Abutting Selected Civic Corridors,Max. Building Setbacks (see 33.130.215.C) - Street Lot Line ... CE column: 10 ft.,,"or/multnomah/portland/33.130.txt#L618,L651-L652",or/multnomah/portland/33.130.txt
01668,agree,noted,or/multnomah/portland,CE,setback_side_ft,10,10,feet,inferred,True,"none where the lot line abuts an OS, RX, C, E, or I zoned lot (L647)","- Lot Line Abutting RF – RM4, RMP, or IR zoned Lot ... CE column: 10 ft.",Table 130-2 has no side-setback row; the interior setback is keyed on what the abutting lot is ZONED.,"or/multnomah/portland/33.130.txt#L618,L649",or/multnomah/portland/33.130.txt
01669,agree,noted,or/multnomah/portland,CE,setback_side_ft [abuts_nonresidential_zone],0,0,feet,inferred,True,"10 ft. where the lot line abuts an RF – RM4, RMP, or IR zoned Lot (L649)","- Lot Line Abutting OS, RX, C, E, or I Zoned Lot ... CE column: none","The cell prints the word ""none"", not a numeral; I read it as a zero-foot minimum.","or/multnomah/portland/33.130.txt#L618,L647",or/multnomah/portland/33.130.txt
01670,agree,noted,or/multnomah/portland,CE,setback_rear_ft,10,10,feet,inferred,True,"none where the lot line abuts an OS, RX, C, E, or I zoned lot (L647)","- Lot Line Abutting RF – RM4, RMP, or IR zoned Lot ... CE column: 10 ft.",Same cell as the side setback — Table 130-2 does not separate side from rear; it separates lot lines by the abutting zone.,"or/multnomah/portland/33.130.txt#L618,L649",or/multnomah/portland/33.130.txt
01671,agree,noted,or/multnomah/portland,CE,setback_rear_ft [abuts_nonresidential_zone],0,0,feet,inferred,True,"10 ft. where the lot line abuts an RF – RM4, RMP, or IR zoned Lot (L649)","- Lot Line Abutting OS, RX, C, E, or I Zoned Lot ... CE column: none","The cell prints the word ""none"", not a numeral; I read it as a zero-foot minimum.","or/multnomah/portland/33.130.txt#L618,L647",or/multnomah/portland/33.130.txt
01672,agree,noted,or/multnomah/portland,CE,max_height_ft,45,45,feet,clear,True,35 ft. within 25 ft. of a lot line abutting RF-R2.5 zones | 45 ft. within 25 ft. of a lot line abutting RM1 and RMP Zones | Bonus Height – See Table 130-3,Base Height (see 33.130.210.B.1) ... CE column: 45 ft.,This is the BASE height; step-down heights near residential zones and a Table 130-3 bonus both move it.,"or/multnomah/portland/33.130.txt#L618,L627",or/multnomah/portland/33.130.txt
01673,agree,,or/multnomah/portland,CE,max_far,2.5,2.5,ratio (2.5 to 1),clear,True,Bonus FAR – See Table 130-3,Maximum FAR (see 33.130.205 and 33.130.212) ... CE column: 2.5 to 1,,"or/multnomah/portland/33.130.txt#L618,L619",or/multnomah/portland/33.130.txt
01674,agree,unclear+noted,or/multnomah/portland,CE,max_coverage_pct,75,75,percent,unclear,True,85% in the Inner Pattern Area,"Max. Building Coverage (% of site area) - Inner Pattern Area ... CE: 85%; - Eastern, Western, and River Pattern Areas ... CE: 75%","Two coverage caps are stated for CE (85% Inner, 75% Eastern/Western/River) and which governs depends on the site's pattern area; note CE's numbers differ from CM2/CM3's 100/85, so a value copied from the neighbouring column would be wrong.","or/multnomah/portland/33.130.txt#L618,L656-L657",or/multnomah/portland/33.130.txt
01675,agree,,or/multnomah/portland,CE,min_landscaped_pct,15,15,percent,clear,True,,Min. Landscaped Area (% of site area) (see 33.130.225) ... CE column: 15%,,"or/multnomah/portland/33.130.txt#L618,L659",or/multnomah/portland/33.130.txt
01676,unscored,noted,or/multnomah/portland,CE,orientation_constraint,entrance_only,,enum (no figure stated),inferred,True,8 feet from the longest street-facing wall | 45 degrees of angle allowed,Location. At least one main entrance for each structure must: a. Be within 8 feet of the longest street-facing wall of the structure; and b. Either: (1) Face the street ... (2) Be at an angle of up to 45 degrees,"No figure exists for this enum; the marked lines bind the MAIN ENTRANCE only and never fix the building's long axis, and they sit under ""General Requirements for Small Housing Types"", whose reach over a 4-unit attached building the passage does not settle.",or/multnomah/portland/33.130.txt#L1713-L1719,or/multnomah/portland/33.130.txt
01677,agree,noted,or/multnomah/portland,CX,parking_max_per_unit,1.35,1.35,spaces per unit,inferred,True,"1 per 2 units under Standard A (EX zones) | No maximum for houses, attached houses and duplexes (exempt)","Household Living ... Standard B: No maximum, except 1.35 per unit on sites that are in a commercial/mixed use or multi-dwelling zone.","Reached in two hops — Table 266-1 sends C zones to Standard B, and Standard B's 1.35 applies because CX is a commercial/mixed use zone; the next line exempts ""houses, attached houses and duplexes"".","or/multnomah/portland/33.266.txt#L139,L153-L155,L157,L159-L162",or/multnomah/portland/33.266.txt
01678,agree,noted,or/multnomah/portland,CX,setback_front_ft,0,0,feet,inferred,True,10 ft. for a Street Lot Line abutting selected Civic Corridors | 5 or 10 ft. for a Street Lot Line across a local street from an RF – RM2 or RMP Zone,Min. Building Setbacks (see 33.130.215.B) - Street Lot Line ... CX column: none,"The cell prints the word ""none"", not a numeral; I read it as a zero-foot minimum.","or/multnomah/portland/33.130.txt#L618,L640",or/multnomah/portland/33.130.txt
01679,agree,,or/multnomah/portland,CX,setback_front_ft [civic_corridor],10,10,feet,clear,True,none for an ordinary Street Lot Line | 5 or 10 ft. across a local street from an RF – RM2 or RMP Zone,- Street Lot Line abutting selected Civic Corridors ... CX column: 10 ft.,,"or/multnomah/portland/33.130.txt#L618,L641",or/multnomah/portland/33.130.txt
01680,agree,,or/multnomah/portland,CX,setback_front_max_ft,10,10,feet,clear,True,20 ft. where the street lot line abuts a selected Civic Corridor,Max. Building Setbacks (see 33.130.215.C) / - Street Lot Line ... CX column: 10 ft.,,"or/multnomah/portland/33.130.txt#L618,L651-L652",or/multnomah/portland/33.130.txt
01681,agree,noted,or/multnomah/portland,CX,setback_side_ft,10,10,feet,inferred,True,"none where the lot line abuts an OS, RX, C, E, or I zoned lot","Min. Building Setbacks (see 33.130.215.B) / - Lot Line Abutting RF – RM4, RMP, or IR zoned Lot ... CX column: 10 ft.","Table 130-2 keys minimum setbacks to what the abutting lot is zoned, not to front/side/rear; the 10 ft. binds only where the lot line abuts an RF–RM4, RMP, or IR zoned lot.","or/multnomah/portland/33.130.txt#L618,L649",or/multnomah/portland/33.130.txt
01682,agree,noted,or/multnomah/portland,CX,setback_side_ft [abuts_nonresidential_zone],0,0,feet,inferred,True,"10 ft. where the lot line abuts an RF–RM4, RMP, or IR zoned lot","Min. Building Setbacks (see 33.130.215.B) / - Lot Line Abutting OS, RX, C, E, or I Zoned Lot ... CX column: none","The cell prints 'none', not a numeral; read as a zero minimum.","or/multnomah/portland/33.130.txt#L618,L647",or/multnomah/portland/33.130.txt
01683,agree,noted,or/multnomah/portland,CX,setback_rear_ft,10,10,feet,inferred,True,"none where the lot line abuts an OS, RX, C, E, or I zoned lot","Min. Building Setbacks (see 33.130.215.B) / - Lot Line Abutting RF – RM4, RMP, or IR zoned Lot ... CX column: 10 ft.","The table never names a rear setback; it states one minimum per abutting-zone class, so this figure is the same cell that answers the side setback.","or/multnomah/portland/33.130.txt#L618,L649",or/multnomah/portland/33.130.txt
01684,agree,noted,or/multnomah/portland,CX,setback_rear_ft [abuts_nonresidential_zone],0,0,feet,inferred,True,"10 ft. where the lot line abuts an RF–RM4, RMP, or IR zoned lot","Min. Building Setbacks (see 33.130.215.B) / - Lot Line Abutting OS, RX, C, E, or I Zoned Lot ... CX column: none","The cell prints 'none', not a numeral, and the table states no separate rear setback; read as a zero minimum.","or/multnomah/portland/33.130.txt#L618,L647",or/multnomah/portland/33.130.txt
01685,agree,noted,or/multnomah/portland,CX,max_height_ft,75,75,feet,clear,True,35 ft. within 25 ft. of a lot line abutting an RF-R2.5 zone | 45 ft. within 25 ft. of a lot line abutting an RM1 or RMP zone | 45 ft. within 15 ft. of a lot line across a local street,Base Height (see 33.130.210.B.1) ... CX column: 75 ft.,The figure is the Base Height row; step-down heights of 35 and 45 ft. apply near residential zones.,"or/multnomah/portland/33.130.txt#L618,L627",or/multnomah/portland/33.130.txt
01686,agree,,or/multnomah/portland,CX,max_far,4.0,4,ratio,clear,True,"Bonus FAR, See Table 130-3",Maximum FAR (see 33.130.205 and 33.130.212) ... CX column: 4 to 1,,"or/multnomah/portland/33.130.txt#L618,L619",or/multnomah/portland/33.130.txt
01687,agree,,or/multnomah/portland,CX,max_coverage_pct,100,100,percent,clear,True,,"Max. Building Coverage (% of site area) - Inner Pattern Area ... CX 100% ; - Eastern, Western, and River Pattern Areas ... CX 100%",,"or/multnomah/portland/33.130.txt#L618,L656-L657",or/multnomah/portland/33.130.txt
01688,agree,noted,or/multnomah/portland,CX,min_landscaped_pct,0,0,percent,inferred,True,"15% in the CR, CM1, CM2, CM3 and CE columns",Min. Landscaped Area (% of site area) (see 33.130.225) ... CX column: None,The CX cell prints 'None' rather than a percentage; read as no landscaped-area requirement (zero).,"or/multnomah/portland/33.130.txt#L618,L659",or/multnomah/portland/33.130.txt
01689,unscored,noted,or/multnomah/portland,CX,orientation_constraint,entrance_only,,enum,inferred,True,,3. Location. At least one main entrance for each structure must: a. Be within 8 feet of the longest street-facing wall of the structure; and b. Either: (1) Face the street ... (2) Be at an angle of up to 45 degrees,"The marked lines bind the main entrance only — within 8 ft of the longest street-facing wall, facing the street, angled up to 45 degrees, or onto a porch — and state no figure for this enum standard; nothing here fixes the building's long axis.",or/multnomah/portland/33.130.txt#L1713-L1719,or/multnomah/portland/33.130.txt
01690,agree,noted,or/multnomah/portland,EX,parking_max_per_unit,2.0,2,1 per N units,inferred,True,"Standard B: No maximum, except 1.35 per unit on sites that are in a commercial/mixed use or multi-dwelling zone","EX Maximum is Standard A in Table 266-2, except for the following, where the maximum is Standard B ... Household Living | Standard A 1 per 2 units","Two tables have to be chained (Table 266-1 sends EX to Standard A; Table 266-2 gives Household Living under Standard A); the EX exceptions that fall back to Standard B are all non-residential uses, so Standard A governs the pod.","or/multnomah/portland/33.266.txt#L141-L142,L153-L155,L157,L159",or/multnomah/portland/33.266.txt
01691,agree,,or/multnomah/portland,EX,setback_front_ft,0,0,feet,clear,True,,Min. Building Setbacks / Street Lot Line (see 33.140.215) ... EX column: 0,,"or/multnomah/portland/33.140.txt#L590,L600",or/multnomah/portland/33.140.txt
01692,agree,noted,or/multnomah/portland,EX,setback_front_max_ft,10,10,feet,inferred,True,,Max. Building Stbks (see 33.140.215) / Transit Street or Pedestrian District ... EX column: 10 ft.,The maximum applies only where the site is on a Transit Street or in a Pedestrian District; the table states no maximum front setback for EX elsewhere.,"or/multnomah/portland/33.140.txt#L590,L606-L608",or/multnomah/portland/33.140.txt
01693,agree,noted,or/multnomah/portland,EX,setback_side_ft,10,10,feet,inferred,True,"5 ft. where the building wall is 15 ft. or less | 0 against a lot line abutting an OS, C, E, or I zoned lot (Table 140-2)","Table 140-3 ... EG1, EX, IG1 | 16 or more | Lots abutting a side lot line of an R zoned lot: 10 ft. / 5 ft. @ L3","Banded by building-wall height (15 ft. or less → 5 ft.; 16 ft. or more → 10 ft.) and confined to lot lines of an R zoned lot; the second value in each cell (5 ft. @ L3) is the landscape buffer, not a setback.",or/multnomah/portland/33.140.txt#L625-L628,or/multnomah/portland/33.140.txt
01694,agree,,or/multnomah/portland,EX,setback_side_ft [abuts_nonresidential_zone],0,0,feet,clear,True,,"- Lot line abutting an OS, C, E, or I zoned lot ... EX column: 0",,"or/multnomah/portland/33.140.txt#L590,L602-L603",or/multnomah/portland/33.140.txt
01695,agree,noted,or/multnomah/portland,EX,setback_rear_ft,10,10,feet,inferred,True,"0 / none where the building wall is 15 ft. or less | 0 against a lot line abutting an OS, C, E, or I zoned lot (Table 140-2)","Table 140-3 ... EG1, EX, IG1 | 16 or more | Lots abutting a rear lot line of an R zoned lot: 10 ft. / 5 ft. @ L3",Banded by building-wall height (15 ft. or less → 0 / none; 16 ft. or more → 10 ft.) and confined to a rear lot line of an R zoned lot; the second value in each cell is the landscape buffer.,or/multnomah/portland/33.140.txt#L625-L628,or/multnomah/portland/33.140.txt
01696,agree,,or/multnomah/portland,EX,setback_rear_ft [abuts_nonresidential_zone],0,0,feet,clear,True,,"- Lot line abutting an OS, C, E, or I zoned lot ... EX column: 0",,"or/multnomah/portland/33.140.txt#L590,L602-L603",or/multnomah/portland/33.140.txt
01697,agree,,or/multnomah/portland,EX,max_height_ft,65,65,feet,clear,True,,Maximum Height (see 33.140.210) ... EX column: 65 ft,,"or/multnomah/portland/33.140.txt#L590,L597",or/multnomah/portland/33.140.txt
01698,agree,,or/multnomah/portland,EX,max_far,3.0,3,ratio,clear,True,5 to 1 with the Inclusionary Housing Bonus (see 33.140.205.C),Maximum FAR (see 33.140.205) ... EX column: 3 to 1,,"or/multnomah/portland/33.140.txt#L590,L591",or/multnomah/portland/33.140.txt
01699,agree,,or/multnomah/portland,EX,max_coverage_pct,100,100,percent,clear,True,,Maximum Building Coverage (see 33.140.220) ... EX column: 100% of site area,,"or/multnomah/portland/33.140.txt#L590,L610-L611",or/multnomah/portland/33.140.txt
01700,agree,noted,or/multnomah/portland,EX,min_landscaped_pct,0,0,percent,inferred,True,"15% of site area in the EG1, EG2 and IG2 columns",Min. Landscaped Area (see 140.225) ... EX column: None,The EX cell prints 'None' rather than a percentage; read as no landscaped-area requirement (zero).,"or/multnomah/portland/33.140.txt#L590,L613",or/multnomah/portland/33.140.txt
01701,agree,unclear+noted,or/multnomah/portland,CI1,setback_front_ft,15,15,feet,unclear,True,"10 ft. abutting or across the street from an RM1-RMP or IR zoned lot | 0 ft. abutting or across the street from a C, CI, E, or I zoned lot","Minimum Building Setbacks [1] (see 33.150.215) - Lot line abutting or across the street from an OS, RF-R2.5 zoned lot ... CI1 column: 15 ft.",The cited block states three different minimums keyed to the neighbouring lot's zone and never to front/side/rear; 15 ft. is the largest of the three and which one governs depends on what the lot faces or abuts.,"or/multnomah/portland/33.150.txt#L531,L538-L545",or/multnomah/portland/33.150.txt
01702,agree,unclear+noted,or/multnomah/portland,CI1,setback_side_ft,15,15,feet,unclear,True,"10 ft. abutting or across the street from an RM1-RMP or IR zoned lot | 0 ft. abutting or across the street from a C, CI, E, or I zoned lot","Minimum Building Setbacks [1] (see 33.150.215) - Lot line abutting or across the street from an OS, RF-R2.5 zoned lot ... CI1 column: 15 ft.","Same three-row block as the front setback: Table 150-2 states one minimum per abutting-zone class, not a distinct side setback, so 15 / 10 / 0 ft. are all candidates.","or/multnomah/portland/33.150.txt#L531,L538-L545",or/multnomah/portland/33.150.txt
01703,agree,unclear+noted,or/multnomah/portland,CI1,setback_rear_ft,15,15,feet,unclear,True,"10 ft. abutting or across the street from an RM1-RMP or IR zoned lot | 0 ft. abutting or across the street from a C, CI, E, or I zoned lot","Minimum Building Setbacks [1] (see 33.150.215) - Lot line abutting or across the street from an OS, RF-R2.5 zoned lot ... CI1 column: 15 ft.","Same three-row block as the front and side setbacks: Table 150-2 states one minimum per abutting-zone class, not a distinct rear setback.","or/multnomah/portland/33.150.txt#L531,L538-L545",or/multnomah/portland/33.150.txt
01704,agree,noted,or/multnomah/portland,CI1,max_height_ft,75,75,feet,clear,True,,Maximum Height (see 33.150.210) ... CI1 column: 75 ft. [4],"The cell carries footnote marker [4], which is not reproduced in the passage.","or/multnomah/portland/33.150.txt#L531,L536-L537",or/multnomah/portland/33.150.txt
01705,agree,noted,or/multnomah/portland,CI1,max_far,0.5,0.5,ratio,clear,True,,Maximum FAR [1] (see 33.150.205) ... CI1 column: 0.5 to 1,The cell carries footnote marker [1]; the Inclusionary Housing Bonus row reads NA for CI1.,"or/multnomah/portland/33.150.txt#L531,L532-L533",or/multnomah/portland/33.150.txt
01706,agree,noted,or/multnomah/portland,CI1,max_coverage_pct,50,50,percent,clear,True,,Maximum Building Coverage [1] (see 33.150.220) ... CI1 column: 50% of site area,"The cell carries footnote marker [1], which is not reproduced in the passage.","or/multnomah/portland/33.150.txt#L531,L548-L549",or/multnomah/portland/33.150.txt
01707,agree,,or/multnomah/portland,CI1,min_landscaped_pct,25,25,percent,clear,True,,Minimum Landscaped Area (see 33.150.240) ... CI1 column: 25% of site area,,"or/multnomah/portland/33.150.txt#L531,L552-L553",or/multnomah/portland/33.150.txt
01708,agree,noted,or/multnomah/portland,CI2,setback_front_ft,10,10,feet,inferred,True,"0 ft. abutting or across the street from a C, CI, E, or I zoned lot","- Lot line abutting or across the street from an OS, RF-R2.5 zoned lot ... CI2: 10 ft. ; - Lot line abutting or across the street from an RM1-RMP, IR zoned lot ... CI2: 10 ft.",Both cited rows read 10 ft. in the CI2 column; the table keys the minimum to the neighbouring lot's zone rather than to front/side/rear.,"or/multnomah/portland/33.150.txt#L531,L540-L543",or/multnomah/portland/33.150.txt
01709,agree,,or/multnomah/portland,CI2,setback_front_ft [abuts_nonresidential_zone],0,0,feet,clear,True,,"- Lot line abutting or across the street from a C, CI, E, or I zoned lot ... CI2 column: 0 ft.",,"or/multnomah/portland/33.150.txt#L531,L544-L545",or/multnomah/portland/33.150.txt
01710,agree,noted,or/multnomah/portland,CI2,setback_front_max_ft,10,10,feet,inferred,True,,"Maximum Building Setbacks Street Lot Line, Transit Street or Pedestrian District [5] (See 33.150.215) ... CI2 column: 10 ft.",The maximum is stated for a street lot line on a Transit Street or in a Pedestrian District and carries footnote [5]; CI1's cell in the same row reads None.,"or/multnomah/portland/33.150.txt#L531,L546-L547",or/multnomah/portland/33.150.txt
01711,agree,noted,or/multnomah/portland,CI2,setback_side_ft,10,10,feet,inferred,True,"0 ft. abutting or across the street from a C, CI, E, or I zoned lot","- Lot line abutting or across the street from an OS, RF-R2.5 zoned lot ... CI2: 10 ft. ; - Lot line abutting or across the street from an RM1-RMP, IR zoned lot ... CI2: 10 ft.","Table 150-2 states one minimum per abutting-zone class, not a distinct side setback; both cited rows read 10 ft. for CI2.","or/multnomah/portland/33.150.txt#L531,L540-L543",or/multnomah/portland/33.150.txt
01712,agree,,or/multnomah/portland,CI2,setback_side_ft [abuts_nonresidential_zone],0,0,feet,clear,True,,"- Lot line abutting or across the street from a C, CI, E, or I zoned lot ... CI2 column: 0 ft.",,"or/multnomah/portland/33.150.txt#L531,L544-L545",or/multnomah/portland/33.150.txt
01713,agree,noted,or/multnomah/portland,CI2,setback_rear_ft,10,10,feet,inferred,True,"0 ft. abutting or across the street from a C, CI, E, or I zoned lot","- Lot line abutting or across the street from an OS, RF-R2.5 zoned lot ... CI2: 10 ft. ; - Lot line abutting or across the street from an RM1-RMP, IR zoned lot ... CI2: 10 ft.","Table 150-2 states one minimum per abutting-zone class, not a distinct rear setback; both cited rows read 10 ft. for CI2.","or/multnomah/portland/33.150.txt#L531,L540-L543",or/multnomah/portland/33.150.txt
01714,agree,,or/multnomah/portland,CI2,setback_rear_ft [abuts_nonresidential_zone],0,0,feet,clear,True,,"- Lot line abutting or across the street from a C, CI, E, or I zoned lot ... CI2 column: 0 ft.",,"or/multnomah/portland/33.150.txt#L531,L544-L545",or/multnomah/portland/33.150.txt
01715,agree,noted,or/multnomah/portland,CI2,max_height_ft,150,150,feet,clear,True,,Maximum Height (see 33.150.210) ... CI2 column: 150 ft. [4],"The cell carries footnote marker [4], which is not reproduced in the passage.","or/multnomah/portland/33.150.txt#L531,L536-L537",or/multnomah/portland/33.150.txt
01716,agree,noted,or/multnomah/portland,CI2,max_far,3.0,3,ratio,clear,True,3.75 to 1 with the Inclusionary Housing Bonus (see 33.150.205.C),Maximum FAR [1] (see 33.150.205) ... CI2 column: 3 to 1 [2] [3],"The cell carries footnote markers [1], [2] and [3], none of which are reproduced in the passage.","or/multnomah/portland/33.150.txt#L531,L532-L533",or/multnomah/portland/33.150.txt
01717,agree,noted,or/multnomah/portland,CI2,max_coverage_pct,85,85,percent,clear,True,,Maximum Building Coverage [1] (see 33.150.220) ... CI2 column: 85% of site area,"The cell carries footnote marker [1], which is not reproduced in the passage.","or/multnomah/portland/33.150.txt#L531,L548-L549",or/multnomah/portland/33.150.txt
01718,agree,,or/multnomah/portland,CI2,min_landscaped_pct,15,15,percent,clear,True,,Minimum Landscaped Area (see 33.150.240) ... CI2 column: 15% of site area,,"or/multnomah/portland/33.150.txt#L531,L552-L553",or/multnomah/portland/33.150.txt
01719,agree_alt,noted,or/multnomah/portland,IR,setback_front_ft,2.0,10,floor of a height-derived setback (1 ft. per 2 ft. of building height),inferred,True,1 ft. for every 2 ft. of building height — 13 ft. at a 26 ft. building,Minimum Building Setbacks [1] (see 33.150.215) ... IR column: 1 ft. for every 2 ft. of building height but not less than 10 ft.,"The IR column is a single merged cell spanning all three abutting-zone rows, so the same rule answers front, side and rear; 10 ft. is only the floor — the governing setback rises above it once the building exceeds 20 ft.","or/multnomah/portland/33.150.txt#L531,L538-L545",or/multnomah/portland/33.150.txt
01720,agree,noted,or/multnomah/portland,IR,setback_front_max_ft [on_transit_street],10,10,feet,clear,True,,"Maximum Building Setbacks Street Lot Line, Transit Street or Pedestrian District [5] (See 33.150.215) | IR column: 10 ft.","The row is a MAXIMUM setback that applies only on a transit street or in a pedestrian district, and carries footnote marker [5], which is not shown in the passage.","or/multnomah/portland/33.150.txt#L531,L546-L547",or/multnomah/portland/33.150.txt
01721,agree_alt,noted,or/multnomah/portland,IR,setback_side_ft,2.0,10,feet (floor of a per-height setback),inferred,True,1 ft. for every 2 ft. of building height (13 ft at a 26 ft building height),"Minimum Building Setbacks [1] (see 33.150.215) | IR column: ""1 ft. for every 2 ft. of building height but not less than 10 ft.""","IR's cell is merged across all three minimum-setback rows and the rows are keyed to the abutting zone, not to side vs. rear, so the passage states no side-specific figure; 10 ft is only the floor of a height-derived setback, and footnote [1] applies.","or/multnomah/portland/33.150.txt#L531,L538-L545",or/multnomah/portland/33.150.txt
01722,agree_alt,noted,or/multnomah/portland,IR,setback_rear_ft,2.0,10,feet (floor of a per-height setback),inferred,True,1 ft. for every 2 ft. of building height (13 ft at a 26 ft building height),"Minimum Building Setbacks [1] (see 33.150.215) | IR column: ""1 ft. for every 2 ft. of building height but not less than 10 ft.""","Same merged IR cell as the side setback — the table does not distinguish rear from side, only which zone the lot line abuts, so 10 ft is the floor of a height-derived setback and not a stated rear figure.","or/multnomah/portland/33.150.txt#L531,L538-L545",or/multnomah/portland/33.150.txt
01723,agree,noted,or/multnomah/portland,IR,max_height_ft,75,75,feet,clear,True,,Maximum Height (see 33.150.210) | IR column: 75 ft.,The [4] footnote marker printed on the CI1 and CI2 cells is absent from the IR cell.,"or/multnomah/portland/33.150.txt#L531,L536-L537",or/multnomah/portland/33.150.txt
01724,agree,noted,or/multnomah/portland,IR,max_far,2.0,2,ratio (2 to 1),clear,True,,Maximum FAR [1] (see 33.150.205) | IR column: 2 to 1,"The Inclusionary Housing Bonus row prints NA for IR, and footnote [1] applies to the base row.","or/multnomah/portland/33.150.txt#L531,L532-L533",or/multnomah/portland/33.150.txt
01725,agree,noted,or/multnomah/portland,IR,max_coverage_pct,70,70,percent,clear,True,,Maximum Building Coverage [1] (see 33.150.220) | IR column: 70% of site area,Footnote marker [1] applies to the row.,"or/multnomah/portland/33.150.txt#L531,L548-L549",or/multnomah/portland/33.150.txt
01726,agree,,or/multnomah/portland,IR,min_landscaped_pct,20,20,percent,clear,True,,Minimum Landscaped Area (see 33.150.240) | IR column: 20% of site area,,"or/multnomah/portland/33.150.txt#L531,L552-L553",or/multnomah/portland/33.150.txt
01727,agree,noted,or/multnomah/troutdale,defaults,parking_min_per_unit,4.0,4,spaces total,clear,True,"1 space total on a lot under 3,000 sq. ft. | 2 spaces total on a lot under 5,000 sq. ft. | 3 spaces total on a lot of 5,000-6,999 sq. ft. | Townhome row: 1 space per dwelling unit","Triplex and Quadplex | • Lot size of 7,000 sq. ft. or greater  3 spaces total per triplex / 4 spaces total per quadplex","Figure is a total for the quadplex, not a per-unit ratio, and it applies only on lots of 7,000 sq. ft. or greater, but the item carries no lot-size condition; the separate Townhome row would instead give 1 space per dwelling unit.","or/multnomah/troutdale/9.parking.txt#L82,L87,L92-L93",or/multnomah/troutdale/9.parking.txt
01728,agree,noted,or/multnomah/troutdale,defaults,parking_min_per_unit [],1.0,1,spaces total,clear,True,"2 spaces total on a lot under 5,000 sq. ft. | 3 spaces total on a lot of 5,000-6,999 sq. ft. | 4 spaces total per quadplex on a lot of 7,000 sq. ft. or greater","Triplex and Quadplex | • Lot size of less than 3,000 sq. ft.  1 space total","A total for the whole quadplex conditioned on a lot smaller than 3,000 sq. ft., while the item records no lot-size condition.","or/multnomah/troutdale/9.parking.txt#L87,L88",or/multnomah/troutdale/9.parking.txt
01729,agree,noted,or/multnomah/troutdale,defaults,parking_min_per_unit [],2.0,2,spaces total,clear,True,"1 space total on a lot under 3,000 sq. ft. | 3 spaces total on a lot of 5,000-6,999 sq. ft. | 4 spaces total per quadplex on a lot of 7,000 sq. ft. or greater","• Lot size of less than 5,000 sq. ft.  2 spaces total","A total for the whole quadplex under the Triplex and Quadplex row, conditioned on a lot smaller than 5,000 sq. ft.; the bands overlap (a 2,500 sq. ft. lot satisfies both the <3,000 and the <5,000 line).","or/multnomah/troutdale/9.parking.txt#L87,L89",or/multnomah/troutdale/9.parking.txt
01730,agree,noted,or/multnomah/troutdale,defaults,parking_min_per_unit [],3.0,3,spaces total,clear,True,"1 space total on a lot under 3,000 sq. ft. | 2 spaces total on a lot under 5,000 sq. ft. | 4 spaces total per quadplex on a lot of 7,000 sq. ft. or greater","• Lot size between 5,000 sq. ft. and 6,999 sq. feet  3 spaces total","A total for the whole quadplex conditioned on a 5,000-6,999 sq. ft. lot, while the item records no lot-size condition.","or/multnomah/troutdale/9.parking.txt#L87,L90-L91",or/multnomah/troutdale/9.parking.txt
01731,agree,,or/multnomah/troutdale,defaults,parking_stall_width_ft,9,9,feet,clear,True,"8 ft compact stall, up to 35% of required spaces",The standard size of a parking space shall be nine (9) feet by eighteen (18) feet (one hundred sixty-two (162) square feet).,,"or/multnomah/troutdale/9.parking.txt#L574,L576,L578,L580-L581",or/multnomah/troutdale/9.parking.txt
01732,agree,noted,or/multnomah/troutdale,defaults,parking_stall_depth_ft,18,18,feet,clear,True,16 ft compact stall depth | 22 ft length for parallel parking,The standard size of a parking space shall be nine (9) feet by eighteen (18) feet (one hundred sixty-two (162) square feet).,Depth is the second of the two dimensions in the same sentence that gives the width; the code names neither dimension width or depth explicitly.,"or/multnomah/troutdale/9.parking.txt#L574,L576,L578,L580-L581",or/multnomah/troutdale/9.parking.txt
01733,agree,noted,or/multnomah/troutdale,defaults,parking_aisle_one_way_ft,25,25,feet,inferred,True,20 ft for 60-degree parking | 20 ft for 45-degree parking | 12 ft for parallel parking on one side,B.  Aisles shall not be less than: 1. Twenty-five (25) feet in width for ninety degree (90°) parking.,"Troutdale states one aisle width per parking angle and never distinguishes one-way from two-way travel, so 25 ft is the 90-degree figure read as governing a one-way aisle too.","or/multnomah/troutdale/9.parking.txt#L574,L576,L592,L594",or/multnomah/troutdale/9.parking.txt
01734,agree,noted,or/multnomah/troutdale,defaults,parking_aisle_two_way_ft,25,25,feet,inferred,True,20 ft for 60-degree parking | 20 ft for 45-degree parking | 12 ft for parallel parking on one side,B.  Aisles shall not be less than: 1. Twenty-five (25) feet in width for ninety degree (90°) parking.,"The same 25 ft cell answers both aisle items because the code separates aisles by parking angle, not by direction of travel.","or/multnomah/troutdale/9.parking.txt#L574,L576,L592,L594",or/multnomah/troutdale/9.parking.txt
01735,agree,noted,or/multnomah/troutdale,defaults,driveway_min_width_two_way_ft,20,20,feet,clear,True,10 ft for a single-family or two-family dwelling driveway,A driveway to an off-street parking area shall be improved from the public roadway to the parking area a minimum width of twenty (20) feet for a two-way drive,"Qualified by ""but in either case not less than the full width of the approach for the first twenty (20) feet of the driveway"".","or/multnomah/troutdale/9.parking.txt#L436,L438-L439",or/multnomah/troutdale/9.parking.txt
01736,agree,noted,or/multnomah/troutdale,defaults,driveway_min_width_one_way_ft,12,12,feet,clear,True,10 ft for a single-family or two-family dwelling driveway,"or twelve (12) feet for a one-way drive, but in either case not less than the full width of the approach for the first twenty (20) feet of the driveway","Qualified: for the first 20 ft the drive must also be at least the full width of the approach, so 12 ft is not the width at the street.","or/multnomah/troutdale/9.parking.txt#L436,L438-L440",or/multnomah/troutdale/9.parking.txt
01737,agree,noted,or/multnomah/troutdale,defaults,driveway_approach_max_width_ft,32,32,feet,clear,True,,"5. Driveway Approach. ... a. The total width of all driveway approaches must not exceed thirty-two (32) feet per frontage, as measured at the property line","Read from Section 8.120, Triplex and Quadplex Dwellings, so the row matches the product; lots with more than one frontage are sent to Subsection 5.c, which is not in the passage.","or/multnomah/troutdale/8.development-standards.txt#L501,L606-L608",or/multnomah/troutdale/8.development-standards.txt
01738,agree,noted,or/multnomah/troutdale,defaults,parking_area_max_frontage_pct,50,50,percent,clear,True,,d. The combined width of all garages and outdoor on-site parking and maneuvering areas does not exceed a total of fifty percent (50%) of the street frontage,"Stated as an exception that lets garages and parking sit between a building and the street, not as a flat cap; the lead-in at L599 cross-references ""Subsections a. and b."" while the exceptions are actually lettered c. and d.","or/multnomah/troutdale/8.development-standards.txt#L501,L596,L598,L603-L604",or/multnomah/troutdale/8.development-standards.txt
01739,agree,noted,or/multnomah/troutdale,MU-2,min_lot_width_ft,15,15,feet,clear,True,,Minimum lot width (ft.)   15   15   15  [MU-1 | MU-2 | MU-3],"All three district columns print the same value, so the column choice cannot change the number.","or/multnomah/troutdale/3.zoning-districts.txt#L684,L686",or/multnomah/troutdale/3.zoning-districts.txt
01740,agree,noted,or/multnomah/troutdale,MU-2,min_lot_depth_ft,70,70,feet,inferred,True,90 ft where alley access is within an easement that is part of the lot | no minimum lot depth in the Historic Columbia River Highway / 2nd Street area,B. Minimum lot depth for residential uses. 1. Seventy (70) feet for residential units with a driveway from the public street or with access from an alley within a separate tract from the lot.,"The MU-2 table cell says only ""see 3.235.B""; the figure comes from the cross-referenced section and is itself conditioned on how the lot is accessed.","or/multnomah/troutdale/3.zoning-districts.txt#L684,L687,L727-L729",or/multnomah/troutdale/3.zoning-districts.txt
01741,agree,noted,or/multnomah/troutdale,MU-2,min_lot_depth_ft [abuts_alley+access_easement],90,90,feet,inferred,True,70 ft with a driveway from the public street or alley access in a separate tract | no minimum lot depth in the Historic Columbia River Highway / 2nd Street area,2. Ninety (90) feet for residential units with access from an alley within an easement that is part of the lot.,"Matches the stated condition (alley access inside an easement that is part of the lot); reached only through the table's ""see 3.235.B"" cross-reference.","or/multnomah/troutdale/3.zoning-districts.txt#L684,L687,L730-L731",or/multnomah/troutdale/3.zoning-districts.txt
01742,agree,noted,or/multnomah/troutdale,MU-2,min_frontage_ft,15,15,feet,clear,True,,Minimum lot frontage (ft.)   15   15   15  [MU-1 | MU-2 | MU-3],"Frontage and lot width are separate rows here and both print 15, so the two standards are not distinguishable by their numbers.","or/multnomah/troutdale/3.zoning-districts.txt#L684,L688",or/multnomah/troutdale/3.zoning-districts.txt
01743,agree,noted,or/multnomah/troutdale,MU-2,setback_front_ft,15,15,feet,inferred,True,20 ft to the garage door of units with a driveway | 10 ft to the front porch of a residential unit | 10 ft to the front façade with alley access,Minimum setbacks (ft): Front yard: without alley access ... to the front façade of a residential unit   15   15,"The setback rows print only two values because MU-3 is sent to ""see 3.230.A"" on the header line, so the two figures are MU-1 and MU-2; both are 15, so the column reading cannot change the number.","or/multnomah/troutdale/3.zoning-districts.txt#L684,L689-L694",or/multnomah/troutdale/3.zoning-districts.txt
01744,agree,noted,or/multnomah/troutdale,MU-2,setback_front_ft [abuts_alley],10,10,feet,inferred,True,5 ft to the front porch of a residential unit with alley access | 15 ft to the façade without alley access,Front yard: ... with alley access   to the front façade of a residential unit   10   10,"Row chosen is the building façade, not the porch; the two printed values are MU-1 and MU-2 and both read 10.","or/multnomah/troutdale/3.zoning-districts.txt#L684,L689-L690,L696-L697",or/multnomah/troutdale/3.zoning-districts.txt
01745,agree,noted,or/multnomah/troutdale,MU-2,setback_garage_entrance_ft,20,20,feet,inferred,True,,Front yard: without alley access   to the garage door of units with a driveway   20   20,Applies only to units with a driveway and no alley access; the table prints no garage-door figure for the with-alley case.,"or/multnomah/troutdale/3.zoning-districts.txt#L684,L689-L692",or/multnomah/troutdale/3.zoning-districts.txt
01746,agree_alt,unclear+noted,or/multnomah/troutdale,MU-2,setback_side_ft,15,7.5,feet,unclear,True,5 ft abutting a non-residential or HDR district | 5 ft single-story construction abutting a residential district | 15 ft from an adjoining rear yard (either story count),ii. Two (2) story or greater construction: Minimum of seven and one-half (7 ½) feet from an adjoining side yard and a minimum of fifteen (15) feet from an adjoining rear yard.,"3.235.C.2 states no unconditioned side setback: it gives 5 ft abutting non-residential/HDR, 5 ft single-story and 7.5 ft two-story-or-greater abutting residential; 7.5 ft is the figure a two-storey pod takes, but the passage does not name a base.","or/multnomah/troutdale/3.zoning-districts.txt#L684,L699,L738-L745",or/multnomah/troutdale/3.zoning-districts.txt
01747,agree,noted,or/multnomah/troutdale,MU-2,setback_side_ft [abuts_side_yard],5,5,feet,clear,True,15 ft from an adjoining rear yard in the same clause | 7.5 ft for two-story or greater construction,b. Abutting all other residential zoning districts. i. Single-story construction: Minimum of five (5) feet from an adjoining side yard,"The marked row is single-story construction; a two-storey pod takes 7.5 ft instead, and the same clause asks 15 ft where the side yard adjoins a rear yard.","or/multnomah/troutdale/3.zoning-districts.txt#L684,L699,L739-L741",or/multnomah/troutdale/3.zoning-districts.txt
01748,agree,noted,or/multnomah/troutdale,MU-2,setback_side_ft [abuts_side_yard+multi_story],7.5,7.5,feet,clear,True,15 ft where the side yard adjoins a rear yard | 5 ft single-story,ii. Two (2) story or greater construction: Minimum of seven and one-half (7 ½) feet from an adjoining side yard and a minimum of fifteen (15) feet from an adjoining rear yard.,"The same sentence asks 15 ft where the side yard adjoins a rear yard, and 3.235.C.6 allows that 15 ft to be reduced by up to 5 ft.","or/multnomah/troutdale/3.zoning-districts.txt#L684,L699,L739,L742-L744",or/multnomah/troutdale/3.zoning-districts.txt
01749,agree,noted,or/multnomah/troutdale,MU-2,setback_side_ft [abuts_nonresidential_zone],5,5,feet,clear,True,,2. Side yard. a. Abutting a non-residential or HDR zoning district: Five (5) feet.,"The clause groups the HDR residential district with non-residential districts, so the same 5 ft also applies abutting HDR.","or/multnomah/troutdale/3.zoning-districts.txt#L684,L699,L737-L738",or/multnomah/troutdale/3.zoning-districts.txt
01750,agree,noted,or/multnomah/troutdale,MU-2,setback_side_ft [attached_wall],0,0,feet,inferred,True,"Side yard: see 3.235.C.2 (5 ft, or 7.5 ft two-story, abutting a residential district)",Building side   0   0   0  [MU-1 | MU-2 | MU-3],"""Building side"" is a separate row from ""Side yard"" and is read as the common-wall line; all three columns print 0.","or/multnomah/troutdale/3.zoning-districts.txt#L684,L700",or/multnomah/troutdale/3.zoning-districts.txt
01751,agree,noted,or/multnomah/troutdale,MU-2,setback_side_ft [abuts_nonresidential_zone+attached_wall],0,0,feet,inferred,True,Side yard abutting a non-residential or HDR district: 5 ft,Building side   0   0   0  [MU-1 | MU-2 | MU-3],"The Building side row carries no adjoining-zone condition, so the passage does not state a separate figure for an attached wall abutting a non-residential zone.","or/multnomah/troutdale/3.zoning-districts.txt#L684,L700",or/multnomah/troutdale/3.zoning-districts.txt
01752,agree,noted,or/multnomah/troutdale,MU-2,setback_side_ft [abuts_side_yard+attached_wall],0,0,feet,inferred,True,"Side yard abutting a residential district: 5 ft single-story, 7.5 ft two-story",Building side   0   0   0  [MU-1 | MU-2 | MU-3],The Building side row carries no adjoining-yard condition; the passage does not state a distinct attached-wall figure for a lot abutting a side yard.,"or/multnomah/troutdale/3.zoning-districts.txt#L684,L700",or/multnomah/troutdale/3.zoning-districts.txt
01753,agree,noted,or/multnomah/troutdale,MU-2,setback_rear_ft,15,15,feet,inferred,True,20 ft two-story or greater construction | 10 ft abutting a non-residential district without an alley | 5 ft from the nearest edge of an alley at least 20 ft wide,5. Rear yard. ... b. Abutting a residential zoning district: i. Without an alley: (a) Single-story construction: Fifteen (15) feet.,"The marked line is the single-story case; a two-storey pod takes 20 ft, and 3.235.C.6 lets the without-alley rear setback be reduced by up to 5 ft.","or/multnomah/troutdale/3.zoning-districts.txt#L684,L703,L749,L759-L761",or/multnomah/troutdale/3.zoning-districts.txt
01754,agree,noted,or/multnomah/troutdale,MU-2,setback_rear_ft [multi_story],20,20,feet,inferred,True,15 ft single-story | 5 ft from the nearest edge of an alley at least 20 ft wide | 10 ft abutting a non-residential district without an alley,(b) Two (2) story and greater construction: Twenty (20) feet.,Applies abutting a residential district with no alley; 3.235.C.6 allows this figure to be reduced by as much as 5 ft.,"or/multnomah/troutdale/3.zoning-districts.txt#L684,L703,L759-L760,L762",or/multnomah/troutdale/3.zoning-districts.txt
01755,agree,noted,or/multnomah/troutdale,MU-2,setback_rear_ft [abuts_alley],5,5,feet,inferred,True,15 ft single-story / 20 ft two-story without an alley | 5 ft from the alley edge where the abutting district is non-residential,ii. With an alley that is platted either as an easement or as a separate tract that is at least twenty (20) feet in width: Five (5) feet from the nearest edge of the alley.,"Measured from the nearest edge of the alley rather than the lot line, and conditioned on the alley being platted and at least 20 ft wide; the 20 in this sentence is the alley width, not a setback.","or/multnomah/troutdale/3.zoning-districts.txt#L684,L703,L759,L765-L767",or/multnomah/troutdale/3.zoning-districts.txt
01756,agree,noted,or/multnomah/troutdale,MU-2,setback_rear_ft [abuts_alley+multi_story],5,5,feet,inferred,True,20 ft two-story without an alley,ii. With an alley that is platted either as an easement or as a separate tract that is at least twenty (20) feet in width: Five (5) feet from the nearest edge of the alley.,"The with-alley case draws no distinction by story count, so the multi-storey condition does not change the figure; measured from the nearest edge of a platted alley at least 20 ft wide.","or/multnomah/troutdale/3.zoning-districts.txt#L684,L703,L759,L765-L767",or/multnomah/troutdale/3.zoning-districts.txt
01757,agree,noted,or/multnomah/troutdale,MU-2,setback_rear_ft [abuts_nonresidential_zone],10,10,feet,inferred,True,5 ft from the nearest edge of an alley at least 20 ft wide | 15 ft / 20 ft abutting a residential district,5. Rear yard. a. Abutting a non-residential zoning district: i. Without an alley: Ten (10) feet.,"Reached through the table's ""see 3.235.C.5"" cross-reference; note this clause, unlike the residential one, does not name HDR.","or/multnomah/troutdale/3.zoning-districts.txt#L684,L703,L750-L751",or/multnomah/troutdale/3.zoning-districts.txt
01758,agree,noted,or/multnomah/troutdale,MU-2,setback_rear_ft [abuts_nonresidential_zone+multi_story],10,10,feet,inferred,True,5 ft from the nearest edge of an alley at least 20 ft wide,5. Rear yard. a. Abutting a non-residential zoning district: i. Without an alley: Ten (10) feet.,"The non-residential rear-yard clause states no story distinction, so the multi-storey condition does not change the figure (only the residential clause splits 15 ft / 20 ft by story count).","or/multnomah/troutdale/3.zoning-districts.txt#L684,L703,L750-L751",or/multnomah/troutdale/3.zoning-districts.txt
01759,agree,unclear+noted,or/multnomah/troutdale,MU-2,setback_street_side_ft,0,0,feet,unclear,True,18 ft if driveway access is taken from the street side yard,Street side yard   0 or 18   0 or 18   see note 1 | Table Notes 1. Street side yard setback is 18 feet if driveway access is taken from street side yard.,"The cell prints two figures, 0 or 18, and note 1 decides between them on whether driveway access is taken from the street side yard — a pod parked in a rear court off a corner drive would take 18, so 0 is only the unqualified half of the cell.","or/multnomah/troutdale/3.zoning-districts.txt#L684,L701-L702,L715-L716",or/multnomah/troutdale/3.zoning-districts.txt
01760,agree,,or/multnomah/troutdale,MU-2,max_height_ft,35,35,feet,clear,True,,Maximum building height (ft.) 35 35 see 3.235.D [header: Dimensional Standard MU-1 MU-2 MU-3],,"or/multnomah/troutdale/3.zoning-districts.txt#L684,L707",or/multnomah/troutdale/3.zoning-districts.txt
01761,agree,,or/multnomah/troutdale,MU-3,min_lot_width_ft,15,15,feet,clear,True,,Minimum lot width (ft.) 15 15 15 [header: Dimensional Standard MU-1 MU-2 MU-3],,"or/multnomah/troutdale/3.zoning-districts.txt#L684,L686",or/multnomah/troutdale/3.zoning-districts.txt
01762,agree,noted,or/multnomah/troutdale,MU-3,min_lot_depth_ft,70,70,feet,inferred,True,90 ft where alley access is within an easement that is part of the lot | no minimum lot depth for lots between Historic Columbia River Highway and 2nd Street extended west,B. Minimum lot depth for residential uses. 1. Seventy (70) feet for residential units with a driveway from the public street or with access from an alley within a separate tract from the lot.,The MU-3 table cell prints only 'see 3.235.B'; the 70 ft figure comes from 3.235.B.1 and is conditioned on a driveway from the public street or alley access in a separate tract.,"or/multnomah/troutdale/3.zoning-districts.txt#L684,L687,L727-L729",or/multnomah/troutdale/3.zoning-districts.txt
01763,agree,noted,or/multnomah/troutdale,MU-3,min_lot_depth_ft [abuts_alley+access_easement],90,90,feet,inferred,True,70 ft for a driveway from the public street or alley access in a separate tract | no minimum lot depth in the Historic Columbia River Highway / 2nd Street area,2. Ninety (90) feet for residential units with access from an alley within an easement that is part of the lot.,3.235.B is not written per-zone; it is tied to MU-3 only through the table cell 'see 3.235.B' on the marked header row.,"or/multnomah/troutdale/3.zoning-districts.txt#L684,L687,L730-L731",or/multnomah/troutdale/3.zoning-districts.txt
01764,agree,,or/multnomah/troutdale,MU-3,min_frontage_ft,15,15,feet,clear,True,,Minimum lot frontage (ft.) 15 15 15 [header: Dimensional Standard MU-1 MU-2 MU-3],,"or/multnomah/troutdale/3.zoning-districts.txt#L684,L688",or/multnomah/troutdale/3.zoning-districts.txt
01765,agree,unclear+noted,or/multnomah/troutdale,MU-3,setback_front_ft,20,20,feet,unclear,True,0 when abutting a non-residential zoning district | 10 when abutting a park (MU-3 column) | 15 for building facades over 35 ft. in height (MU-3 column),Setbacks (ft): ... when abutting a residential zoning district 20 20 20 [header: Dimensional Standard MU-1 MU-2 MU-3],"MU-3's residential setback cell reads 'see 3.230.A', and 3.230.A prints setbacks only by what the lot abuts - it never names a front, side or rear yard, so no unconditional front setback is stated; 20 is the abutting-residential case (the largest of the three).","or/multnomah/troutdale/3.zoning-districts.txt#L668,L671-L674,L684,L689",or/multnomah/troutdale/3.zoning-districts.txt
01766,agree,noted,or/multnomah/troutdale,MU-3,setback_front_ft [abuts_nonresidential_zone],0,0,feet,inferred,True,20 when abutting a residential zoning district | 10 when abutting a park (MU-3 column) | 15 for building facades over 35 ft. in height (MU-3 column),when abutting a non-residential zoning district 0 0 0 [header: Dimensional Standard MU-1 MU-2 MU-3],"The row is a setback keyed to the abutting district, not to a front yard specifically; 3.230.A does not distinguish front, side or rear.","or/multnomah/troutdale/3.zoning-districts.txt#L668,L671,L673,L684,L689",or/multnomah/troutdale/3.zoning-districts.txt
01767,agree,unclear+noted,or/multnomah/troutdale,MU-3,setback_side_ft,20,20,feet,unclear,True,0 when abutting a non-residential zoning district | 10 when abutting a park (MU-3 column) | 15 for building facades over 35 ft. in height (MU-3 column) | 0 on the 'Building side' row of the residential table,Setbacks (ft): ... when abutting a residential zoning district 20 20 20 [header: Dimensional Standard MU-1 MU-2 MU-3],"MU-3's residential setback cell reads 'see 3.230.A', which states setbacks only by abutting district and never names a side yard; 20 is the abutting-residential case.","or/multnomah/troutdale/3.zoning-districts.txt#L668,L671-L674,L684,L689",or/multnomah/troutdale/3.zoning-districts.txt
01768,agree,noted,or/multnomah/troutdale,MU-3,setback_side_ft [abuts_nonresidential_zone],0,0,feet,inferred,True,20 when abutting a residential zoning district | 10 when abutting a park (MU-3 column),when abutting a non-residential zoning district 0 0 0 [header: Dimensional Standard MU-1 MU-2 MU-3],"The row is keyed to the abutting district, not to a side yard; 3.230.A does not distinguish front, side or rear.","or/multnomah/troutdale/3.zoning-districts.txt#L668,L671,L673,L684,L689",or/multnomah/troutdale/3.zoning-districts.txt
01769,agree,noted,or/multnomah/troutdale,MU-3,setback_side_ft [attached_wall],0,0,feet,clear,True,,"Building side 0 0 0 [header: Dimensional Standard MU-1 MU-2 MU-3, residential-use table 3.230.B]",This is the 'Building side' (common-wall) row; the ordinary 'Side yard' row for MU-3 is blank and the MU-3 setback cell points to 3.230.A.,"or/multnomah/troutdale/3.zoning-districts.txt#L684,L700",or/multnomah/troutdale/3.zoning-districts.txt
01770,agree,noted,or/multnomah/troutdale,MU-3,setback_side_ft [abuts_nonresidential_zone+attached_wall],0,0,feet,clear,True,,"Building side 0 0 0 [header: Dimensional Standard MU-1 MU-2 MU-3, residential-use table 3.230.B]","The 'Building side' row states 0 with no abutting-zone condition attached, so nothing in the marked lines is specific to abutting a non-residential zone.","or/multnomah/troutdale/3.zoning-districts.txt#L684,L700",or/multnomah/troutdale/3.zoning-districts.txt
01771,agree,unclear+noted,or/multnomah/troutdale,MU-3,setback_rear_ft,20,20,feet,unclear,True,0 when abutting a non-residential zoning district | 10 when abutting a park (MU-3 column) | 15 for building facades over 35 ft. in height (MU-3 column),Setbacks (ft): ... when abutting a residential zoning district 20 20 20 [header: Dimensional Standard MU-1 MU-2 MU-3],"MU-3's residential setback cell reads 'see 3.230.A', which states setbacks only by abutting district and never names a rear yard; 20 is the abutting-residential case.","or/multnomah/troutdale/3.zoning-districts.txt#L668,L671-L674,L684,L689",or/multnomah/troutdale/3.zoning-districts.txt
01772,agree,noted,or/multnomah/troutdale,MU-3,setback_rear_ft [abuts_nonresidential_zone],0,0,feet,inferred,True,20 when abutting a residential zoning district | 10 when abutting a park (MU-3 column),when abutting a non-residential zoning district 0 0 0 [header: Dimensional Standard MU-1 MU-2 MU-3],"The row is keyed to the abutting district, not to a rear yard; 3.230.A does not distinguish front, side or rear.","or/multnomah/troutdale/3.zoning-districts.txt#L668,L671,L673,L684,L689",or/multnomah/troutdale/3.zoning-districts.txt
01773,agree,,or/multnomah/troutdale,MU-3,setback_front_max_ft,20,20,feet,clear,True,,Maximum front yard setback (ft.) N/A N/A 20 [header: Dimensional Standard MU-1 MU-2 MU-3],,"or/multnomah/troutdale/3.zoning-districts.txt#L684,L705",or/multnomah/troutdale/3.zoning-districts.txt
01774,agree,noted,or/multnomah/troutdale,MU-3,max_height_ft,55,55,feet,inferred,True,75 ft: heights between 55 ft 1 in. and 75 ft with a Type IV site development review | exceptions to the height limit listed in Section 5.030,D. Maximum building height in the MU-3 zoning district. 1. Building heights of up to fifty-five (55) feet shall be subject to a Type II site development review,"The MU-3 height cell reads 'see 3.235.D', and 3.235.D never prints a flat ceiling - it prints review thresholds, so 55 ft is the height above which a Type IV (rather than Type II) review is triggered, not an outright maximum.","or/multnomah/troutdale/3.zoning-districts.txt#L684,L707,L783-L786",or/multnomah/troutdale/3.zoning-districts.txt
01775,agree,,or/multnomah/troutdale,LDR-1,min_lot_sqft,10000,10000,square feet,clear,True,,"B. Triplex and quadplex dwellings: Minimum lot size (sq. ft.) 10,000 7,000 5,000 5,000 N/A see 3.235 [header: LDR-1 LDR-2 MDR MDR (TC) HDR HDR (TC)]",,"or/multnomah/troutdale/3.zoning-districts.txt#L321-L322,L323",or/multnomah/troutdale/3.zoning-districts.txt
01776,agree,,or/multnomah/troutdale,LDR-1,min_lot_width_ft,70,70,feet,clear,True,,B. Triplex and quadplex dwellings: Minimum lot width (ft.) 70 60 50 50 N/A 20 [header: LDR-1 LDR-2 MDR MDR (TC) HDR HDR (TC)],,"or/multnomah/troutdale/3.zoning-districts.txt#L321-L322,L324",or/multnomah/troutdale/3.zoning-districts.txt
01777,agree,,or/multnomah/troutdale,LDR-1,min_lot_depth_ft,100,100,feet,clear,True,,B. Triplex and quadplex dwellings: Minimum lot depth (ft.) 100 80 70 70 N/A see 3.235 [header: LDR-1 LDR-2 MDR MDR (TC) HDR HDR (TC)],,"or/multnomah/troutdale/3.zoning-districts.txt#L321-L322,L325",or/multnomah/troutdale/3.zoning-districts.txt
01778,agree,,or/multnomah/troutdale,LDR-1,min_frontage_ft,20,20,feet,clear,True,,B. Triplex and quadplex dwellings: Minimum lot frontage (ft.) 20 20 20 16 N/A 20 [header: LDR-1 LDR-2 MDR MDR (TC) HDR HDR (TC)],,"or/multnomah/troutdale/3.zoning-districts.txt#L321-L322,L326",or/multnomah/troutdale/3.zoning-districts.txt
01779,agree,noted,or/multnomah/troutdale,LDR-1,min_frontage_ft [unit_lots],15,15,feet,inferred,True,,"Minimum lot frontage (ft.) see note 1 ... 1. Minimum lot frontage is 15 feet if driveway, garage, or off-street parking area is in front yard. [C. Townhouse dwellings]","In the townhouse table every column's frontage cell is just 'see note 1', so 15 ft is the only figure printed and it applies only where a driveway, garage or off-street parking is in the front yard; no other frontage minimum is stated.","or/multnomah/troutdale/3.zoning-districts.txt#L343-L344,L348,L368",or/multnomah/troutdale/3.zoning-districts.txt
01780,agree,noted,or/multnomah/troutdale,LDR-1,setback_front_ft,10,10,feet,clear,True,20 ft if driveway access is taken from the front yard (Table Note 1),B. Triplex and quadplex dwellings: Setbacks (ft): Front yard 10 10 10 10 or 20 N/A 10 or 20 [header: LDR-1 LDR-2 MDR MDR (TC) HDR HDR (TC)],"The 'see note 1' marker sits under the MDR (TC) and HDR (TC) columns only, but Table Note 1 ('Front yard setback is 20 feet if driveway access is taken from front yard') is written without limiting itself to those columns.","or/multnomah/troutdale/3.zoning-districts.txt#L321-L322,L328-L329",or/multnomah/troutdale/3.zoning-districts.txt
01781,agree,,or/multnomah/troutdale,LDR-1,setback_side_ft,10,10,feet,clear,True,,B. Triplex and quadplex dwellings: Side yard 10 7.5 5 5 N/A 5 [header: LDR-1 LDR-2 MDR MDR (TC) HDR HDR (TC)],,"or/multnomah/troutdale/3.zoning-districts.txt#L321-L322,L330",or/multnomah/troutdale/3.zoning-districts.txt
01782,agree,,or/multnomah/troutdale,LDR-1,setback_side_ft [attached_wall],0,0,feet,clear,True,,B. Triplex and quadplex dwellings: Building side 0 0 0 0 N/A 0 [header: LDR-1 LDR-2 MDR MDR (TC) HDR HDR (TC)],,"or/multnomah/troutdale/3.zoning-districts.txt#L321-L322,L331",or/multnomah/troutdale/3.zoning-districts.txt
01783,agree,,or/multnomah/troutdale,LDR-1,setback_side_ft [unit_lots],5,5,feet,clear,True,,C. Townhouse dwellings: Side yard 5 5 5 5 5 5 [header: Dimensional Standard LDR-1 LDR-2 MDR MDR (TC) HDR HDR (TC)],,"or/multnomah/troutdale/3.zoning-districts.txt#L343-L344,L352",or/multnomah/troutdale/3.zoning-districts.txt
01784,agree,,or/multnomah/troutdale,LDR-1,setback_side_ft [attached_wall+unit_lots],0,0,feet,clear,True,,C. Townhouse dwellings: Building side 0 0 0 0 0 0 [header: Dimensional Standard LDR-1 LDR-2 MDR MDR (TC) HDR HDR (TC)],,"or/multnomah/troutdale/3.zoning-districts.txt#L343-L344,L353",or/multnomah/troutdale/3.zoning-districts.txt
01785,agree,noted,or/multnomah/troutdale,LDR-1,setback_street_side_ft,10,10,feet,clear,True,20 ft if driveway access is taken from the street side yard (Table Note 2),B. Triplex and quadplex dwellings: Street side yard 10 10 10 10 N/A 10 or 20 [header: LDR-1 LDR-2 MDR MDR (TC) HDR HDR (TC)],"The 'see note 2' marker sits under the HDR (TC) column, but Table Note 2 ('Street side yard setback is 20 feet if driveway access is taken from street side yard') is not limited to that column on its face.","or/multnomah/troutdale/3.zoning-districts.txt#L321-L322,L332-L333",or/multnomah/troutdale/3.zoning-districts.txt
01786,agree,,or/multnomah/troutdale,LDR-1,setback_rear_ft,10,10,feet,clear,True,,B. Triplex and quadplex dwellings: Rear yard 10 10 10 10 N/A see 3.235 [header: LDR-1 LDR-2 MDR MDR (TC) HDR HDR (TC)],,"or/multnomah/troutdale/3.zoning-districts.txt#L321-L322,L334",or/multnomah/troutdale/3.zoning-districts.txt
01787,agree,noted,or/multnomah/troutdale,LDR-1,setback_rear_ft [abuts_alley+unit_lots],0,0,feet,inferred,True,10 ft for other situations (no rear alley access),C. Townhouse dwellings: Rear yard 10 or 0 ... see note 4 ... 4. Rear yard setbacks are 0 feet for lots with rear alley access; 10 feet for other situations.,The cell prints '10 or 0'; note 4 resolves it - 0 only where the lot has rear alley access.,"or/multnomah/troutdale/3.zoning-districts.txt#L343-L344,L362-L363,L371",or/multnomah/troutdale/3.zoning-districts.txt
01788,agree,,or/multnomah/troutdale,LDR-1,max_height_ft,35,35,feet,clear,True,,B. Triplex and quadplex dwellings: Maximum building height (ft.) 35 35 35 35 N/A N/A [header: LDR-1 LDR-2 MDR MDR (TC) HDR HDR (TC)],,"or/multnomah/troutdale/3.zoning-districts.txt#L321-L322,L336",or/multnomah/troutdale/3.zoning-districts.txt
01789,agree,,or/multnomah/troutdale,LDR-2,min_lot_sqft,7000,7000,square feet,clear,True,,"B. Triplex and quadplex dwellings: Minimum lot size (sq. ft.) 10,000 7,000 5,000 5,000 N/A see 3.235 [header: LDR-1 LDR-2 MDR MDR (TC) HDR HDR (TC)]",,"or/multnomah/troutdale/3.zoning-districts.txt#L321-L322,L323",or/multnomah/troutdale/3.zoning-districts.txt
01790,agree,,or/multnomah/troutdale,LDR-2,min_lot_width_ft,60,60,feet,clear,True,,B. Triplex and quadplex dwellings: Minimum lot width (ft.) 70 60 50 50 N/A 20 [header: LDR-1 LDR-2 MDR MDR (TC) HDR HDR (TC)],,"or/multnomah/troutdale/3.zoning-districts.txt#L321-L322,L324",or/multnomah/troutdale/3.zoning-districts.txt
01791,agree,,or/multnomah/troutdale,LDR-2,min_lot_depth_ft,80,80,feet,clear,True,,B. Triplex and quadplex dwellings: Minimum lot depth (ft.) 100 80 70 70 N/A see 3.235 [header: LDR-1 LDR-2 MDR MDR (TC) HDR HDR (TC)],,"or/multnomah/troutdale/3.zoning-districts.txt#L321-L322,L325",or/multnomah/troutdale/3.zoning-districts.txt
01792,agree,,or/multnomah/troutdale,LDR-2,min_frontage_ft,20,20,feet,clear,True,,B. Triplex and quadplex dwellings: Minimum lot frontage (ft.) 20 20 20 16 N/A 20 [header: LDR-1 LDR-2 MDR MDR (TC) HDR HDR (TC)],,"or/multnomah/troutdale/3.zoning-districts.txt#L321-L322,L326",or/multnomah/troutdale/3.zoning-districts.txt
01793,agree,noted,or/multnomah/troutdale,LDR-2,min_frontage_ft [unit_lots],15,15,feet,inferred,True,,"Minimum lot frontage (ft.) see note 1 ... 1. Minimum lot frontage is 15 feet if driveway, garage, or off-street parking area is in front yard. [C. Townhouse dwellings]","Every column's frontage cell in the townhouse table is 'see note 1', so 15 ft is the only figure printed and it applies only where a driveway, garage or off-street parking is in the front yard.","or/multnomah/troutdale/3.zoning-districts.txt#L343-L344,L348,L368",or/multnomah/troutdale/3.zoning-districts.txt
01794,agree,noted,or/multnomah/troutdale,LDR-2,setback_front_ft,10,10,feet,clear,True,20 ft if driveway access is taken from the front yard (Table Note 1),B. Triplex and quadplex dwellings: Setbacks (ft): Front yard 10 10 10 10 or 20 N/A 10 or 20 [header: LDR-1 LDR-2 MDR MDR (TC) HDR HDR (TC)],"The 'see note 1' marker sits under the MDR (TC) and HDR (TC) columns only, but Table Note 1 ('Front yard setback is 20 feet if driveway access is taken from front yard') is written without limiting itself to those columns.","or/multnomah/troutdale/3.zoning-districts.txt#L321-L322,L328-L329",or/multnomah/troutdale/3.zoning-districts.txt
01795,agree,,or/multnomah/troutdale,LDR-2,setback_side_ft,7.5,7.5,feet,clear,True,,B. Triplex and quadplex dwellings: Side yard 10 7.5 5 5 N/A 5 [header: LDR-1 LDR-2 MDR MDR (TC) HDR HDR (TC)],,"or/multnomah/troutdale/3.zoning-districts.txt#L321-L322,L330",or/multnomah/troutdale/3.zoning-districts.txt
01796,agree,,or/multnomah/troutdale,LDR-2,setback_side_ft [attached_wall],0,0,feet,clear,True,,B. Triplex and quadplex dwellings: Building side 0 0 0 0 N/A 0 [header: LDR-1 LDR-2 MDR MDR (TC) HDR HDR (TC)],,"or/multnomah/troutdale/3.zoning-districts.txt#L321-L322,L331",or/multnomah/troutdale/3.zoning-districts.txt
01797,agree,,or/multnomah/troutdale,LDR-2,setback_side_ft [unit_lots],5,5,feet,clear,True,,C. Townhouse dwellings: Side yard 5 5 5 5 5 5 [header: Dimensional Standard LDR-1 LDR-2 MDR MDR (TC) HDR HDR (TC)],,"or/multnomah/troutdale/3.zoning-districts.txt#L343-L344,L352",or/multnomah/troutdale/3.zoning-districts.txt
01798,agree,,or/multnomah/troutdale,LDR-2,setback_side_ft [attached_wall+unit_lots],0,0,feet,clear,True,,C. Townhouse dwellings: Building side 0 0 0 0 0 0 [header: Dimensional Standard LDR-1 LDR-2 MDR MDR (TC) HDR HDR (TC)],,"or/multnomah/troutdale/3.zoning-districts.txt#L343-L344,L353",or/multnomah/troutdale/3.zoning-districts.txt
01799,agree,noted,or/multnomah/troutdale,LDR-2,setback_street_side_ft,10,10,feet,clear,True,20 ft if driveway access is taken from the street side yard (Table Note 2),B. Triplex and quadplex dwellings: Street side yard 10 10 10 10 N/A 10 or 20 [header: LDR-1 LDR-2 MDR MDR (TC) HDR HDR (TC)],"The 'see note 2' marker sits under the HDR (TC) column, but Table Note 2 ('Street side yard setback is 20 feet if driveway access is taken from street side yard') is not limited to that column on its face.","or/multnomah/troutdale/3.zoning-districts.txt#L321-L322,L332-L333",or/multnomah/troutdale/3.zoning-districts.txt
01800,agree,,or/multnomah/troutdale,LDR-2,setback_rear_ft,10,10,feet,clear,True,,Rear yard                                    10             10             10             10            N/A      see 3.235,,"or/multnomah/troutdale/3.zoning-districts.txt#L321-L322,L334",or/multnomah/troutdale/3.zoning-districts.txt
01801,agree,noted,or/multnomah/troutdale,LDR-2,setback_rear_ft [abuts_alley+unit_lots],0,0,feet,clear,True,10 ft for lots without rear alley access,4. Rear yard setbacks are 0 feet for lots with rear alley access; 10 feet for other situations.,"0 ft applies only where the lot has rear alley access; the LDR-2 cell itself reads '10 or 0, see note 4' in the townhouse (3.130.C) table.","or/multnomah/troutdale/3.zoning-districts.txt#L343-L344,L362-L363,L371",or/multnomah/troutdale/3.zoning-districts.txt
01802,agree,,or/multnomah/troutdale,LDR-2,max_height_ft,35,35,feet,clear,True,,Maximum building height (ft.)         35             35             35             35            N/A           N/A,,"or/multnomah/troutdale/3.zoning-districts.txt#L321-L322,L336",or/multnomah/troutdale/3.zoning-districts.txt
01803,agree,,or/multnomah/troutdale,MDR,min_lot_sqft,5000,5000,square feet,clear,True,"5,000 sq ft is also the MDR (TC) cell","Minimum lot size (sq. ft.)             10,000       7,000        5,000        5,000          N/A      see 3.235",,"or/multnomah/troutdale/3.zoning-districts.txt#L321-L322,L323",or/multnomah/troutdale/3.zoning-districts.txt
01804,agree,,or/multnomah/troutdale,MDR,min_lot_width_ft,50,50,feet,clear,True,,Minimum lot width (ft.)                    70             60             50             50            N/A            20,,"or/multnomah/troutdale/3.zoning-districts.txt#L321-L322,L324",or/multnomah/troutdale/3.zoning-districts.txt
01805,agree,,or/multnomah/troutdale,MDR,min_lot_depth_ft,70,70,feet,clear,True,,Minimum lot depth (ft.)                  100            80             70             70            N/A      see 3.235,,"or/multnomah/troutdale/3.zoning-districts.txt#L321-L322,L325",or/multnomah/troutdale/3.zoning-districts.txt
01806,agree,,or/multnomah/troutdale,MDR,min_frontage_ft,20,20,feet,clear,True,16 ft in the MDR (TC) column,Minimum lot frontage (ft.)               20             20             20             16            N/A            20,,"or/multnomah/troutdale/3.zoning-districts.txt#L321-L322,L326",or/multnomah/troutdale/3.zoning-districts.txt
01807,agree,noted,or/multnomah/troutdale,MDR,min_frontage_ft [unit_lots],15,15,feet,inferred,True,no unconditional minimum is printed; every column of the townhouse row reads 'see note 1',"Minimum lot frontage (ft.)  see note 1 ... 1. Minimum lot frontage is 15 feet if driveway, garage, or off-street parking area is in front yard.","The townhouse (3.130.C) frontage row states no number at all; the only figure is note 1's 15 ft, which applies ONLY where a driveway, garage or off-street parking area is in the front yard.","or/multnomah/troutdale/3.zoning-districts.txt#L343-L344,L348,L368",or/multnomah/troutdale/3.zoning-districts.txt
01808,agree,,or/multnomah/troutdale,MDR,setback_front_ft,10,10,feet,clear,True,"20 ft if driveway access is taken from front yard (note 1, whose marker sits under the MDR (TC) and HDR (TC) columns)",Front yard                                   10             10             10         10 or 20                 N/A        10 or 20,,"or/multnomah/troutdale/3.zoning-districts.txt#L321-L322,L328-L329",or/multnomah/troutdale/3.zoning-districts.txt
01809,agree,,or/multnomah/troutdale,MDR,setback_side_ft,5,5,feet,clear,True,,Side yard                                    10             7.5              5               5             N/A             5,,"or/multnomah/troutdale/3.zoning-districts.txt#L321-L322,L330",or/multnomah/troutdale/3.zoning-districts.txt
01810,agree,noted,or/multnomah/troutdale,MDR,setback_side_ft [attached_wall],0,0,feet,clear,True,10 ft on the plain 'Side yard' row for MDR,Building side                                0               0               0               0             N/A             0,"Figure is the 'Building side' row (the attached/common-wall side), not the 'Side yard' row.","or/multnomah/troutdale/3.zoning-districts.txt#L321-L322,L331",or/multnomah/troutdale/3.zoning-districts.txt
01811,agree,noted,or/multnomah/troutdale,MDR,setback_side_ft [unit_lots],5,5,feet,clear,True,,Side yard                                     5               5               5               5               5               5,Row is from the townhouse table (3.130.C); every column reads 5.,"or/multnomah/troutdale/3.zoning-districts.txt#L343-L344,L352",or/multnomah/troutdale/3.zoning-districts.txt
01812,agree,,or/multnomah/troutdale,MDR,setback_side_ft [attached_wall+unit_lots],0,0,feet,clear,True,5 ft on the townhouse 'Side yard' row,Building side                                0               0               0               0               0               0,,"or/multnomah/troutdale/3.zoning-districts.txt#L343-L344,L353",or/multnomah/troutdale/3.zoning-districts.txt
01813,agree,,or/multnomah/troutdale,MDR,setback_street_side_ft,10,10,feet,clear,True,"20 ft if driveway access is taken from street side yard (note 2, marker printed under the HDR (TC) column)",Street side yard                          10             10             10             10            N/A        10 or 20,,"or/multnomah/troutdale/3.zoning-districts.txt#L321-L322,L332-L333",or/multnomah/troutdale/3.zoning-districts.txt
01814,agree,,or/multnomah/troutdale,MDR,setback_rear_ft,10,10,feet,clear,True,,Rear yard                                    10             10             10             10            N/A      see 3.235,,"or/multnomah/troutdale/3.zoning-districts.txt#L321-L322,L334",or/multnomah/troutdale/3.zoning-districts.txt
01815,agree,noted,or/multnomah/troutdale,MDR,setback_rear_ft [abuts_alley+unit_lots],0,0,feet,clear,True,10 ft for lots without rear alley access,4. Rear yard setbacks are 0 feet for lots with rear alley access; 10 feet for other situations.,"0 ft applies only where the lot has rear alley access; the MDR cell reads '10 or 0, see note 4' in the townhouse (3.130.C) table.","or/multnomah/troutdale/3.zoning-districts.txt#L343-L344,L362-L363,L371",or/multnomah/troutdale/3.zoning-districts.txt
01816,agree,,or/multnomah/troutdale,MDR,max_height_ft,35,35,feet,clear,True,,Maximum building height (ft.)         35             35             35             35            N/A           N/A,,"or/multnomah/troutdale/3.zoning-districts.txt#L321-L322,L336",or/multnomah/troutdale/3.zoning-districts.txt
01817,agree,noted,or/multnomah/troutdale,HDR,max_density_du_per_acre [unit_lots],25,25,units per net acre,inferred,unknown,4x the detached single-family density in LDR-1 and LDR-2 | 3x the detached single-family density in MDR,"c. In all other zoning districts where townhouses are permitted, the maximum density for a townhouse project shall not exceed twenty-five (25) units per net acre.","HDR is never named; 25 du/net acre is a residual clause covering 'all other zoning districts', reached only by excluding LDR-1, LDR-2 and MDR, and L519 says maximum density does not apply to quadplex projects at all.","or/multnomah/troutdale/3.zoning-districts.txt#L506,L517-L518",or/multnomah/troutdale/3.zoning-districts.txt
01818,agree,noted,or/multnomah/troutdale,HDR,max_height_ft,35,35,feet,clear,True,,Maximum building height (ft.)         35             35             35             35             35             35,"Row is from the townhouse table (3.130.C); all six columns, HDR included, read 35.",or/multnomah/troutdale/3.zoning-districts.txt#L365,or/multnomah/troutdale/3.zoning-districts.txt
01819,agree,noted,or/multnomah/troutdale,HDR,min_frontage_ft,20,20,feet,inferred,unknown,"100 ft for any use with access from an alley within an easement that is part of the lot (a lot-depth/width style standard on the preceding item, not frontage)",4.     Minimum lot frontage: Twenty feet.,"The visible lines never name HDR; the subsection heading sits above the shown passage, so the zone is taken on faith from the surrounding multifamily lot-size provisions.",or/multnomah/troutdale/3.zoning-districts.txt#L409,or/multnomah/troutdale/3.zoning-districts.txt
01820,agree,noted,or/multnomah/troutdale,HDR,setback_front_ft,20,20,feet,inferred,unknown,,a.     Front yard setback: Minimum of 20 feet.,The visible lines never name HDR; the zone is inferred from the unit-count-banded multifamily lot-area table immediately above (L421-L424).,or/multnomah/troutdale/3.zoning-districts.txt#L427,or/multnomah/troutdale/3.zoning-districts.txt
01821,agree,noted,or/multnomah/troutdale,HDR,setback_side_ft,5,5,feet,inferred,unknown,0 ft on the 'Building side' row | 1.5x the minimum where a multifamily building adjoins a different residential zone (3.130.E.7.b.ii),Side yard                                     5               5               5               5               5               5,"The cited lines do not include the column header (L343-L344 is not in this passage), so the HDR column cannot be located from what is shown; harmless only because every one of the six columns reads 5.",or/multnomah/troutdale/3.zoning-districts.txt#L352,or/multnomah/troutdale/3.zoning-districts.txt
01822,agree,noted,or/multnomah/wood-village,defaults,parking_min_per_unit,1,1,spaces per unit,clear,True,1.5 per unit on the Multi-Dwelling row (5 or more units),Household Living                     1 – 4 units                                                      1 per unit *,"The cell carries an asterisk whose footnote text is not in the passage, so an unread qualifier may attach.","or/multnomah/wood-village/350.045.required-spaces.txt#L94-L95,L97",or/multnomah/wood-village/350.045.required-spaces.txt
01823,agree,noted,or/multnomah/wood-village,defaults,parking_stall_width_ft,9,9,feet,inferred,True,7 ft 6 in for a compact space at 90° | 13 ft for a disabled space at 90°,90°            Standard  9 ft       9 ft             12 ft                  24 ft                  19 ft,"L60 (also cited) excepts residential parking areas subject to Sections 350.050-350.055 from this whole section, so Table 350-3 may not be the governing stall standard for a four-unit residential pod.","or/multnomah/wood-village/350.065.all-other-uses.txt#L60,L97-L98,L111",or/multnomah/wood-village/350.065.all-other-uses.txt
01824,agree,noted,or/multnomah/wood-village,defaults,parking_stall_depth_ft,19,19,feet,inferred,True,15 ft for a compact space at 90° | 8 ft depth for a parallel (0°) standard space,90°            Standard  9 ft       9 ft             12 ft                  24 ft                  19 ft,Same applicability doubt as the stall width: L60 excepts residential parking areas subject to Sections 350.050-350.055 from this section.,"or/multnomah/wood-village/350.065.all-other-uses.txt#L60,L97-L98,L111",or/multnomah/wood-village/350.065.all-other-uses.txt
01825,agree,noted,or/multnomah/wood-village,defaults,parking_aisle_one_way_ft,12,12,feet,inferred,True,"12 ft is printed for the one-way aisle at every angle in the table, including parallel",90°            Standard  9 ft       9 ft             12 ft                  24 ft                  19 ft,"Same applicability doubt (L60 excepts residential parking areas under 350.050-350.055); note also that 12 ft one-way at 90 degrees is unusually narrow, which is the kind of cell that is easy to have mis-columned.","or/multnomah/wood-village/350.065.all-other-uses.txt#L60,L97-L98,L111",or/multnomah/wood-village/350.065.all-other-uses.txt
01826,agree,noted,or/multnomah/wood-village,defaults,parking_aisle_two_way_ft,24,24,feet,inferred,True,24 ft is printed for the two-way aisle at every angle in the table,90°            Standard  9 ft       9 ft             12 ft                  24 ft                  19 ft,Same applicability doubt: L60 excepts residential parking areas subject to Sections 350.050-350.055.,"or/multnomah/wood-village/350.065.all-other-uses.txt#L60,L97-L98,L111",or/multnomah/wood-village/350.065.all-other-uses.txt
01827,agree,unclear+noted,or/multnomah/wood-village,defaults,parking_street_setback_ft,5,5,feet,unclear,True,10 ft where L1 perimeter landscaping is provided | 5 ft/L3 or 10 ft/L3 where the lot line abuts an LR or MR zone (a different row),Lot line abutting street                                 5 ft/L2 10 ft/L1  5 ft/L2 10 ft/L1,The cell is a paired standard - 5 ft with L2 landscaping OR 10 ft with L1 landscaping - so which figure governs depends on the landscape option chosen; and L60 again excepts residential parking areas under 350.050-350.055.,"or/multnomah/wood-village/350.065.all-other-uses.txt#L60,L70,L72-L75",or/multnomah/wood-village/350.065.all-other-uses.txt
01828,agree,unclear+noted,or/multnomah/wood-village,NC,max_height_ft,45,45,feet,unclear,True,"55 feet, the upper end of the printed range | may be increased per Section 230.335 | may be required to step down adjacent to residential zones per 230.335(C)",Maximum Height                          45 – 55 feet (see Figure 230-3)(2),"The cell prints a RANGE, 45-55 feet, resolved only by Figure 230-3 which is not in the passage; 45 is the low end, not a stated single ceiling.","or/multnomah/wood-village/230.310.txt#L64-L65,L70,L86",or/multnomah/wood-village/230.310.txt
01829,agree,,or/multnomah/wood-village,NC,setback_front_ft,3,3,feet,clear,True,"10 feet, which is the MAXIMUM half of the same cell",– Front setback                         3 feet min. – 10 feet max.,,"or/multnomah/wood-village/230.310.txt#L64-L65,L73",or/multnomah/wood-village/230.310.txt
01830,agree,,or/multnomah/wood-village,NC,setback_front_max_ft,10,10,feet,clear,True,"3 feet, which is the MINIMUM half of the same cell",– Front setback                         3 feet min. – 10 feet max.,,"or/multnomah/wood-village/230.310.txt#L64-L65,L73",or/multnomah/wood-village/230.310.txt
01831,agree,,or/multnomah/wood-village,NC,min_landscaped_pct,5,5,percent,clear,True,,"– Site area                             5%(3) ... (3)Within boundaries of the development, a minimum of five (5) percent of the site area shall be landscaped.",,"or/multnomah/wood-village/230.310.txt#L64-L65,L78,L88",or/multnomah/wood-village/230.310.txt
01832,agree,noted,or/multnomah/wood-village,TC,max_height_ft,35,35,feet,clear,True,115 ft in the NONRESIDENTIAL AND MIXED USE column,Maximum height                              35 ft                                          115 ft(2),"Table 235-2 has two value columns; the figure is taken from RESIDENTIAL USE CATEGORIES, and footnote (1) puts residential in a mixed-use structure under the other column instead.","or/multnomah/wood-village/235.300.txt#L68-L69,L72",or/multnomah/wood-village/235.300.txt
01833,agree,noted,or/multnomah/wood-village,TC,setback_front_ft,10,10,feet,clear,True,0 – 10 ft in the NONRESIDENTIAL AND MIXED USE column,Front setback                               10 ft(5)                                       0 – 10 ft,Residential column used; the cell carries footnote marker (5) whose text is not in the passage.,"or/multnomah/wood-village/235.300.txt#L68-L69,L73",or/multnomah/wood-village/235.300.txt
01834,agree,noted,or/multnomah/wood-village,TC,setback_garage_entrance_ft,20,20,feet,clear,True,"None, or 22 ft minimum when the garage parallels the street, in the nonresidential/mixed-use column","Garage setback                              20 ft(5)                                       None(3), 22 ft minimum when parallels street",Residential column used; the cell carries footnote marker (5) whose text is not in the passage.,"or/multnomah/wood-village/235.300.txt#L68-L69,L74",or/multnomah/wood-village/235.300.txt
01835,agree,noted,or/multnomah/wood-village,TC,setback_side_ft,5,5,feet,clear,True,None in the NONRESIDENTIAL AND MIXED USE column,Side setback                                5 ft                                           None(3),Residential column used.,"or/multnomah/wood-village/235.300.txt#L68-L69,L75",or/multnomah/wood-village/235.300.txt
01836,agree,noted,or/multnomah/wood-village,TC,setback_rear_ft,15,15,feet,clear,True,None in the NONRESIDENTIAL AND MIXED USE column,Rear setback                                15 ft                                          None(3),Residential column used.,"or/multnomah/wood-village/235.300.txt#L68-L69,L76",or/multnomah/wood-village/235.300.txt
01837,agree,noted,or/multnomah/wood-village,TC,open_space_min_pct,20,20,percent,clear,True,,"A Development Plan within the Town Center shall contain a minimum of twenty (20) percent open space, which may be public, private, or a combination of public and private open space.","This is a plan-level requirement, not private open space per lot: it may be public, and may be satisfied on a non-contiguous portion of the applicant's property, so it does not necessarily consume this lot's area.","or/multnomah/wood-village/235.465.txt#L56,L60",or/multnomah/wood-village/235.465.txt
01838,agree,noted,or/multnomah/wood-village,LR 7.5,min_density_du_per_acre,4.6,4.6,units per net acre,clear,True,.9 (25%) in the LR12 column,Minimum Number of Dwellings Per Net Acre                .9 (25%)      4.6 (80%),"The parenthetical (80%) is the share of maximum density this floor represents, not a second figure for the standard.","or/multnomah/wood-village/210.320.txt#L62-L63,L68",or/multnomah/wood-village/210.320.txt
01839,agree,noted,or/multnomah/wood-village,LR 7.5,min_lot_sqft,7500,7500,square feet,clear,True,"12,000 sq ft in the LR12 column","– Min. lot area(2)                                      12,000 sq ft  7,500 sq ft","The cell carries footnote marker (2), whose text is not in the passage.","or/multnomah/wood-village/210.320.txt#L62-L63,L65",or/multnomah/wood-village/210.320.txt
01840,agree,noted,or/multnomah/wood-village,LR 7.5,min_lot_sqft [unit_lots],1500,1500,square feet,inferred,True,"7,500 sq ft base min. lot area for LR7.5 (L65) | 12,000 sq ft in the LR12 column","(2)For townhouses the minimum lot size is one thousand five hundred (1,500) square feet","Footnote (2) names no zone; it is the footnote hung on the Min. lot area(2) row of Table 210-3, which serves both LR12 and LR7.5, and it applies only to townhouses.",or/multnomah/wood-village/210.320.txt#L84,or/multnomah/wood-village/210.320.txt
01841,agree,noted,or/multnomah/wood-village,LR 7.5,min_lot_width_ft,60,60,feet,clear,True,"80 ft in the LR12 column | 20 ft minimum width for townhouses, footnote (2)",– Min. lot width(2)                                     80 ft         60 ft,"Row carries footnote marker (2), which replaces this with a 20 ft minimum width for townhouses.","or/multnomah/wood-village/210.320.txt#L62-L63,L66",or/multnomah/wood-village/210.320.txt
01842,agree,noted,or/multnomah/wood-village,LR 7.5,min_lot_width_ft [unit_lots],20,20,feet,inferred,True,60 ft base min. lot width for LR7.5 (L66) | 80 ft in the LR12 column,"with a twenty (20) foot minimum width, no minimum depth","Footnote (2) names no zone; it hangs off the Min. lot width(2) row that serves both LR12 and LR7.5, and applies only to townhouses.",or/multnomah/wood-village/210.320.txt#L84,or/multnomah/wood-village/210.320.txt
01843,agree,noted,or/multnomah/wood-village,LR 7.5,min_lot_depth_ft,100,100,feet,clear,True,"120 ft in the LR12 column | no minimum depth for townhouses, footnote (2)",– Min. lot depth(2) (See 210.320)                       120 ft        100 ft,"Row carries footnote marker (2), which gives townhouses no minimum depth at all.","or/multnomah/wood-village/210.320.txt#L62-L63,L67",or/multnomah/wood-village/210.320.txt
01844,agree,noted,or/multnomah/wood-village,LR 7.5,setback_front_ft,10,10,feet,clear,True,"10 ft front setback on corner lots (L76), same figure",– Front setback                                         10 ft(1)      10 ft(1),"Cell carries footnote marker (1): garages may be no closer to the street than the plane of the street-facing facade, which can push a garage face back further than 10 ft.","or/multnomah/wood-village/210.320.txt#L62-L63,L71",or/multnomah/wood-village/210.320.txt
01845,agree,noted,or/multnomah/wood-village,LR 7.5,setback_garage_entrance_ft,22,22,feet,clear,True,,– Garage setback(1)                                     22 ft         22 ft,"Footnote (1) adds a second, non-numeric limit on top of the 22 ft: the garage may not be closer to the street than the plane of the street-facing facade.","or/multnomah/wood-village/210.320.txt#L62-L63,L72,L82",or/multnomah/wood-village/210.320.txt
01846,agree,noted,or/multnomah/wood-village,LR 7.5,setback_side_ft,5,5,feet,clear,True,"10 ft in the LR12 column | 10 ft side setback on corner lots (L78) | 0 ft on the attached side for townhouses, footnote (2)",– Side setback(2)                                       10 ft         5 ft,"LR12 and LR7.5 differ on this row (10 ft vs 5 ft), so the column matters; footnote (2) drops it to 0 ft where a townhouse is attached.","or/multnomah/wood-village/210.320.txt#L62-L63,L73",or/multnomah/wood-village/210.320.txt
01847,agree,noted,or/multnomah/wood-village,LR 7.5,setback_side_ft [corner_lot],10,10,feet,clear,True,5 ft interior side setback on a non-corner LR7.5 lot (L73),Corner Lots / – Side setback(2)                                       10 ft         10 ft,The corner-lot side setback is double the base 5 ft for this zone.,"or/multnomah/wood-village/210.320.txt#L62-L63,L75-L78",or/multnomah/wood-village/210.320.txt
01848,agree,noted,or/multnomah/wood-village,LR 7.5,setback_side_ft [attached_wall+unit_lots],0,0,feet,inferred,True,5 ft base side setback for LR7.5 (L73) | 10 ft on a corner lot (L78),zero (0) foot side setback when attached to another townhouse,"Footnote (2) names no zone; it applies to both LR columns, and the 0 ft applies only on the wall actually attached to another townhouse.",or/multnomah/wood-village/210.320.txt#L84,or/multnomah/wood-village/210.320.txt
01849,agree,noted,or/multnomah/wood-village,LR 7.5,setback_rear_ft,15,15,feet,clear,True,"20 ft rear setback on corner lots (L79) | 10 ft for cottage housing, footnote (3)",– Rear setback(3)                                       15 ft         15 ft,Footnote (3) is a cottage-housing exception and does not reach a four-unit attached townhouse.,"or/multnomah/wood-village/210.320.txt#L62-L63,L74",or/multnomah/wood-village/210.320.txt
01850,agree,noted,or/multnomah/wood-village,LR 7.5,setback_rear_ft [corner_lot],20,20,feet,clear,True,15 ft base rear setback on a non-corner lot (L74),Corner Lots / – Rear setback (See 210.330)                            20 ft         20 ft,The corner-lot rear setback is 5 ft deeper than the base.,"or/multnomah/wood-village/210.320.txt#L62-L63,L75-L79",or/multnomah/wood-village/210.320.txt
01851,agree,noted,or/multnomah/wood-village,LR 7.5,setback_street_side_ft,10,10,feet,clear,True,"20 ft in the LR12 column | 10 ft for cottage housing, footnote (3)",Corner Lots / – Street side setback(3)                                20 ft         10 ft,"LR12 and LR7.5 differ on this row (20 ft vs 10 ft), so the column matters.","or/multnomah/wood-village/210.320.txt#L62-L63,L75-L77",or/multnomah/wood-village/210.320.txt
01852,agree,noted,or/multnomah/wood-village,LR 7.5,max_coverage_pct,45,45,percent,clear,True,"70 percent for a townhouse, footnote (2) | cottage housing exempt from lot coverage, footnote (3)","Maximum Site Coverage (See 210.350 and (2), (3) below)  45%           45%",The row label itself points at footnotes (2) and (3); footnote (2) raises townhouse coverage to 70 percent.,"or/multnomah/wood-village/210.320.txt#L62-L63,L80",or/multnomah/wood-village/210.320.txt
01853,agree,noted,or/multnomah/wood-village,LR 7.5,max_coverage_pct [unit_lots],70,70,percent,inferred,True,45% base Maximum Site Coverage for LR7.5 (L80),Minimum site coverage for a townhouse is seventy (70) percent.,"The code prints the word 'Minimum' here, but the standard sought is a maximum; read as a ceiling this is 70 percent, and the wording is either a drafting error or genuinely a floor.",or/multnomah/wood-village/210.320.txt#L84,or/multnomah/wood-village/210.320.txt
01854,agree,,or/multnomah/wood-village,LR 7.5,max_height_ft,35,35,feet,clear,True,,Maximum Height (See 210.340)                            35 ft         35 ft,,"or/multnomah/wood-village/210.320.txt#L62-L63,L69",or/multnomah/wood-village/210.320.txt
01855,agree,noted,or/multnomah/wood-village,LR 12,min_density_du_per_acre,0.9,0.9,units per acre,clear,True,4.6 (80%) in the LR7.5 column,Minimum Number of Dwellings Per Net Acre                .9 (25%)      4.6 (80%),"The cell prints '.9 (25%)'; the parenthetical percentage is unexplained on these lines and may be a density-of-maximum factor, so the operand is 0.9 dwellings per net acre.","or/multnomah/wood-village/210.320.txt#L62-L63,L68",or/multnomah/wood-village/210.320.txt
01856,agree,noted,or/multnomah/wood-village,LR 12,min_lot_sqft,12000,12000,square feet,clear,True,"7,500 sq ft in the LR7.5 column | 1,500 sq ft for townhouses, footnote (2)","– Min. lot area(2)                                      12,000 sq ft  7,500 sq ft","Row carries footnote marker (2), which replaces this with 1,500 sq ft for townhouses.","or/multnomah/wood-village/210.320.txt#L62-L63,L65",or/multnomah/wood-village/210.320.txt
01857,agree,noted,or/multnomah/wood-village,LR 12,min_lot_sqft [unit_lots],1500,1500,square feet,inferred,True,"12,000 sq ft base min. lot area for LR12 (L65)","(2)For townhouses the minimum lot size is one thousand five hundred (1,500) square feet","Footnote (2) names no zone; it hangs off the Min. lot area(2) row serving both LR12 and LR7.5, and applies only to townhouses.",or/multnomah/wood-village/210.320.txt#L84,or/multnomah/wood-village/210.320.txt
01858,agree,noted,or/multnomah/wood-village,LR 12,min_lot_width_ft,80,80,feet,clear,True,"60 ft in the LR7.5 column | 20 ft minimum width for townhouses, footnote (2)",– Min. lot width(2)                                     80 ft         60 ft,"Row carries footnote marker (2), which replaces this with a 20 ft minimum width for townhouses.","or/multnomah/wood-village/210.320.txt#L62-L63,L66",or/multnomah/wood-village/210.320.txt
01859,agree,noted,or/multnomah/wood-village,LR 12,min_lot_width_ft [unit_lots],20,20,feet,inferred,True,80 ft base min. lot width for LR12 (L66),"with a twenty (20) foot minimum width, no minimum depth",Footnote (2) names no zone; it serves both LR columns and applies only to townhouses.,or/multnomah/wood-village/210.320.txt#L84,or/multnomah/wood-village/210.320.txt
01860,agree,noted,or/multnomah/wood-village,LR 12,min_lot_depth_ft,120,120,feet,clear,True,"100 ft in the LR7.5 column | no minimum depth for townhouses, footnote (2)",– Min. lot depth(2) (See 210.320)                       120 ft        100 ft,"Row carries footnote marker (2), which gives townhouses no minimum depth at all.","or/multnomah/wood-village/210.320.txt#L62-L63,L67",or/multnomah/wood-village/210.320.txt
01861,agree,noted,or/multnomah/wood-village,LR 12,setback_front_ft,10,10,feet,clear,True,"10 ft front setback on corner lots (L76), same figure",– Front setback                                         10 ft(1)      10 ft(1),Cell carries footnote marker (1): a garage may be no closer to the street than the plane of the street-facing facade.,"or/multnomah/wood-village/210.320.txt#L62-L63,L71",or/multnomah/wood-village/210.320.txt
01862,agree,noted,or/multnomah/wood-village,LR 12,setback_garage_entrance_ft,22,22,feet,clear,True,,– Garage setback(1)                                     22 ft         22 ft,Footnote (1) adds a non-numeric limit on top of the 22 ft: the garage may not sit closer to the street than the plane of the street-facing facade.,"or/multnomah/wood-village/210.320.txt#L62-L63,L72,L82",or/multnomah/wood-village/210.320.txt
01863,agree,noted,or/multnomah/wood-village,LR 12,setback_side_ft,10,10,feet,clear,True,"5 ft in the LR7.5 column | 10 ft side setback on corner lots (L78), same figure | 0 ft on the attached side for townhouses, footnote (2)",– Side setback(2)                                       10 ft         5 ft,"The two columns differ on this row (10 ft vs 5 ft), so the column matters; footnote (2) drops it to 0 ft on an attached townhouse wall.","or/multnomah/wood-village/210.320.txt#L62-L63,L73",or/multnomah/wood-village/210.320.txt
01864,agree,noted,or/multnomah/wood-village,LR 12,setback_side_ft [corner_lot],10,10,feet,clear,True,"10 ft base interior side setback for LR12 (L73), same figure",Corner Lots / – Side setback(2)                                       10 ft         10 ft,"In LR12 the corner-lot side setback equals the base 10 ft, so this condition changes nothing for this zone.","or/multnomah/wood-village/210.320.txt#L62-L63,L75-L78",or/multnomah/wood-village/210.320.txt
01865,agree,noted,or/multnomah/wood-village,LR 12,setback_side_ft [attached_wall+unit_lots],0,0,feet,inferred,True,10 ft base side setback for LR12 (L73),zero (0) foot side setback when attached to another townhouse,"Footnote (2) names no zone; it serves both LR columns, and the 0 ft applies only on the wall actually attached to another townhouse.",or/multnomah/wood-village/210.320.txt#L84,or/multnomah/wood-village/210.320.txt
01866,agree,noted,or/multnomah/wood-village,LR 12,setback_rear_ft,15,15,feet,clear,True,"20 ft rear setback on corner lots (L79) | 10 ft for cottage housing, footnote (3)",– Rear setback(3)                                       15 ft         15 ft,Footnote (3) is a cottage-housing exception and does not reach a four-unit attached townhouse.,"or/multnomah/wood-village/210.320.txt#L62-L63,L74",or/multnomah/wood-village/210.320.txt
01867,agree,noted,or/multnomah/wood-village,LR 12,setback_rear_ft [corner_lot],20,20,feet,clear,True,15 ft base rear setback on a non-corner lot (L74),Corner Lots / – Rear setback (See 210.330)                            20 ft         20 ft,The corner-lot rear setback is 5 ft deeper than the base.,"or/multnomah/wood-village/210.320.txt#L62-L63,L75-L79",or/multnomah/wood-village/210.320.txt
01868,agree,noted,or/multnomah/wood-village,LR 12,setback_street_side_ft,20,20,feet,clear,True,"10 ft in the LR7.5 column | 10 ft for cottage housing, footnote (3)",Corner Lots / – Street side setback(3)                                20 ft         10 ft,"The two columns differ on this row (20 ft vs 10 ft), so the column matters.","or/multnomah/wood-village/210.320.txt#L62-L63,L75-L77",or/multnomah/wood-village/210.320.txt
01869,agree,noted,or/multnomah/wood-village,LR 12,max_coverage_pct,45,45,percent,clear,True,"70 percent for a townhouse, footnote (2) | cottage housing exempt from lot coverage, footnote (3)","Maximum Site Coverage (See 210.350 and (2), (3) below)  45%           45%",The row label points at footnotes (2) and (3); footnote (2) puts townhouse coverage at 70 percent.,"or/multnomah/wood-village/210.320.txt#L62-L63,L80",or/multnomah/wood-village/210.320.txt
01870,agree,noted,or/multnomah/wood-village,LR 12,max_coverage_pct [unit_lots],70,70,percent,inferred,True,45% base Maximum Site Coverage for LR12 (L80),Minimum site coverage for a townhouse is seventy (70) percent.,"The code prints the word 'Minimum' here, but the standard sought is a maximum; read as a ceiling this is 70 percent, and the wording is either a drafting error or genuinely a floor.",or/multnomah/wood-village/210.320.txt#L84,or/multnomah/wood-village/210.320.txt
01871,agree,,or/multnomah/wood-village,LR 12,max_height_ft,35,35,feet,clear,True,,Maximum Height (See 210.340)                            35 ft         35 ft,,"or/multnomah/wood-village/210.320.txt#L62-L63,L69",or/multnomah/wood-village/210.320.txt
01872,agree,noted,or/multnomah/wood-village,MR 2,min_density_du_per_acre,8.7,8.7,units per acre,inferred,True,4.6 in the Detached Single Dwelling column,Minimum No. of Dwellings Per Net Acre (.80)  8.7                                        4.6                       8.7,"Column alignment puts 8.7 under both Townhouse and Duplex Triplex Quadplex, so either reading of the pod's row gives 8.7; the row label's '(.80)' is an unexplained net-acre factor, and the Cottage Housing cell is blank.","or/multnomah/wood-village/220.320.txt#L64-L66,L77",or/multnomah/wood-village/220.320.txt
01873,agree,noted,or/multnomah/wood-village,MR 2,min_lot_sqft,7500,7500,square feet,inferred,True,"1,500 sq ft in the Townhouse column","Minimum Lot Size                             1,500 sq ft                                7,500 sq ft               7,500 sq ft              7,500 sq ft","Table 220-3 has both a 'Townhouse' column (1,500) and a 'Duplex Triplex Quadplex' column (7,500); a four-unit ATTACHED townhouse arguably sits in either, and I took the Duplex Triplex Quadplex cell for the unconditioned item.","or/multnomah/wood-village/220.320.txt#L64-L66,L67",or/multnomah/wood-village/220.320.txt
01874,agree,noted,or/multnomah/wood-village,MR 2,min_lot_sqft [unit_lots],1500,1500,square feet,inferred,True,"7,500 sq ft in the Duplex Triplex Quadplex column | 7,500 sq ft in the Detached Single Dwelling and Cottage Housing columns","Minimum Lot Size                             1,500 sq ft                                7,500 sq ft               7,500 sq ft              7,500 sq ft","Read from the Townhouse column, which is the unit-lot case; the same row gives 7,500 sq ft for a quadplex on a single lot, so the two readings differ by 5x.","or/multnomah/wood-village/220.320.txt#L64-L66,L67",or/multnomah/wood-village/220.320.txt
01875,agree,noted,or/multnomah/wood-village,MR 2,min_lot_width_ft,60,60,feet,inferred,True,20 ft in the Townhouse column,- Min. lot width                             20 ft                                      60 ft                     60 ft,"Taken from the Duplex Triplex Quadplex column; the Townhouse column on the same row says 20 ft, and the Cottage Housing cell is blank.","or/multnomah/wood-village/220.320.txt#L64-L66,L68",or/multnomah/wood-village/220.320.txt
01876,agree,noted,or/multnomah/wood-village,MR 2,min_lot_width_ft [unit_lots],20,20,feet,inferred,True,60 ft in the Duplex Triplex Quadplex column | 60 ft in the Detached Single Dwelling column,- Min. lot width                             20 ft                                      60 ft                     60 ft,"Read from the Townhouse column, the unit-lot case.","or/multnomah/wood-village/220.320.txt#L64-L66,L68",or/multnomah/wood-village/220.320.txt
01877,agree,noted,or/multnomah/wood-village,MR 2,min_lot_depth_ft,80,80,feet,inferred,True,Townhouse column is blank on this row — no minimum depth stated for a townhouse lot,- Min. lot depth (See 220.320)                                                          80 ft                     80 ft,Column alignment: the first 80 ft sits under Detached Single Dwelling and the second under Duplex Triplex Quadplex; the Townhouse and Cottage Housing cells are empty.,"or/multnomah/wood-village/220.320.txt#L64-L66,L69",or/multnomah/wood-village/220.320.txt
01878,agree,noted,or/multnomah/wood-village,MR 2,setback_front_ft,10,10,feet,clear,True,,- Front setback                              10 ft                                      10 ft                     10 ft                    10 ft,"All four housing-type columns print 10 ft, so the row choice cannot change this figure.","or/multnomah/wood-village/220.320.txt#L64-L66,L72",or/multnomah/wood-village/220.320.txt
01879,agree,noted,or/multnomah/wood-village,MR 2,setback_garage_entrance_ft,22,22,feet,inferred,True,5 ft in the Cottage Housing column,- Garage setback                             22 ft                                      22 ft                     22 ft                    5 ft,Townhouse and Duplex Triplex Quadplex columns both print 22 ft; only Cottage Housing differs at 5 ft.,"or/multnomah/wood-village/220.320.txt#L64-L66,L73",or/multnomah/wood-village/220.320.txt
01880,agree,noted,or/multnomah/wood-village,MR 2,setback_side_ft,5,5,feet,inferred,True,0 ft on the attached townhouse side (Townhouse column) | 5 ft in the Detached Single Dwelling column,- Side setback                               5 ft; 0 ft on the attached townhouse side  5 ft                      5 ft,"Header L65 reads 'MR4 and MR2' over every column so the zone is right, but Table 220-3 has BOTH a 'Townhouse' and a 'Duplex Triplex Quadplex' column that could describe a 4-unit attached townhome; I took the Duplex Triplex Quadplex cell (5 ft), and the Townhouse cell reads '5 ft; 0 ft on the attached townhouse side'.","or/multnomah/wood-village/220.320.txt#L64-L66,L74",or/multnomah/wood-village/220.320.txt
01881,agree,noted,or/multnomah/wood-village,MR 2,setback_side_ft [unit_lots],5,5,feet,inferred,True,0 ft on the attached townhouse side | 5 ft in the Duplex Triplex Quadplex column,- Side setback                               5 ft; 0 ft on the attached townhouse side  5 ft                      5 ft,Under unit lots the 'Townhouse' column governs; its cell states two figures in one string - 5 ft generally and 0 ft only on the attached side - so 5 ft is the non-party-wall side.,"or/multnomah/wood-village/220.320.txt#L64-L66,L74",or/multnomah/wood-village/220.320.txt
01882,agree,noted,or/multnomah/wood-village,MR 2,setback_side_ft [attached_wall+unit_lots],0,0,feet,inferred,True,5 ft on the non-attached side (Townhouse column) | 5 ft in the Duplex Triplex Quadplex column,- Side setback                               5 ft; 0 ft on the attached townhouse side  5 ft                      5 ft,"0 ft is the second half of the Townhouse cell and is qualified - it applies only 'on the attached townhouse side', not to the other side yard.","or/multnomah/wood-village/220.320.txt#L64-L66,L74",or/multnomah/wood-village/220.320.txt
01883,agree,,or/multnomah/wood-village,MR 2,setback_rear_ft,15,15,feet,clear,True,,- Rear setback (See 220.330)                 15 ft                                      15 ft                     15 ft,,"or/multnomah/wood-village/220.320.txt#L64-L66,L75",or/multnomah/wood-village/220.320.txt
01884,agree,noted,or/multnomah/wood-village,MR 2,max_coverage_pct,45,45,percent,inferred,True,75% in the Townhouse column | 45% in Table 220-4 for 5-unit multi-dwelling structures,Maximum Site Coverage (See 220.350)          75%                                        45%                       45%,Row choice changes this number: 45% is the 'Duplex Triplex Quadplex' cell while the 'Townhouse' cell in the same row reads 75%.,"or/multnomah/wood-village/220.320.txt#L64-L66,L76",or/multnomah/wood-village/220.320.txt
01885,agree,noted,or/multnomah/wood-village,MR 2,max_coverage_pct [unit_lots],75,75,percent,inferred,True,45% in the Duplex Triplex Quadplex column,Maximum Site Coverage (See 220.350)          75%                                        45%                       45%,"75% is the 'Townhouse' column, which is the column that applies when each unit sits on its own lot; the quadplex column of the same row reads 45%.","or/multnomah/wood-village/220.320.txt#L64-L66,L76",or/multnomah/wood-village/220.320.txt
01886,agree,,or/multnomah/wood-village,MR 2,max_height_ft,35,35,feet,clear,True,,Maximum Height (See 220.340)                 35 ft                                      35 ft                     35 ft                    35 ft,,"or/multnomah/wood-village/220.320.txt#L64-L66,L70",or/multnomah/wood-village/220.320.txt
01887,agree,noted,or/multnomah/wood-village,MR 4,min_density_du_per_acre,8.7,8.7,units per acre,inferred,True,4.6 in the Detached Single Dwelling column,Minimum No. of Dwellings Per Net Acre (.80)  8.7                                        4.6                       8.7,"The row label says 'Per Net Acre (.80)', so the denominator is NET acres (a .80 factor), not gross; the Townhouse and Duplex Triplex Quadplex columns both read 8.7 so the row choice does not change the figure.","or/multnomah/wood-village/220.320.txt#L64-L66,L77",or/multnomah/wood-village/220.320.txt
01888,agree,noted,or/multnomah/wood-village,MR 4,min_lot_sqft,7500,7500,square feet,inferred,True,"1,500 sq ft in the Townhouse column","Minimum Lot Size                             1,500 sq ft                                7,500 sq ft               7,500 sq ft              7,500 sq ft","Row choice changes this number: 7,500 sq ft is the 'Duplex Triplex Quadplex' cell; the 'Townhouse' cell of the same row reads 1,500 sq ft.","or/multnomah/wood-village/220.320.txt#L64-L66,L67",or/multnomah/wood-village/220.320.txt
01889,agree,noted,or/multnomah/wood-village,MR 4,min_lot_sqft [unit_lots],1500,1500,square feet,inferred,True,"7,500 sq ft in the Duplex Triplex Quadplex column","Minimum Lot Size                             1,500 sq ft                                7,500 sq ft               7,500 sq ft              7,500 sq ft","1,500 sq ft is the 'Townhouse' column - the per-unit-lot figure - while the quadplex column of the same row reads 7,500 sq ft.","or/multnomah/wood-village/220.320.txt#L64-L66,L67",or/multnomah/wood-village/220.320.txt
01890,agree,noted,or/multnomah/wood-village,MR 4,min_lot_width_ft,60,60,feet,inferred,True,20 ft in the Townhouse column,- Min. lot width                             20 ft                                      60 ft                     60 ft,Row choice changes this number: 60 ft is the 'Duplex Triplex Quadplex' cell and the 'Townhouse' cell reads 20 ft.,"or/multnomah/wood-village/220.320.txt#L64-L66,L68",or/multnomah/wood-village/220.320.txt
01891,agree,noted,or/multnomah/wood-village,MR 4,min_lot_width_ft [unit_lots],20,20,feet,inferred,True,60 ft in the Duplex Triplex Quadplex column,- Min. lot width                             20 ft                                      60 ft                     60 ft,"20 ft is the 'Townhouse' column, the one that governs when each unit is on its own lot.","or/multnomah/wood-village/220.320.txt#L64-L66,L68",or/multnomah/wood-village/220.320.txt
01892,agree,noted,or/multnomah/wood-village,MR 4,min_lot_depth_ft,80,80,feet,inferred,True,,- Min. lot depth (See 220.320)                                                          80 ft                     80 ft,"The 'Townhouse' column is blank in this row, so 80 ft comes from the 'Duplex Triplex Quadplex' cell (the Detached Single Dwelling cell also reads 80 ft).","or/multnomah/wood-village/220.320.txt#L64-L66,L69",or/multnomah/wood-village/220.320.txt
01893,agree,,or/multnomah/wood-village,MR 4,setback_front_ft,10,10,feet,clear,True,,- Front setback                              10 ft                                      10 ft                     10 ft                    10 ft,,"or/multnomah/wood-village/220.320.txt#L64-L66,L72",or/multnomah/wood-village/220.320.txt
01894,agree,noted,or/multnomah/wood-village,MR 4,setback_garage_entrance_ft,22,22,feet,inferred,True,5 ft in the Cottage Housing column,- Garage setback                             22 ft                                      22 ft                     22 ft                    5 ft,"The row is labelled '- Garage setback', not specifically a setback to the garage entrance or vehicle door; 22 ft is the Duplex Triplex Quadplex cell and the Townhouse cell reads the same.","or/multnomah/wood-village/220.320.txt#L64-L66,L73",or/multnomah/wood-village/220.320.txt
01895,agree,noted,or/multnomah/wood-village,MR 4,setback_side_ft,5,5,feet,inferred,True,0 ft on the attached townhouse side (Townhouse column) | 5 ft in the Detached Single Dwelling column,- Side setback                               5 ft; 0 ft on the attached townhouse side  5 ft                      5 ft,"Header L65 reads 'MR4 and MR2' over every column so the zone is right, but Table 220-3 has BOTH a 'Townhouse' and a 'Duplex Triplex Quadplex' column that could describe a 4-unit attached townhome; I took the Duplex Triplex Quadplex cell (5 ft).","or/multnomah/wood-village/220.320.txt#L64-L66,L74",or/multnomah/wood-village/220.320.txt
01896,agree,noted,or/multnomah/wood-village,MR 4,setback_side_ft [unit_lots],5,5,feet,inferred,True,0 ft on the attached townhouse side | 5 ft in the Duplex Triplex Quadplex column,- Side setback                               5 ft; 0 ft on the attached townhouse side  5 ft                      5 ft,"Under unit lots the 'Townhouse' column governs; its cell states 5 ft generally and 0 ft only on the attached side, so 5 ft is the non-party-wall side.","or/multnomah/wood-village/220.320.txt#L64-L66,L74",or/multnomah/wood-village/220.320.txt
01897,agree,noted,or/multnomah/wood-village,MR 4,setback_side_ft [attached_wall+unit_lots],0,0,feet,inferred,True,5 ft on the non-attached side (Townhouse column) | 5 ft in the Duplex Triplex Quadplex column,- Side setback                               5 ft; 0 ft on the attached townhouse side  5 ft                      5 ft,0 ft is the second half of the Townhouse cell and is qualified - it applies only 'on the attached townhouse side'.,"or/multnomah/wood-village/220.320.txt#L64-L66,L74",or/multnomah/wood-village/220.320.txt
01898,agree,,or/multnomah/wood-village,MR 4,setback_rear_ft,15,15,feet,clear,True,,- Rear setback (See 220.330)                 15 ft                                      15 ft                     15 ft,,"or/multnomah/wood-village/220.320.txt#L64-L66,L75",or/multnomah/wood-village/220.320.txt
01899,agree,noted,or/multnomah/wood-village,MR 4,max_coverage_pct,45,45,percent,inferred,True,75% in the Townhouse column | 45% in Table 220-4 for 5-unit multi-dwelling structures,Maximum Site Coverage (See 220.350)          75%                                        45%                       45%,Row choice changes this number: 45% is the 'Duplex Triplex Quadplex' cell while the 'Townhouse' cell in the same row reads 75%.,"or/multnomah/wood-village/220.320.txt#L64-L66,L76",or/multnomah/wood-village/220.320.txt
01900,agree,noted,or/multnomah/wood-village,MR 4,max_coverage_pct [unit_lots],75,75,percent,inferred,True,45% in the Duplex Triplex Quadplex column,Maximum Site Coverage (See 220.350)          75%                                        45%                       45%,"75% is the 'Townhouse' column, the column that applies when each unit sits on its own lot; the quadplex column of the same row reads 45%.","or/multnomah/wood-village/220.320.txt#L64-L66,L76",or/multnomah/wood-village/220.320.txt
01901,agree,,or/multnomah/wood-village,MR 4,max_height_ft,35,35,feet,clear,True,,Maximum Height (See 220.340)                 35 ft                                      35 ft                     35 ft                    35 ft,,"or/multnomah/wood-village/220.320.txt#L64-L66,L70",or/multnomah/wood-village/220.320.txt
